{
  "type": "FeatureCollection",
  "features": [
    {
      "type": "Feature",
      "properties": {
        "name": "Toronto"
      },
      "geometry": {
        "type": "Polygon",
        "coordinates": [
          [
            [
              -79.3725229,
              43.8085069
            ],
            [
              -79.3717653,
              43.8086802
            ],
            [
              -79.3962919,
              43.8032482
            ],
            [
              -79.3946365,
              43.8036282
            ],
            [
              -79.3942766,
              43.8037109
            ],
            [
              -79.39289,
              43.804023
            ],
            [
              -79.392732,
              43.8040512
            ],
            [
              -79.3925621,
              43.8040912
            ],
            [
              -79.3918525,
              43.8042403
            ],
            [
              -79.3915574,
              43.8043058
            ],
            [
              -79.3912441,
              43.8043774
            ],
            [
              -79.3910612,
              43.8044156
            ],
            [
              -79.3909614,
              43.8044364
            ],
            [
              -79.3906979,
              43.804496
            ],
            [
              -79.3906021,
              43.8045176
            ],
            [
              -79.3904247,
              43.8045577
            ],
            [
              -79.3902236,
              43.8046032
            ],
            [
              -79.3899984,
              43.8046542
            ],
            [
              -79.3897702,
              43.8047058
            ],
            [
              -79.3897002,
              43.8047216
            ],
            [
              -79.3892072,
              43.804833
            ],
            [
              -79.3888164,
              43.8049214
            ],
            [
              -79.3882298,
              43.8050487
            ],
            [
              -79.3871454,
              43.8052674
            ],
            [
              -79.3864946,
              43.8054114
            ],
            [
              -79.3858696,
              43.8055497
            ],
            [
              -79.3857614,
              43.8055737
            ],
            [
              -79.3856359,
              43.805602
            ],
            [
              -79.3853083,
              43.8056713
            ],
            [
              -79.3846838,
              43.8058239
            ],
            [
              -79.3844593,
              43.8058723
            ],
            [
              -79.384087,
              43.8059527
            ],
            [
              -79.383676,
              43.8060414
            ],
            [
              -79.3835968,
              43.8060591
            ],
            [
              -79.3833889,
              43.8061057
            ],
            [
              -79.3829028,
              43.8062104
            ],
            [
              -79.3764976,
              43.8076326
            ],
            [
              -79.3762402,
              43.8076948
            ],
            [
              -79.376084,
              43.8077303
            ],
            [
              -79.3759598,
              43.8077557
            ],
            [
              -79.3745077,
              43.8080658
            ],
            [
              -79.3742001,
              43.8081269
            ],
            [
              -79.374044,
              43.8081591
            ],
            [
              -79.3725229,
              43.8085069
            ],
            [
              -79.4180129,
              43.7984871
            ],
            [
              -79.4176865,
              43.7985568
            ],
            [
              -79.4170831,
              43.7986857
            ],
            [
              -79.4157435,
              43.7989659
            ],
            [
              -79.4145889,
              43.7992327
            ],
            [
              -79.4144686,
              43.7992607
            ],
            [
              -79.4143507,
              43.7992899
            ],
            [
              -79.4132711,
              43.7995312
            ],
            [
              -79.4118226,
              43.7998404
            ],
            [
              -79.4093305,
              43.8003888
            ],
            [
              -79.4092437,
              43.8004076
            ],
            [
              -79.4063531,
              43.8010436
            ],
            [
              -79.4062515,
              43.8010685
            ],
            [
              -79.4061532,
              43.8010864
            ],
            [
              -79.4028856,
              43.8018106
            ],
            [
              -79.4025524,
              43.8018796
            ],
            [
              -79.4020572,
              43.8019798
            ],
            [
              -79.4016609,
              43.8020696
            ],
            [
              -79.40097,
              43.8022162
            ],
            [
              -79.4008678,
              43.8022355
            ],
            [
              -79.4007618,
              43.8022595
            ],
            [
              -79.4003372,
              43.8023545
            ],
            [
              -79.400003,
              43.8024314
            ],
            [
              -79.3994527,
              43.8025488
            ],
            [
              -79.3986397,
              43.8027456
            ],
            [
              -79.3983148,
              43.8028093
            ],
            [
              -79.3973504,
              43.8030344
            ],
            [
              -79.3972709,
              43.8030529
            ],
            [
              -79.3972181,
              43.8030654
            ],
            [
              -79.3971324,
              43.8030857
            ],
            [
              -79.3962919,
              43.8032482
            ],
            [
              -79.4200471,
              43.7980391
            ],
            [
              -79.4199052,
              43.7980722
            ],
            [
              -79.4192262,
              43.7982217
            ],
            [
              -79.4180129,
              43.7984871
            ],
            [
              -79.4219056,
              43.797628
            ],
            [
              -79.4216513,
              43.7976843
            ],
            [
              -79.4210627,
              43.7978224
            ],
            [
              -79.4208476,
              43.7978705
            ],
            [
              -79.4207708,
              43.7978877
            ],
            [
              -79.4200471,
              43.7980391
            ],
            [
              -79.4337836,
              43.7950396
            ],
            [
              -79.4319712,
              43.7954401
            ],
            [
              -79.4297472,
              43.7959316
            ],
            [
              -79.4285957,
              43.7961797
            ],
            [
              -79.428462,
              43.796211
            ],
            [
              -79.4283303,
              43.7962471
            ],
            [
              -79.4279654,
              43.7963273
            ],
            [
              -79.4277801,
              43.7963673
            ],
            [
              -79.4268639,
              43.7965583
            ],
            [
              -79.4266601,
              43.7966036
            ],
            [
              -79.4263774,
              43.7966718
            ],
            [
              -79.4254222,
              43.7968846
            ],
            [
              -79.4253766,
              43.7968948
            ],
            [
              -79.4248432,
              43.7970053
            ],
            [
              -79.4240001,
              43.7971568
            ],
            [
              -79.423399,
              43.7972956
            ],
            [
              -79.4231832,
              43.7973455
            ],
            [
              -79.4223844,
              43.797518
            ],
            [
              -79.4223583,
              43.7975236
            ],
            [
              -79.4219056,
              43.797628
            ],
            [
              -79.4341224,
              43.7949618
            ],
            [
              -79.4339018,
              43.7950125
            ],
            [
              -79.4338929,
              43.7950145
            ],
            [
              -79.4337836,
              43.7950396
            ],
            [
              -79.4346197,
              43.7948526
            ],
            [
              -79.4344004,
              43.7949033
            ],
            [
              -79.4341224,
              43.7949618
            ],
            [
              -79.4348348,
              43.7948029
            ],
            [
              -79.4347402,
              43.7948248
            ],
            [
              -79.4347357,
              43.7948258
            ],
            [
              -79.4346197,
              43.7948526
            ],
            [
              -79.435304,
              43.794695
            ],
            [
              -79.435032,
              43.7947575
            ],
            [
              -79.4348348,
              43.7948029
            ],
            [
              -79.4355627,
              43.7946348
            ],
            [
              -79.4354496,
              43.7946611
            ],
            [
              -79.435304,
              43.794695
            ],
            [
              -79.4457565,
              43.7924485
            ],
            [
              -79.4450004,
              43.7926014
            ],
            [
              -79.4444444,
              43.7927223
            ],
            [
              -79.4424928,
              43.7931251
            ],
            [
              -79.4411314,
              43.7934082
            ],
            [
              -79.441018,
              43.7934298
            ],
            [
              -79.4409079,
              43.7934576
            ],
            [
              -79.4405507,
              43.7935357
            ],
            [
              -79.4405061,
              43.7935455
            ],
            [
              -79.4395528,
              43.7937539
            ],
            [
              -79.4386555,
              43.7939699
            ],
            [
              -79.4382415,
              43.7940589
            ],
            [
              -79.4366898,
              43.794376
            ],
            [
              -79.4365438,
              43.7944059
            ],
            [
              -79.4363798,
              43.7944457
            ],
            [
              -79.4361855,
              43.7944906
            ],
            [
              -79.4360032,
              43.7945328
            ],
            [
              -79.4356531,
              43.7946137
            ],
            [
              -79.4355627,
              43.7946348
            ],
            [
              -79.4668788,
              43.787923
            ],
            [
              -79.4667282,
              43.7879567
            ],
            [
              -79.4659522,
              43.788109
            ],
            [
              -79.4647621,
              43.7883493
            ],
            [
              -79.4571698,
              43.7899606
            ],
            [
              -79.4492516,
              43.791674
            ],
            [
              -79.4491091,
              43.7917053
            ],
            [
              -79.448928,
              43.791745
            ],
            [
              -79.4486897,
              43.7917971
            ],
            [
              -79.4483932,
              43.7918622
            ],
            [
              -79.4481327,
              43.7919195
            ],
            [
              -79.4476572,
              43.7920142
            ],
            [
              -79.4469851,
              43.7921745
            ],
            [
              -79.4467618,
              43.7922246
            ],
            [
              -79.4465072,
              43.7922818
            ],
            [
              -79.4457565,
              43.7924485
            ],
            [
              -79.4700891,
              43.7872688
            ],
            [
              -79.4691809,
              43.787445
            ],
            [
              -79.4690392,
              43.7874741
            ],
            [
              -79.468612,
              43.787562
            ],
            [
              -79.4685834,
              43.7875679
            ],
            [
              -79.4684849,
              43.7875882
            ],
            [
              -79.4683122,
              43.7876237
            ],
            [
              -79.467449,
              43.7878014
            ],
            [
              -79.4670179,
              43.7878918
            ],
            [
              -79.4668788,
              43.787923
            ],
            [
              -79.4944922,
              43.7815153
            ],
            [
              -79.4934327,
              43.7817749
            ],
            [
              -79.4907833,
              43.7824072
            ],
            [
              -79.4906964,
              43.782428
            ],
            [
              -79.4891963,
              43.7827773
            ],
            [
              -79.4890151,
              43.7828168
            ],
            [
              -79.4884194,
              43.7829584
            ],
            [
              -79.4878561,
              43.7830922
            ],
            [
              -79.4875255,
              43.7831412
            ],
            [
              -79.4832373,
              43.7841677
            ],
            [
              -79.4830056,
              43.7842216
            ],
            [
              -79.4829926,
              43.7842246
            ],
            [
              -79.4825637,
              43.7843243
            ],
            [
              -79.482491,
              43.7843412
            ],
            [
              -79.4823669,
              43.7843697
            ],
            [
              -79.4822559,
              43.7843953
            ],
            [
              -79.4821915,
              43.7844092
            ],
            [
              -79.4820728,
              43.7844374
            ],
            [
              -79.4815659,
              43.784554
            ],
            [
              -79.4808651,
              43.7847027
            ],
            [
              -79.4799454,
              43.7849333
            ],
            [
              -79.4783577,
              43.7853091
            ],
            [
              -79.4778102,
              43.7854415
            ],
            [
              -79.4774128,
              43.7855376
            ],
            [
              -79.4770034,
              43.7856366
            ],
            [
              -79.4769985,
              43.7856378
            ],
            [
              -79.4763807,
              43.7857872
            ],
            [
              -79.4763686,
              43.7857901
            ],
            [
              -79.4758368,
              43.7859187
            ],
            [
              -79.4752938,
              43.7860501
            ],
            [
              -79.4750629,
              43.7860969
            ],
            [
              -79.4729784,
              43.7866003
            ],
            [
              -79.4728935,
              43.7866183
            ],
            [
              -79.4727378,
              43.7866433
            ],
            [
              -79.4722374,
              43.786752
            ],
            [
              -79.471881,
              43.7868395
            ],
            [
              -79.4710807,
              43.7870411
            ],
            [
              -79.4709552,
              43.7870726
            ],
            [
              -79.4703165,
              43.7872247
            ],
            [
              -79.4700891,
              43.7872688
            ],
            [
              -79.5217056,
              43.7754557
            ],
            [
              -79.5191456,
              43.7759588
            ],
            [
              -79.5139046,
              43.777056
            ],
            [
              -79.5091806,
              43.7781031
            ],
            [
              -79.4946323,
              43.7814805
            ],
            [
              -79.4944922,
              43.7815153
            ],
            [
              -79.5268451,
              43.7743135
            ],
            [
              -79.5266959,
              43.7743397
            ],
            [
              -79.5261954,
              43.7744506
            ],
            [
              -79.5255946,
              43.7745837
            ],
            [
              -79.5251074,
              43.7746793
            ],
            [
              -79.5244101,
              43.7748192
            ],
            [
              -79.5240425,
              43.7748883
            ],
            [
              -79.5236087,
              43.7749734
            ],
            [
              -79.5222896,
              43.7753149
            ],
            [
              -79.5217056,
              43.7754557
            ],
            [
              -79.5348127,
              43.7726923
            ],
            [
              -79.5342638,
              43.7728097
            ],
            [
              -79.5333191,
              43.7729968
            ],
            [
              -79.5276185,
              43.7741782
            ],
            [
              -79.5269652,
              43.7742927
            ],
            [
              -79.5268451,
              43.7743135
            ],
            [
              -79.5806472,
              43.7630265
            ],
            [
              -79.5775231,
              43.7636975
            ],
            [
              -79.577015,
              43.7638374
            ],
            [
              -79.5747827,
              43.764326
            ],
            [
              -79.5731249,
              43.7647397
            ],
            [
              -79.5638986,
              43.766712
            ],
            [
              -79.563428,
              43.7668097
            ],
            [
              -79.5629706,
              43.7669046
            ],
            [
              -79.562263,
              43.7670514
            ],
            [
              -79.5621019,
              43.7670849
            ],
            [
              -79.5614242,
              43.7672255
            ],
            [
              -79.5609242,
              43.7673532
            ],
            [
              -79.5607672,
              43.7673619
            ],
            [
              -79.5605747,
              43.7674018
            ],
            [
              -79.5603482,
              43.7674499
            ],
            [
              -79.5601007,
              43.7674957
            ],
            [
              -79.5600589,
              43.7675143
            ],
            [
              -79.5592124,
              43.7676742
            ],
            [
              -79.5590226,
              43.767724
            ],
            [
              -79.5588247,
              43.7677474
            ],
            [
              -79.5585718,
              43.7677952
            ],
            [
              -79.5581291,
              43.7678787
            ],
            [
              -79.5577284,
              43.7679544
            ],
            [
              -79.5575199,
              43.7680007
            ],
            [
              -79.5571498,
              43.7680829
            ],
            [
              -79.5554234,
              43.7684662
            ],
            [
              -79.5541079,
              43.7687249
            ],
            [
              -79.5539782,
              43.7687501
            ],
            [
              -79.5536331,
              43.7688173
            ],
            [
              -79.5531201,
              43.7689171
            ],
            [
              -79.5528867,
              43.7689668
            ],
            [
              -79.5521854,
              43.7691057
            ],
            [
              -79.5515492,
              43.7692424
            ],
            [
              -79.5512609,
              43.7693043
            ],
            [
              -79.5511683,
              43.7693242
            ],
            [
              -79.5508929,
              43.7693834
            ],
            [
              -79.5507917,
              43.7694051
            ],
            [
              -79.550542,
              43.7694588
            ],
            [
              -79.5502891,
              43.7695131
            ],
            [
              -79.5484808,
              43.769902
            ],
            [
              -79.5475304,
              43.7701075
            ],
            [
              -79.5456671,
              43.7704681
            ],
            [
              -79.5448895,
              43.7706459
            ],
            [
              -79.5442004,
              43.7707929
            ],
            [
              -79.5393404,
              43.7717658
            ],
            [
              -79.5377861,
              43.7720886
            ],
            [
              -79.5356508,
              43.772513
            ],
            [
              -79.5348127,
              43.7726923
            ],
            [
              -79.6033852,
              43.7578662
            ],
            [
              -79.6023642,
              43.7580796
            ],
            [
              -79.6020396,
              43.7581476
            ],
            [
              -79.5996544,
              43.7586857
            ],
            [
              -79.5984274,
              43.7589755
            ],
            [
              -79.5976199,
              43.7591323
            ],
            [
              -79.5969414,
              43.7593058
            ],
            [
              -79.5961958,
              43.7594715
            ],
            [
              -79.594627,
              43.759806
            ],
            [
              -79.5929039,
              43.7602097
            ],
            [
              -79.5914662,
              43.7605466
            ],
            [
              -79.5907298,
              43.7607191
            ],
            [
              -79.5905832,
              43.7607319
            ],
            [
              -79.5904545,
              43.7607432
            ],
            [
              -79.5806472,
              43.7630265
            ],
            [
              -79.6250214,
              43.7529721
            ],
            [
              -79.6241539,
              43.7532151
            ],
            [
              -79.6241365,
              43.75322
            ],
            [
              -79.6239446,
              43.7532653
            ],
            [
              -79.6232006,
              43.7534345
            ],
            [
              -79.622453,
              43.7536157
            ],
            [
              -79.619833,
              43.7541681
            ],
            [
              -79.6187747,
              43.7544058
            ],
            [
              -79.6170035,
              43.7548036
            ],
            [
              -79.6149259,
              43.7552703
            ],
            [
              -79.6130281,
              43.7556884
            ],
            [
              -79.6117854,
              43.7559761
            ],
            [
              -79.6112172,
              43.7561076
            ],
            [
              -79.6087359,
              43.7566997
            ],
            [
              -79.6084336,
              43.756725
            ],
            [
              -79.6077672,
              43.7568891
            ],
            [
              -79.6071233,
              43.7570311
            ],
            [
              -79.6066732,
              43.7571304
            ],
            [
              -79.6049125,
              43.7575187
            ],
            [
              -79.6043721,
              43.7576487
            ],
            [
              -79.6033852,
              43.7578662
            ],
            [
              -79.625879,
              43.7528339
            ],
            [
              -79.6256258,
              43.752893
            ],
            [
              -79.6250214,
              43.7529721
            ],
            [
              -79.6392832,
              43.7498436
            ],
            [
              -79.6383075,
              43.7503353
            ],
            [
              -79.637993,
              43.7504952
            ],
            [
              -79.6374799,
              43.7506976
            ],
            [
              -79.6365241,
              43.7510032
            ],
            [
              -79.6360286,
              43.7511111
            ],
            [
              -79.6356056,
              43.7511777
            ],
            [
              -79.6351904,
              43.7512181
            ],
            [
              -79.6347191,
              43.7512268
            ],
            [
              -79.6341054,
              43.7512412
            ],
            [
              -79.6335497,
              43.7512552
            ],
            [
              -79.6332296,
              43.7512699
            ],
            [
              -79.6329415,
              43.7512964
            ],
            [
              -79.6326346,
              43.7513283
            ],
            [
              -79.6323742,
              43.7513653
            ],
            [
              -79.6320302,
              43.7514274
            ],
            [
              -79.6318097,
              43.7514692
            ],
            [
              -79.6308995,
              43.751672
            ],
            [
              -79.629973,
              43.7518784
            ],
            [
              -79.6293415,
              43.7520258
            ],
            [
              -79.6278315,
              43.7523782
            ],
            [
              -79.625879,
              43.7528339
            ],
            [
              -79.6392832,
              43.7498436
            ],
            [
              -79.6385293,
              43.749139
            ],
            [
              -79.6385293,
              43.749139
            ],
            [
              -79.6376019,
              43.7483428
            ],
            [
              -79.6376019,
              43.7483428
            ],
            [
              -79.6375457,
              43.7480166
            ],
            [
              -79.6367466,
              43.74678
            ],
            [
              -79.6302939,
              43.7353235
            ],
            [
              -79.6307475,
              43.7362096
            ],
            [
              -79.6367466,
              43.74678
            ],
            [
              -79.6294107,
              43.7338427
            ],
            [
              -79.6302939,
              43.7353235
            ],
            [
              -79.6057359,
              43.6933251
            ],
            [
              -79.6059959,
              43.6937787
            ],
            [
              -79.6062249,
              43.6941199
            ],
            [
              -79.6075858,
              43.6965129
            ],
            [
              -79.6083698,
              43.6978618
            ],
            [
              -79.6105434,
              43.7017256
            ],
            [
              -79.6140194,
              43.707634
            ],
            [
              -79.616061,
              43.7113019
            ],
            [
              -79.616852,
              43.7127231
            ],
            [
              -79.6180198,
              43.7146886
            ],
            [
              -79.6203851,
              43.7186692
            ],
            [
              -79.6238061,
              43.724292
            ],
            [
              -79.6256354,
              43.7274918
            ],
            [
              -79.6268612,
              43.7295611
            ],
            [
              -79.6277962,
              43.7312285
            ],
            [
              -79.6289691,
              43.7331533
            ],
            [
              -79.6294107,
              43.7338427
            ],
            [
              -79.5912463,
              43.6685053
            ],
            [
              -79.5921675,
              43.6701045
            ],
            [
              -79.5944319,
              43.6740107
            ],
            [
              -79.5945991,
              43.674298
            ],
            [
              -79.5952971,
              43.6754976
            ],
            [
              -79.6012949,
              43.6856867
            ],
            [
              -79.6024815,
              43.6876628
            ],
            [
              -79.603361,
              43.6891816
            ],
            [
              -79.6055934,
              43.6930765
            ],
            [
              -79.6057359,
              43.6933251
            ],
            [
              -79.5912463,
              43.6685053
            ],
            [
              -79.5888158,
              43.6646011
            ],
            [
              -79.6087242,
              43.6464064
            ],
            [
              -79.6083953,
              43.6462112
            ],
            [
              -79.6087242,
              43.6464064
            ],
            [
              -79.6083953,
              43.6462112
            ],
            [
              -79.6082599,
              43.6460696
            ],
            [
              -79.6081647,
              43.645926
            ],
            [
              -79.6079824,
              43.6456099
            ],
            [
              -79.6078536,
              43.6453331
            ],
            [
              -79.6077946,
              43.6451817
            ],
            [
              -79.6077714,
              43.6450288
            ],
            [
              -79.6076605,
              43.6448731
            ],
            [
              -79.6075111,
              43.6447369
            ],
            [
              -79.6073775,
              43.6446625
            ],
            [
              -79.6072166,
              43.6446062
            ],
            [
              -79.6070695,
              43.6445879
            ],
            [
              -79.606837,
              43.6446227
            ],
            [
              -79.6065294,
              43.6446366
            ],
            [
              -79.6063757,
              43.6446625
            ],
            [
              -79.6062295,
              43.644712
            ],
            [
              -79.6059025,
              43.6448314
            ],
            [
              -79.6057481,
              43.6448508
            ],
            [
              -79.6055737,
              43.6448449
            ],
            [
              -79.6054024,
              43.6448077
            ],
            [
              -79.60528,
              43.6447304
            ],
            [
              -79.605162,
              43.6446305
            ],
            [
              -79.6049365,
              43.6444878
            ],
            [
              -79.6048374,
              43.6444597
            ],
            [
              -79.6046762,
              43.6444454
            ],
            [
              -79.603873,
              43.6444673
            ],
            [
              -79.6036023,
              43.6444926
            ],
            [
              -79.6034521,
              43.6445383
            ],
            [
              -79.6031503,
              43.6447003
            ],
            [
              -79.6030739,
              43.6447197
            ],
            [
              -79.6029535,
              43.6447168
            ],
            [
              -79.602515,
              43.6446274
            ],
            [
              -79.6021847,
              43.6445111
            ],
            [
              -79.60206,
              43.6444383
            ],
            [
              -79.6019733,
              43.6443642
            ],
            [
              -79.6018964,
              43.6442151
            ],
            [
              -79.6018444,
              43.6441129
            ],
            [
              -79.6018066,
              43.6440705
            ],
            [
              -79.6017328,
              43.6440258
            ],
            [
              -79.6016456,
              43.6439996
            ],
            [
              -79.6015369,
              43.6439909
            ],
            [
              -79.6012862,
              43.6440161
            ],
            [
              -79.601144,
              43.6440181
            ],
            [
              -79.6010253,
              43.6440072
            ],
            [
              -79.6004695,
              43.64389
            ],
            [
              -79.6001677,
              43.6438434
            ],
            [
              -79.5998779,
              43.6438233
            ],
            [
              -79.5994623,
              43.6437551
            ],
            [
              -79.5992303,
              43.6436978
            ],
            [
              -79.5990131,
              43.6436218
            ],
            [
              -79.5987596,
              43.643495
            ],
            [
              -79.5985986,
              43.6433591
            ],
            [
              -79.5984214,
              43.6432383
            ],
            [
              -79.5982566,
              43.6431602
            ],
            [
              -79.5981038,
              43.6431262
            ],
            [
              -79.5979593,
              43.6431155
            ],
            [
              -79.5970865,
              43.6430705
            ],
            [
              -79.5965964,
              43.6430573
            ],
            [
              -79.596135,
              43.643076
            ],
            [
              -79.5958333,
              43.6431398
            ],
            [
              -79.5954528,
              43.6432826
            ],
            [
              -79.5950581,
              43.6434426
            ],
            [
              -79.5947135,
              43.6436571
            ],
            [
              -79.5941743,
              43.6440501
            ],
            [
              -79.5938502,
              43.6442248
            ],
            [
              -79.5929103,
              43.6447171
            ],
            [
              -79.5926575,
              43.6447751
            ],
            [
              -79.5924769,
              43.6447829
            ],
            [
              -79.5923097,
              43.6447772
            ],
            [
              -79.5921611,
              43.6447462
            ],
            [
              -79.5919843,
              43.6446935
            ],
            [
              -79.5917064,
              43.6445956
            ],
            [
              -79.5911099,
              43.6442743
            ],
            [
              -79.5904612,
              43.6440008
            ],
            [
              -79.5898473,
              43.6436218
            ],
            [
              -79.5895599,
              43.6433283
            ],
            [
              -79.5892731,
              43.6429408
            ],
            [
              -79.5890818,
              43.6428111
            ],
            [
              -79.5889072,
              43.6427143
            ],
            [
              -79.5887033,
              43.6426258
            ],
            [
              -79.5885338,
              43.6425847
            ],
            [
              -79.5884089,
              43.6425429
            ],
            [
              -79.5883035,
              43.6424915
            ],
            [
              -79.5880736,
              43.6422353
            ],
            [
              -79.5879718,
              43.6420097
            ],
            [
              -79.5879798,
              43.6418686
            ],
            [
              -79.5878322,
              43.6416821
            ],
            [
              -79.5877563,
              43.641352
            ],
            [
              -79.5877782,
              43.6412252
            ],
            [
              -79.5876955,
              43.6410789
            ],
            [
              -79.5876201,
              43.641048
            ],
            [
              -79.5874916,
              43.6410386
            ],
            [
              -79.5874245,
              43.6409921
            ],
            [
              -79.5873588,
              43.6409057
            ],
            [
              -79.5873372,
              43.6407934
            ],
            [
              -79.5873788,
              43.640667
            ],
            [
              -79.5873763,
              43.6405495
            ],
            [
              -79.5873132,
              43.640369
            ],
            [
              -79.5871889,
              43.6402283
            ],
            [
              -79.5871268,
              43.6401254
            ],
            [
              -79.5870759,
              43.6398614
            ],
            [
              -79.5869812,
              43.6395776
            ],
            [
              -79.5868556,
              43.6392925
            ],
            [
              -79.5866789,
              43.6389898
            ],
            [
              -79.5864764,
              43.638687
            ],
            [
              -79.5862323,
              43.6383696
            ],
            [
              -79.5859323,
              43.6380867
            ],
            [
              -79.585737,
              43.6378557
            ],
            [
              -79.585737,
              43.6378557
            ],
            [
              -79.5856382,
              43.6377388
            ],
            [
              -79.5854719,
              43.6375699
            ],
            [
              -79.5853753,
              43.637433
            ],
            [
              -79.5853202,
              43.6373054
            ],
            [
              -79.5852868,
              43.6372273
            ],
            [
              -79.5852731,
              43.6371077
            ],
            [
              -79.5853012,
              43.6369818
            ],
            [
              -79.5853432,
              43.636806
            ],
            [
              -79.5854176,
              43.636636
            ],
            [
              -79.5856141,
              43.636344
            ],
            [
              -79.585774,
              43.6361025
            ],
            [
              -79.5859708,
              43.6357228
            ],
            [
              -79.5860539,
              43.6355297
            ],
            [
              -79.5860686,
              43.6353576
            ],
            [
              -79.5860593,
              43.635088
            ],
            [
              -79.5860083,
              43.6348357
            ],
            [
              -79.5859386,
              43.6347153
            ],
            [
              -79.5857417,
              43.6345154
            ],
            [
              -79.5855926,
              43.6342717
            ],
            [
              -79.5855953,
              43.6341951
            ],
            [
              -79.5856503,
              43.6340805
            ],
            [
              -79.58583,
              43.6338185
            ],
            [
              -79.5858876,
              43.6336651
            ],
            [
              -79.5858675,
              43.633568
            ],
            [
              -79.5858117,
              43.6334707
            ],
            [
              -79.585606,
              43.6332662
            ],
            [
              -79.5854206,
              43.6330421
            ],
            [
              -79.5853168,
              43.6328388
            ],
            [
              -79.585217,
              43.6325209
            ],
            [
              -79.5851044,
              43.6319072
            ],
            [
              -79.5851219,
              43.6314869
            ],
            [
              -79.5851567,
              43.6313032
            ],
            [
              -79.5852359,
              43.6311058
            ],
            [
              -79.5857886,
              43.63007
            ],
            [
              -79.5858855,
              43.6299417
            ],
            [
              -79.585948,
              43.6298591
            ],
            [
              -79.5860419,
              43.6297591
            ],
            [
              -79.5860673,
              43.6296846
            ],
            [
              -79.5860767,
              43.6296193
            ],
            [
              -79.5860459,
              43.6295348
            ],
            [
              -79.5859386,
              43.6294303
            ],
            [
              -79.5857977,
              43.629203
            ],
            [
              -79.5856556,
              43.6290417
            ],
            [
              -79.5854569,
              43.6288729
            ],
            [
              -79.5850977,
              43.6287243
            ],
            [
              -79.5846002,
              43.6285826
            ],
            [
              -79.5835843,
              43.6283001
            ],
            [
              -79.5824976,
              43.6279602
            ],
            [
              -79.5818703,
              43.6279712
            ],
            [
              -79.5813171,
              43.6279019
            ],
            [
              -79.580892,
              43.6277757
            ],
            [
              -79.5805123,
              43.6276009
            ],
            [
              -79.5795986,
              43.6268734
            ],
            [
              -79.5769378,
              43.6263376
            ],
            [
              -79.5755049,
              43.6255359
            ],
            [
              -79.5751135,
              43.6254756
            ],
            [
              -79.574668,
              43.6255147
            ],
            [
              -79.5743553,
              43.6256369
            ],
            [
              -79.5740651,
              43.6258616
            ],
            [
              -79.5738153,
              43.6259723
            ],
            [
              -79.5733586,
              43.6260863
            ],
            [
              -79.5728367,
              43.6261075
            ],
            [
              -79.5723777,
              43.626202
            ],
            [
              -79.5713383,
              43.626614
            ],
            [
              -79.5705017,
              43.6268715
            ],
            [
              -79.5702258,
              43.6269565
            ],
            [
              -79.5699714,
              43.6269825
            ],
            [
              -79.5696375,
              43.6269768
            ],
            [
              -79.5691522,
              43.6268695
            ],
            [
              -79.5686544,
              43.6267927
            ],
            [
              -79.5685156,
              43.6267927
            ],
            [
              -79.5683814,
              43.6268198
            ],
            [
              -79.5681489,
              43.6269881
            ],
            [
              -79.567882,
              43.6272253
            ],
            [
              -79.5675608,
              43.6278225
            ],
            [
              -79.5674129,
              43.6280452
            ],
            [
              -79.5672165,
              43.6281586
            ],
            [
              -79.5669164,
              43.6282337
            ],
            [
              -79.5664066,
              43.6282704
            ],
            [
              -79.5657755,
              43.6282576
            ],
            [
              -79.5651388,
              43.6282227
            ],
            [
              -79.5644179,
              43.6281312
            ],
            [
              -79.564137,
              43.6280194
            ],
            [
              -79.5638992,
              43.6278415
            ],
            [
              -79.5638166,
              43.6274287
            ],
            [
              -79.5636583,
              43.6270405
            ],
            [
              -79.5636583,
              43.6270405
            ],
            [
              -79.5635563,
              43.6267901
            ],
            [
              -79.5635318,
              43.6267219
            ],
            [
              -79.5634661,
              43.6264213
            ],
            [
              -79.5634671,
              43.6259023
            ],
            [
              -79.5636038,
              43.6255577
            ],
            [
              -79.5635925,
              43.6252263
            ],
            [
              -79.5636374,
              43.6249483
            ],
            [
              -79.5636696,
              43.6248403
            ],
            [
              -79.563738,
              43.6247325
            ],
            [
              -79.5639385,
              43.6245297
            ],
            [
              -79.5639995,
              43.6244656
            ],
            [
              -79.5640884,
              43.6244083
            ],
            [
              -79.5641604,
              43.624386
            ],
            [
              -79.5642488,
              43.6243751
            ],
            [
              -79.5645949,
              43.6244054
            ],
            [
              -79.5649003,
              43.6244723
            ],
            [
              -79.5651113,
              43.624551
            ],
            [
              -79.5651869,
              43.6245661
            ],
            [
              -79.5652789,
              43.6245559
            ],
            [
              -79.5653748,
              43.6245115
            ],
            [
              -79.565527,
              43.6243733
            ],
            [
              -79.565569,
              43.6242272
            ],
            [
              -79.5655893,
              43.6240516
            ],
            [
              -79.5657536,
              43.6235608
            ],
            [
              -79.5658042,
              43.6230807
            ],
            [
              -79.5658623,
              43.6228637
            ],
            [
              -79.5658872,
              43.6226582
            ],
            [
              -79.5658837,
              43.6225395
            ],
            [
              -79.5658569,
              43.6224094
            ],
            [
              -79.5657895,
              43.6222504
            ],
            [
              -79.5655887,
              43.6219181
            ],
            [
              -79.5655377,
              43.6217696
            ],
            [
              -79.5655664,
              43.6216284
            ],
            [
              -79.5656405,
              43.6215231
            ],
            [
              -79.5657483,
              43.6214122
            ],
            [
              -79.5661312,
              43.6212272
            ],
            [
              -79.5665851,
              43.6210784
            ],
            [
              -79.566748,
              43.6209921
            ],
            [
              -79.5668466,
              43.6208823
            ],
            [
              -79.566903,
              43.6207259
            ],
            [
              -79.5669356,
              43.6205169
            ],
            [
              -79.5669311,
              43.6203823
            ],
            [
              -79.5668922,
              43.6202434
            ],
            [
              -79.5667752,
              43.6199874
            ],
            [
              -79.5667205,
              43.6192533
            ],
            [
              -79.5667581,
              43.6189842
            ],
            [
              -79.5668118,
              43.6188502
            ],
            [
              -79.5668261,
              43.6187147
            ],
            [
              -79.5667782,
              43.6184968
            ],
            [
              -79.5666963,
              43.6182771
            ],
            [
              -79.5665881,
              43.6180677
            ],
            [
              -79.5665422,
              43.6179444
            ],
            [
              -79.5665395,
              43.6178085
            ],
            [
              -79.5666993,
              43.6175915
            ],
            [
              -79.5669064,
              43.6174027
            ],
            [
              -79.5671457,
              43.6172977
            ],
            [
              -79.5675921,
              43.6169892
            ],
            [
              -79.5679048,
              43.6167366
            ],
            [
              -79.5679303,
              43.6166599
            ],
            [
              -79.5679289,
              43.6165812
            ],
            [
              -79.5678136,
              43.6164346
            ],
            [
              -79.5679088,
              43.6161346
            ],
            [
              -79.5679262,
              43.6159239
            ],
            [
              -79.5679879,
              43.6156957
            ],
            [
              -79.568101,
              43.6152564
            ],
            [
              -79.5682755,
              43.6145346
            ],
            [
              -79.5682883,
              43.6143791
            ],
            [
              -79.5682468,
              43.6142451
            ],
            [
              -79.5681246,
              43.6141037
            ],
            [
              -79.5679653,
              43.6139838
            ],
            [
              -79.5679653,
              43.6139838
            ],
            [
              -79.5677583,
              43.6138281
            ],
            [
              -79.5673715,
              43.6136329
            ],
            [
              -79.5670854,
              43.6135189
            ],
            [
              -79.5667345,
              43.6134116
            ],
            [
              -79.5662995,
              43.6133752
            ],
            [
              -79.5658088,
              43.6133796
            ],
            [
              -79.5653231,
              43.6134519
            ],
            [
              -79.5649447,
              43.6134492
            ],
            [
              -79.5647317,
              43.613414
            ],
            [
              -79.5645487,
              43.6133536
            ],
            [
              -79.5643133,
              43.6132314
            ],
            [
              -79.5641406,
              43.6131016
            ],
            [
              -79.5640183,
              43.6129285
            ],
            [
              -79.5639434,
              43.6127695
            ],
            [
              -79.5639123,
              43.6126343
            ],
            [
              -79.563953,
              43.6125226
            ],
            [
              -79.5640799,
              43.6123828
            ],
            [
              -79.5643227,
              43.6122207
            ],
            [
              -79.5647503,
              43.6120374
            ],
            [
              -79.5651367,
              43.6118594
            ],
            [
              -79.5655538,
              43.6117131
            ],
            [
              -79.5658864,
              43.6116225
            ],
            [
              -79.5660272,
              43.6115817
            ],
            [
              -79.5661183,
              43.6115219
            ],
            [
              -79.5663974,
              43.6111681
            ],
            [
              -79.5666991,
              43.610871
            ],
            [
              -79.5668179,
              43.6108015
            ],
            [
              -79.5669807,
              43.6107622
            ],
            [
              -79.5670719,
              43.610734
            ],
            [
              -79.5671524,
              43.6106758
            ],
            [
              -79.5672041,
              43.6106031
            ],
            [
              -79.567253,
              43.6104826
            ],
            [
              -79.5672958,
              43.6103578
            ],
            [
              -79.5672614,
              43.610014
            ],
            [
              -79.5672009,
              43.6095518
            ],
            [
              -79.5672009,
              43.6095518
            ],
            [
              -79.5671499,
              43.6091626
            ],
            [
              -79.5669696,
              43.6089016
            ],
            [
              -79.566568,
              43.6086517
            ],
            [
              -79.5664203,
              43.6085598
            ],
            [
              -79.5662143,
              43.6084479
            ],
            [
              -79.5659482,
              43.6084355
            ],
            [
              -79.5657422,
              43.6084976
            ],
            [
              -79.5654453,
              43.6085647
            ],
            [
              -79.5652696,
              43.6085712
            ],
            [
              -79.5651253,
              43.6085408
            ],
            [
              -79.5649503,
              43.6084851
            ],
            [
              -79.5648144,
              43.6084276
            ],
            [
              -79.5647143,
              43.6083579
            ],
            [
              -79.5646445,
              43.6082841
            ],
            [
              -79.5646066,
              43.60819
            ],
            [
              -79.5645755,
              43.6080253
            ],
            [
              -79.5645842,
              43.6078811
            ],
            [
              -79.5646177,
              43.6077753
            ],
            [
              -79.5646873,
              43.6076577
            ],
            [
              -79.5648665,
              43.6074495
            ],
            [
              -79.5648656,
              43.6073808
            ],
            [
              -79.5648631,
              43.6073223
            ],
            [
              -79.5648496,
              43.6072609
            ],
            [
              -79.5648122,
              43.6072014
            ],
            [
              -79.5647318,
              43.6071267
            ],
            [
              -79.5637853,
              43.6068507
            ],
            [
              -79.5636615,
              43.6068353
            ],
            [
              -79.5635047,
              43.606829
            ],
            [
              -79.5633477,
              43.6068576
            ],
            [
              -79.5632188,
              43.6068935
            ],
            [
              -79.5629442,
              43.6068942
            ],
            [
              -79.5627281,
              43.6068295
            ],
            [
              -79.5625386,
              43.6067478
            ],
            [
              -79.5622892,
              43.6065369
            ],
            [
              -79.5622663,
              43.6065175
            ],
            [
              -79.5619402,
              43.6061595
            ],
            [
              -79.5617746,
              43.6060108
            ],
            [
              -79.5615628,
              43.6058912
            ],
            [
              -79.5613092,
              43.605802
            ],
            [
              -79.5609272,
              43.6057012
            ],
            [
              -79.5605314,
              43.6055214
            ],
            [
              -79.5602368,
              43.6053055
            ],
            [
              -79.5600794,
              43.6051932
            ],
            [
              -79.5598036,
              43.6050279
            ],
            [
              -79.5598036,
              43.6050279
            ],
            [
              -79.5590389,
              43.6045698
            ],
            [
              -79.5587379,
              43.6043423
            ],
            [
              -79.5584442,
              43.6040952
            ],
            [
              -79.5582636,
              43.6038433
            ],
            [
              -79.5581685,
              43.6035826
            ],
            [
              -79.5579488,
              43.6034262
            ],
            [
              -79.557554,
              43.6032273
            ],
            [
              -79.5568588,
              43.6029352
            ],
            [
              -79.5564296,
              43.6026679
            ],
            [
              -79.5562064,
              43.6023385
            ],
            [
              -79.5561378,
              43.6019034
            ],
            [
              -79.5560863,
              43.6014497
            ],
            [
              -79.5560005,
              43.6008965
            ],
            [
              -79.5559232,
              43.6005982
            ],
            [
              -79.555949,
              43.6002377
            ],
            [
              -79.5558741,
              43.5998717
            ],
            [
              -79.5558456,
              43.5997819
            ],
            [
              -79.5557846,
              43.5996926
            ],
            [
              -79.5556739,
              43.5996042
            ],
            [
              -79.5554855,
              43.5995167
            ],
            [
              -79.555175,
              43.5994138
            ],
            [
              -79.5547393,
              43.5993003
            ],
            [
              -79.5543341,
              43.5991497
            ],
            [
              -79.5541172,
              43.5990177
            ],
            [
              -79.5539372,
              43.5988865
            ],
            [
              -79.5537517,
              43.5986651
            ],
            [
              -79.5535972,
              43.598317
            ],
            [
              -79.5535457,
              43.5979565
            ],
            [
              -79.5535764,
              43.5976083
            ],
            [
              -79.5536609,
              43.5972606
            ],
            [
              -79.5538755,
              43.5968673
            ],
            [
              -79.5539405,
              43.5964274
            ],
            [
              -79.5539355,
              43.5961496
            ],
            [
              -79.5538835,
              43.5959718
            ],
            [
              -79.5537742,
              43.5958165
            ],
            [
              -79.5536073,
              43.5956989
            ],
            [
              -79.5533485,
              43.5955969
            ],
            [
              -79.5530804,
              43.5955102
            ],
            [
              -79.5512053,
              43.5953609
            ],
            [
              -79.5495974,
              43.5953298
            ],
            [
              -79.5493977,
              43.5953255
            ],
            [
              -79.5492366,
              43.5953026
            ],
            [
              -79.5491293,
              43.5952744
            ],
            [
              -79.5490567,
              43.5952339
            ],
            [
              -79.548847,
              43.5950983
            ],
            [
              -79.5486988,
              43.5949326
            ],
            [
              -79.5486016,
              43.5947749
            ],
            [
              -79.5485781,
              43.5944333
            ],
            [
              -79.5486193,
              43.5941401
            ],
            [
              -79.5487914,
              43.5936563
            ],
            [
              -79.5488084,
              43.5933699
            ],
            [
              -79.5488718,
              43.5931687
            ],
            [
              -79.5490757,
              43.5928793
            ],
            [
              -79.5494159,
              43.5924084
            ],
            [
              -79.5495117,
              43.5919828
            ],
            [
              -79.549495,
              43.5915189
            ],
            [
              -79.5494753,
              43.5912125
            ],
            [
              -79.549442,
              43.5909433
            ],
            [
              -79.5494258,
              43.590696
            ],
            [
              -79.549368,
              43.5905549
            ],
            [
              -79.5493048,
              43.5904547
            ],
            [
              -79.549242,
              43.5903946
            ],
            [
              -79.5491722,
              43.5903567
            ],
            [
              -79.5490825,
              43.590323
            ],
            [
              -79.5486532,
              43.590211
            ],
            [
              -79.5486532,
              43.590211
            ],
            [
              -79.5484675,
              43.5901289
            ],
            [
              -79.5483186,
              43.590037
            ],
            [
              -79.5478465,
              43.5898319
            ],
            [
              -79.5474342,
              43.5896059
            ],
            [
              -79.5471767,
              43.589532
            ],
            [
              -79.5469483,
              43.5894122
            ],
            [
              -79.5467971,
              43.5893368
            ],
            [
              -79.5466188,
              43.589228
            ],
            [
              -79.546506,
              43.5890624
            ],
            [
              -79.546506,
              43.5890624
            ],
            [
              -79.5463559,
              43.5889609
            ],
            [
              -79.5466512,
              43.5886872
            ],
            [
              -79.5474901,
              43.5877523
            ],
            [
              -79.5473764,
              43.5878753
            ],
            [
              -79.5472556,
              43.5879978
            ],
            [
              -79.5466512,
              43.5886872
            ],
            [
              -79.5476348,
              43.5875993
            ],
            [
              -79.5474901,
              43.5877523
            ],
            [
              -79.5478817,
              43.5873289
            ],
            [
              -79.5476348,
              43.5875993
            ],
            [
              -79.5482222,
              43.5869706
            ],
            [
              -79.5478817,
              43.5873289
            ],
            [
              -79.5479022,
              43.5869005
            ],
            [
              -79.5480821,
              43.5869562
            ],
            [
              -79.5482222,
              43.5869706
            ],
            [
              -79.5445377,
              43.5850852
            ],
            [
              -79.5457497,
              43.5858023
            ],
            [
              -79.5473997,
              43.5867488
            ],
            [
              -79.5479022,
              43.5869005
            ],
            [
              -79.5445627,
              43.5847282
            ],
            [
              -79.5445377,
              43.5850852
            ],
            [
              -79.544713,
              43.5835621
            ],
            [
              -79.5445627,
              43.5847282
            ],
            [
              -79.5443211,
              43.5813074
            ],
            [
              -79.5448114,
              43.58183
            ],
            [
              -79.5448528,
              43.581969
            ],
            [
              -79.544713,
              43.5835621
            ],
            [
              -79.5406949,
              43.5796082
            ],
            [
              -79.5435825,
              43.5805217
            ],
            [
              -79.5437978,
              43.5807511
            ],
            [
              -79.5443211,
              43.5813074
            ],
            [
              -79.5406949,
              43.5796082
            ],
            [
              -79.541716,
              43.5828049
            ],
            [
              -79.5277013,
              43.5869834
            ],
            [
              -79.5160956,
              43.584835
            ],
            [
              -79.5057794,
              43.5859559
            ],
            [
              -79.4990562,
              43.5932855
            ],
            [
              -79.495503,
              43.5966714
            ],
            [
              -79.4870929,
              43.604685
            ],
            [
              -79.4781204,
              43.610042
            ],
            [
              -79.4678886,
              43.6217802
            ],
            [
              -79.4669045,
              43.6303281
            ],
            [
              -79.4669045,
              43.6303281
            ],
            [
              -79.4666293,
              43.6327187
            ],
            [
              -79.4543512,
              43.635453
            ],
            [
              -79.4409712,
              43.6316933
            ],
            [
              -79.4258573,
              43.6270548
            ],
            [
              -79.4258573,
              43.6270548
            ],
            [
              -79.4212947,
              43.6256545
            ],
            [
              -79.4080889,
              43.6251488
            ],
            [
              -79.4000044,
              43.6164786
            ],
            [
              -79.3942484,
              43.6092404
            ],
            [
              -79.3875295,
              43.6094052
            ],
            [
              -79.3539393,
              43.6102291
            ],
            [
              -79.3476258,
              43.610384
            ],
            [
              -79.3439184,
              43.6113153
            ],
            [
              -79.3439184,
              43.6113153
            ],
            [
              -79.3321994,
              43.6142589
            ],
            [
              -79.3205509,
              43.6169941
            ],
            [
              -79.3170878,
              43.6484391
            ],
            [
              -79.3141577,
              43.6494176
            ],
            [
              -79.3141577,
              43.6494176
            ],
            [
              -79.3129951,
              43.6498059
            ],
            [
              -79.298828,
              43.6583478
            ],
            [
              -79.2785104,
              43.6697234
            ],
            [
              -79.2785104,
              43.6697234
            ],
            [
              -79.2758458,
              43.6712151
            ],
            [
              -79.2591602,
              43.6887468
            ],
            [
              -79.2440486,
              43.6984211
            ],
            [
              -79.2440486,
              43.6984211
            ],
            [
              -79.2331872,
              43.7005834
            ],
            [
              -79.2234276,
              43.7078664
            ],
            [
              -79.2218535,
              43.715376
            ],
            [
              -79.2127236,
              43.7242497
            ],
            [
              -79.2115094,
              43.7253709
            ],
            [
              -79.2115094,
              43.7253709
            ],
            [
              -79.2042233,
              43.7320985
            ],
            [
              -79.2036788,
              43.7325773
            ],
            [
              -79.2036788,
              43.7325773
            ],
            [
              -79.1881673,
              43.7452912
            ],
            [
              -79.1767871,
              43.7504033
            ],
            [
              -79.1767871,
              43.7504033
            ],
            [
              -79.1694352,
              43.7537057
            ],
            [
              -79.1694352,
              43.7537057
            ],
            [
              -79.1499161,
              43.7579125
            ],
            [
              -79.1430878,
              43.7637574
            ],
            [
              -79.1430878,
              43.7637574
            ],
            [
              -79.1331482,
              43.7722645
            ],
            [
              -79.1331482,
              43.7722645
            ],
            [
              -79.1244154,
              43.7797378
            ],
            [
              -79.1132193,
              43.7930746
            ],
            [
              -79.1132193,
              43.7930746
            ],
            [
              -79.1152941,
              43.7948018
            ],
            [
              -79.1153291,
              43.7948709
            ],
            [
              -79.1155081,
              43.794902
            ],
            [
              -79.1157269,
              43.7949284
            ],
            [
              -79.1160752,
              43.7949319
            ],
            [
              -79.1164872,
              43.7948018
            ],
            [
              -79.1166931,
              43.7946655
            ],
            [
              -79.1170536,
              43.7944734
            ],
            [
              -79.1175,
              43.7943743
            ],
            [
              -79.1176888,
              43.7943743
            ],
            [
              -79.1179634,
              43.7944115
            ],
            [
              -79.1187155,
              43.7946635
            ],
            [
              -79.1189762,
              43.7946841
            ],
            [
              -79.1195256,
              43.794777
            ],
            [
              -79.1204263,
              43.7947212
            ],
            [
              -79.1207615,
              43.7946903
            ],
            [
              -79.1209933,
              43.794746
            ],
            [
              -79.1211649,
              43.7949009
            ],
            [
              -79.121225,
              43.7950868
            ],
            [
              -79.1211563,
              43.7952603
            ],
            [
              -79.1209503,
              43.7953842
            ],
            [
              -79.1205984,
              43.7954523
            ],
            [
              -79.120341,
              43.7955515
            ],
            [
              -79.120135,
              43.7957559
            ],
            [
              -79.1201092,
              43.795886
            ],
            [
              -79.1201756,
              43.796078
            ],
            [
              -79.1214224,
              43.7972675
            ],
            [
              -79.1216284,
              43.7973667
            ],
            [
              -79.1218945,
              43.7974596
            ],
            [
              -79.1221005,
              43.7974782
            ],
            [
              -79.1224953,
              43.7974162
            ],
            [
              -79.1231809,
              43.7972374
            ],
            [
              -79.1235339,
              43.7972118
            ],
            [
              -79.1241175,
              43.7974286
            ],
            [
              -79.1243063,
              43.7975649
            ],
            [
              -79.1243664,
              43.797726
            ],
            [
              -79.124169,
              43.7982464
            ],
            [
              -79.1240851,
              43.7986789
            ],
            [
              -79.1241776,
              43.7990517
            ],
            [
              -79.1246582,
              43.7998261
            ],
            [
              -79.125259,
              43.8002412
            ],
            [
              -79.1255852,
              43.8003031
            ],
            [
              -79.1263577,
              43.800204
            ],
            [
              -79.1267096,
              43.8001359
            ],
            [
              -79.1270443,
              43.8001421
            ],
            [
              -79.1277322,
              43.8003337
            ],
            [
              -79.12825,
              43.8005791
            ],
            [
              -79.1296448,
              43.8013857
            ],
            [
              -79.130243,
              43.8016579
            ],
            [
              -79.1307694,
              43.8018147
            ],
            [
              -79.1312243,
              43.801858
            ],
            [
              -79.1316426,
              43.8018146
            ],
            [
              -79.1331297,
              43.8012509
            ],
            [
              -79.1347176,
              43.8007739
            ],
            [
              -79.1349922,
              43.8007244
            ],
            [
              -79.1352412,
              43.800712
            ],
            [
              -79.1354128,
              43.8008978
            ],
            [
              -79.1354042,
              43.8010589
            ],
            [
              -79.1352326,
              43.8013191
            ],
            [
              -79.1348172,
              43.8016114
            ],
            [
              -79.1345459,
              43.8018023
            ],
            [
              -79.1340171,
              43.8024285
            ],
            [
              -79.1336099,
              43.8028365
            ],
            [
              -79.133516,
              43.8030102
            ],
            [
              -79.1336234,
              43.8032559
            ],
            [
              -79.1341571,
              43.8040062
            ],
            [
              -79.134297,
              43.8045589
            ],
            [
              -79.1341769,
              43.8051783
            ],
            [
              -79.1340309,
              43.8054942
            ],
            [
              -79.1337735,
              43.8059774
            ],
            [
              -79.1337086,
              43.8062639
            ],
            [
              -79.1337193,
              43.8063179
            ],
            [
              -79.1337515,
              43.8064807
            ],
            [
              -79.1339231,
              43.806778
            ],
            [
              -79.1343265,
              43.8070134
            ],
            [
              -79.134584,
              43.8073045
            ],
            [
              -79.1348244,
              43.8073851
            ],
            [
              -79.1350297,
              43.8075748
            ],
            [
              -79.1354334,
              43.8078983
            ],
            [
              -79.1357148,
              43.8080227
            ],
            [
              -79.136078,
              43.808163
            ],
            [
              -79.1362497,
              43.8081444
            ],
            [
              -79.1364213,
              43.8081134
            ],
            [
              -79.13649,
              43.8080205
            ],
            [
              -79.1366016,
              43.8078904
            ],
            [
              -79.136799,
              43.8077913
            ],
            [
              -79.1370565,
              43.8077418
            ],
            [
              -79.1372737,
              43.8078771
            ],
            [
              -79.1375109,
              43.8079103
            ],
            [
              -79.1375943,
              43.8078012
            ],
            [
              -79.1377306,
              43.8075656
            ],
            [
              -79.1378713,
              43.8074222
            ],
            [
              -79.1379915,
              43.8074098
            ],
            [
              -79.1380945,
              43.8074656
            ],
            [
              -79.1382061,
              43.8075585
            ],
            [
              -79.1382746,
              43.807662
            ],
            [
              -79.1381803,
              43.8078001
            ],
            [
              -79.1382147,
              43.8079239
            ],
            [
              -79.1382205,
              43.8079311
            ],
            [
              -79.1382747,
              43.8079983
            ],
            [
              -79.1383434,
              43.8080045
            ],
            [
              -79.1384121,
              43.8079673
            ],
            [
              -79.1384807,
              43.8079549
            ],
            [
              -79.1385837,
              43.8079921
            ],
            [
              -79.1386696,
              43.8079797
            ],
            [
              -79.1387897,
              43.8080045
            ],
            [
              -79.1389013,
              43.808054
            ],
            [
              -79.1389283,
              43.8080735
            ],
            [
              -79.1391588,
              43.8082398
            ],
            [
              -79.1393648,
              43.8083451
            ],
            [
              -79.1396223,
              43.8083513
            ],
            [
              -79.139957,
              43.8083761
            ],
            [
              -79.1402468,
              43.8083695
            ],
            [
              -79.1404034,
              43.8083637
            ],
            [
              -79.1404548,
              43.8084195
            ],
            [
              -79.1405321,
              43.8087292
            ],
            [
              -79.1406866,
              43.8087849
            ],
            [
              -79.1410112,
              43.8088617
            ],
            [
              -79.1411415,
              43.8089088
            ],
            [
              -79.1416221,
              43.8091627
            ],
            [
              -79.1421886,
              43.8093548
            ],
            [
              -79.1426178,
              43.8094229
            ],
            [
              -79.1431413,
              43.8095823
            ],
            [
              -79.1437679,
              43.8097326
            ],
            [
              -79.1440682,
              43.8098248
            ],
            [
              -79.144163,
              43.8098539
            ],
            [
              -79.1445146,
              43.8099246
            ],
            [
              -79.1449438,
              43.8099803
            ],
            [
              -79.1457002,
              43.8099853
            ],
            [
              -79.1459223,
              43.8099803
            ],
            [
              -79.1459995,
              43.8100237
            ],
            [
              -79.1460253,
              43.8101414
            ],
            [
              -79.1459757,
              43.8106464
            ],
            [
              -79.145948,
              43.810928
            ],
            [
              -79.1459652,
              43.811089
            ],
            [
              -79.1460596,
              43.8111634
            ],
            [
              -79.1461883,
              43.8112129
            ],
            [
              -79.1463085,
              43.8112005
            ],
            [
              -79.146463,
              43.8112377
            ],
            [
              -79.1468664,
              43.8114669
            ],
            [
              -79.1472526,
              43.8117208
            ],
            [
              -79.1476303,
              43.8119066
            ],
            [
              -79.1478105,
              43.8120553
            ],
            [
              -79.1478326,
              43.8120944
            ],
            [
              -79.147905,
              43.8122225
            ],
            [
              -79.1480766,
              43.812334
            ],
            [
              -79.1484629,
              43.8123773
            ],
            [
              -79.1487976,
              43.8123773
            ],
            [
              -79.1490122,
              43.8123587
            ],
            [
              -79.1491838,
              43.8123835
            ],
            [
              -79.149407,
              43.8124455
            ],
            [
              -79.1495443,
              43.8125569
            ],
            [
              -79.1500164,
              43.8130153
            ],
            [
              -79.1504777,
              43.8133177
            ],
            [
              -79.1507106,
              43.8134176
            ],
            [
              -79.1508425,
              43.8135111
            ],
            [
              -79.1509401,
              43.8136124
            ],
            [
              -79.1510074,
              43.8137006
            ],
            [
              -79.1511279,
              43.8138586
            ],
            [
              -79.1512609,
              43.8139505
            ],
            [
              -79.1514583,
              43.8139877
            ],
            [
              -79.1517117,
              43.8139659
            ],
            [
              -79.1517117,
              43.8139659
            ],
            [
              -79.152051,
              43.8145644
            ],
            [
              -79.1555612,
              43.8226163
            ],
            [
              -79.156302,
              43.8241927
            ],
            [
              -79.1595299,
              43.8317189
            ],
            [
              -79.1595692,
              43.8318076
            ],
            [
              -79.1606014,
              43.8341351
            ],
            [
              -79.1609224,
              43.834843
            ],
            [
              -79.1633994,
              43.8403262
            ],
            [
              -79.166146,
              43.8465785
            ],
            [
              -79.1666398,
              43.8475441
            ],
            [
              -79.1666789,
              43.8476206
            ],
            [
              -79.1668501,
              43.8479554
            ],
            [
              -79.1688143,
              43.8522899
            ],
            [
              -79.1696452,
              43.8540572
            ],
            [
              -79.1696952,
              43.8542206
            ],
            [
              -79.1699025,
              43.8546932
            ],
            [
              -79.1701685,
              43.8553214
            ],
            [
              -79.1701962,
              43.8553968
            ],
            [
              -79.1702147,
              43.8554425
            ],
            [
              -79.2277561,
              43.8421057
            ],
            [
              -79.2276003,
              43.8421375
            ],
            [
              -79.2268104,
              43.8423141
            ],
            [
              -79.2260777,
              43.8424779
            ],
            [
              -79.2258363,
              43.842516
            ],
            [
              -79.2256683,
              43.8425539
            ],
            [
              -79.2190752,
              43.8440022
            ],
            [
              -79.2155117,
              43.844822
            ],
            [
              -79.2092645,
              43.8462033
            ],
            [
              -79.2080855,
              43.846469
            ],
            [
              -79.2078041,
              43.846531
            ],
            [
              -79.2059374,
              43.8469424
            ],
            [
              -79.2034183,
              43.8474885
            ],
            [
              -79.2005832,
              43.8482009
            ],
            [
              -79.2003786,
              43.8482526
            ],
            [
              -79.1995703,
              43.8484598
            ],
            [
              -79.1993253,
              43.8485097
            ],
            [
              -79.197555,
              43.8489058
            ],
            [
              -79.1957,
              43.8493368
            ],
            [
              -79.1940651,
              43.8497318
            ],
            [
              -79.1935555,
              43.8498542
            ],
            [
              -79.1916572,
              43.8503191
            ],
            [
              -79.1897403,
              43.8507863
            ],
            [
              -79.1852763,
              43.8518817
            ],
            [
              -79.1828452,
              43.8524608
            ],
            [
              -79.1799911,
              43.8531472
            ],
            [
              -79.177584,
              43.8537859
            ],
            [
              -79.1743008,
              43.8545507
            ],
            [
              -79.1710263,
              43.8552741
            ],
            [
              -79.1702147,
              43.8554425
            ],
            [
              -79.2452397,
              43.8379905
            ],
            [
              -79.2404249,
              43.8391231
            ],
            [
              -79.2378597,
              43.8396874
            ],
            [
              -79.2372406,
              43.8398296
            ],
            [
              -79.2368071,
              43.8399375
            ],
            [
              -79.2345152,
              43.8404908
            ],
            [
              -79.2325983,
              43.8409271
            ],
            [
              -79.232212,
              43.8410116
            ],
            [
              -79.2320555,
              43.8410654
            ],
            [
              -79.231477,
              43.8412372
            ],
            [
              -79.2311754,
              43.8413173
            ],
            [
              -79.2308744,
              43.8413902
            ],
            [
              -79.2303215,
              43.8415228
            ],
            [
              -79.2297608,
              43.8416532
            ],
            [
              -79.2288824,
              43.8418496
            ],
            [
              -79.2279832,
              43.8420526
            ],
            [
              -79.2277561,
              43.8421057
            ],
            [
              -79.2458864,
              43.8378279
            ],
            [
              -79.2457549,
              43.837875
            ],
            [
              -79.2452397,
              43.8379905
            ],
            [
              -79.2484648,
              43.8372292
            ],
            [
              -79.2475863,
              43.8374383
            ],
            [
              -79.2458864,
              43.8378279
            ],
            [
              -79.2511968,
              43.836602
            ],
            [
              -79.24908,
              43.8370822
            ],
            [
              -79.2484648,
              43.8372292
            ],
            [
              -79.2651158,
              43.8333657
            ],
            [
              -79.2649512,
              43.833407
            ],
            [
              -79.2574775,
              43.8351294
            ],
            [
              -79.2564737,
              43.8353687
            ],
            [
              -79.2530181,
              43.83618
            ],
            [
              -79.2522188,
              43.8363701
            ],
            [
              -79.2511968,
              43.836602
            ],
            [
              -79.2972772,
              43.8259606
            ],
            [
              -79.2971219,
              43.8259977
            ],
            [
              -79.2930988,
              43.8269262
            ],
            [
              -79.2927631,
              43.8270055
            ],
            [
              -79.292314,
              43.8271116
            ],
            [
              -79.2910869,
              43.8273919
            ],
            [
              -79.290818,
              43.8274497
            ],
            [
              -79.2882911,
              43.8280228
            ],
            [
              -79.2877576,
              43.8281418
            ],
            [
              -79.2864396,
              43.8284388
            ],
            [
              -79.2811873,
              43.82966
            ],
            [
              -79.2795313,
              43.830028
            ],
            [
              -79.2764978,
              43.8307293
            ],
            [
              -79.2762438,
              43.8307825
            ],
            [
              -79.2742093,
              43.8312431
            ],
            [
              -79.2732826,
              43.8314801
            ],
            [
              -79.2726262,
              43.8316389
            ],
            [
              -79.2711071,
              43.8319752
            ],
            [
              -79.269204,
              43.8324311
            ],
            [
              -79.2688426,
              43.8325282
            ],
            [
              -79.2671718,
              43.832878
            ],
            [
              -79.2669349,
              43.8329341
            ],
            [
              -79.2661227,
              43.8331266
            ],
            [
              -79.2651158,
              43.8333657
            ],
            [
              -79.3070501,
              43.8236906
            ],
            [
              -79.3044224,
              43.8243052
            ],
            [
              -79.3032208,
              43.8245558
            ],
            [
              -79.3022346,
              43.8248225
            ],
            [
              -79.3014982,
              43.8250022
            ],
            [
              -79.300514,
              43.825208
            ],
            [
              -79.2994068,
              43.8254735
            ],
            [
              -79.2993339,
              43.8254907
            ],
            [
              -79.2992602,
              43.8255082
            ],
            [
              -79.299089,
              43.8255486
            ],
            [
              -79.2987527,
              43.8256281
            ],
            [
              -79.2987063,
              43.8256391
            ],
            [
              -79.2984647,
              43.8256962
            ],
            [
              -79.2982949,
              43.8257363
            ],
            [
              -79.2980458,
              43.8257952
            ],
            [
              -79.2972772,
              43.8259606
            ],
            [
              -79.3413434,
              43.8156447
            ],
            [
              -79.3412575,
              43.8156648
            ],
            [
              -79.3401642,
              43.8159481
            ],
            [
              -79.3377151,
              43.816572
            ],
            [
              -79.3373623,
              43.8166658
            ],
            [
              -79.336408,
              43.8168765
            ],
            [
              -79.3315092,
              43.8180011
            ],
            [
              -79.3311911,
              43.8180757
            ],
            [
              -79.3306057,
              43.8182057
            ],
            [
              -79.329129,
              43.8185442
            ],
            [
              -79.3284532,
              43.8186964
            ],
            [
              -79.3266815,
              43.8191257
            ],
            [
              -79.3265641,
              43.819152
            ],
            [
              -79.3233852,
              43.8198745
            ],
            [
              -79.3229209,
              43.8199813
            ],
            [
              -79.3228145,
              43.8199973
            ],
            [
              -79.3218592,
              43.8202247
            ],
            [
              -79.3209241,
              43.8204475
            ],
            [
              -79.3199044,
              43.8206869
            ],
            [
              -79.3185529,
              43.8209911
            ],
            [
              -79.3176406,
              43.8212155
            ],
            [
              -79.3161744,
              43.8215503
            ],
            [
              -79.3135694,
              43.8221723
            ],
            [
              -79.3127696,
              43.8223465
            ],
            [
              -79.3117807,
              43.8225749
            ],
            [
              -79.3097901,
              43.8230497
            ],
            [
              -79.3081251,
              43.8234392
            ],
            [
              -79.3070501,
              43.8236906
            ],
            [
              -79.3462652,
              43.8144819
            ],
            [
              -79.3457564,
              43.814593
            ],
            [
              -79.3451968,
              43.8147152
            ],
            [
              -79.3447765,
              43.814815
            ],
            [
              -79.3437856,
              43.8150516
            ],
            [
              -79.3431896,
              43.8151897
            ],
            [
              -79.3430852,
              43.8152143
            ],
            [
              -79.3428327,
              43.815274
            ],
            [
              -79.3425556,
              43.8153423
            ],
            [
              -79.3422849,
              43.815409
            ],
            [
              -79.3414202,
              43.8156267
            ],
            [
              -79.3413434,
              43.8156447
            ],
            [
              -79.3463922,
              43.8144513
            ],
            [
              -79.34636,
              43.8144591
            ],
            [
              -79.3462652,
              43.8144819
            ],
            [
              -79.3519448,
              43.8131911
            ],
            [
              -79.3509332,
              43.8134484
            ],
            [
              -79.3504282,
              43.8135529
            ],
            [
              -79.3487455,
              43.8139401
            ],
            [
              -79.3484962,
              43.8139985
            ],
            [
              -79.346959,
              43.8143358
            ],
            [
              -79.3464296,
              43.8144437
            ],
            [
              -79.3463922,
              43.8144513
            ],
            [
              -79.3717653,
              43.8086802
            ],
            [
              -79.3705644,
              43.8089548
            ],
            [
              -79.3704108,
              43.8089908
            ],
            [
              -79.3690657,
              43.8092993
            ],
            [
              -79.3677108,
              43.8096222
            ],
            [
              -79.3674137,
              43.8096853
            ],
            [
              -79.3669147,
              43.8097985
            ],
            [
              -79.3663917,
              43.8099157
            ],
            [
              -79.3659198,
              43.8100174
            ],
            [
              -79.3650079,
              43.8102172
            ],
            [
              -79.364783,
              43.8102672
            ],
            [
              -79.3627808,
              43.8107237
            ],
            [
              -79.3615733,
              43.811002
            ],
            [
              -79.3607585,
              43.811183
            ],
            [
              -79.357568,
              43.8119376
            ],
            [
              -79.3566656,
              43.812141
            ],
            [
              -79.3552899,
              43.8124353
            ],
            [
              -79.3550305,
              43.812489
            ],
            [
              -79.3549064,
              43.8125147
            ],
            [
              -79.3537025,
              43.8128065
            ],
            [
              -79.3522993,
              43.8131009
            ],
            [
              -79.3519448,
              43.8131911
            ],
            [
              -79.3725229,
              43.8085069
            ]
          ]
        ]
      }
    },
    {
      "type": "Feature",
      "properties": {
        "name": "Vaughan"
      },
      "geometry": {
        "type": "Polygon",
        "coordinates": [
          [
            [
              -79.428729,
              43.8345631
            ],
            [
              -79.4317292,
              43.83308
            ],
            [
              -79.4324609,
              43.8327937
            ],
            [
              -79.435465,
              43.8319269
            ],
            [
              -79.4434473,
              43.829961
            ],
            [
              -79.4483825,
              43.8287381
            ],
            [
              -79.4515583,
              43.8280106
            ],
            [
              -79.4532534,
              43.8276545
            ],
            [
              -79.4539028,
              43.8275458
            ],
            [
              -79.4539636,
              43.8278537
            ],
            [
              -79.4541281,
              43.8286874
            ],
            [
              -79.4542326,
              43.8292146
            ],
            [
              -79.4542611,
              43.8294303
            ],
            [
              -79.4544446,
              43.8304483
            ],
            [
              -79.4547497,
              43.8317639
            ],
            [
              -79.4551222,
              43.8330946
            ],
            [
              -79.4563004,
              43.8372077
            ],
            [
              -79.4569418,
              43.839905
            ],
            [
              -79.4576393,
              43.8430587
            ],
            [
              -79.4586628,
              43.8476767
            ],
            [
              -79.4596012,
              43.851714
            ],
            [
              -79.4627983,
              43.8659014
            ],
            [
              -79.4673886,
              43.8841094
            ],
            [
              -79.4657394,
              43.8771254
            ],
            [
              -79.464578,
              43.8732662
            ],
            [
              -79.4637319,
              43.8700436
            ],
            [
              -79.4627983,
              43.8659014
            ],
            [
              -79.477773,
              43.9243511
            ],
            [
              -79.4766432,
              43.9209459
            ],
            [
              -79.4757924,
              43.9186638
            ],
            [
              -79.4745016,
              43.9135655
            ],
            [
              -79.4718163,
              43.9025014
            ],
            [
              -79.4709134,
              43.8985418
            ],
            [
              -79.4696859,
              43.8940833
            ],
            [
              -79.4683278,
              43.8885256
            ],
            [
              -79.4673886,
              43.8841094
            ],
            [
              -79.7106948,
              43.8744029
            ],
            [
              -79.7057332,
              43.8755154
            ],
            [
              -79.7055953,
              43.8755463
            ],
            [
              -79.694653,
              43.8777117
            ],
            [
              -79.6680026,
              43.8835116
            ],
            [
              -79.6478753,
              43.8879346
            ],
            [
              -79.6372752,
              43.890098
            ],
            [
              -79.6102814,
              43.8958813
            ],
            [
              -79.5873646,
              43.9007053
            ],
            [
              -79.5687823,
              43.9046942
            ],
            [
              -79.5545344,
              43.9078171
            ],
            [
              -79.5314889,
              43.9127329
            ],
            [
              -79.5202021,
              43.9151752
            ],
            [
              -79.5005491,
              43.9194382
            ],
            [
              -79.4905905,
              43.9215743
            ],
            [
              -79.477773,
              43.9243511
            ],
            [
              -79.7106948,
              43.8744029
            ],
            [
              -79.6976248,
              43.8518494
            ],
            [
              -79.6975805,
              43.8517865
            ],
            [
              -79.6973676,
              43.8515583
            ],
            [
              -79.6971463,
              43.8513702
            ],
            [
              -79.6965824,
              43.8510147
            ],
            [
              -79.6954042,
              43.8503542
            ],
            [
              -79.6951736,
              43.8502028
            ],
            [
              -79.6950864,
              43.8501274
            ],
            [
              -79.6949154,
              43.8499238
            ],
            [
              -79.6948792,
              43.8497879
            ],
            [
              -79.6948638,
              43.849668
            ],
            [
              -79.6948839,
              43.8495147
            ],
            [
              -79.6949288,
              43.8493861
            ],
            [
              -79.6950113,
              43.8492371
            ],
            [
              -79.6950991,
              43.8491443
            ],
            [
              -79.6953452,
              43.8489731
            ],
            [
              -79.6958012,
              43.8486849
            ],
            [
              -79.6954175,
              43.8480959
            ],
            [
              -79.6954175,
              43.8480959
            ],
            [
              -79.6804275,
              43.8223238
            ],
            [
              -79.6786404,
              43.819296
            ],
            [
              -79.6392832,
              43.7498436
            ],
            [
              -79.6394237,
              43.7499952
            ],
            [
              -79.640023,
              43.7505905
            ],
            [
              -79.6405073,
              43.7511596
            ],
            [
              -79.6408002,
              43.7515912
            ],
            [
              -79.6408832,
              43.7517404
            ],
            [
              -79.641245,
              43.7524491
            ],
            [
              -79.6415436,
              43.7532343
            ],
            [
              -79.6421676,
              43.7551245
            ],
            [
              -79.6426841,
              43.7565638
            ],
            [
              -79.6432197,
              43.7579485
            ],
            [
              -79.6434846,
              43.7585015
            ],
            [
              -79.6455739,
              43.7622659
            ],
            [
              -79.6485469,
              43.7671297
            ],
            [
              -79.655034,
              43.7785217
            ],
            [
              -79.6580411,
              43.7838816
            ],
            [
              -79.6691586,
              43.8030197
            ],
            [
              -79.6747874,
              43.8128798
            ],
            [
              -79.6786404,
              43.819296
            ],
            [
              -79.6392832,
              43.7498436
            ],
            [
              -79.6383075,
              43.7503353
            ],
            [
              -79.637993,
              43.7504952
            ],
            [
              -79.6374799,
              43.7506976
            ],
            [
              -79.6365241,
              43.7510032
            ],
            [
              -79.6360286,
              43.7511111
            ],
            [
              -79.6356056,
              43.7511777
            ],
            [
              -79.6351904,
              43.7512181
            ],
            [
              -79.6347191,
              43.7512268
            ],
            [
              -79.6341054,
              43.7512412
            ],
            [
              -79.6335497,
              43.7512552
            ],
            [
              -79.6332296,
              43.7512699
            ],
            [
              -79.6329415,
              43.7512964
            ],
            [
              -79.6326346,
              43.7513283
            ],
            [
              -79.6323742,
              43.7513653
            ],
            [
              -79.6320302,
              43.7514274
            ],
            [
              -79.6318097,
              43.7514692
            ],
            [
              -79.6308995,
              43.751672
            ],
            [
              -79.629973,
              43.7518784
            ],
            [
              -79.6293415,
              43.7520258
            ],
            [
              -79.6278315,
              43.7523782
            ],
            [
              -79.625879,
              43.7528339
            ],
            [
              -79.625879,
              43.7528339
            ],
            [
              -79.6256258,
              43.752893
            ],
            [
              -79.6250214,
              43.7529721
            ],
            [
              -79.6250214,
              43.7529721
            ],
            [
              -79.6241539,
              43.7532151
            ],
            [
              -79.6241365,
              43.75322
            ],
            [
              -79.6239446,
              43.7532653
            ],
            [
              -79.6232006,
              43.7534345
            ],
            [
              -79.622453,
              43.7536157
            ],
            [
              -79.619833,
              43.7541681
            ],
            [
              -79.6187747,
              43.7544058
            ],
            [
              -79.6170035,
              43.7548036
            ],
            [
              -79.6149259,
              43.7552703
            ],
            [
              -79.6130281,
              43.7556884
            ],
            [
              -79.6117854,
              43.7559761
            ],
            [
              -79.6112172,
              43.7561076
            ],
            [
              -79.6087359,
              43.7566997
            ],
            [
              -79.6084336,
              43.756725
            ],
            [
              -79.6077672,
              43.7568891
            ],
            [
              -79.6071233,
              43.7570311
            ],
            [
              -79.6066732,
              43.7571304
            ],
            [
              -79.6049125,
              43.7575187
            ],
            [
              -79.6043721,
              43.7576487
            ],
            [
              -79.6033852,
              43.7578662
            ],
            [
              -79.6033852,
              43.7578662
            ],
            [
              -79.6023642,
              43.7580796
            ],
            [
              -79.6020396,
              43.7581476
            ],
            [
              -79.5996544,
              43.7586857
            ],
            [
              -79.5984274,
              43.7589755
            ],
            [
              -79.5976199,
              43.7591323
            ],
            [
              -79.5969414,
              43.7593058
            ],
            [
              -79.5961958,
              43.7594715
            ],
            [
              -79.594627,
              43.759806
            ],
            [
              -79.5929039,
              43.7602097
            ],
            [
              -79.5914662,
              43.7605466
            ],
            [
              -79.5907298,
              43.7607191
            ],
            [
              -79.5905832,
              43.7607319
            ],
            [
              -79.5904545,
              43.7607432
            ],
            [
              -79.5806472,
              43.7630265
            ],
            [
              -79.5806472,
              43.7630265
            ],
            [
              -79.5775231,
              43.7636975
            ],
            [
              -79.577015,
              43.7638374
            ],
            [
              -79.5747827,
              43.764326
            ],
            [
              -79.5731249,
              43.7647397
            ],
            [
              -79.5638986,
              43.766712
            ],
            [
              -79.563428,
              43.7668097
            ],
            [
              -79.5629706,
              43.7669046
            ],
            [
              -79.562263,
              43.7670514
            ],
            [
              -79.5621019,
              43.7670849
            ],
            [
              -79.5614242,
              43.7672255
            ],
            [
              -79.5609242,
              43.7673532
            ],
            [
              -79.5607672,
              43.7673619
            ],
            [
              -79.5605747,
              43.7674018
            ],
            [
              -79.5603482,
              43.7674499
            ],
            [
              -79.5601007,
              43.7674957
            ],
            [
              -79.5600589,
              43.7675143
            ],
            [
              -79.5592124,
              43.7676742
            ],
            [
              -79.5590226,
              43.767724
            ],
            [
              -79.5588247,
              43.7677474
            ],
            [
              -79.5585718,
              43.7677952
            ],
            [
              -79.5581291,
              43.7678787
            ],
            [
              -79.5577284,
              43.7679544
            ],
            [
              -79.5575199,
              43.7680007
            ],
            [
              -79.5571498,
              43.7680829
            ],
            [
              -79.5554234,
              43.7684662
            ],
            [
              -79.5541079,
              43.7687249
            ],
            [
              -79.5539782,
              43.7687501
            ],
            [
              -79.5536331,
              43.7688173
            ],
            [
              -79.5531201,
              43.7689171
            ],
            [
              -79.5528867,
              43.7689668
            ],
            [
              -79.5521854,
              43.7691057
            ],
            [
              -79.5515492,
              43.7692424
            ],
            [
              -79.5512609,
              43.7693043
            ],
            [
              -79.5511683,
              43.7693242
            ],
            [
              -79.5508929,
              43.7693834
            ],
            [
              -79.5507917,
              43.7694051
            ],
            [
              -79.550542,
              43.7694588
            ],
            [
              -79.5502891,
              43.7695131
            ],
            [
              -79.5484808,
              43.769902
            ],
            [
              -79.5475304,
              43.7701075
            ],
            [
              -79.5456671,
              43.7704681
            ],
            [
              -79.5448895,
              43.7706459
            ],
            [
              -79.5442004,
              43.7707929
            ],
            [
              -79.5393404,
              43.7717658
            ],
            [
              -79.5377861,
              43.7720886
            ],
            [
              -79.5356508,
              43.772513
            ],
            [
              -79.5348127,
              43.7726923
            ],
            [
              -79.5348127,
              43.7726923
            ],
            [
              -79.5342638,
              43.7728097
            ],
            [
              -79.5333191,
              43.7729968
            ],
            [
              -79.5276185,
              43.7741782
            ],
            [
              -79.5269652,
              43.7742927
            ],
            [
              -79.5268451,
              43.7743135
            ],
            [
              -79.5268451,
              43.7743135
            ],
            [
              -79.5266959,
              43.7743397
            ],
            [
              -79.5261954,
              43.7744506
            ],
            [
              -79.5255946,
              43.7745837
            ],
            [
              -79.5251074,
              43.7746793
            ],
            [
              -79.5244101,
              43.7748192
            ],
            [
              -79.5240425,
              43.7748883
            ],
            [
              -79.5236087,
              43.7749734
            ],
            [
              -79.5222896,
              43.7753149
            ],
            [
              -79.5217056,
              43.7754557
            ],
            [
              -79.5217056,
              43.7754557
            ],
            [
              -79.5191456,
              43.7759588
            ],
            [
              -79.5139046,
              43.777056
            ],
            [
              -79.5091806,
              43.7781031
            ],
            [
              -79.4946323,
              43.7814805
            ],
            [
              -79.4944922,
              43.7815153
            ],
            [
              -79.4944922,
              43.7815153
            ],
            [
              -79.4934327,
              43.7817749
            ],
            [
              -79.4907833,
              43.7824072
            ],
            [
              -79.4906964,
              43.782428
            ],
            [
              -79.4891963,
              43.7827773
            ],
            [
              -79.4890151,
              43.7828168
            ],
            [
              -79.4884194,
              43.7829584
            ],
            [
              -79.4878561,
              43.7830922
            ],
            [
              -79.4875255,
              43.7831412
            ],
            [
              -79.4832373,
              43.7841677
            ],
            [
              -79.4830056,
              43.7842216
            ],
            [
              -79.4829926,
              43.7842246
            ],
            [
              -79.4825637,
              43.7843243
            ],
            [
              -79.482491,
              43.7843412
            ],
            [
              -79.4823669,
              43.7843697
            ],
            [
              -79.4822559,
              43.7843953
            ],
            [
              -79.4821915,
              43.7844092
            ],
            [
              -79.4820728,
              43.7844374
            ],
            [
              -79.4815659,
              43.784554
            ],
            [
              -79.4808651,
              43.7847027
            ],
            [
              -79.4799454,
              43.7849333
            ],
            [
              -79.4783577,
              43.7853091
            ],
            [
              -79.4778102,
              43.7854415
            ],
            [
              -79.4774128,
              43.7855376
            ],
            [
              -79.4770034,
              43.7856366
            ],
            [
              -79.4769985,
              43.7856378
            ],
            [
              -79.4763807,
              43.7857872
            ],
            [
              -79.4763686,
              43.7857901
            ],
            [
              -79.4758368,
              43.7859187
            ],
            [
              -79.4752938,
              43.7860501
            ],
            [
              -79.4750629,
              43.7860969
            ],
            [
              -79.4729784,
              43.7866003
            ],
            [
              -79.4728935,
              43.7866183
            ],
            [
              -79.4727378,
              43.7866433
            ],
            [
              -79.4722374,
              43.786752
            ],
            [
              -79.471881,
              43.7868395
            ],
            [
              -79.4710807,
              43.7870411
            ],
            [
              -79.4709552,
              43.7870726
            ],
            [
              -79.4703165,
              43.7872247
            ],
            [
              -79.4700891,
              43.7872688
            ],
            [
              -79.4700891,
              43.7872688
            ],
            [
              -79.4691809,
              43.787445
            ],
            [
              -79.4690392,
              43.7874741
            ],
            [
              -79.468612,
              43.787562
            ],
            [
              -79.4685834,
              43.7875679
            ],
            [
              -79.4684849,
              43.7875882
            ],
            [
              -79.4683122,
              43.7876237
            ],
            [
              -79.467449,
              43.7878014
            ],
            [
              -79.4670179,
              43.7878918
            ],
            [
              -79.4668788,
              43.787923
            ],
            [
              -79.4668788,
              43.787923
            ],
            [
              -79.4667282,
              43.7879567
            ],
            [
              -79.4659522,
              43.788109
            ],
            [
              -79.4647621,
              43.7883493
            ],
            [
              -79.4571698,
              43.7899606
            ],
            [
              -79.4492516,
              43.791674
            ],
            [
              -79.4491091,
              43.7917053
            ],
            [
              -79.448928,
              43.791745
            ],
            [
              -79.4486897,
              43.7917971
            ],
            [
              -79.4483932,
              43.7918622
            ],
            [
              -79.4481327,
              43.7919195
            ],
            [
              -79.4476572,
              43.7920142
            ],
            [
              -79.4469851,
              43.7921745
            ],
            [
              -79.4467618,
              43.7922246
            ],
            [
              -79.4465072,
              43.7922818
            ],
            [
              -79.4457565,
              43.7924485
            ],
            [
              -79.4457565,
              43.7924485
            ],
            [
              -79.4450004,
              43.7926014
            ],
            [
              -79.4444444,
              43.7927223
            ],
            [
              -79.4424928,
              43.7931251
            ],
            [
              -79.4411314,
              43.7934082
            ],
            [
              -79.441018,
              43.7934298
            ],
            [
              -79.4409079,
              43.7934576
            ],
            [
              -79.4405507,
              43.7935357
            ],
            [
              -79.4405061,
              43.7935455
            ],
            [
              -79.4395528,
              43.7937539
            ],
            [
              -79.4386555,
              43.7939699
            ],
            [
              -79.4382415,
              43.7940589
            ],
            [
              -79.4366898,
              43.794376
            ],
            [
              -79.4365438,
              43.7944059
            ],
            [
              -79.4363798,
              43.7944457
            ],
            [
              -79.4361855,
              43.7944906
            ],
            [
              -79.4360032,
              43.7945328
            ],
            [
              -79.4356531,
              43.7946137
            ],
            [
              -79.4355627,
              43.7946348
            ],
            [
              -79.4355627,
              43.7946348
            ],
            [
              -79.4354496,
              43.7946611
            ],
            [
              -79.435304,
              43.794695
            ],
            [
              -79.435304,
              43.794695
            ],
            [
              -79.435032,
              43.7947575
            ],
            [
              -79.4348348,
              43.7948029
            ],
            [
              -79.4348348,
              43.7948029
            ],
            [
              -79.4347402,
              43.7948248
            ],
            [
              -79.4347357,
              43.7948258
            ],
            [
              -79.4346197,
              43.7948526
            ],
            [
              -79.4346197,
              43.7948526
            ],
            [
              -79.4344004,
              43.7949033
            ],
            [
              -79.4341224,
              43.7949618
            ],
            [
              -79.4341224,
              43.7949618
            ],
            [
              -79.4339018,
              43.7950125
            ],
            [
              -79.4338929,
              43.7950145
            ],
            [
              -79.4337836,
              43.7950396
            ],
            [
              -79.4337836,
              43.7950396
            ],
            [
              -79.4319712,
              43.7954401
            ],
            [
              -79.4297472,
              43.7959316
            ],
            [
              -79.4285957,
              43.7961797
            ],
            [
              -79.428462,
              43.796211
            ],
            [
              -79.4283303,
              43.7962471
            ],
            [
              -79.4279654,
              43.7963273
            ],
            [
              -79.4277801,
              43.7963673
            ],
            [
              -79.4268639,
              43.7965583
            ],
            [
              -79.4266601,
              43.7966036
            ],
            [
              -79.4263774,
              43.7966718
            ],
            [
              -79.4254222,
              43.7968846
            ],
            [
              -79.4253766,
              43.7968948
            ],
            [
              -79.4248432,
              43.7970053
            ],
            [
              -79.4240001,
              43.7971568
            ],
            [
              -79.423399,
              43.7972956
            ],
            [
              -79.4231832,
              43.7973455
            ],
            [
              -79.4223844,
              43.797518
            ],
            [
              -79.4223583,
              43.7975236
            ],
            [
              -79.4219056,
              43.797628
            ],
            [
              -79.4219056,
              43.797628
            ],
            [
              -79.4216513,
              43.7976843
            ],
            [
              -79.4210627,
              43.7978224
            ],
            [
              -79.4208476,
              43.7978705
            ],
            [
              -79.4207708,
              43.7978877
            ],
            [
              -79.4200471,
              43.7980391
            ],
            [
              -79.4200471,
              43.7980391
            ],
            [
              -79.4201807,
              43.7985622
            ],
            [
              -79.4202459,
              43.7987763
            ],
            [
              -79.4202766,
              43.798877
            ],
            [
              -79.4203162,
              43.799007
            ],
            [
              -79.420361,
              43.799169
            ],
            [
              -79.4205376,
              43.7998077
            ],
            [
              -79.4205745,
              43.7999411
            ],
            [
              -79.4206472,
              43.8002049
            ],
            [
              -79.4206754,
              43.8003073
            ],
            [
              -79.4207106,
              43.8005057
            ],
            [
              -79.4207562,
              43.8006007
            ],
            [
              -79.4208321,
              43.8008782
            ],
            [
              -79.4209012,
              43.8011469
            ],
            [
              -79.4209644,
              43.8013928
            ],
            [
              -79.4212014,
              43.8023054
            ],
            [
              -79.4214986,
              43.8034785
            ],
            [
              -79.4215086,
              43.8035181
            ],
            [
              -79.4215353,
              43.8036242
            ],
            [
              -79.4215641,
              43.8037377
            ],
            [
              -79.4215828,
              43.8038112
            ],
            [
              -79.4217218,
              43.8043884
            ],
            [
              -79.4218451,
              43.8049139
            ],
            [
              -79.4220882,
              43.8058834
            ],
            [
              -79.422175,
              43.8062576
            ],
            [
              -79.4222799,
              43.8066771
            ],
            [
              -79.4225181,
              43.8076944
            ],
            [
              -79.4226633,
              43.8082459
            ],
            [
              -79.422827,
              43.8089323
            ],
            [
              -79.4228605,
              43.8090664
            ],
            [
              -79.4231335,
              43.8102267
            ],
            [
              -79.4232156,
              43.8105794
            ],
            [
              -79.4233127,
              43.8109964
            ],
            [
              -79.4235282,
              43.8119483
            ],
            [
              -79.4235413,
              43.8120095
            ],
            [
              -79.4235743,
              43.8121645
            ],
            [
              -79.4236201,
              43.812379
            ],
            [
              -79.4239506,
              43.8139283
            ],
            [
              -79.4241156,
              43.8146938
            ],
            [
              -79.4242135,
              43.8151099
            ],
            [
              -79.4242711,
              43.8153509
            ],
            [
              -79.4243239,
              43.8155844
            ],
            [
              -79.4243851,
              43.815855
            ],
            [
              -79.4245868,
              43.8168121
            ],
            [
              -79.4245979,
              43.8168594
            ],
            [
              -79.4246149,
              43.8169316
            ],
            [
              -79.4249171,
              43.8182146
            ],
            [
              -79.4251147,
              43.8189622
            ],
            [
              -79.4251348,
              43.8190806
            ],
            [
              -79.42534,
              43.8199911
            ],
            [
              -79.4253959,
              43.8202394
            ],
            [
              -79.4257293,
              43.821719
            ],
            [
              -79.4258373,
              43.8221987
            ],
            [
              -79.4258712,
              43.822349
            ],
            [
              -79.4260948,
              43.8233065
            ],
            [
              -79.426123,
              43.8234335
            ],
            [
              -79.4261819,
              43.8236986
            ],
            [
              -79.4262032,
              43.8237945
            ],
            [
              -79.4262348,
              43.8239369
            ],
            [
              -79.4263331,
              43.8243792
            ],
            [
              -79.4264901,
              43.8250536
            ],
            [
              -79.4267796,
              43.826116
            ],
            [
              -79.4268626,
              43.826478
            ],
            [
              -79.4269246,
              43.8267483
            ],
            [
              -79.4271259,
              43.8276064
            ],
            [
              -79.4271417,
              43.8276682
            ],
            [
              -79.4272274,
              43.828004
            ],
            [
              -79.4273832,
              43.8286942
            ],
            [
              -79.4276283,
              43.8297318
            ],
            [
              -79.4278188,
              43.8305383
            ],
            [
              -79.4279002,
              43.8308512
            ],
            [
              -79.4280742,
              43.8317239
            ],
            [
              -79.4280742,
              43.8317239
            ],
            [
              -79.428729,
              43.8345631
            ]
          ]
        ]
      }
    },
    {
      "type": "Feature",
      "properties": {
        "name": "Markham"
      },
      "geometry": {
        "type": "Polygon",
        "coordinates": [
          [
            [
              -79.3725229,
              43.8085069
            ],
            [
              -79.3717653,
              43.8086802
            ],
            [
              -79.3962919,
              43.8032482
            ],
            [
              -79.3946365,
              43.8036282
            ],
            [
              -79.3942766,
              43.8037109
            ],
            [
              -79.39289,
              43.804023
            ],
            [
              -79.392732,
              43.8040512
            ],
            [
              -79.3925621,
              43.8040912
            ],
            [
              -79.3918525,
              43.8042403
            ],
            [
              -79.3915574,
              43.8043058
            ],
            [
              -79.3912441,
              43.8043774
            ],
            [
              -79.3910612,
              43.8044156
            ],
            [
              -79.3909614,
              43.8044364
            ],
            [
              -79.3906979,
              43.804496
            ],
            [
              -79.3906021,
              43.8045176
            ],
            [
              -79.3904247,
              43.8045577
            ],
            [
              -79.3902236,
              43.8046032
            ],
            [
              -79.3899984,
              43.8046542
            ],
            [
              -79.3897702,
              43.8047058
            ],
            [
              -79.3897002,
              43.8047216
            ],
            [
              -79.3892072,
              43.804833
            ],
            [
              -79.3888164,
              43.8049214
            ],
            [
              -79.3882298,
              43.8050487
            ],
            [
              -79.3871454,
              43.8052674
            ],
            [
              -79.3864946,
              43.8054114
            ],
            [
              -79.3858696,
              43.8055497
            ],
            [
              -79.3857614,
              43.8055737
            ],
            [
              -79.3856359,
              43.805602
            ],
            [
              -79.3853083,
              43.8056713
            ],
            [
              -79.3846838,
              43.8058239
            ],
            [
              -79.3844593,
              43.8058723
            ],
            [
              -79.384087,
              43.8059527
            ],
            [
              -79.383676,
              43.8060414
            ],
            [
              -79.3835968,
              43.8060591
            ],
            [
              -79.3833889,
              43.8061057
            ],
            [
              -79.3829028,
              43.8062104
            ],
            [
              -79.3764976,
              43.8076326
            ],
            [
              -79.3762402,
              43.8076948
            ],
            [
              -79.376084,
              43.8077303
            ],
            [
              -79.3759598,
              43.8077557
            ],
            [
              -79.3745077,
              43.8080658
            ],
            [
              -79.3742001,
              43.8081269
            ],
            [
              -79.374044,
              43.8081591
            ],
            [
              -79.3725229,
              43.8085069
            ],
            [
              -79.4180129,
              43.7984871
            ],
            [
              -79.4176865,
              43.7985568
            ],
            [
              -79.4170831,
              43.7986857
            ],
            [
              -79.4157435,
              43.7989659
            ],
            [
              -79.4145889,
              43.7992327
            ],
            [
              -79.4144686,
              43.7992607
            ],
            [
              -79.4143507,
              43.7992899
            ],
            [
              -79.4132711,
              43.7995312
            ],
            [
              -79.4118226,
              43.7998404
            ],
            [
              -79.4093305,
              43.8003888
            ],
            [
              -79.4092437,
              43.8004076
            ],
            [
              -79.4063531,
              43.8010436
            ],
            [
              -79.4062515,
              43.8010685
            ],
            [
              -79.4061532,
              43.8010864
            ],
            [
              -79.4028856,
              43.8018106
            ],
            [
              -79.4025524,
              43.8018796
            ],
            [
              -79.4020572,
              43.8019798
            ],
            [
              -79.4016609,
              43.8020696
            ],
            [
              -79.40097,
              43.8022162
            ],
            [
              -79.4008678,
              43.8022355
            ],
            [
              -79.4007618,
              43.8022595
            ],
            [
              -79.4003372,
              43.8023545
            ],
            [
              -79.400003,
              43.8024314
            ],
            [
              -79.3994527,
              43.8025488
            ],
            [
              -79.3986397,
              43.8027456
            ],
            [
              -79.3983148,
              43.8028093
            ],
            [
              -79.3973504,
              43.8030344
            ],
            [
              -79.3972709,
              43.8030529
            ],
            [
              -79.3972181,
              43.8030654
            ],
            [
              -79.3971324,
              43.8030857
            ],
            [
              -79.3962919,
              43.8032482
            ],
            [
              -79.4200471,
              43.7980391
            ],
            [
              -79.4199052,
              43.7980722
            ],
            [
              -79.4192262,
              43.7982217
            ],
            [
              -79.4180129,
              43.7984871
            ],
            [
              -79.4200471,
              43.7980391
            ],
            [
              -79.4201807,
              43.7985622
            ],
            [
              -79.4202459,
              43.7987763
            ],
            [
              -79.4202766,
              43.798877
            ],
            [
              -79.4203162,
              43.799007
            ],
            [
              -79.420361,
              43.799169
            ],
            [
              -79.4205376,
              43.7998077
            ],
            [
              -79.4205745,
              43.7999411
            ],
            [
              -79.4206472,
              43.8002049
            ],
            [
              -79.4206754,
              43.8003073
            ],
            [
              -79.4207106,
              43.8005057
            ],
            [
              -79.4207562,
              43.8006007
            ],
            [
              -79.4208321,
              43.8008782
            ],
            [
              -79.4209012,
              43.8011469
            ],
            [
              -79.4209644,
              43.8013928
            ],
            [
              -79.4212014,
              43.8023054
            ],
            [
              -79.4214986,
              43.8034785
            ],
            [
              -79.4215086,
              43.8035181
            ],
            [
              -79.4215353,
              43.8036242
            ],
            [
              -79.4215641,
              43.8037377
            ],
            [
              -79.4215828,
              43.8038112
            ],
            [
              -79.4217218,
              43.8043884
            ],
            [
              -79.4218451,
              43.8049139
            ],
            [
              -79.4220882,
              43.8058834
            ],
            [
              -79.422175,
              43.8062576
            ],
            [
              -79.4222799,
              43.8066771
            ],
            [
              -79.4225181,
              43.8076944
            ],
            [
              -79.4226633,
              43.8082459
            ],
            [
              -79.422827,
              43.8089323
            ],
            [
              -79.4228605,
              43.8090664
            ],
            [
              -79.4231335,
              43.8102267
            ],
            [
              -79.4232156,
              43.8105794
            ],
            [
              -79.4233127,
              43.8109964
            ],
            [
              -79.4235282,
              43.8119483
            ],
            [
              -79.4235413,
              43.8120095
            ],
            [
              -79.4235743,
              43.8121645
            ],
            [
              -79.4236201,
              43.812379
            ],
            [
              -79.4239506,
              43.8139283
            ],
            [
              -79.4241156,
              43.8146938
            ],
            [
              -79.4242135,
              43.8151099
            ],
            [
              -79.4242711,
              43.8153509
            ],
            [
              -79.4243239,
              43.8155844
            ],
            [
              -79.4243851,
              43.815855
            ],
            [
              -79.4245868,
              43.8168121
            ],
            [
              -79.4245979,
              43.8168594
            ],
            [
              -79.4246149,
              43.8169316
            ],
            [
              -79.4249171,
              43.8182146
            ],
            [
              -79.4251147,
              43.8189622
            ],
            [
              -79.4251348,
              43.8190806
            ],
            [
              -79.42534,
              43.8199911
            ],
            [
              -79.4253959,
              43.8202394
            ],
            [
              -79.4257293,
              43.821719
            ],
            [
              -79.4258373,
              43.8221987
            ],
            [
              -79.4258712,
              43.822349
            ],
            [
              -79.4260948,
              43.8233065
            ],
            [
              -79.426123,
              43.8234335
            ],
            [
              -79.4261819,
              43.8236986
            ],
            [
              -79.4262032,
              43.8237945
            ],
            [
              -79.4262348,
              43.8239369
            ],
            [
              -79.4263331,
              43.8243792
            ],
            [
              -79.4264901,
              43.8250536
            ],
            [
              -79.4267796,
              43.826116
            ],
            [
              -79.4268626,
              43.826478
            ],
            [
              -79.4269246,
              43.8267483
            ],
            [
              -79.4271259,
              43.8276064
            ],
            [
              -79.4271417,
              43.8276682
            ],
            [
              -79.4272274,
              43.828004
            ],
            [
              -79.4273832,
              43.8286942
            ],
            [
              -79.4276283,
              43.8297318
            ],
            [
              -79.4278188,
              43.8305383
            ],
            [
              -79.4279002,
              43.8308512
            ],
            [
              -79.4280742,
              43.8317239
            ],
            [
              -79.4280742,
              43.8317239
            ],
            [
              -79.428729,
              43.8345631
            ],
            [
              -79.4064355,
              43.8395266
            ],
            [
              -79.4084955,
              43.8390391
            ],
            [
              -79.4145441,
              43.8377867
            ],
            [
              -79.4179475,
              43.8370237
            ],
            [
              -79.4197674,
              43.8366168
            ],
            [
              -79.4234452,
              43.8357946
            ],
            [
              -79.428729,
              43.8345631
            ],
            [
              -79.3865422,
              43.8434228
            ],
            [
              -79.3917411,
              43.8422071
            ],
            [
              -79.4000961,
              43.8403008
            ],
            [
              -79.4002576,
              43.8402805
            ],
            [
              -79.4003565,
              43.8402604
            ],
            [
              -79.4005159,
              43.8402279
            ],
            [
              -79.401181,
              43.8401402
            ],
            [
              -79.4017972,
              43.8400787
            ],
            [
              -79.404556,
              43.8400862
            ],
            [
              -79.4062137,
              43.8400953
            ],
            [
              -79.4065735,
              43.840081
            ],
            [
              -79.4064589,
              43.8396304
            ],
            [
              -79.4064355,
              43.8395266
            ],
            [
              -79.3865422,
              43.8434228
            ],
            [
              -79.3825752,
              43.844343
            ],
            [
              -79.3823861,
              43.8443743
            ],
            [
              -79.38223,
              43.8444109
            ],
            [
              -79.3820514,
              43.8444527
            ],
            [
              -79.3791646,
              43.8451246
            ],
            [
              -79.3791646,
              43.8451246
            ],
            [
              -79.3782697,
              43.8453338
            ],
            [
              -79.3780735,
              43.8453836
            ],
            [
              -79.3779177,
              43.8454221
            ],
            [
              -79.3768971,
              43.8456524
            ],
            [
              -79.3768971,
              43.8456524
            ],
            [
              -79.3763987,
              43.8457571
            ],
            [
              -79.3708618,
              43.8469972
            ],
            [
              -79.3708618,
              43.8469972
            ],
            [
              -79.3711562,
              43.8481383
            ],
            [
              -79.371291,
              43.8486605
            ],
            [
              -79.3713571,
              43.8489249
            ],
            [
              -79.3723164,
              43.8527598
            ],
            [
              -79.3740963,
              43.8598742
            ],
            [
              -79.3752529,
              43.864633
            ],
            [
              -79.3776797,
              43.8746169
            ],
            [
              -79.3798137,
              43.8832507
            ],
            [
              -79.3798137,
              43.8832507
            ],
            [
              -79.3810486,
              43.8882272
            ],
            [
              -79.3841814,
              43.9011849
            ],
            [
              -79.3842411,
              43.9014301
            ],
            [
              -79.3842411,
              43.9014301
            ],
            [
              -79.3872284,
              43.9136916
            ],
            [
              -79.3895532,
              43.9231616
            ],
            [
              -79.3745462,
              43.9263566
            ],
            [
              -79.3770303,
              43.9258089
            ],
            [
              -79.3771413,
              43.9257844
            ],
            [
              -79.377149,
              43.9258155
            ],
            [
              -79.3800289,
              43.9251993
            ],
            [
              -79.3828599,
              43.9245937
            ],
            [
              -79.3895532,
              43.9231616
            ],
            [
              -79.2781332,
              43.9494816
            ],
            [
              -79.2967927,
              43.9452556
            ],
            [
              -79.3025868,
              43.9439433
            ],
            [
              -79.3027083,
              43.9439158
            ],
            [
              -79.3028823,
              43.9438764
            ],
            [
              -79.3026803,
              43.9431075
            ],
            [
              -79.3254104,
              43.9383269
            ],
            [
              -79.3289053,
              43.9375571
            ],
            [
              -79.328926,
              43.9376363
            ],
            [
              -79.3532685,
              43.9319547
            ],
            [
              -79.3530975,
              43.9312565
            ],
            [
              -79.3531796,
              43.9312377
            ],
            [
              -79.3745462,
              43.9263566
            ],
            [
              -79.2781504,
              43.9496284
            ],
            [
              -79.2781332,
              43.9494816
            ],
            [
              -79.2174147,
              43.9625146
            ],
            [
              -79.2286438,
              43.9598645
            ],
            [
              -79.2287277,
              43.9602302
            ],
            [
              -79.2353904,
              43.958756
            ],
            [
              -79.2455684,
              43.956504
            ],
            [
              -79.2505381,
              43.9554043
            ],
            [
              -79.253514,
              43.9547458
            ],
            [
              -79.2536798,
              43.95545
            ],
            [
              -79.2679155,
              43.9520634
            ],
            [
              -79.2694702,
              43.9516935
            ],
            [
              -79.2781504,
              43.9496284
            ],
            [
              -79.1934981,
              43.9073937
            ],
            [
              -79.1983482,
              43.9177326
            ],
            [
              -79.2012632,
              43.9243256
            ],
            [
              -79.2065932,
              43.9364179
            ],
            [
              -79.2089489,
              43.9414974
            ],
            [
              -79.2141971,
              43.952906
            ],
            [
              -79.2147686,
              43.9545522
            ],
            [
              -79.2161747,
              43.9589146
            ],
            [
              -79.2174147,
              43.9625146
            ],
            [
              -79.1861998,
              43.8914855
            ],
            [
              -79.1896692,
              43.8991601
            ],
            [
              -79.1934981,
              43.9073937
            ],
            [
              -79.1860401,
              43.8911591
            ],
            [
              -79.1861998,
              43.8914855
            ],
            [
              -79.1855733,
              43.8902052
            ],
            [
              -79.1860401,
              43.8911591
            ],
            [
              -79.1839768,
              43.8869824
            ],
            [
              -79.1849639,
              43.8889928
            ],
            [
              -79.1855733,
              43.8902052
            ],
            [
              -79.1821679,
              43.882922
            ],
            [
              -79.1835005,
              43.8859524
            ],
            [
              -79.1839768,
              43.8869824
            ],
            [
              -79.1702147,
              43.8554425
            ],
            [
              -79.1702625,
              43.8555107
            ],
            [
              -79.1778005,
              43.8729249
            ],
            [
              -79.1821679,
              43.882922
            ],
            [
              -79.2277561,
              43.8421057
            ],
            [
              -79.2276003,
              43.8421375
            ],
            [
              -79.2268104,
              43.8423141
            ],
            [
              -79.2260777,
              43.8424779
            ],
            [
              -79.2258363,
              43.842516
            ],
            [
              -79.2256683,
              43.8425539
            ],
            [
              -79.2190752,
              43.8440022
            ],
            [
              -79.2155117,
              43.844822
            ],
            [
              -79.2092645,
              43.8462033
            ],
            [
              -79.2080855,
              43.846469
            ],
            [
              -79.2078041,
              43.846531
            ],
            [
              -79.2059374,
              43.8469424
            ],
            [
              -79.2034183,
              43.8474885
            ],
            [
              -79.2005832,
              43.8482009
            ],
            [
              -79.2003786,
              43.8482526
            ],
            [
              -79.1995703,
              43.8484598
            ],
            [
              -79.1993253,
              43.8485097
            ],
            [
              -79.197555,
              43.8489058
            ],
            [
              -79.1957,
              43.8493368
            ],
            [
              -79.1940651,
              43.8497318
            ],
            [
              -79.1935555,
              43.8498542
            ],
            [
              -79.1916572,
              43.8503191
            ],
            [
              -79.1897403,
              43.8507863
            ],
            [
              -79.1852763,
              43.8518817
            ],
            [
              -79.1828452,
              43.8524608
            ],
            [
              -79.1799911,
              43.8531472
            ],
            [
              -79.177584,
              43.8537859
            ],
            [
              -79.1743008,
              43.8545507
            ],
            [
              -79.1710263,
              43.8552741
            ],
            [
              -79.1702147,
              43.8554425
            ],
            [
              -79.2452397,
              43.8379905
            ],
            [
              -79.2404249,
              43.8391231
            ],
            [
              -79.2378597,
              43.8396874
            ],
            [
              -79.2372406,
              43.8398296
            ],
            [
              -79.2368071,
              43.8399375
            ],
            [
              -79.2345152,
              43.8404908
            ],
            [
              -79.2325983,
              43.8409271
            ],
            [
              -79.232212,
              43.8410116
            ],
            [
              -79.2320555,
              43.8410654
            ],
            [
              -79.231477,
              43.8412372
            ],
            [
              -79.2311754,
              43.8413173
            ],
            [
              -79.2308744,
              43.8413902
            ],
            [
              -79.2303215,
              43.8415228
            ],
            [
              -79.2297608,
              43.8416532
            ],
            [
              -79.2288824,
              43.8418496
            ],
            [
              -79.2279832,
              43.8420526
            ],
            [
              -79.2277561,
              43.8421057
            ],
            [
              -79.2458864,
              43.8378279
            ],
            [
              -79.2457549,
              43.837875
            ],
            [
              -79.2452397,
              43.8379905
            ],
            [
              -79.2484648,
              43.8372292
            ],
            [
              -79.2475863,
              43.8374383
            ],
            [
              -79.2458864,
              43.8378279
            ],
            [
              -79.2511968,
              43.836602
            ],
            [
              -79.24908,
              43.8370822
            ],
            [
              -79.2484648,
              43.8372292
            ],
            [
              -79.2651158,
              43.8333657
            ],
            [
              -79.2649512,
              43.833407
            ],
            [
              -79.2574775,
              43.8351294
            ],
            [
              -79.2564737,
              43.8353687
            ],
            [
              -79.2530181,
              43.83618
            ],
            [
              -79.2522188,
              43.8363701
            ],
            [
              -79.2511968,
              43.836602
            ],
            [
              -79.2972772,
              43.8259606
            ],
            [
              -79.2971219,
              43.8259977
            ],
            [
              -79.2930988,
              43.8269262
            ],
            [
              -79.2927631,
              43.8270055
            ],
            [
              -79.292314,
              43.8271116
            ],
            [
              -79.2910869,
              43.8273919
            ],
            [
              -79.290818,
              43.8274497
            ],
            [
              -79.2882911,
              43.8280228
            ],
            [
              -79.2877576,
              43.8281418
            ],
            [
              -79.2864396,
              43.8284388
            ],
            [
              -79.2811873,
              43.82966
            ],
            [
              -79.2795313,
              43.830028
            ],
            [
              -79.2764978,
              43.8307293
            ],
            [
              -79.2762438,
              43.8307825
            ],
            [
              -79.2742093,
              43.8312431
            ],
            [
              -79.2732826,
              43.8314801
            ],
            [
              -79.2726262,
              43.8316389
            ],
            [
              -79.2711071,
              43.8319752
            ],
            [
              -79.269204,
              43.8324311
            ],
            [
              -79.2688426,
              43.8325282
            ],
            [
              -79.2671718,
              43.832878
            ],
            [
              -79.2669349,
              43.8329341
            ],
            [
              -79.2661227,
              43.8331266
            ],
            [
              -79.2651158,
              43.8333657
            ],
            [
              -79.3070501,
              43.8236906
            ],
            [
              -79.3044224,
              43.8243052
            ],
            [
              -79.3032208,
              43.8245558
            ],
            [
              -79.3022346,
              43.8248225
            ],
            [
              -79.3014982,
              43.8250022
            ],
            [
              -79.300514,
              43.825208
            ],
            [
              -79.2994068,
              43.8254735
            ],
            [
              -79.2993339,
              43.8254907
            ],
            [
              -79.2992602,
              43.8255082
            ],
            [
              -79.299089,
              43.8255486
            ],
            [
              -79.2987527,
              43.8256281
            ],
            [
              -79.2987063,
              43.8256391
            ],
            [
              -79.2984647,
              43.8256962
            ],
            [
              -79.2982949,
              43.8257363
            ],
            [
              -79.2980458,
              43.8257952
            ],
            [
              -79.2972772,
              43.8259606
            ],
            [
              -79.3413434,
              43.8156447
            ],
            [
              -79.3412575,
              43.8156648
            ],
            [
              -79.3401642,
              43.8159481
            ],
            [
              -79.3377151,
              43.816572
            ],
            [
              -79.3373623,
              43.8166658
            ],
            [
              -79.336408,
              43.8168765
            ],
            [
              -79.3315092,
              43.8180011
            ],
            [
              -79.3311911,
              43.8180757
            ],
            [
              -79.3306057,
              43.8182057
            ],
            [
              -79.329129,
              43.8185442
            ],
            [
              -79.3284532,
              43.8186964
            ],
            [
              -79.3266815,
              43.8191257
            ],
            [
              -79.3265641,
              43.819152
            ],
            [
              -79.3233852,
              43.8198745
            ],
            [
              -79.3229209,
              43.8199813
            ],
            [
              -79.3228145,
              43.8199973
            ],
            [
              -79.3218592,
              43.8202247
            ],
            [
              -79.3209241,
              43.8204475
            ],
            [
              -79.3199044,
              43.8206869
            ],
            [
              -79.3185529,
              43.8209911
            ],
            [
              -79.3176406,
              43.8212155
            ],
            [
              -79.3161744,
              43.8215503
            ],
            [
              -79.3135694,
              43.8221723
            ],
            [
              -79.3127696,
              43.8223465
            ],
            [
              -79.3117807,
              43.8225749
            ],
            [
              -79.3097901,
              43.8230497
            ],
            [
              -79.3081251,
              43.8234392
            ],
            [
              -79.3070501,
              43.8236906
            ],
            [
              -79.3462652,
              43.8144819
            ],
            [
              -79.3457564,
              43.814593
            ],
            [
              -79.3451968,
              43.8147152
            ],
            [
              -79.3447765,
              43.814815
            ],
            [
              -79.3437856,
              43.8150516
            ],
            [
              -79.3431896,
              43.8151897
            ],
            [
              -79.3430852,
              43.8152143
            ],
            [
              -79.3428327,
              43.815274
            ],
            [
              -79.3425556,
              43.8153423
            ],
            [
              -79.3422849,
              43.815409
            ],
            [
              -79.3414202,
              43.8156267
            ],
            [
              -79.3413434,
              43.8156447
            ],
            [
              -79.3463922,
              43.8144513
            ],
            [
              -79.34636,
              43.8144591
            ],
            [
              -79.3462652,
              43.8144819
            ],
            [
              -79.3519448,
              43.8131911
            ],
            [
              -79.3509332,
              43.8134484
            ],
            [
              -79.3504282,
              43.8135529
            ],
            [
              -79.3487455,
              43.8139401
            ],
            [
              -79.3484962,
              43.8139985
            ],
            [
              -79.346959,
              43.8143358
            ],
            [
              -79.3464296,
              43.8144437
            ],
            [
              -79.3463922,
              43.8144513
            ],
            [
              -79.3717653,
              43.8086802
            ],
            [
              -79.3705644,
              43.8089548
            ],
            [
              -79.3704108,
              43.8089908
            ],
            [
              -79.3690657,
              43.8092993
            ],
            [
              -79.3677108,
              43.8096222
            ],
            [
              -79.3674137,
              43.8096853
            ],
            [
              -79.3669147,
              43.8097985
            ],
            [
              -79.3663917,
              43.8099157
            ],
            [
              -79.3659198,
              43.8100174
            ],
            [
              -79.3650079,
              43.8102172
            ],
            [
              -79.364783,
              43.8102672
            ],
            [
              -79.3627808,
              43.8107237
            ],
            [
              -79.3615733,
              43.811002
            ],
            [
              -79.3607585,
              43.811183
            ],
            [
              -79.357568,
              43.8119376
            ],
            [
              -79.3566656,
              43.812141
            ],
            [
              -79.3552899,
              43.8124353
            ],
            [
              -79.3550305,
              43.812489
            ],
            [
              -79.3549064,
              43.8125147
            ],
            [
              -79.3537025,
              43.8128065
            ],
            [
              -79.3522993,
              43.8131009
            ],
            [
              -79.3519448,
              43.8131911
            ],
            [
              -79.3725229,
              43.8085069
            ]
          ]
        ]
      }
    },
    {
      "type": "Feature",
      "properties": {
        "name": "Oshawa"
      },
      "geometry": {
        "type": "Polygon",
        "coordinates": [
          [
            [
              -78.874655,
              43.8320653
            ],
            [
              -78.7879444,
              43.8462309
            ],
            [
              -78.874655,
              43.8320653
            ],
            [
              -78.881571,
              43.8524338
            ],
            [
              -78.881571,
              43.8524338
            ],
            [
              -78.8826709,
              43.8548279
            ],
            [
              -78.8833684,
              43.8563724
            ],
            [
              -78.8834561,
              43.8565216
            ],
            [
              -78.8834561,
              43.8565216
            ],
            [
              -78.8835947,
              43.8568147
            ],
            [
              -78.8839013,
              43.8575305
            ],
            [
              -78.8839767,
              43.8577065
            ],
            [
              -78.8842042,
              43.8582459
            ],
            [
              -78.8843484,
              43.8585883
            ],
            [
              -78.8844059,
              43.8587304
            ],
            [
              -78.8847951,
              43.859652
            ],
            [
              -78.8849733,
              43.8600801
            ],
            [
              -78.8850374,
              43.8602356
            ],
            [
              -78.8851354,
              43.860465
            ],
            [
              -78.885227,
              43.8606749
            ],
            [
              -78.8855806,
              43.8614915
            ],
            [
              -78.8859954,
              43.8624964
            ],
            [
              -78.8894903,
              43.8704937
            ],
            [
              -78.8904087,
              43.8726347
            ],
            [
              -78.8904087,
              43.8726347
            ],
            [
              -78.8938186,
              43.8805838
            ],
            [
              -78.8939712,
              43.8808708
            ],
            [
              -78.895031,
              43.8827877
            ],
            [
              -78.8964625,
              43.8859567
            ],
            [
              -78.8977454,
              43.888881
            ],
            [
              -78.898165,
              43.8898321
            ],
            [
              -78.898165,
              43.8898321
            ],
            [
              -78.8982604,
              43.8900485
            ],
            [
              -78.8992796,
              43.8922675
            ],
            [
              -78.9008624,
              43.8957754
            ],
            [
              -78.9027163,
              43.9000313
            ],
            [
              -78.9034035,
              43.901715
            ],
            [
              -78.9052489,
              43.906042
            ],
            [
              -78.9059052,
              43.9075681
            ],
            [
              -78.9057054,
              43.9076112
            ],
            [
              -78.9057054,
              43.9076112
            ],
            [
              -78.905986,
              43.908313
            ],
            [
              -78.9073839,
              43.9116119
            ],
            [
              -78.9080759,
              43.9130928
            ],
            [
              -78.910251,
              43.9181484
            ],
            [
              -78.9103386,
              43.9183479
            ],
            [
              -78.9119434,
              43.9219228
            ],
            [
              -78.9133786,
              43.9251199
            ],
            [
              -78.9133786,
              43.9251199
            ],
            [
              -78.9143211,
              43.9272193
            ],
            [
              -78.9171707,
              43.9335924
            ],
            [
              -78.9197198,
              43.9397978
            ],
            [
              -78.9202427,
              43.9411221
            ],
            [
              -78.9205392,
              43.9418728
            ],
            [
              -78.9208232,
              43.942592
            ],
            [
              -78.9219772,
              43.9455762
            ],
            [
              -78.9231301,
              43.9479545
            ],
            [
              -78.9241461,
              43.9502247
            ],
            [
              -78.9270526,
              43.9572254
            ],
            [
              -78.9276362,
              43.9586498
            ],
            [
              -78.9276362,
              43.9586498
            ],
            [
              -78.9278458,
              43.9591613
            ],
            [
              -78.9278458,
              43.9591613
            ],
            [
              -78.9285622,
              43.9609101
            ],
            [
              -78.9285622,
              43.9609101
            ],
            [
              -78.928672,
              43.9611782
            ],
            [
              -78.9329801,
              43.9710127
            ],
            [
              -78.9329801,
              43.9710127
            ],
            [
              -78.9350235,
              43.9756766
            ],
            [
              -78.9356414,
              43.9765413
            ],
            [
              -78.9374439,
              43.9807412
            ],
            [
              -78.9403621,
              43.9874729
            ],
            [
              -78.9426967,
              43.9926785
            ],
            [
              -78.9587724,
              44.0288194
            ],
            [
              -78.9587724,
              44.0288194
            ],
            [
              -78.956736,
              44.0293191
            ],
            [
              -78.9536217,
              44.0299456
            ],
            [
              -78.9503412,
              44.0306545
            ],
            [
              -78.9452601,
              44.0317525
            ],
            [
              -78.9438592,
              44.0320671
            ],
            [
              -78.9438592,
              44.0320671
            ],
            [
              -78.9435644,
              44.0321304
            ],
            [
              -78.9402589,
              44.0328896
            ],
            [
              -78.9391534,
              44.0331729
            ],
            [
              -78.9351594,
              44.0340435
            ],
            [
              -78.9277438,
              44.0357366
            ],
            [
              -78.9217467,
              44.0370584
            ],
            [
              -78.9209857,
              44.0372559
            ],
            [
              -78.92085,
              44.0372853
            ],
            [
              -78.9207574,
              44.0373053
            ],
            [
              -78.9199184,
              44.0374867
            ],
            [
              -78.9199184,
              44.0374867
            ],
            [
              -78.9197674,
              44.0375193
            ],
            [
              -78.9195988,
              44.0375557
            ],
            [
              -78.9193299,
              44.0376138
            ],
            [
              -78.9185056,
              44.0377921
            ],
            [
              -78.9177203,
              44.0379714
            ],
            [
              -78.916776,
              44.038166
            ],
            [
              -78.9044494,
              44.0409111
            ],
            [
              -78.9000066,
              44.0418842
            ],
            [
              -78.8946605,
              44.0430552
            ],
            [
              -78.8763575,
              44.0471179
            ],
            [
              -78.8753656,
              44.0473266
            ],
            [
              -78.8751467,
              44.0474286
            ],
            [
              -78.8751467,
              44.0474286
            ],
            [
              -78.8720279,
              44.040619
            ],
            [
              -78.8720279,
              44.040619
            ],
            [
              -78.8680552,
              44.0315061
            ],
            [
              -78.8604948,
              44.0140079
            ],
            [
              -78.8601748,
              44.0133492
            ],
            [
              -78.8544729,
              44.0000659
            ],
            [
              -78.8528038,
              43.9962393
            ],
            [
              -78.8527876,
              43.996199
            ],
            [
              -78.8527483,
              43.9960994
            ],
            [
              -78.8518896,
              43.9939238
            ],
            [
              -78.846118,
              43.9809086
            ],
            [
              -78.846118,
              43.9809086
            ],
            [
              -78.8454759,
              43.9795756
            ],
            [
              -78.8439999,
              43.9760371
            ],
            [
              -78.8375184,
              43.9613018
            ],
            [
              -78.8375184,
              43.9613018
            ],
            [
              -78.8344684,
              43.9544983
            ],
            [
              -78.8343679,
              43.9542801
            ],
            [
              -78.8341904,
              43.9538811
            ],
            [
              -78.8322564,
              43.9495291
            ],
            [
              -78.8297899,
              43.9440263
            ],
            [
              -78.8297899,
              43.9440263
            ],
            [
              -78.8295725,
              43.9435376
            ],
            [
              -78.8279823,
              43.9399345
            ],
            [
              -78.827781,
              43.9394566
            ],
            [
              -78.8260382,
              43.9354508
            ],
            [
              -78.8259922,
              43.9353451
            ],
            [
              -78.8258964,
              43.9351251
            ],
            [
              -78.8254558,
              43.9341128
            ],
            [
              -78.8249309,
              43.9329461
            ],
            [
              -78.8245444,
              43.9320869
            ],
            [
              -78.8243632,
              43.9316609
            ],
            [
              -78.8241873,
              43.9312472
            ],
            [
              -78.8230381,
              43.9286681
            ],
            [
              -78.8224932,
              43.9274452
            ],
            [
              -78.8224932,
              43.9274452
            ],
            [
              -78.8220432,
              43.9264353
            ],
            [
              -78.821019,
              43.9239616
            ],
            [
              -78.8200036,
              43.9216533
            ],
            [
              -78.8185766,
              43.9183857
            ],
            [
              -78.8184396,
              43.9180661
            ],
            [
              -78.8179067,
              43.9168895
            ],
            [
              -78.8178548,
              43.9167675
            ],
            [
              -78.8178548,
              43.9167675
            ],
            [
              -78.8177883,
              43.9166197
            ],
            [
              -78.8176203,
              43.9162314
            ],
            [
              -78.8172934,
              43.9154612
            ],
            [
              -78.8171047,
              43.9150163
            ],
            [
              -78.8170455,
              43.9148869
            ],
            [
              -78.8160844,
              43.9126949
            ],
            [
              -78.8155065,
              43.9113737
            ],
            [
              -78.8154905,
              43.9113273
            ],
            [
              -78.8134197,
              43.9066815
            ],
            [
              -78.8133545,
              43.9065349
            ],
            [
              -78.8133545,
              43.9065349
            ],
            [
              -78.8133349,
              43.9064909
            ],
            [
              -78.8132883,
              43.9063961
            ],
            [
              -78.8131483,
              43.906043
            ],
            [
              -78.8129771,
              43.9056315
            ],
            [
              -78.8122795,
              43.904101
            ],
            [
              -78.8122446,
              43.9040179
            ],
            [
              -78.8119413,
              43.9033119
            ],
            [
              -78.811736,
              43.9028357
            ],
            [
              -78.8102423,
              43.8993878
            ],
            [
              -78.8099775,
              43.8986876
            ],
            [
              -78.8098785,
              43.8985603
            ],
            [
              -78.8084216,
              43.8951756
            ],
            [
              -78.8083301,
              43.8950116
            ],
            [
              -78.8077987,
              43.8938382
            ],
            [
              -78.807671,
              43.8935563
            ],
            [
              -78.8076211,
              43.8934462
            ],
            [
              -78.807026,
              43.8920212
            ],
            [
              -78.807026,
              43.8920212
            ],
            [
              -78.806982,
              43.8919243
            ],
            [
              -78.806982,
              43.8919243
            ],
            [
              -78.806862,
              43.8916577
            ],
            [
              -78.806862,
              43.8916577
            ],
            [
              -78.806704,
              43.8913064
            ],
            [
              -78.8066409,
              43.8911681
            ],
            [
              -78.8066409,
              43.8911681
            ],
            [
              -78.8065875,
              43.8910485
            ],
            [
              -78.8063228,
              43.8903449
            ],
            [
              -78.805881,
              43.8894067
            ],
            [
              -78.8058463,
              43.8893295
            ],
            [
              -78.8057223,
              43.8890541
            ],
            [
              -78.805535,
              43.8885845
            ],
            [
              -78.8055024,
              43.8885028
            ],
            [
              -78.8054433,
              43.8882887
            ],
            [
              -78.8049548,
              43.887193
            ],
            [
              -78.8036447,
              43.8840898
            ],
            [
              -78.8031407,
              43.8829221
            ],
            [
              -78.8030972,
              43.8828193
            ],
            [
              -78.8030651,
              43.8827454
            ],
            [
              -78.8027929,
              43.8820851
            ],
            [
              -78.8020472,
              43.8803038
            ],
            [
              -78.8015137,
              43.8789942
            ],
            [
              -78.8009714,
              43.8776003
            ],
            [
              -78.8009714,
              43.8776003
            ],
            [
              -78.8005725,
              43.8765749
            ],
            [
              -78.7970419,
              43.8674987
            ],
            [
              -78.7970419,
              43.8674987
            ],
            [
              -78.7969647,
              43.8673001
            ],
            [
              -78.7879444,
              43.8462309
            ],
            [
              -78.874655,
              43.8320653
            ]
          ]
        ]
      }
    },
    {
      "type": "Feature",
      "properties": {
        "name": "Richmond Hill"
      },
      "geometry": {
        "type": "Polygon",
        "coordinates": [
          [
            [
              -79.3928828,
              43.9776956
            ],
            [
              -79.3976495,
              43.9765953
            ],
            [
              -79.3991,
              43.9761863
            ],
            [
              -79.4010311,
              43.9756767
            ],
            [
              -79.4097644,
              43.9733681
            ],
            [
              -79.4353527,
              43.9678704
            ],
            [
              -79.4428928,
              43.9662727
            ],
            [
              -79.4497722,
              43.9647411
            ],
            [
              -79.4526717,
              43.9641696
            ],
            [
              -79.4564402,
              43.9633954
            ],
            [
              -79.4588649,
              43.9629553
            ],
            [
              -79.4637331,
              43.9620923
            ],
            [
              -79.4663054,
              43.9614667
            ],
            [
              -79.4688588,
              43.9608779
            ],
            [
              -79.4712943,
              43.9602774
            ],
            [
              -79.4811807,
              43.9581058
            ],
            [
              -79.483749,
              43.9578468
            ],
            [
              -79.4843245,
              43.9577501
            ],
            [
              -79.4855416,
              43.9574685
            ],
            [
              -79.477773,
              43.9243511
            ],
            [
              -79.4814178,
              43.9389348
            ],
            [
              -79.4829437,
              43.9452093
            ],
            [
              -79.4839219,
              43.9505904
            ],
            [
              -79.4855416,
              43.9574685
            ],
            [
              -79.477773,
              43.9243511
            ],
            [
              -79.4766432,
              43.9209459
            ],
            [
              -79.4757924,
              43.9186638
            ],
            [
              -79.4745016,
              43.9135655
            ],
            [
              -79.4718163,
              43.9025014
            ],
            [
              -79.4709134,
              43.8985418
            ],
            [
              -79.4696859,
              43.8940833
            ],
            [
              -79.4683278,
              43.8885256
            ],
            [
              -79.4673886,
              43.8841094
            ],
            [
              -79.4673886,
              43.8841094
            ],
            [
              -79.4657394,
              43.8771254
            ],
            [
              -79.464578,
              43.8732662
            ],
            [
              -79.4637319,
              43.8700436
            ],
            [
              -79.4627983,
              43.8659014
            ],
            [
              -79.428729,
              43.8345631
            ],
            [
              -79.4317292,
              43.83308
            ],
            [
              -79.4324609,
              43.8327937
            ],
            [
              -79.435465,
              43.8319269
            ],
            [
              -79.4434473,
              43.829961
            ],
            [
              -79.4483825,
              43.8287381
            ],
            [
              -79.4515583,
              43.8280106
            ],
            [
              -79.4532534,
              43.8276545
            ],
            [
              -79.4539028,
              43.8275458
            ],
            [
              -79.4539636,
              43.8278537
            ],
            [
              -79.4541281,
              43.8286874
            ],
            [
              -79.4542326,
              43.8292146
            ],
            [
              -79.4542611,
              43.8294303
            ],
            [
              -79.4544446,
              43.8304483
            ],
            [
              -79.4547497,
              43.8317639
            ],
            [
              -79.4551222,
              43.8330946
            ],
            [
              -79.4563004,
              43.8372077
            ],
            [
              -79.4569418,
              43.839905
            ],
            [
              -79.4576393,
              43.8430587
            ],
            [
              -79.4586628,
              43.8476767
            ],
            [
              -79.4596012,
              43.851714
            ],
            [
              -79.4627983,
              43.8659014
            ],
            [
              -79.4064355,
              43.8395266
            ],
            [
              -79.4084955,
              43.8390391
            ],
            [
              -79.4145441,
              43.8377867
            ],
            [
              -79.4179475,
              43.8370237
            ],
            [
              -79.4197674,
              43.8366168
            ],
            [
              -79.4234452,
              43.8357946
            ],
            [
              -79.428729,
              43.8345631
            ],
            [
              -79.3865422,
              43.8434228
            ],
            [
              -79.3917411,
              43.8422071
            ],
            [
              -79.4000961,
              43.8403008
            ],
            [
              -79.4002576,
              43.8402805
            ],
            [
              -79.4003565,
              43.8402604
            ],
            [
              -79.4005159,
              43.8402279
            ],
            [
              -79.401181,
              43.8401402
            ],
            [
              -79.4017972,
              43.8400787
            ],
            [
              -79.404556,
              43.8400862
            ],
            [
              -79.4062137,
              43.8400953
            ],
            [
              -79.4065735,
              43.840081
            ],
            [
              -79.4064589,
              43.8396304
            ],
            [
              -79.4064355,
              43.8395266
            ],
            [
              -79.3865422,
              43.8434228
            ],
            [
              -79.3825752,
              43.844343
            ],
            [
              -79.3823861,
              43.8443743
            ],
            [
              -79.38223,
              43.8444109
            ],
            [
              -79.3820514,
              43.8444527
            ],
            [
              -79.3791646,
              43.8451246
            ],
            [
              -79.3791646,
              43.8451246
            ],
            [
              -79.3782697,
              43.8453338
            ],
            [
              -79.3780735,
              43.8453836
            ],
            [
              -79.3779177,
              43.8454221
            ],
            [
              -79.3768971,
              43.8456524
            ],
            [
              -79.3768971,
              43.8456524
            ],
            [
              -79.3763987,
              43.8457571
            ],
            [
              -79.3708618,
              43.8469972
            ],
            [
              -79.3708618,
              43.8469972
            ],
            [
              -79.3711562,
              43.8481383
            ],
            [
              -79.371291,
              43.8486605
            ],
            [
              -79.3713571,
              43.8489249
            ],
            [
              -79.3723164,
              43.8527598
            ],
            [
              -79.3740963,
              43.8598742
            ],
            [
              -79.3752529,
              43.864633
            ],
            [
              -79.3776797,
              43.8746169
            ],
            [
              -79.3798137,
              43.8832507
            ],
            [
              -79.3798137,
              43.8832507
            ],
            [
              -79.3810486,
              43.8882272
            ],
            [
              -79.3841814,
              43.9011849
            ],
            [
              -79.3842411,
              43.9014301
            ],
            [
              -79.3842411,
              43.9014301
            ],
            [
              -79.3872284,
              43.9136916
            ],
            [
              -79.3895532,
              43.9231616
            ],
            [
              -79.3895532,
              43.9231616
            ],
            [
              -79.3897175,
              43.923831
            ],
            [
              -79.3901681,
              43.9259174
            ],
            [
              -79.3903397,
              43.9278183
            ],
            [
              -79.3902754,
              43.9289156
            ],
            [
              -79.3894814,
              43.9357921
            ],
            [
              -79.3893956,
              43.9367038
            ],
            [
              -79.3896316,
              43.9394387
            ],
            [
              -79.3901681,
              43.9422662
            ],
            [
              -79.3913486,
              43.9465473
            ],
            [
              -79.3923142,
              43.9511047
            ],
            [
              -79.392679,
              43.9543796
            ],
            [
              -79.3929365,
              43.9584575
            ],
            [
              -79.3927219,
              43.9654542
            ],
            [
              -79.3925288,
              43.9722956
            ],
            [
              -79.3928506,
              43.9773915
            ],
            [
              -79.3928828,
              43.9776956
            ]
          ]
        ]
      }
    },
    {
      "type": "Feature",
      "properties": {
        "name": "Pickering"
      },
      "geometry": {
        "type": "Polygon",
        "coordinates": [
          [
            [
              -79.2174147,
              43.9625146
            ],
            [
              -79.2200381,
              43.9709203
            ],
            [
              -79.1934981,
              43.9073937
            ],
            [
              -79.1983482,
              43.9177326
            ],
            [
              -79.2012632,
              43.9243256
            ],
            [
              -79.2065932,
              43.9364179
            ],
            [
              -79.2089489,
              43.9414974
            ],
            [
              -79.2141971,
              43.952906
            ],
            [
              -79.2147686,
              43.9545522
            ],
            [
              -79.2161747,
              43.9589146
            ],
            [
              -79.2174147,
              43.9625146
            ],
            [
              -79.1861998,
              43.8914855
            ],
            [
              -79.1896692,
              43.8991601
            ],
            [
              -79.1934981,
              43.9073937
            ],
            [
              -79.1860401,
              43.8911591
            ],
            [
              -79.1861998,
              43.8914855
            ],
            [
              -79.1855733,
              43.8902052
            ],
            [
              -79.1860401,
              43.8911591
            ],
            [
              -79.1839768,
              43.8869824
            ],
            [
              -79.1849639,
              43.8889928
            ],
            [
              -79.1855733,
              43.8902052
            ],
            [
              -79.1821679,
              43.882922
            ],
            [
              -79.1835005,
              43.8859524
            ],
            [
              -79.1839768,
              43.8869824
            ],
            [
              -79.1702147,
              43.8554425
            ],
            [
              -79.1702625,
              43.8555107
            ],
            [
              -79.1778005,
              43.8729249
            ],
            [
              -79.1821679,
              43.882922
            ],
            [
              -79.1517117,
              43.8139659
            ],
            [
              -79.152051,
              43.8145644
            ],
            [
              -79.1555612,
              43.8226163
            ],
            [
              -79.156302,
              43.8241927
            ],
            [
              -79.1595299,
              43.8317189
            ],
            [
              -79.1595692,
              43.8318076
            ],
            [
              -79.1606014,
              43.8341351
            ],
            [
              -79.1609224,
              43.834843
            ],
            [
              -79.1633994,
              43.8403262
            ],
            [
              -79.166146,
              43.8465785
            ],
            [
              -79.1666398,
              43.8475441
            ],
            [
              -79.1666789,
              43.8476206
            ],
            [
              -79.1668501,
              43.8479554
            ],
            [
              -79.1688143,
              43.8522899
            ],
            [
              -79.1696452,
              43.8540572
            ],
            [
              -79.1696952,
              43.8542206
            ],
            [
              -79.1699025,
              43.8546932
            ],
            [
              -79.1701685,
              43.8553214
            ],
            [
              -79.1701962,
              43.8553968
            ],
            [
              -79.1702147,
              43.8554425
            ],
            [
              -79.1132193,
              43.7930746
            ],
            [
              -79.1152941,
              43.7948018
            ],
            [
              -79.1153291,
              43.7948709
            ],
            [
              -79.1155081,
              43.794902
            ],
            [
              -79.1157269,
              43.7949284
            ],
            [
              -79.1160752,
              43.7949319
            ],
            [
              -79.1164872,
              43.7948018
            ],
            [
              -79.1166931,
              43.7946655
            ],
            [
              -79.1170536,
              43.7944734
            ],
            [
              -79.1175,
              43.7943743
            ],
            [
              -79.1176888,
              43.7943743
            ],
            [
              -79.1179634,
              43.7944115
            ],
            [
              -79.1187155,
              43.7946635
            ],
            [
              -79.1189762,
              43.7946841
            ],
            [
              -79.1195256,
              43.794777
            ],
            [
              -79.1204263,
              43.7947212
            ],
            [
              -79.1207615,
              43.7946903
            ],
            [
              -79.1209933,
              43.794746
            ],
            [
              -79.1211649,
              43.7949009
            ],
            [
              -79.121225,
              43.7950868
            ],
            [
              -79.1211563,
              43.7952603
            ],
            [
              -79.1209503,
              43.7953842
            ],
            [
              -79.1205984,
              43.7954523
            ],
            [
              -79.120341,
              43.7955515
            ],
            [
              -79.120135,
              43.7957559
            ],
            [
              -79.1201092,
              43.795886
            ],
            [
              -79.1201756,
              43.796078
            ],
            [
              -79.1214224,
              43.7972675
            ],
            [
              -79.1216284,
              43.7973667
            ],
            [
              -79.1218945,
              43.7974596
            ],
            [
              -79.1221005,
              43.7974782
            ],
            [
              -79.1224953,
              43.7974162
            ],
            [
              -79.1231809,
              43.7972374
            ],
            [
              -79.1235339,
              43.7972118
            ],
            [
              -79.1241175,
              43.7974286
            ],
            [
              -79.1243063,
              43.7975649
            ],
            [
              -79.1243664,
              43.797726
            ],
            [
              -79.124169,
              43.7982464
            ],
            [
              -79.1240851,
              43.7986789
            ],
            [
              -79.1241776,
              43.7990517
            ],
            [
              -79.1246582,
              43.7998261
            ],
            [
              -79.125259,
              43.8002412
            ],
            [
              -79.1255852,
              43.8003031
            ],
            [
              -79.1263577,
              43.800204
            ],
            [
              -79.1267096,
              43.8001359
            ],
            [
              -79.1270443,
              43.8001421
            ],
            [
              -79.1277322,
              43.8003337
            ],
            [
              -79.12825,
              43.8005791
            ],
            [
              -79.1296448,
              43.8013857
            ],
            [
              -79.130243,
              43.8016579
            ],
            [
              -79.1307694,
              43.8018147
            ],
            [
              -79.1312243,
              43.801858
            ],
            [
              -79.1316426,
              43.8018146
            ],
            [
              -79.1331297,
              43.8012509
            ],
            [
              -79.1347176,
              43.8007739
            ],
            [
              -79.1349922,
              43.8007244
            ],
            [
              -79.1352412,
              43.800712
            ],
            [
              -79.1354128,
              43.8008978
            ],
            [
              -79.1354042,
              43.8010589
            ],
            [
              -79.1352326,
              43.8013191
            ],
            [
              -79.1348172,
              43.8016114
            ],
            [
              -79.1345459,
              43.8018023
            ],
            [
              -79.1340171,
              43.8024285
            ],
            [
              -79.1336099,
              43.8028365
            ],
            [
              -79.133516,
              43.8030102
            ],
            [
              -79.1336234,
              43.8032559
            ],
            [
              -79.1341571,
              43.8040062
            ],
            [
              -79.134297,
              43.8045589
            ],
            [
              -79.1341769,
              43.8051783
            ],
            [
              -79.1340309,
              43.8054942
            ],
            [
              -79.1337735,
              43.8059774
            ],
            [
              -79.1337086,
              43.8062639
            ],
            [
              -79.1337193,
              43.8063179
            ],
            [
              -79.1337515,
              43.8064807
            ],
            [
              -79.1339231,
              43.806778
            ],
            [
              -79.1343265,
              43.8070134
            ],
            [
              -79.134584,
              43.8073045
            ],
            [
              -79.1348244,
              43.8073851
            ],
            [
              -79.1350297,
              43.8075748
            ],
            [
              -79.1354334,
              43.8078983
            ],
            [
              -79.1357148,
              43.8080227
            ],
            [
              -79.136078,
              43.808163
            ],
            [
              -79.1362497,
              43.8081444
            ],
            [
              -79.1364213,
              43.8081134
            ],
            [
              -79.13649,
              43.8080205
            ],
            [
              -79.1366016,
              43.8078904
            ],
            [
              -79.136799,
              43.8077913
            ],
            [
              -79.1370565,
              43.8077418
            ],
            [
              -79.1372737,
              43.8078771
            ],
            [
              -79.1375109,
              43.8079103
            ],
            [
              -79.1375943,
              43.8078012
            ],
            [
              -79.1377306,
              43.8075656
            ],
            [
              -79.1378713,
              43.8074222
            ],
            [
              -79.1379915,
              43.8074098
            ],
            [
              -79.1380945,
              43.8074656
            ],
            [
              -79.1382061,
              43.8075585
            ],
            [
              -79.1382746,
              43.807662
            ],
            [
              -79.1381803,
              43.8078001
            ],
            [
              -79.1382147,
              43.8079239
            ],
            [
              -79.1382205,
              43.8079311
            ],
            [
              -79.1382747,
              43.8079983
            ],
            [
              -79.1383434,
              43.8080045
            ],
            [
              -79.1384121,
              43.8079673
            ],
            [
              -79.1384807,
              43.8079549
            ],
            [
              -79.1385837,
              43.8079921
            ],
            [
              -79.1386696,
              43.8079797
            ],
            [
              -79.1387897,
              43.8080045
            ],
            [
              -79.1389013,
              43.808054
            ],
            [
              -79.1389283,
              43.8080735
            ],
            [
              -79.1391588,
              43.8082398
            ],
            [
              -79.1393648,
              43.8083451
            ],
            [
              -79.1396223,
              43.8083513
            ],
            [
              -79.139957,
              43.8083761
            ],
            [
              -79.1402468,
              43.8083695
            ],
            [
              -79.1404034,
              43.8083637
            ],
            [
              -79.1404548,
              43.8084195
            ],
            [
              -79.1405321,
              43.8087292
            ],
            [
              -79.1406866,
              43.8087849
            ],
            [
              -79.1410112,
              43.8088617
            ],
            [
              -79.1411415,
              43.8089088
            ],
            [
              -79.1416221,
              43.8091627
            ],
            [
              -79.1421886,
              43.8093548
            ],
            [
              -79.1426178,
              43.8094229
            ],
            [
              -79.1431413,
              43.8095823
            ],
            [
              -79.1437679,
              43.8097326
            ],
            [
              -79.1440682,
              43.8098248
            ],
            [
              -79.144163,
              43.8098539
            ],
            [
              -79.1445146,
              43.8099246
            ],
            [
              -79.1449438,
              43.8099803
            ],
            [
              -79.1457002,
              43.8099853
            ],
            [
              -79.1459223,
              43.8099803
            ],
            [
              -79.1459995,
              43.8100237
            ],
            [
              -79.1460253,
              43.8101414
            ],
            [
              -79.1459757,
              43.8106464
            ],
            [
              -79.145948,
              43.810928
            ],
            [
              -79.1459652,
              43.811089
            ],
            [
              -79.1460596,
              43.8111634
            ],
            [
              -79.1461883,
              43.8112129
            ],
            [
              -79.1463085,
              43.8112005
            ],
            [
              -79.146463,
              43.8112377
            ],
            [
              -79.1468664,
              43.8114669
            ],
            [
              -79.1472526,
              43.8117208
            ],
            [
              -79.1476303,
              43.8119066
            ],
            [
              -79.1478105,
              43.8120553
            ],
            [
              -79.1478326,
              43.8120944
            ],
            [
              -79.147905,
              43.8122225
            ],
            [
              -79.1480766,
              43.812334
            ],
            [
              -79.1484629,
              43.8123773
            ],
            [
              -79.1487976,
              43.8123773
            ],
            [
              -79.1490122,
              43.8123587
            ],
            [
              -79.1491838,
              43.8123835
            ],
            [
              -79.149407,
              43.8124455
            ],
            [
              -79.1495443,
              43.8125569
            ],
            [
              -79.1500164,
              43.8130153
            ],
            [
              -79.1504777,
              43.8133177
            ],
            [
              -79.1507106,
              43.8134176
            ],
            [
              -79.1508425,
              43.8135111
            ],
            [
              -79.1509401,
              43.8136124
            ],
            [
              -79.1510074,
              43.8137006
            ],
            [
              -79.1511279,
              43.8138586
            ],
            [
              -79.1512609,
              43.8139505
            ],
            [
              -79.1514583,
              43.8139877
            ],
            [
              -79.1517117,
              43.8139659
            ],
            [
              -79.1132193,
              43.7930746
            ],
            [
              -79.0351812,
              43.8058319
            ],
            [
              -79.0085864,
              43.922625
            ],
            [
              -79.0283309,
              43.9181164
            ],
            [
              -79.0285141,
              43.9180208
            ],
            [
              -79.0314171,
              43.9173999
            ],
            [
              -79.0376756,
              43.9159456
            ],
            [
              -79.038615,
              43.9156763
            ],
            [
              -79.0604227,
              43.9106841
            ],
            [
              -79.0676033,
              43.9089266
            ],
            [
              -79.0745233,
              43.9074933
            ],
            [
              -79.0756644,
              43.9071939
            ],
            [
              -79.0766554,
              43.9071142
            ],
            [
              -79.0769677,
              43.907022
            ],
            [
              -79.0771964,
              43.9069087
            ],
            [
              -79.0775948,
              43.906689
            ],
            [
              -79.078062,
              43.9065508
            ],
            [
              -79.0882994,
              43.9042528
            ],
            [
              -79.0879551,
              43.9035299
            ],
            [
              -79.0869764,
              43.903739
            ],
            [
              -79.0863764,
              43.9025093
            ],
            [
              -79.0826016,
              43.8927123
            ],
            [
              -79.0773731,
              43.8946955
            ],
            [
              -79.075213,
              43.8897027
            ],
            [
              -79.0746856,
              43.8875636
            ],
            [
              -79.0698243,
              43.8759889
            ],
            [
              -79.0787863,
              43.870688
            ],
            [
              -79.0757578,
              43.8649589
            ],
            [
              -79.0726101,
              43.8590723
            ],
            [
              -79.0708002,
              43.8547811
            ],
            [
              -79.0706133,
              43.8543342
            ],
            [
              -79.0705022,
              43.8543848
            ],
            [
              -79.0702887,
              43.8544974
            ],
            [
              -79.0701173,
              43.8551698
            ],
            [
              -79.0700625,
              43.8552138
            ],
            [
              -79.0697944,
              43.8553291
            ],
            [
              -79.0694034,
              43.8552528
            ],
            [
              -79.0687173,
              43.8548662
            ],
            [
              -79.0678787,
              43.854735
            ],
            [
              -79.0674804,
              43.8547527
            ],
            [
              -79.0669246,
              43.8549797
            ],
            [
              -79.0665164,
              43.8549975
            ],
            [
              -79.0608723,
              43.8420296
            ],
            [
              -79.0584033,
              43.8432022
            ],
            [
              -79.0559085,
              43.8443247
            ],
            [
              -79.0540539,
              43.8449019
            ],
            [
              -79.0515501,
              43.8454884
            ],
            [
              -79.0480993,
              43.8373801
            ],
            [
              -79.047763,
              43.8374466
            ],
            [
              -79.0474138,
              43.8369712
            ],
            [
              -79.0453162,
              43.8316478
            ],
            [
              -79.0447383,
              43.8302161
            ],
            [
              -79.0434694,
              43.8270903
            ],
            [
              -79.0404791,
              43.8198763
            ],
            [
              -79.0402577,
              43.8197841
            ],
            [
              -79.0399686,
              43.8190815
            ],
            [
              -79.0389495,
              43.8166044
            ],
            [
              -79.0387527,
              43.8160082
            ],
            [
              -79.0351812,
              43.8058319
            ],
            [
              -79.0210856,
              43.9496873
            ],
            [
              -79.0169456,
              43.9402421
            ],
            [
              -79.0153838,
              43.937034
            ],
            [
              -79.0121032,
              43.9301064
            ],
            [
              -79.0085864,
              43.922625
            ],
            [
              -79.0473097,
              44.0092427
            ],
            [
              -79.037247,
              43.9857769
            ],
            [
              -79.0326941,
              43.9754945
            ],
            [
              -79.0310408,
              43.9719199
            ],
            [
              -79.0288899,
              43.9671649
            ],
            [
              -79.0258325,
              43.9603629
            ],
            [
              -79.0243912,
              43.9572279
            ],
            [
              -79.0210856,
              43.9496873
            ],
            [
              -79.0473097,
              44.0092427
            ],
            [
              -79.0480084,
              44.0107582
            ],
            [
              -79.0480084,
              44.0107582
            ],
            [
              -79.0517318,
              44.0099116
            ],
            [
              -79.2198403,
              43.9709474
            ],
            [
              -79.2199542,
              43.9709318
            ],
            [
              -79.2200381,
              43.9709203
            ],
            [
              -79.2174147,
              43.9625146
            ]
          ]
        ]
      }
    },
    {
      "type": "Feature",
      "properties": {
        "name": "Ajax"
      },
      "geometry": {
        "type": "Polygon",
        "coordinates": [
          [
            [
              -79.0351812,
              43.8058319
            ],
            [
              -78.9645592,
              43.8173744
            ],
            [
              -78.9645592,
              43.8173744
            ],
            [
              -78.9704614,
              43.8327564
            ],
            [
              -78.9857714,
              43.8689361
            ],
            [
              -78.9859479,
              43.8693532
            ],
            [
              -78.9901605,
              43.8791195
            ],
            [
              -78.9915622,
              43.8822623
            ],
            [
              -78.9934063,
              43.8870156
            ],
            [
              -79.0013802,
              43.9052118
            ],
            [
              -79.0023561,
              43.9076362
            ],
            [
              -79.0075559,
              43.9204728
            ],
            [
              -79.0085864,
              43.922625
            ],
            [
              -79.0085864,
              43.922625
            ],
            [
              -79.0283309,
              43.9181164
            ],
            [
              -79.0285141,
              43.9180208
            ],
            [
              -79.0314171,
              43.9173999
            ],
            [
              -79.0376756,
              43.9159456
            ],
            [
              -79.038615,
              43.9156763
            ],
            [
              -79.0604227,
              43.9106841
            ],
            [
              -79.0676033,
              43.9089266
            ],
            [
              -79.0745233,
              43.9074933
            ],
            [
              -79.0756644,
              43.9071939
            ],
            [
              -79.0766554,
              43.9071142
            ],
            [
              -79.0769677,
              43.907022
            ],
            [
              -79.0771964,
              43.9069087
            ],
            [
              -79.0775948,
              43.906689
            ],
            [
              -79.078062,
              43.9065508
            ],
            [
              -79.0882994,
              43.9042528
            ],
            [
              -79.0879551,
              43.9035299
            ],
            [
              -79.0869764,
              43.903739
            ],
            [
              -79.0863764,
              43.9025093
            ],
            [
              -79.0826016,
              43.8927123
            ],
            [
              -79.0773731,
              43.8946955
            ],
            [
              -79.075213,
              43.8897027
            ],
            [
              -79.0746856,
              43.8875636
            ],
            [
              -79.0698243,
              43.8759889
            ],
            [
              -79.0787863,
              43.870688
            ],
            [
              -79.0757578,
              43.8649589
            ],
            [
              -79.0726101,
              43.8590723
            ],
            [
              -79.0708002,
              43.8547811
            ],
            [
              -79.0706133,
              43.8543342
            ],
            [
              -79.0705022,
              43.8543848
            ],
            [
              -79.0702887,
              43.8544974
            ],
            [
              -79.0701173,
              43.8551698
            ],
            [
              -79.0700625,
              43.8552138
            ],
            [
              -79.0697944,
              43.8553291
            ],
            [
              -79.0694034,
              43.8552528
            ],
            [
              -79.0687173,
              43.8548662
            ],
            [
              -79.0678787,
              43.854735
            ],
            [
              -79.0674804,
              43.8547527
            ],
            [
              -79.0669246,
              43.8549797
            ],
            [
              -79.0665164,
              43.8549975
            ],
            [
              -79.0608723,
              43.8420296
            ],
            [
              -79.0584033,
              43.8432022
            ],
            [
              -79.0559085,
              43.8443247
            ],
            [
              -79.0540539,
              43.8449019
            ],
            [
              -79.0515501,
              43.8454884
            ],
            [
              -79.0480993,
              43.8373801
            ],
            [
              -79.047763,
              43.8374466
            ],
            [
              -79.0474138,
              43.8369712
            ],
            [
              -79.0453162,
              43.8316478
            ],
            [
              -79.0447383,
              43.8302161
            ],
            [
              -79.0434694,
              43.8270903
            ],
            [
              -79.0404791,
              43.8198763
            ],
            [
              -79.0402577,
              43.8197841
            ],
            [
              -79.0399686,
              43.8190815
            ],
            [
              -79.0389495,
              43.8166044
            ],
            [
              -79.0387527,
              43.8160082
            ],
            [
              -79.0351812,
              43.8058319
            ]
          ]
        ]
      }
    },
    {
      "type": "Feature",
      "properties": {
        "name": "Orillia"
      },
      "geometry": {
        "type": "Polygon",
        "coordinates": [
          [
            [
              -79.4566809,
              44.6121377
            ],
            [
              -79.4460413,
              44.6164752
            ],
            [
              -79.4498728,
              44.6209427
            ],
            [
              -79.4423316,
              44.623954
            ],
            [
              -79.4406045,
              44.6217437
            ],
            [
              -79.4390312,
              44.6235493
            ],
            [
              -79.4366402,
              44.6263276
            ],
            [
              -79.4352036,
              44.6279883
            ],
            [
              -79.4337137,
              44.6297384
            ],
            [
              -79.4318707,
              44.6318596
            ],
            [
              -79.429486,
              44.6346603
            ],
            [
              -79.4265009,
              44.6380977
            ],
            [
              -79.4255018,
              44.6392409
            ],
            [
              -79.4232,
              44.6418954
            ],
            [
              -79.421176,
              44.6441854
            ],
            [
              -79.4204786,
              44.644182
            ],
            [
              -79.4205226,
              44.6415971
            ],
            [
              -79.4206299,
              44.6411041
            ],
            [
              -79.4193813,
              44.6409896
            ],
            [
              -79.4170594,
              44.6421078
            ],
            [
              -79.417392,
              44.6409418
            ],
            [
              -79.4176709,
              44.6394534
            ],
            [
              -79.4175623,
              44.6387751
            ],
            [
              -79.4163676,
              44.6388905
            ],
            [
              -79.4131881,
              44.6390569
            ],
            [
              -79.4032151,
              44.6396149
            ],
            [
              -79.3970509,
              44.5705419
            ],
            [
              -79.3789347,
              44.5793644
            ],
            [
              -79.3770635,
              44.5840212
            ],
            [
              -79.3749671,
              44.5903907
            ],
            [
              -79.3700898,
              44.6000841
            ],
            [
              -79.3700045,
              44.6011824
            ],
            [
              -79.3692992,
              44.6079023
            ],
            [
              -79.3698387,
              44.6086409
            ],
            [
              -79.3695062,
              44.6157507
            ],
            [
              -79.369636,
              44.6174416
            ],
            [
              -79.3703451,
              44.618542
            ],
            [
              -79.3897547,
              44.6315918
            ],
            [
              -79.4009717,
              44.6355069
            ],
            [
              -79.4032151,
              44.6396149
            ],
            [
              -79.4116673,
              44.5879301
            ],
            [
              -79.3970509,
              44.5705419
            ],
            [
              -79.4173562,
              44.5700738
            ],
            [
              -79.4175814,
              44.5701892
            ],
            [
              -79.4180159,
              44.57027
            ],
            [
              -79.418421,
              44.5702299
            ],
            [
              -79.4186714,
              44.5701232
            ],
            [
              -79.4190383,
              44.5700401
            ],
            [
              -79.4193483,
              44.5702392
            ],
            [
              -79.4195693,
              44.5702633
            ],
            [
              -79.4201381,
              44.5702775
            ],
            [
              -79.4204713,
              44.5702475
            ],
            [
              -79.4207109,
              44.5700767
            ],
            [
              -79.4210991,
              44.5700031
            ],
            [
              -79.4215314,
              44.5700307
            ],
            [
              -79.4216932,
              44.570187
            ],
            [
              -79.4225887,
              44.5706836
            ],
            [
              -79.4234003,
              44.5713472
            ],
            [
              -79.4237388,
              44.5717989
            ],
            [
              -79.4238616,
              44.5722484
            ],
            [
              -79.4239636,
              44.5730854
            ],
            [
              -79.4237152,
              44.5747788
            ],
            [
              -79.4232931,
              44.5764594
            ],
            [
              -79.4229547,
              44.5770631
            ],
            [
              -79.4227152,
              44.5774934
            ],
            [
              -79.4213734,
              44.5793646
            ],
            [
              -79.4212027,
              44.5795251
            ],
            [
              -79.4206097,
              44.5803108
            ],
            [
              -79.4201125,
              44.5807861
            ],
            [
              -79.419744,
              44.5809296
            ],
            [
              -79.4192468,
              44.5807133
            ],
            [
              -79.4191359,
              44.5805935
            ],
            [
              -79.4189502,
              44.5805057
            ],
            [
              -79.4187465,
              44.5805057
            ],
            [
              -79.4187166,
              44.5806641
            ],
            [
              -79.4195104,
              44.5810516
            ],
            [
              -79.4195613,
              44.5811972
            ],
            [
              -79.4194565,
              44.5814605
            ],
            [
              -79.4191779,
              44.5816382
            ],
            [
              -79.4191509,
              44.5818244
            ],
            [
              -79.4182673,
              44.5824218
            ],
            [
              -79.4178239,
              44.5826701
            ],
            [
              -79.4173896,
              44.5833295
            ],
            [
              -79.4169851,
              44.5833937
            ],
            [
              -79.4169043,
              44.5834429
            ],
            [
              -79.4167365,
              44.5842137
            ],
            [
              -79.4164399,
              44.5845519
            ],
            [
              -79.416374,
              44.5845583
            ],
            [
              -79.4153644,
              44.5854061
            ],
            [
              -79.414939,
              44.5856758
            ],
            [
              -79.4145825,
              44.5858214
            ],
            [
              -79.4145465,
              44.5859242
            ],
            [
              -79.4146094,
              44.5862175
            ],
            [
              -79.4135848,
              44.5868169
            ],
            [
              -79.4135338,
              44.5869989
            ],
            [
              -79.4130455,
              44.5873029
            ],
            [
              -79.4127369,
              44.5873478
            ],
            [
              -79.4122096,
              44.5876903
            ],
            [
              -79.4120088,
              44.5877181
            ],
            [
              -79.411874,
              44.5878851
            ],
            [
              -79.4116673,
              44.5879301
            ],
            [
              -79.4245912,
              44.5671655
            ],
            [
              -79.4173562,
              44.5700738
            ],
            [
              -79.4245912,
              44.5671655
            ],
            [
              -79.4248701,
              44.5674948
            ],
            [
              -79.4248701,
              44.5674948
            ],
            [
              -79.4249311,
              44.5675676
            ],
            [
              -79.4249311,
              44.5675676
            ],
            [
              -79.4252615,
              44.5679233
            ],
            [
              -79.4261027,
              44.5689522
            ],
            [
              -79.4261027,
              44.5689522
            ],
            [
              -79.426176,
              44.5690342
            ],
            [
              -79.426176,
              44.5690342
            ],
            [
              -79.4281756,
              44.5714396
            ],
            [
              -79.4281756,
              44.5714396
            ],
            [
              -79.4333903,
              44.5775508
            ],
            [
              -79.4345732,
              44.5789984
            ],
            [
              -79.4411959,
              44.5758759
            ],
            [
              -79.4403778,
              44.5764453
            ],
            [
              -79.439954,
              44.576728
            ],
            [
              -79.4393518,
              44.5770242
            ],
            [
              -79.4381177,
              44.5775152
            ],
            [
              -79.4380411,
              44.5775457
            ],
            [
              -79.4375082,
              44.5777577
            ],
            [
              -79.4372637,
              44.577855
            ],
            [
              -79.4345732,
              44.5789984
            ],
            [
              -79.4435455,
              44.5742442
            ],
            [
              -79.4421413,
              44.5752339
            ],
            [
              -79.4411959,
              44.5758759
            ],
            [
              -79.4441441,
              44.5738157
            ],
            [
              -79.4435455,
              44.5742442
            ],
            [
              -79.4454815,
              44.5728206
            ],
            [
              -79.4441441,
              44.5738157
            ],
            [
              -79.4468674,
              44.5699546
            ],
            [
              -79.4469774,
              44.5705584
            ],
            [
              -79.4469667,
              44.5708928
            ],
            [
              -79.4469479,
              44.571168
            ],
            [
              -79.4468218,
              44.571468
            ],
            [
              -79.4467119,
              44.5717221
            ],
            [
              -79.4465563,
              44.571959
            ],
            [
              -79.4462773,
              44.572238
            ],
            [
              -79.4457373,
              44.5726376
            ],
            [
              -79.4454815,
              44.5728206
            ],
            [
              -79.4756963,
              44.6033111
            ],
            [
              -79.4756326,
              44.6032371
            ],
            [
              -79.4650418,
              44.5909335
            ],
            [
              -79.4634828,
              44.5891296
            ],
            [
              -79.4626767,
              44.5881969
            ],
            [
              -79.4617096,
              44.5870403
            ],
            [
              -79.4603264,
              44.585386
            ],
            [
              -79.4593248,
              44.5842755
            ],
            [
              -79.459251,
              44.5841936
            ],
            [
              -79.4591938,
              44.584127
            ],
            [
              -79.4546426,
              44.5788279
            ],
            [
              -79.4536279,
              44.5777171
            ],
            [
              -79.449583,
              44.5730154
            ],
            [
              -79.449361,
              44.5727632
            ],
            [
              -79.4479074,
              44.5710769
            ],
            [
              -79.4470659,
              44.5699948
            ],
            [
              -79.4470036,
              44.5699769
            ],
            [
              -79.4469617,
              44.56997
            ],
            [
              -79.4468674,
              44.5699546
            ],
            [
              -79.4756963,
              44.6033111
            ],
            [
              -79.4738083,
              44.6040436
            ],
            [
              -79.4700293,
              44.6054979
            ],
            [
              -79.4693463,
              44.6057669
            ],
            [
              -79.4689188,
              44.6059785
            ],
            [
              -79.468722,
              44.6061326
            ],
            [
              -79.4685252,
              44.6063018
            ],
            [
              -79.4684262,
              44.6064167
            ],
            [
              -79.4683343,
              44.6065367
            ],
            [
              -79.4681222,
              44.6067514
            ],
            [
              -79.4678692,
              44.6069464
            ],
            [
              -79.4676349,
              44.6070783
            ],
            [
              -79.4644897,
              44.608427
            ],
            [
              -79.460978,
              44.6098651
            ],
            [
              -79.4608686,
              44.6099099
            ],
            [
              -79.4608686,
              44.6099099
            ],
            [
              -79.4609203,
              44.6099705
            ],
            [
              -79.4612224,
              44.6103244
            ],
            [
              -79.461312,
              44.6104095
            ],
            [
              -79.4566809,
              44.6121377
            ],
            [
              -79.461312,
              44.6104095
            ],
            [
              -79.4566809,
              44.6121377
            ]
          ]
        ]
      }
    },
    {
      "type": "Feature",
      "properties": {
        "name": "Quinte West"
      },
      "geometry": {
        "type": "Polygon",
        "coordinates": [
          [
            [
              -77.7267596,
              44.1807701
            ],
            [
              -77.7461316,
              44.220938
            ],
            [
              -77.7513131,
              44.2314031
            ],
            [
              -77.7523633,
              44.2335101
            ],
            [
              -77.7531923,
              44.2354934
            ],
            [
              -77.7523988,
              44.2357068
            ],
            [
              -77.7523988,
              44.2357068
            ],
            [
              -77.7491591,
              44.2359629
            ],
            [
              -77.7416703,
              44.2402213
            ],
            [
              -77.7373148,
              44.242984
            ],
            [
              -77.7347539,
              44.2466121
            ],
            [
              -77.7313958,
              44.2489482
            ],
            [
              -77.7290877,
              44.2514441
            ],
            [
              -77.7266585,
              44.2528785
            ],
            [
              -77.7193629,
              44.2563903
            ],
            [
              -77.7115651,
              44.260601
            ],
            [
              -77.7041708,
              44.2588953
            ],
            [
              -77.6996433,
              44.2583574
            ],
            [
              -77.6912319,
              44.2591566
            ],
            [
              -77.6863181,
              44.262353
            ],
            [
              -77.6836358,
              44.2637821
            ],
            [
              -77.6802241,
              44.263905
            ],
            [
              -77.6758038,
              44.2615693
            ],
            [
              -77.671877,
              44.2586341
            ],
            [
              -77.6700961,
              44.258173
            ],
            [
              -77.6629292,
              44.25742
            ],
            [
              -77.6608693,
              44.2573124
            ],
            [
              -77.6579725,
              44.2575122
            ],
            [
              -77.6529514,
              44.2569128
            ],
            [
              -77.6496898,
              44.255376
            ],
            [
              -77.6486813,
              44.2542079
            ],
            [
              -77.648059,
              44.2521946
            ],
            [
              -77.6471578,
              44.2512724
            ],
            [
              -77.6436173,
              44.2494587
            ],
            [
              -77.6396439,
              44.248215
            ],
            [
              -77.6396439,
              44.248215
            ],
            [
              -77.6511589,
              44.2709753
            ],
            [
              -77.6511589,
              44.2709753
            ],
            [
              -77.6496025,
              44.2713487
            ],
            [
              -77.6496025,
              44.2713487
            ],
            [
              -77.6492435,
              44.271447
            ],
            [
              -77.6492435,
              44.271447
            ],
            [
              -77.6461931,
              44.272157
            ],
            [
              -77.6461931,
              44.272157
            ],
            [
              -77.6243592,
              44.2773515
            ],
            [
              -77.6118284,
              44.2804658
            ],
            [
              -77.6118284,
              44.2804658
            ],
            [
              -77.6075277,
              44.2815454
            ],
            [
              -77.6075277,
              44.2815454
            ],
            [
              -77.606995,
              44.2816836
            ],
            [
              -77.606995,
              44.2816836
            ],
            [
              -77.5992215,
              44.2835894
            ],
            [
              -77.5992215,
              44.2835894
            ],
            [
              -77.5955646,
              44.2845009
            ],
            [
              -77.5955646,
              44.2845009
            ],
            [
              -77.5855451,
              44.2869339
            ],
            [
              -77.5739479,
              44.2897078
            ],
            [
              -77.5739479,
              44.2897078
            ],
            [
              -77.5675172,
              44.29123
            ],
            [
              -77.5638698,
              44.2838994
            ],
            [
              -77.5656062,
              44.2873362
            ],
            [
              -77.5660643,
              44.2882695
            ],
            [
              -77.5675172,
              44.29123
            ],
            [
              -77.5408719,
              44.297752
            ],
            [
              -77.5373869,
              44.2903851
            ],
            [
              -77.5638698,
              44.2838994
            ],
            [
              -77.5408719,
              44.297752
            ],
            [
              -77.5324074,
              44.2998198
            ],
            [
              -77.5209082,
              44.3027351
            ],
            [
              -77.5124903,
              44.3048693
            ],
            [
              -77.5124903,
              44.3048693
            ],
            [
              -77.4999996,
              44.3080244
            ],
            [
              -77.4895014,
              44.3105113
            ],
            [
              -77.4728913,
              44.3142416
            ],
            [
              -77.4730457,
              44.3143373
            ],
            [
              -77.4732485,
              44.3143869
            ],
            [
              -77.4735108,
              44.3143632
            ],
            [
              -77.474091,
              44.3142275
            ],
            [
              -77.4763542,
              44.3136984
            ],
            [
              -77.4777503,
              44.313356
            ],
            [
              -77.482274,
              44.3122464
            ],
            [
              -77.4838141,
              44.3118978
            ],
            [
              -77.484322,
              44.3117517
            ],
            [
              -77.4895014,
              44.3105113
            ],
            [
              -77.4692908,
              44.3070273
            ],
            [
              -77.4711693,
              44.3108578
            ],
            [
              -77.4716707,
              44.3118121
            ],
            [
              -77.4722873,
              44.3128362
            ],
            [
              -77.4727827,
              44.3140053
            ],
            [
              -77.4728913,
              44.3142416
            ],
            [
              -77.4692908,
              44.3070273
            ],
            [
              -77.4551449,
              44.27747
            ],
            [
              -77.4518767,
              44.2708069
            ],
            [
              -77.4519691,
              44.2709405
            ],
            [
              -77.4520535,
              44.2711227
            ],
            [
              -77.4522768,
              44.2716079
            ],
            [
              -77.4537078,
              44.2745569
            ],
            [
              -77.4551449,
              44.27747
            ],
            [
              -77.4518767,
              44.2708069
            ],
            [
              -77.4410613,
              44.2490257
            ],
            [
              -77.437159,
              44.2411191
            ],
            [
              -77.4384001,
              44.2436107
            ],
            [
              -77.4410613,
              44.2490257
            ],
            [
              -77.4370662,
              44.24093
            ],
            [
              -77.437159,
              44.2411191
            ],
            [
              -77.4338795,
              44.2343694
            ],
            [
              -77.4366722,
              44.2401691
            ],
            [
              -77.4370662,
              44.24093
            ],
            [
              -77.4338795,
              44.2343694
            ],
            [
              -77.4248613,
              44.2151706
            ],
            [
              -77.4149259,
              44.1950366
            ],
            [
              -77.4149519,
              44.1950931
            ],
            [
              -77.4160222,
              44.1972378
            ],
            [
              -77.417888,
              44.2009972
            ],
            [
              -77.417941,
              44.2011038
            ],
            [
              -77.4229817,
              44.2112476
            ],
            [
              -77.4248613,
              44.2151706
            ],
            [
              -77.412449,
              44.1903031
            ],
            [
              -77.4136049,
              44.1924173
            ],
            [
              -77.4149259,
              44.1950366
            ],
            [
              -77.4117915,
              44.1889207
            ],
            [
              -77.4124257,
              44.1902534
            ],
            [
              -77.412449,
              44.1903031
            ],
            [
              -77.4471401,
              44.179741
            ],
            [
              -77.4454155,
              44.180142
            ],
            [
              -77.4290879,
              44.1842101
            ],
            [
              -77.4243785,
              44.1854068
            ],
            [
              -77.420473,
              44.1863993
            ],
            [
              -77.416752,
              44.1873404
            ],
            [
              -77.4139646,
              44.1880588
            ],
            [
              -77.4115665,
              44.1886906
            ],
            [
              -77.4117915,
              44.1889207
            ],
            [
              -77.4396336,
              44.1645707
            ],
            [
              -77.4450252,
              44.1757881
            ],
            [
              -77.4454366,
              44.1764932
            ],
            [
              -77.4457881,
              44.1770738
            ],
            [
              -77.4471401,
              44.179741
            ],
            [
              -77.4395625,
              44.1644214
            ],
            [
              -77.4396336,
              44.1645707
            ],
            [
              -77.4381907,
              44.1616211
            ],
            [
              -77.4386519,
              44.1625003
            ],
            [
              -77.4395625,
              44.1644214
            ],
            [
              -77.4378472,
              44.1610009
            ],
            [
              -77.4381907,
              44.1616211
            ],
            [
              -77.4365525,
              44.1586311
            ],
            [
              -77.4378472,
              44.1610009
            ],
            [
              -77.4361299,
              44.1578407
            ],
            [
              -77.4365525,
              44.1586311
            ],
            [
              -77.4349961,
              44.1556904
            ],
            [
              -77.4361299,
              44.1578407
            ],
            [
              -77.4349464,
              44.1555867
            ],
            [
              -77.4349961,
              44.1556904
            ],
            [
              -77.431016,
              44.1473447
            ],
            [
              -77.4326297,
              44.1507288
            ],
            [
              -77.4332501,
              44.1520298
            ],
            [
              -77.4349464,
              44.1555867
            ],
            [
              -77.4309302,
              44.1471722
            ],
            [
              -77.431016,
              44.1473447
            ],
            [
              -77.4274226,
              44.1394541
            ],
            [
              -77.4274671,
              44.1395353
            ],
            [
              -77.4275614,
              44.1397365
            ],
            [
              -77.4277988,
              44.140272
            ],
            [
              -77.4281643,
              44.1410965
            ],
            [
              -77.4289305,
              44.1428248
            ],
            [
              -77.4299623,
              44.1450851
            ],
            [
              -77.4300839,
              44.1453473
            ],
            [
              -77.430146,
              44.1454811
            ],
            [
              -77.4309302,
              44.1471722
            ],
            [
              -77.4273626,
              44.1393685
            ],
            [
              -77.4274226,
              44.1394541
            ],
            [
              -77.4266923,
              44.1381348
            ],
            [
              -77.4273626,
              44.1393685
            ],
            [
              -77.4232496,
              44.1307719
            ],
            [
              -77.4266923,
              44.1381348
            ],
            [
              -77.5948379,
              44.0357046
            ],
            [
              -77.5919873,
              44.0384806
            ],
            [
              -77.5867008,
              44.0429485
            ],
            [
              -77.585143,
              44.0445744
            ],
            [
              -77.5802657,
              44.0502917
            ],
            [
              -77.5798362,
              44.0517274
            ],
            [
              -77.5796565,
              44.0540368
            ],
            [
              -77.5788745,
              44.0561567
            ],
            [
              -77.5759224,
              44.0604867
            ],
            [
              -77.5743364,
              44.0628127
            ],
            [
              -77.5743151,
              44.06292
            ],
            [
              -77.5734379,
              44.0673252
            ],
            [
              -77.5730332,
              44.0685897
            ],
            [
              -77.5717381,
              44.0726356
            ],
            [
              -77.5709466,
              44.0743183
            ],
            [
              -77.5693311,
              44.0762604
            ],
            [
              -77.568764,
              44.0766183
            ],
            [
              -77.5656219,
              44.0786012
            ],
            [
              -77.5638758,
              44.0792336
            ],
            [
              -77.5605937,
              44.0804223
            ],
            [
              -77.5584424,
              44.0808673
            ],
            [
              -77.5584365,
              44.0808685
            ],
            [
              -77.5427144,
              44.0848809
            ],
            [
              -77.5419231,
              44.0850828
            ],
            [
              -77.5352785,
              44.0878215
            ],
            [
              -77.5273994,
              44.0924602
            ],
            [
              -77.5223123,
              44.0955717
            ],
            [
              -77.5186455,
              44.0978141
            ],
            [
              -77.518099,
              44.098292
            ],
            [
              -77.5134268,
              44.1023775
            ],
            [
              -77.5133679,
              44.102429
            ],
            [
              -77.5091314,
              44.1054953
            ],
            [
              -77.5071331,
              44.1066155
            ],
            [
              -77.5044552,
              44.1081166
            ],
            [
              -77.5026849,
              44.1088223
            ],
            [
              -77.5,
              44.1098924
            ],
            [
              -77.4999916,
              44.1098945
            ],
            [
              -77.4954313,
              44.1109902
            ],
            [
              -77.4887013,
              44.1126067
            ],
            [
              -77.4866931,
              44.1130889
            ],
            [
              -77.4750967,
              44.1158725
            ],
            [
              -77.466574,
              44.1179171
            ],
            [
              -77.4592166,
              44.1196813
            ],
            [
              -77.4563781,
              44.1203618
            ],
            [
              -77.4559829,
              44.1204565
            ],
            [
              -77.4541191,
              44.1210438
            ],
            [
              -77.4492978,
              44.1225627
            ],
            [
              -77.4374579,
              44.1262914
            ],
            [
              -77.4370385,
              44.1264237
            ],
            [
              -77.4232496,
              44.1307719
            ],
            [
              -77.6250771,
              43.9971694
            ],
            [
              -77.626524,
              44.0000672
            ],
            [
              -77.6265347,
              44.0000886
            ],
            [
              -77.6279279,
              44.0028788
            ],
            [
              -77.612726,
              44.017966
            ],
            [
              -77.6122963,
              44.0183923
            ],
            [
              -77.6084519,
              44.0222058
            ],
            [
              -77.6062757,
              44.0243642
            ],
            [
              -77.604426,
              44.0261985
            ],
            [
              -77.5975125,
              44.0330532
            ],
            [
              -77.5975642,
              44.0331283
            ],
            [
              -77.5974926,
              44.033202
            ],
            [
              -77.5973897,
              44.033175
            ],
            [
              -77.5950383,
              44.0355058
            ],
            [
              -77.5948379,
              44.0357046
            ],
            [
              -77.6250771,
              43.9971694
            ],
            [
              -77.6411026,
              43.9928594
            ],
            [
              -77.6411026,
              43.9928594
            ],
            [
              -77.6542971,
              44.0215289
            ],
            [
              -77.6620183,
              44.038476
            ],
            [
              -77.6641201,
              44.0379652
            ],
            [
              -77.6653697,
              44.0405402
            ],
            [
              -77.6653697,
              44.0405402
            ],
            [
              -77.6684463,
              44.0470867
            ],
            [
              -77.6714495,
              44.0536507
            ],
            [
              -77.6720415,
              44.0549066
            ],
            [
              -77.6725637,
              44.0561832
            ],
            [
              -77.6726385,
              44.0565001
            ],
            [
              -77.6726869,
              44.0567054
            ],
            [
              -77.6731153,
              44.0577166
            ],
            [
              -77.6747113,
              44.0610609
            ],
            [
              -77.6748222,
              44.0613092
            ],
            [
              -77.6750233,
              44.06169
            ],
            [
              -77.6750466,
              44.061734
            ],
            [
              -77.6751006,
              44.0618451
            ],
            [
              -77.6751494,
              44.0619456
            ],
            [
              -77.6751494,
              44.0619456
            ],
            [
              -77.6768799,
              44.0654472
            ],
            [
              -77.6790074,
              44.0698114
            ],
            [
              -77.681168,
              44.0741692
            ],
            [
              -77.681168,
              44.0741692
            ],
            [
              -77.6887607,
              44.0912639
            ],
            [
              -77.6887607,
              44.0912639
            ],
            [
              -77.6871721,
              44.0916355
            ],
            [
              -77.6850665,
              44.0921497
            ],
            [
              -77.6936234,
              44.1104343
            ],
            [
              -77.6938284,
              44.1101498
            ],
            [
              -77.6899372,
              44.1021625
            ],
            [
              -77.6850665,
              44.0921497
            ],
            [
              -77.6936234,
              44.1104343
            ],
            [
              -77.6936337,
              44.110452
            ],
            [
              -77.6939162,
              44.1109409
            ],
            [
              -77.6941255,
              44.111162
            ],
            [
              -77.6941255,
              44.111162
            ],
            [
              -77.6945548,
              44.1116496
            ],
            [
              -77.6949816,
              44.1124022
            ],
            [
              -77.6968722,
              44.1162879
            ],
            [
              -77.6981763,
              44.1190526
            ],
            [
              -77.6987112,
              44.1199861
            ],
            [
              -77.699274,
              44.1211384
            ],
            [
              -77.6997601,
              44.1221116
            ],
            [
              -77.7027782,
              44.1282703
            ],
            [
              -77.7030367,
              44.1287323
            ],
            [
              -77.7031682,
              44.1288732
            ],
            [
              -77.7033342,
              44.1289503
            ],
            [
              -77.7034531,
              44.1290916
            ],
            [
              -77.7046569,
              44.1316379
            ],
            [
              -77.705438,
              44.1331409
            ],
            [
              -77.7068832,
              44.1360416
            ],
            [
              -77.7073118,
              44.1369407
            ],
            [
              -77.7075968,
              44.1376474
            ],
            [
              -77.7085145,
              44.1392344
            ],
            [
              -77.7090286,
              44.1403458
            ],
            [
              -77.7090286,
              44.1403458
            ],
            [
              -77.7114225,
              44.1464628
            ],
            [
              -77.7171117,
              44.1570611
            ],
            [
              -77.7171117,
              44.1570611
            ],
            [
              -77.7204557,
              44.1635045
            ],
            [
              -77.721696,
              44.1658445
            ],
            [
              -77.7220121,
              44.1665971
            ],
            [
              -77.7223008,
              44.1673269
            ],
            [
              -77.7228728,
              44.1683445
            ],
            [
              -77.7235183,
              44.1695578
            ],
            [
              -77.7246893,
              44.1719899
            ],
            [
              -77.7254623,
              44.1737069
            ],
            [
              -77.7287088,
              44.1801229
            ],
            [
              -77.7287088,
              44.1801229
            ],
            [
              -77.7286904,
              44.1802449
            ],
            [
              -77.7285636,
              44.1803315
            ],
            [
              -77.7282925,
              44.1804117
            ],
            [
              -77.7274653,
              44.1805663
            ],
            [
              -77.7267596,
              44.1807701
            ]
          ]
        ]
      }
    },
    {
      "type": "Feature",
      "properties": {
        "name": "Peterborough"
      },
      "geometry": {
        "type": "Polygon",
        "coordinates": [
          [
            [
              -78.283668,
              44.3784864
            ],
            [
              -78.2836979,
              44.3784409
            ],
            [
              -78.2869723,
              44.3738854
            ],
            [
              -78.2880275,
              44.3735942
            ],
            [
              -78.2880275,
              44.3735942
            ],
            [
              -78.2883441,
              44.3735069
            ],
            [
              -78.2888492,
              44.3733675
            ],
            [
              -78.2890383,
              44.3732117
            ],
            [
              -78.2891123,
              44.3731508
            ],
            [
              -78.2896715,
              44.37269
            ],
            [
              -78.2901851,
              44.3717265
            ],
            [
              -78.2901851,
              44.3717265
            ],
            [
              -78.2905272,
              44.3710848
            ],
            [
              -78.2905272,
              44.3710848
            ],
            [
              -78.2911378,
              44.3725441
            ],
            [
              -78.2928467,
              44.3705319
            ],
            [
              -78.2930911,
              44.3705873
            ],
            [
              -78.2932892,
              44.3702363
            ],
            [
              -78.2934496,
              44.369988
            ],
            [
              -78.2938004,
              44.3695104
            ],
            [
              -78.2935107,
              44.3693955
            ],
            [
              -78.2934643,
              44.3692638
            ],
            [
              -78.2935942,
              44.3688977
            ],
            [
              -78.2938844,
              44.368315
            ],
            [
              -78.2939984,
              44.3680071
            ],
            [
              -78.2944867,
              44.367384
            ],
            [
              -78.2952191,
              44.367676
            ],
            [
              -78.2952577,
              44.3676273
            ],
            [
              -78.2945326,
              44.3673265
            ],
            [
              -78.2951127,
              44.3665842
            ],
            [
              -78.2947996,
              44.3664641
            ],
            [
              -78.2955781,
              44.3654697
            ],
            [
              -78.2970507,
              44.3687005
            ],
            [
              -78.297408,
              44.3686137
            ],
            [
              -78.3040544,
              44.3669982
            ],
            [
              -78.3020664,
              44.3627562
            ],
            [
              -78.3020556,
              44.3627331
            ],
            [
              -78.301277,
              44.3610717
            ],
            [
              -78.3000335,
              44.358166
            ],
            [
              -78.3058546,
              44.3555758
            ],
            [
              -78.3133244,
              44.3524029
            ],
            [
              -78.3131787,
              44.3520842
            ],
            [
              -78.3172147,
              44.350203
            ],
            [
              -78.320877,
              44.3484751
            ],
            [
              -78.3356173,
              44.3410372
            ],
            [
              -78.3358762,
              44.3408945
            ],
            [
              -78.3471296,
              44.3351924
            ],
            [
              -78.3477476,
              44.3349051
            ],
            [
              -78.3573914,
              44.3298217
            ],
            [
              -78.3513193,
              44.3238924
            ],
            [
              -78.3526215,
              44.3232363
            ],
            [
              -78.3515196,
              44.3220661
            ],
            [
              -78.3568338,
              44.3207855
            ],
            [
              -78.3714863,
              44.3171777
            ],
            [
              -78.3704608,
              44.3150772
            ],
            [
              -78.3699876,
              44.314108
            ],
            [
              -78.3667401,
              44.3074558
            ],
            [
              -78.3673936,
              44.3078426
            ],
            [
              -78.3689922,
              44.3095374
            ],
            [
              -78.3696601,
              44.3099942
            ],
            [
              -78.3701295,
              44.3102418
            ],
            [
              -78.3705103,
              44.3104107
            ],
            [
              -78.3708778,
              44.3105374
            ],
            [
              -78.3711863,
              44.3106257
            ],
            [
              -78.3715376,
              44.3107024
            ],
            [
              -78.3722672,
              44.3108118
            ],
            [
              -78.3726132,
              44.3108464
            ],
            [
              -78.3729538,
              44.3108541
            ],
            [
              -78.373493,
              44.3108214
            ],
            [
              -78.3751023,
              44.3106602
            ],
            [
              -78.3879706,
              44.3091675
            ],
            [
              -78.3839562,
              44.300855
            ],
            [
              -78.3837811,
              44.3008962
            ],
            [
              -78.3837567,
              44.3008408
            ],
            [
              -78.3837567,
              44.3008408
            ],
            [
              -78.3837441,
              44.3008116
            ],
            [
              -78.380005,
              44.2929637
            ],
            [
              -78.3778763,
              44.2882018
            ],
            [
              -78.3782271,
              44.2881197
            ],
            [
              -78.3754732,
              44.2817275
            ],
            [
              -78.3817745,
              44.2802966
            ],
            [
              -78.3793411,
              44.2746637
            ],
            [
              -78.3789214,
              44.2737626
            ],
            [
              -78.3790132,
              44.2737423
            ],
            [
              -78.3777241,
              44.2709803
            ],
            [
              -78.3776169,
              44.2707663
            ],
            [
              -78.3777161,
              44.2704534
            ],
            [
              -78.3778766,
              44.2699799
            ],
            [
              -78.3773193,
              44.2698862
            ],
            [
              -78.377449,
              44.2694885
            ],
            [
              -78.3780063,
              44.2695822
            ],
            [
              -78.3781127,
              44.2692336
            ],
            [
              -78.3785175,
              44.2677035
            ],
            [
              -78.3785476,
              44.2674836
            ],
            [
              -78.3770522,
              44.2672468
            ],
            [
              -78.3771595,
              44.2667045
            ],
            [
              -78.3786546,
              44.2669413
            ],
            [
              -78.3787994,
              44.2661885
            ],
            [
              -78.3789444,
              44.2655886
            ],
            [
              -78.3762204,
              44.2654766
            ],
            [
              -78.3744582,
              44.2619385
            ],
            [
              -78.3673097,
              44.263669
            ],
            [
              -78.3646851,
              44.2580312
            ],
            [
              -78.3636631,
              44.2582775
            ],
            [
              -78.3622592,
              44.2552516
            ],
            [
              -78.3619991,
              44.2546785
            ],
            [
              -78.361572,
              44.2536378
            ],
            [
              -78.3611142,
              44.2526549
            ],
            [
              -78.3593062,
              44.2530812
            ],
            [
              -78.3601078,
              44.2547789
            ],
            [
              -78.3608325,
              44.2564115
            ],
            [
              -78.3591995,
              44.2568646
            ],
            [
              -78.3579943,
              44.2541987
            ],
            [
              -78.3572997,
              44.2526297
            ],
            [
              -78.3543165,
              44.2533529
            ],
            [
              -78.353653,
              44.2542018
            ],
            [
              -78.3531571,
              44.25505
            ],
            [
              -78.3528289,
              44.2557311
            ],
            [
              -78.3524245,
              44.2566444
            ],
            [
              -78.3502276,
              44.2614776
            ],
            [
              -78.342766,
              44.2632757
            ],
            [
              -78.3420792,
              44.2618194
            ],
            [
              -78.3281632,
              44.2654466
            ],
            [
              -78.3281632,
              44.2654466
            ],
            [
              -78.3308109,
              44.263402
            ],
            [
              -78.3326633,
              44.2609635
            ],
            [
              -78.3346501,
              44.259347
            ],
            [
              -78.3346501,
              44.259347
            ],
            [
              -78.3317755,
              44.2526704
            ],
            [
              -78.3238404,
              44.2545137
            ],
            [
              -78.3240654,
              44.2550471
            ],
            [
              -78.3237648,
              44.2553433
            ],
            [
              -78.3234215,
              44.2555585
            ],
            [
              -78.3229387,
              44.2557198
            ],
            [
              -78.31722,
              44.2570885
            ],
            [
              -78.3137222,
              44.2579758
            ],
            [
              -78.3104774,
              44.2624642
            ],
            [
              -78.3101587,
              44.2638088
            ],
            [
              -78.3031818,
              44.2654529
            ],
            [
              -78.3056455,
              44.2707368
            ],
            [
              -78.2979643,
              44.2726058
            ],
            [
              -78.2978845,
              44.2724377
            ],
            [
              -78.2899734,
              44.2743348
            ],
            [
              -78.2912097,
              44.2769263
            ],
            [
              -78.2910541,
              44.276942
            ],
            [
              -78.2824631,
              44.2790335
            ],
            [
              -78.2855759,
              44.285675
            ],
            [
              -78.2830565,
              44.2879735
            ],
            [
              -78.2818754,
              44.2882577
            ],
            [
              -78.2818622,
              44.2882291
            ],
            [
              -78.2792631,
              44.2888549
            ],
            [
              -78.2774141,
              44.2893126
            ],
            [
              -78.2787004,
              44.2919395
            ],
            [
              -78.2764284,
              44.294217
            ],
            [
              -78.2765809,
              44.2946752
            ],
            [
              -78.2767714,
              44.2950984
            ],
            [
              -78.2769012,
              44.2954975
            ],
            [
              -78.2730326,
              44.2964226
            ],
            [
              -78.273819,
              44.2990341
            ],
            [
              -78.2733028,
              44.2991614
            ],
            [
              -78.2746646,
              44.3016933
            ],
            [
              -78.2773225,
              44.3010554
            ],
            [
              -78.2804077,
              44.3002435
            ],
            [
              -78.2823801,
              44.2996934
            ],
            [
              -78.2823801,
              44.2996934
            ],
            [
              -78.2860422,
              44.3075701
            ],
            [
              -78.2895264,
              44.3151838
            ],
            [
              -78.2895873,
              44.3154471
            ],
            [
              -78.2916654,
              44.319609
            ],
            [
              -78.2930347,
              44.3223638
            ],
            [
              -78.2930347,
              44.3223638
            ],
            [
              -78.2930967,
              44.322489
            ],
            [
              -78.2981084,
              44.3212854
            ],
            [
              -78.3019716,
              44.3203508
            ],
            [
              -78.3038435,
              44.3198953
            ],
            [
              -78.2957038,
              44.3391852
            ],
            [
              -78.3008848,
              44.333019
            ],
            [
              -78.3034212,
              44.33
            ],
            [
              -78.3042834,
              44.3225122
            ],
            [
              -78.3042906,
              44.3214319
            ],
            [
              -78.3040315,
              44.3203634
            ],
            [
              -78.3039371,
              44.3200848
            ],
            [
              -78.3038435,
              44.3198953
            ],
            [
              -78.2683318,
              44.3458028
            ],
            [
              -78.2683364,
              44.3458018
            ],
            [
              -78.2770767,
              44.3437306
            ],
            [
              -78.2770963,
              44.3437717
            ],
            [
              -78.2857786,
              44.3416312
            ],
            [
              -78.2858047,
              44.3416238
            ],
            [
              -78.285847,
              44.3417114
            ],
            [
              -78.2933391,
              44.3398777
            ],
            [
              -78.2932883,
              44.3397765
            ],
            [
              -78.2957038,
              44.3391852
            ],
            [
              -78.2683318,
              44.3458028
            ],
            [
              -78.2690396,
              44.3473231
            ],
            [
              -78.271079,
              44.3514951
            ],
            [
              -78.27345,
              44.3562252
            ],
            [
              -78.27345,
              44.3562252
            ],
            [
              -78.2745332,
              44.3584467
            ],
            [
              -78.2762959,
              44.362378
            ],
            [
              -78.2777265,
              44.365356
            ],
            [
              -78.2790665,
              44.368251
            ],
            [
              -78.2804189,
              44.3711729
            ],
            [
              -78.2811882,
              44.3729917
            ],
            [
              -78.2825527,
              44.3759074
            ],
            [
              -78.2828869,
              44.3767207
            ],
            [
              -78.2828869,
              44.3767207
            ],
            [
              -78.2829371,
              44.3768139
            ],
            [
              -78.283668,
              44.3784864
            ]
          ]
        ]
      }
    },
    {
      "type": "Feature",
      "properties": {
        "name": "Kawartha Lakes"
      },
      "geometry": {
        "type": "Polygon",
        "coordinates": [
          [
            [
              -79.11369,
              44.5868686
            ],
            [
              -79.1138083,
              44.5871047
            ],
            [
              -79.1138083,
              44.5871047
            ],
            [
              -79.1145621,
              44.5887286
            ],
            [
              -79.1145621,
              44.5887286
            ],
            [
              -79.1195399,
              44.5996137
            ],
            [
              -79.1195399,
              44.5996137
            ],
            [
              -79.1206923,
              44.6021713
            ],
            [
              -79.1208547,
              44.6026061
            ],
            [
              -79.12108,
              44.6030419
            ],
            [
              -79.1229786,
              44.6074754
            ],
            [
              -79.1229786,
              44.6074754
            ],
            [
              -79.1234997,
              44.6085102
            ],
            [
              -79.1234997,
              44.6085102
            ],
            [
              -79.1236141,
              44.6088722
            ],
            [
              -79.1236141,
              44.6088722
            ],
            [
              -79.140088,
              44.6463319
            ],
            [
              -79.140088,
              44.6463319
            ],
            [
              -79.1401212,
              44.6464259
            ],
            [
              -79.1401212,
              44.6464259
            ],
            [
              -79.1401904,
              44.6465821
            ],
            [
              -79.1401904,
              44.6465821
            ],
            [
              -79.1428266,
              44.6525331
            ],
            [
              -79.1436748,
              44.6544104
            ],
            [
              -79.1439028,
              44.6547742
            ],
            [
              -79.1440652,
              44.655218
            ],
            [
              -79.1453889,
              44.6581253
            ],
            [
              -79.1453889,
              44.6581253
            ],
            [
              -79.1463516,
              44.6602515
            ],
            [
              -79.1468782,
              44.6615383
            ],
            [
              -79.1468782,
              44.6615383
            ],
            [
              -79.1485132,
              44.665652
            ],
            [
              -79.1499185,
              44.6690596
            ],
            [
              -79.1499185,
              44.6690596
            ],
            [
              -79.1511945,
              44.6721324
            ],
            [
              -79.1511945,
              44.6721324
            ],
            [
              -79.1513635,
              44.6725271
            ],
            [
              -79.1513635,
              44.6725271
            ],
            [
              -79.1514316,
              44.6726859
            ],
            [
              -79.1514316,
              44.6726859
            ],
            [
              -79.1529105,
              44.6761394
            ],
            [
              -79.1536284,
              44.6778157
            ],
            [
              -79.1548811,
              44.680834
            ],
            [
              -79.1548811,
              44.680834
            ],
            [
              -79.1571929,
              44.6859217
            ],
            [
              -79.1580517,
              44.6878891
            ],
            [
              -79.1580517,
              44.6878891
            ],
            [
              -79.1599129,
              44.6920782
            ],
            [
              -79.160128,
              44.6924597
            ],
            [
              -79.1604816,
              44.6932487
            ],
            [
              -79.1620513,
              44.6964557
            ],
            [
              -79.1620998,
              44.696545
            ],
            [
              -79.1620998,
              44.696545
            ],
            [
              -79.1621531,
              44.6966597
            ],
            [
              -79.1630203,
              44.6983759
            ],
            [
              -79.1630203,
              44.6983759
            ],
            [
              -79.1639583,
              44.7002454
            ],
            [
              -79.1648821,
              44.7021688
            ],
            [
              -79.1662171,
              44.705062
            ],
            [
              -79.1669679,
              44.7067542
            ],
            [
              -79.1670538,
              44.7069479
            ],
            [
              -79.1670538,
              44.7069479
            ],
            [
              -79.1678776,
              44.7088426
            ],
            [
              -79.1701554,
              44.7138754
            ],
            [
              -79.1701554,
              44.7138754
            ],
            [
              -79.1708535,
              44.715363
            ],
            [
              -79.1708535,
              44.715363
            ],
            [
              -79.171867,
              44.7176568
            ],
            [
              -79.1722821,
              44.7185097
            ],
            [
              -79.1738503,
              44.7219591
            ],
            [
              -79.1738503,
              44.7219591
            ],
            [
              -79.1741384,
              44.7226307
            ],
            [
              -79.1741783,
              44.7227204
            ],
            [
              -79.1741783,
              44.7227204
            ],
            [
              -79.1742531,
              44.7228889
            ],
            [
              -79.1742531,
              44.7228889
            ],
            [
              -79.1743035,
              44.7230024
            ],
            [
              -79.174517,
              44.7234379
            ],
            [
              -79.1745406,
              44.7234923
            ],
            [
              -79.1745492,
              44.7236185
            ],
            [
              -79.1745176,
              44.7237203
            ],
            [
              -79.1745176,
              44.7237203
            ],
            [
              -79.1860823,
              44.7484014
            ],
            [
              -79.1860823,
              44.7484014
            ],
            [
              -79.1866766,
              44.7487889
            ],
            [
              -79.1868491,
              44.7489267
            ],
            [
              -79.187055,
              44.749209
            ],
            [
              -79.1871484,
              44.7494536
            ],
            [
              -79.1872814,
              44.7500498
            ],
            [
              -79.1875265,
              44.7515031
            ],
            [
              -79.1886611,
              44.7548159
            ],
            [
              -79.1936515,
              44.7655626
            ],
            [
              -79.194321,
              44.7669866
            ],
            [
              -79.1936515,
              44.7655626
            ],
            [
              -79.194321,
              44.7669866
            ],
            [
              -79.2059846,
              44.7946573
            ],
            [
              -79.2059846,
              44.7946573
            ],
            [
              -79.2068105,
              44.7962508
            ],
            [
              -79.2068105,
              44.7962508
            ],
            [
              -79.2069037,
              44.7964672
            ],
            [
              -79.2072692,
              44.7973154
            ],
            [
              -79.2075045,
              44.7978459
            ],
            [
              -79.2075045,
              44.7978459
            ],
            [
              -79.207615,
              44.7980798
            ],
            [
              -79.2085137,
              44.7999863
            ],
            [
              -79.1198934,
              44.9500967
            ],
            [
              -79.1119478,
              44.9369015
            ],
            [
              -79.1064546,
              44.9262374
            ],
            [
              -79.0941797,
              44.9013621
            ],
            [
              -79.0795478,
              44.871531
            ],
            [
              -79.0716508,
              44.8571123
            ],
            [
              -79.0623038,
              44.8400414
            ],
            [
              -79.1240475,
              44.8233709
            ],
            [
              -79.1890213,
              44.8052872
            ],
            [
              -79.2085137,
              44.7999863
            ],
            [
              -78.9358653,
              44.9855012
            ],
            [
              -78.9417885,
              44.9839814
            ],
            [
              -79.0929345,
              44.9429793
            ],
            [
              -79.0996949,
              44.9552533
            ],
            [
              -79.1198934,
              44.9500967
            ],
            [
              -78.8559957,
              44.8357012
            ],
            [
              -78.884114,
              44.8869667
            ],
            [
              -78.8847812,
              44.8881701
            ],
            [
              -78.889397,
              44.8964945
            ],
            [
              -78.9077303,
              44.929546
            ],
            [
              -78.9219224,
              44.9547189
            ],
            [
              -78.9358653,
              44.9855012
            ],
            [
              -78.8559957,
              44.8357012
            ],
            [
              -78.849951,
              44.8245515
            ],
            [
              -78.8487619,
              44.8223598
            ],
            [
              -78.849951,
              44.8245515
            ],
            [
              -78.8487619,
              44.8223598
            ],
            [
              -78.8474412,
              44.8198609
            ],
            [
              -78.8466525,
              44.8184005
            ],
            [
              -78.8474412,
              44.8198609
            ],
            [
              -78.8466525,
              44.8184005
            ],
            [
              -78.8422748,
              44.810288
            ],
            [
              -78.8419138,
              44.8095549
            ],
            [
              -78.8422748,
              44.810288
            ],
            [
              -78.8419138,
              44.8095549
            ],
            [
              -78.8372876,
              44.8010037
            ],
            [
              -78.7033385,
              44.7822654
            ],
            [
              -78.8199039,
              44.75378
            ],
            [
              -78.8191958,
              44.7563399
            ],
            [
              -78.8179942,
              44.7586712
            ],
            [
              -78.8163205,
              44.7608195
            ],
            [
              -78.8148184,
              44.7636533
            ],
            [
              -78.8144245,
              44.7656697
            ],
            [
              -78.8130941,
              44.7680616
            ],
            [
              -78.8122787,
              44.7701334
            ],
            [
              -78.8108496,
              44.7720329
            ],
            [
              -78.8100117,
              44.7727455
            ],
            [
              -78.8096958,
              44.7733853
            ],
            [
              -78.8211358,
              44.7705265
            ],
            [
              -78.8243899,
              44.7764303
            ],
            [
              -78.8247168,
              44.7770234
            ],
            [
              -78.8291573,
              44.7850787
            ],
            [
              -78.8372876,
              44.8010037
            ],
            [
              -78.6961351,
              44.7840335
            ],
            [
              -78.6969164,
              44.7837997
            ],
            [
              -78.6984856,
              44.7834352
            ],
            [
              -78.7014216,
              44.7827112
            ],
            [
              -78.7018034,
              44.7826469
            ],
            [
              -78.7024933,
              44.7824627
            ],
            [
              -78.7032196,
              44.7823153
            ],
            [
              -78.7033354,
              44.7822636
            ],
            [
              -78.7033365,
              44.7822659
            ],
            [
              -78.7033385,
              44.7822654
            ],
            [
              -78.6961351,
              44.7840335
            ],
            [
              -78.6959569,
              44.7840864
            ],
            [
              -78.695148,
              44.7844031
            ],
            [
              -78.6947641,
              44.7845214
            ],
            [
              -78.6944202,
              44.7845865
            ],
            [
              -78.6938904,
              44.7845578
            ],
            [
              -78.6935981,
              44.7845969
            ],
            [
              -78.6929843,
              44.7847735
            ],
            [
              -78.6913887,
              44.7851644
            ],
            [
              -78.6913887,
              44.7851644
            ],
            [
              -78.6890782,
              44.7857298
            ],
            [
              -78.6883918,
              44.7858239
            ],
            [
              -78.6878177,
              44.7859563
            ],
            [
              -78.6869596,
              44.786236
            ],
            [
              -78.6866409,
              44.7863015
            ],
            [
              -78.6860524,
              44.7864787
            ],
            [
              -78.6824411,
              44.7873236
            ],
            [
              -78.6814188,
              44.7875999
            ],
            [
              -78.6807555,
              44.7877485
            ],
            [
              -78.679444,
              44.7879829
            ],
            [
              -78.6791994,
              44.7880949
            ],
            [
              -78.6789561,
              44.788171
            ],
            [
              -78.6786894,
              44.7882016
            ],
            [
              -78.6781113,
              44.7881178
            ],
            [
              -78.6777952,
              44.7881204
            ],
            [
              -78.6775151,
              44.7881687
            ],
            [
              -78.6772336,
              44.788253
            ],
            [
              -78.6770005,
              44.7883923
            ],
            [
              -78.6766219,
              44.7886907
            ],
            [
              -78.6764151,
              44.7888035
            ],
            [
              -78.6761603,
              44.7888523
            ],
            [
              -78.6756057,
              44.788814
            ],
            [
              -78.6753516,
              44.7888449
            ],
            [
              -78.6751285,
              44.7890474
            ],
            [
              -78.6748229,
              44.7891041
            ],
            [
              -78.6739527,
              44.7896806
            ],
            [
              -78.6736723,
              44.7897379
            ],
            [
              -78.6733562,
              44.7897404
            ],
            [
              -78.6725258,
              44.7896425
            ],
            [
              -78.6719779,
              44.7897483
            ],
            [
              -78.67071,
              44.7901546
            ],
            [
              -78.670583,
              44.79017
            ],
            [
              -78.6704025,
              44.7902563
            ],
            [
              -78.6702748,
              44.7902897
            ],
            [
              -78.669842,
              44.7903619
            ],
            [
              -78.6696374,
              44.7904207
            ],
            [
              -78.6692318,
              44.7904485
            ],
            [
              -78.6689391,
              44.7904965
            ],
            [
              -78.6680173,
              44.7907838
            ],
            [
              -78.6676221,
              44.7908657
            ],
            [
              -78.6674669,
              44.7909526
            ],
            [
              -78.6670569,
              44.7910882
            ],
            [
              -78.6666884,
              44.7911347
            ],
            [
              -78.6649935,
              44.7914691
            ],
            [
              -78.6645748,
              44.7915056
            ],
            [
              -78.6642208,
              44.7915073
            ],
            [
              -78.6638642,
              44.791572
            ],
            [
              -78.6635697,
              44.791665
            ],
            [
              -78.6627341,
              44.792008
            ],
            [
              -78.6622082,
              44.7921953
            ],
            [
              -78.6589516,
              44.7928957
            ],
            [
              -78.6550362,
              44.7938528
            ],
            [
              -78.6589516,
              44.7928957
            ],
            [
              -78.6494629,
              44.7821395
            ],
            [
              -78.6550362,
              44.7938528
            ],
            [
              -78.6488484,
              44.7806051
            ],
            [
              -78.649024,
              44.7809508
            ],
            [
              -78.6493655,
              44.7818757
            ],
            [
              -78.6494629,
              44.7821395
            ],
            [
              -78.6477427,
              44.7779537
            ],
            [
              -78.6478303,
              44.7782886
            ],
            [
              -78.6481848,
              44.7792051
            ],
            [
              -78.6486275,
              44.7801325
            ],
            [
              -78.6487295,
              44.7804226
            ],
            [
              -78.6488484,
              44.7806051
            ],
            [
              -78.645905,
              44.7740359
            ],
            [
              -78.6477427,
              44.7779537
            ],
            [
              -78.6442813,
              44.7704555
            ],
            [
              -78.6455644,
              44.7733987
            ],
            [
              -78.645905,
              44.7740359
            ],
            [
              -78.6379044,
              44.7563883
            ],
            [
              -78.6392068,
              44.7591519
            ],
            [
              -78.6401951,
              44.7615669
            ],
            [
              -78.6404527,
              44.7620674
            ],
            [
              -78.6411688,
              44.7637206
            ],
            [
              -78.6442813,
              44.7704555
            ],
            [
              -78.6346793,
              44.7490387
            ],
            [
              -78.6351049,
              44.7500647
            ],
            [
              -78.6352856,
              44.7505906
            ],
            [
              -78.6362333,
              44.7527528
            ],
            [
              -78.6379044,
              44.7563883
            ],
            [
              -78.6302699,
              44.7397829
            ],
            [
              -78.6340241,
              44.7474497
            ],
            [
              -78.6346793,
              44.7490387
            ],
            [
              -78.6223048,
              44.72272
            ],
            [
              -78.627305,
              44.7335277
            ],
            [
              -78.6294077,
              44.7380096
            ],
            [
              -78.6302699,
              44.7397829
            ],
            [
              -78.6221541,
              44.7223928
            ],
            [
              -78.6223048,
              44.72272
            ],
            [
              -78.6172503,
              44.7114338
            ],
            [
              -78.6199652,
              44.7175759
            ],
            [
              -78.6221541,
              44.7223928
            ],
            [
              -78.6153315,
              44.7068205
            ],
            [
              -78.6154622,
              44.7073274
            ],
            [
              -78.6172503,
              44.7114338
            ],
            [
              -78.6153315,
              44.7068205
            ],
            [
              -78.6089991,
              44.6923023
            ],
            [
              -78.5990725,
              44.6698762
            ],
            [
              -78.6014044,
              44.6751196
            ],
            [
              -78.6015983,
              44.6756188
            ],
            [
              -78.6040709,
              44.6811351
            ],
            [
              -78.6042526,
              44.6816251
            ],
            [
              -78.6087816,
              44.691931
            ],
            [
              -78.6088445,
              44.6920741
            ],
            [
              -78.6089991,
              44.6923023
            ],
            [
              -78.5965983,
              44.6644227
            ],
            [
              -78.5990725,
              44.6698762
            ],
            [
              -78.5931515,
              44.6568781
            ],
            [
              -78.5941812,
              44.6591234
            ],
            [
              -78.5946695,
              44.660124
            ],
            [
              -78.5953009,
              44.6616317
            ],
            [
              -78.5965983,
              44.6644227
            ],
            [
              -78.5913937,
              44.6530331
            ],
            [
              -78.5931515,
              44.6568781
            ],
            [
              -78.5911158,
              44.652433
            ],
            [
              -78.5913937,
              44.6530331
            ],
            [
              -78.5810621,
              44.6306648
            ],
            [
              -78.5813512,
              44.631278
            ],
            [
              -78.5828413,
              44.6342534
            ],
            [
              -78.5830101,
              44.6347431
            ],
            [
              -78.5911158,
              44.652433
            ],
            [
              -78.5806097,
              44.6297049
            ],
            [
              -78.5810621,
              44.6306648
            ],
            [
              -78.5752381,
              44.6182299
            ],
            [
              -78.5784602,
              44.6253111
            ],
            [
              -78.5806097,
              44.6297049
            ],
            [
              -78.5634784,
              44.5920164
            ],
            [
              -78.5668665,
              44.5992817
            ],
            [
              -78.5689215,
              44.6037816
            ],
            [
              -78.5706446,
              44.6077884
            ],
            [
              -78.5716736,
              44.610313
            ],
            [
              -78.5732406,
              44.6138392
            ],
            [
              -78.5752381,
              44.6182299
            ],
            [
              -78.5513877,
              44.5661277
            ],
            [
              -78.5533842,
              44.5701676
            ],
            [
              -78.556784,
              44.5773974
            ],
            [
              -78.558095,
              44.5803783
            ],
            [
              -78.5601477,
              44.5849054
            ],
            [
              -78.5634784,
              44.5920164
            ],
            [
              -78.5438541,
              44.5505251
            ],
            [
              -78.5475765,
              44.5582317
            ],
            [
              -78.5513877,
              44.5661277
            ],
            [
              -78.5438541,
              44.5505251
            ],
            [
              -78.5285905,
              44.5537807
            ],
            [
              -78.5259297,
              44.546135
            ],
            [
              -78.51769,
              44.5471748
            ],
            [
              -78.51872,
              44.5395894
            ],
            [
              -78.5170258,
              44.5352087
            ],
            [
              -78.5018971,
              44.4960761
            ],
            [
              -78.4946058,
              44.4709693
            ],
            [
              -78.4942633,
              44.4646448
            ],
            [
              -78.4942633,
              44.4646448
            ],
            [
              -78.4933999,
              44.448701
            ],
            [
              -78.4902242,
              44.4358936
            ],
            [
              -78.48626,
              44.4217963
            ],
            [
              -78.4817016,
              44.4121079
            ],
            [
              -78.4844384,
              44.417993
            ],
            [
              -78.48626,
              44.4217963
            ],
            [
              -78.4799862,
              44.408478
            ],
            [
              -78.4817016,
              44.4121079
            ],
            [
              -78.4761995,
              44.3998688
            ],
            [
              -78.4793988,
              44.4072407
            ],
            [
              -78.4799862,
              44.408478
            ],
            [
              -78.4708613,
              44.3879572
            ],
            [
              -78.4709262,
              44.3881358
            ],
            [
              -78.4710559,
              44.3883918
            ],
            [
              -78.4712313,
              44.3887308
            ],
            [
              -78.4714221,
              44.389147
            ],
            [
              -78.4716052,
              44.389559
            ],
            [
              -78.4717427,
              44.3898834
            ],
            [
              -78.4719181,
              44.3902224
            ],
            [
              -78.4720936,
              44.3905659
            ],
            [
              -78.472208,
              44.3908218
            ],
            [
              -78.4723071,
              44.3910579
            ],
            [
              -78.4724369,
              44.3913483
            ],
            [
              -78.4725819,
              44.3916494
            ],
            [
              -78.4727116,
              44.391951
            ],
            [
              -78.4728488,
              44.3922484
            ],
            [
              -78.473032,
              44.3926412
            ],
            [
              -78.473177,
              44.3929693
            ],
            [
              -78.4733372,
              44.3933392
            ],
            [
              -78.4734821,
              44.393633
            ],
            [
              -78.473589,
              44.3939038
            ],
            [
              -78.4737491,
              44.3942855
            ],
            [
              -78.4738789,
              44.3945944
            ],
            [
              -78.4739934,
              44.3948424
            ],
            [
              -78.4741384,
              44.3951666
            ],
            [
              -78.4742756,
              44.3954758
            ],
            [
              -78.4744129,
              44.3958036
            ],
            [
              -78.4745732,
              44.3961583
            ],
            [
              -78.4747258,
              44.3964789
            ],
            [
              -78.4748632,
              44.3968298
            ],
            [
              -78.4750233,
              44.397158
            ],
            [
              -78.4751683,
              44.3975126
            ],
            [
              -78.4753057,
              44.397814
            ],
            [
              -78.4754355,
              44.3981043
            ],
            [
              -78.4755345,
              44.3983939
            ],
            [
              -78.4756567,
              44.3986687
            ],
            [
              -78.4757864,
              44.3989393
            ],
            [
              -78.4759466,
              44.3992794
            ],
            [
              -78.4760764,
              44.3995421
            ],
            [
              -78.4761995,
              44.3998688
            ],
            [
              -78.464998,
              44.3760426
            ],
            [
              -78.4651615,
              44.3763253
            ],
            [
              -78.4660362,
              44.3781632
            ],
            [
              -78.4708613,
              44.3879572
            ],
            [
              -78.4619244,
              44.3696592
            ],
            [
              -78.4619994,
              44.3698179
            ],
            [
              -78.4621596,
              44.3701534
            ],
            [
              -78.4622894,
              44.3704167
            ],
            [
              -78.4624419,
              44.3707103
            ],
            [
              -78.4626327,
              44.3711265
            ],
            [
              -78.4627396,
              44.3713095
            ],
            [
              -78.4627853,
              44.3714088
            ],
            [
              -78.4629608,
              44.371794
            ],
            [
              -78.4631439,
              44.3721755
            ],
            [
              -78.4632965,
              44.3724843
            ],
            [
              -78.4634644,
              44.3728314
            ],
            [
              -78.463617,
              44.3731402
            ],
            [
              -78.4637696,
              44.3734225
            ],
            [
              -78.4638687,
              44.3736592
            ],
            [
              -78.464006,
              44.3739223
            ],
            [
              -78.4641587,
              44.3742772
            ],
            [
              -78.4643036,
              44.3745783
            ],
            [
              -78.4645631,
              44.3750971
            ],
            [
              -78.4647918,
              44.3755437
            ],
            [
              -78.464998,
              44.3760426
            ],
            [
              -78.4533562,
              44.3515751
            ],
            [
              -78.4619244,
              44.3696592
            ],
            [
              -78.4502562,
              44.3449429
            ],
            [
              -78.4506202,
              44.3458063
            ],
            [
              -78.4519442,
              44.3485457
            ],
            [
              -78.4533562,
              44.3515751
            ],
            [
              -78.4502562,
              44.3449429
            ],
            [
              -78.4446082,
              44.3323028
            ],
            [
              -78.4423082,
              44.3272187
            ],
            [
              -78.4424706,
              44.3275401
            ],
            [
              -78.4425642,
              44.3277254
            ],
            [
              -78.4427009,
              44.3279927
            ],
            [
              -78.4443321,
              44.3317294
            ],
            [
              -78.4446082,
              44.3323028
            ],
            [
              -78.4417649,
              44.3260506
            ],
            [
              -78.4423082,
              44.3272187
            ],
            [
              -78.4417649,
              44.3260506
            ],
            [
              -78.4380327,
              44.3174376
            ],
            [
              -78.4368441,
              44.3148814
            ],
            [
              -78.4348097,
              44.3106599
            ],
            [
              -78.4344741,
              44.3099733
            ],
            [
              -78.4339875,
              44.3091823
            ],
            [
              -78.4336748,
              44.3086718
            ],
            [
              -78.4334742,
              44.308357
            ],
            [
              -78.4325078,
              44.3068312
            ],
            [
              -78.4323594,
              44.3065361
            ],
            [
              -78.4319728,
              44.3056496
            ],
            [
              -78.4319728,
              44.3056496
            ],
            [
              -78.4318152,
              44.305284
            ],
            [
              -78.4318152,
              44.305284
            ],
            [
              -78.4311604,
              44.303927
            ],
            [
              -78.4305606,
              44.3025912
            ],
            [
              -78.4291109,
              44.2991592
            ],
            [
              -78.4275287,
              44.2957493
            ],
            [
              -78.4273897,
              44.2954422
            ],
            [
              -78.4272414,
              44.2951017
            ],
            [
              -78.4270942,
              44.2946012
            ],
            [
              -78.4268602,
              44.2934244
            ],
            [
              -78.42678,
              44.2931289
            ],
            [
              -78.4266345,
              44.2927129
            ],
            [
              -78.426315,
              44.2920227
            ],
            [
              -78.4255208,
              44.2904408
            ],
            [
              -78.4590673,
              44.2821198
            ],
            [
              -78.4521696,
              44.2836856
            ],
            [
              -78.4495729,
              44.2843209
            ],
            [
              -78.4476746,
              44.2847466
            ],
            [
              -78.4417584,
              44.2862077
            ],
            [
              -78.4413539,
              44.2862886
            ],
            [
              -78.4402489,
              44.286624
            ],
            [
              -78.4332023,
              44.2884193
            ],
            [
              -78.4305038,
              44.2891599
            ],
            [
              -78.4294728,
              44.2894428
            ],
            [
              -78.4255208,
              44.2904408
            ],
            [
              -78.4851313,
              44.2760169
            ],
            [
              -78.4835734,
              44.2764057
            ],
            [
              -78.4775857,
              44.2778029
            ],
            [
              -78.4764337,
              44.2780937
            ],
            [
              -78.4700339,
              44.2796199
            ],
            [
              -78.4669175,
              44.2803153
            ],
            [
              -78.4638138,
              44.281028
            ],
            [
              -78.4612804,
              44.2816559
            ],
            [
              -78.4590673,
              44.2821198
            ],
            [
              -78.5010835,
              44.2721847
            ],
            [
              -78.4982978,
              44.2728491
            ],
            [
              -78.4931329,
              44.2740862
            ],
            [
              -78.4902449,
              44.274815
            ],
            [
              -78.4851313,
              44.2760169
            ],
            [
              -78.5018449,
              44.2720067
            ],
            [
              -78.5017291,
              44.2720328
            ],
            [
              -78.5010835,
              44.2721847
            ],
            [
              -78.5423069,
              44.2625514
            ],
            [
              -78.5413952,
              44.2627839
            ],
            [
              -78.5365009,
              44.2638847
            ],
            [
              -78.5314649,
              44.2650724
            ],
            [
              -78.5277593,
              44.2659015
            ],
            [
              -78.5232161,
              44.2669824
            ],
            [
              -78.5177776,
              44.2681967
            ],
            [
              -78.5134624,
              44.2692101
            ],
            [
              -78.5104103,
              44.2699809
            ],
            [
              -78.5091577,
              44.2702686
            ],
            [
              -78.5042326,
              44.2714755
            ],
            [
              -78.5018449,
              44.2720067
            ],
            [
              -78.5428644,
              44.2624014
            ],
            [
              -78.5423069,
              44.2625514
            ],
            [
              -78.5826319,
              44.2530193
            ],
            [
              -78.5786239,
              44.2540455
            ],
            [
              -78.5710222,
              44.2558286
            ],
            [
              -78.5596605,
              44.2585573
            ],
            [
              -78.5555746,
              44.2595142
            ],
            [
              -78.5444064,
              44.2620744
            ],
            [
              -78.5428644,
              44.2624014
            ],
            [
              -78.5847418,
              44.2530192
            ],
            [
              -78.5841957,
              44.2530297
            ],
            [
              -78.5837988,
              44.2530144
            ],
            [
              -78.5835091,
              44.2530067
            ],
            [
              -78.5826319,
              44.2530193
            ],
            [
              -78.5802661,
              44.2431588
            ],
            [
              -78.581015,
              44.2435623
            ],
            [
              -78.583026,
              44.2476221
            ],
            [
              -78.5832778,
              44.2482062
            ],
            [
              -78.584735,
              44.2513418
            ],
            [
              -78.5844068,
              44.2516965
            ],
            [
              -78.5842023,
              44.2520971
            ],
            [
              -78.5841025,
              44.2522119
            ],
            [
              -78.5840622,
              44.2523103
            ],
            [
              -78.5840925,
              44.2524414
            ],
            [
              -78.5841626,
              44.2525279
            ],
            [
              -78.5846969,
              44.2528713
            ],
            [
              -78.5847351,
              44.2529972
            ],
            [
              -78.5847418,
              44.2530192
            ],
            [
              -78.5775968,
              44.2369632
            ],
            [
              -78.5791287,
              44.240438
            ],
            [
              -78.5802661,
              44.2431588
            ],
            [
              -78.5745508,
              44.2303354
            ],
            [
              -78.5775968,
              44.2369632
            ],
            [
              -78.5740223,
              44.2291808
            ],
            [
              -78.5745508,
              44.2303354
            ],
            [
              -78.5736048,
              44.2282567
            ],
            [
              -78.5740223,
              44.2291808
            ],
            [
              -78.5720139,
              44.2247357
            ],
            [
              -78.5736048,
              44.2282567
            ],
            [
              -78.5712487,
              44.2229458
            ],
            [
              -78.571291,
              44.2231358
            ],
            [
              -78.5720139,
              44.2247357
            ],
            [
              -78.5680209,
              44.2161697
            ],
            [
              -78.5682053,
              44.2162266
            ],
            [
              -78.5683349,
              44.2165354
            ],
            [
              -78.5684342,
              44.2168063
            ],
            [
              -78.5684952,
              44.2169057
            ],
            [
              -78.5687469,
              44.2174166
            ],
            [
              -78.5688157,
              44.2175619
            ],
            [
              -78.5688843,
              44.2176993
            ],
            [
              -78.5689453,
              44.217779
            ],
            [
              -78.5689834,
              44.217825
            ],
            [
              -78.569037,
              44.2178819
            ],
            [
              -78.5690523,
              44.2179281
            ],
            [
              -78.569037,
              44.2179888
            ],
            [
              -78.5690217,
              44.218054
            ],
            [
              -78.5690217,
              44.2181074
            ],
            [
              -78.5690293,
              44.2181342
            ],
            [
              -78.5690675,
              44.2181797
            ],
            [
              -78.5691362,
              44.2182445
            ],
            [
              -78.5691895,
              44.2182789
            ],
            [
              -78.5692658,
              44.2184351
            ],
            [
              -78.5695252,
              44.2189272
            ],
            [
              -78.5698228,
              44.2194997
            ],
            [
              -78.569983,
              44.2198661
            ],
            [
              -78.5700441,
              44.2199992
            ],
            [
              -78.5701128,
              44.2201901
            ],
            [
              -78.5701661,
              44.2203538
            ],
            [
              -78.5701966,
              44.22048
            ],
            [
              -78.5702042,
              44.2206441
            ],
            [
              -78.570273,
              44.2208079
            ],
            [
              -78.5703645,
              44.2209795
            ],
            [
              -78.5704103,
              44.2210979
            ],
            [
              -78.5705019,
              44.2213229
            ],
            [
              -78.5705935,
              44.2215136
            ],
            [
              -78.5706621,
              44.2216623
            ],
            [
              -78.5707459,
              44.221815
            ],
            [
              -78.5707918,
              44.2218878
            ],
            [
              -78.5707993,
              44.221945
            ],
            [
              -78.5708224,
              44.2220247
            ],
            [
              -78.5708299,
              44.2221241
            ],
            [
              -78.57083,
              44.2222158
            ],
            [
              -78.5708758,
              44.2223224
            ],
            [
              -78.5709673,
              44.2224866
            ],
            [
              -78.5710588,
              44.2226317
            ],
            [
              -78.5711351,
              44.2227346
            ],
            [
              -78.5712266,
              44.2228606
            ],
            [
              -78.5712487,
              44.2229458
            ],
            [
              -78.5626555,
              44.2039556
            ],
            [
              -78.5680199,
              44.2159268
            ],
            [
              -78.5680401,
              44.2160443
            ],
            [
              -78.5680209,
              44.2161697
            ],
            [
              -78.555083,
              44.1864269
            ],
            [
              -78.5626555,
              44.2039556
            ],
            [
              -78.55448,
              44.1849736
            ],
            [
              -78.555083,
              44.1864269
            ],
            [
              -78.5533367,
              44.1823399
            ],
            [
              -78.55448,
              44.1849736
            ],
            [
              -78.5522145,
              44.1794697
            ],
            [
              -78.5533367,
              44.1823399
            ],
            [
              -78.5431721,
              44.1581661
            ],
            [
              -78.5438319,
              44.1595669
            ],
            [
              -78.5444027,
              44.1607789
            ],
            [
              -78.5456105,
              44.1635796
            ],
            [
              -78.5460693,
              44.1645174
            ],
            [
              -78.5459807,
              44.1647328
            ],
            [
              -78.5452272,
              44.1652864
            ],
            [
              -78.5451295,
              44.1655253
            ],
            [
              -78.5451632,
              44.165773
            ],
            [
              -78.545369,
              44.1660799
            ],
            [
              -78.5463193,
              44.167004
            ],
            [
              -78.5465903,
              44.1670792
            ],
            [
              -78.5468611,
              44.167088
            ],
            [
              -78.5470686,
              44.1671301
            ],
            [
              -78.5473092,
              44.1674796
            ],
            [
              -78.5476819,
              44.1683343
            ],
            [
              -78.5486206,
              44.1707417
            ],
            [
              -78.5494175,
              44.1725845
            ],
            [
              -78.5522145,
              44.1794697
            ],
            [
              -78.5431721,
              44.1581661
            ],
            [
              -78.5361828,
              44.1427612
            ],
            [
              -78.5328309,
              44.1352884
            ],
            [
              -78.5340173,
              44.1377178
            ],
            [
              -78.5361828,
              44.1427612
            ],
            [
              -78.5320559,
              44.1334955
            ],
            [
              -78.5320853,
              44.1336613
            ],
            [
              -78.5328309,
              44.1352884
            ],
            [
              -78.5313493,
              44.1320796
            ],
            [
              -78.5320559,
              44.1334955
            ],
            [
              -78.530687,
              44.1306415
            ],
            [
              -78.5313493,
              44.1320796
            ],
            [
              -78.5276156,
              44.1239668
            ],
            [
              -78.530687,
              44.1306415
            ],
            [
              -78.5273305,
              44.1233124
            ],
            [
              -78.5276156,
              44.1239668
            ],
            [
              -78.5250727,
              44.1184198
            ],
            [
              -78.5273305,
              44.1233124
            ],
            [
              -78.521775,
              44.1112089
            ],
            [
              -78.5250727,
              44.1184198
            ],
            [
              -78.5209854,
              44.1094721
            ],
            [
              -78.521775,
              44.1112089
            ],
            [
              -78.5207504,
              44.108946
            ],
            [
              -78.5209854,
              44.1094721
            ],
            [
              -78.5162698,
              44.0987774
            ],
            [
              -78.5167304,
              44.0999446
            ],
            [
              -78.5170815,
              44.100724
            ],
            [
              -78.5179329,
              44.1027048
            ],
            [
              -78.5194755,
              44.1060658
            ],
            [
              -78.5199457,
              44.1071448
            ],
            [
              -78.5207504,
              44.108946
            ],
            [
              -78.5162698,
              44.0987774
            ],
            [
              -78.5523748,
              44.0904633
            ],
            [
              -78.5727865,
              44.0857779
            ],
            [
              -78.5854089,
              44.0828763
            ],
            [
              -78.5868144,
              44.0825488
            ],
            [
              -78.6250815,
              44.0737507
            ],
            [
              -78.6297083,
              44.0727948
            ],
            [
              -78.6745066,
              44.0626885
            ],
            [
              -78.6787176,
              44.0617094
            ],
            [
              -78.6883736,
              44.059381
            ],
            [
              -78.692641,
              44.0583614
            ],
            [
              -78.7032089,
              44.0804409
            ],
            [
              -78.6988986,
              44.0715885
            ],
            [
              -78.6957711,
              44.0651093
            ],
            [
              -78.692641,
              44.0583614
            ],
            [
              -78.766649,
              44.2198044
            ],
            [
              -78.7656366,
              44.2174679
            ],
            [
              -78.7653744,
              44.2168627
            ],
            [
              -78.7645268,
              44.2149287
            ],
            [
              -78.7536532,
              44.1905821
            ],
            [
              -78.7516817,
              44.1864509
            ],
            [
              -78.7490612,
              44.1802958
            ],
            [
              -78.7463254,
              44.174271
            ],
            [
              -78.7434058,
              44.1679396
            ],
            [
              -78.7424985,
              44.1658833
            ],
            [
              -78.7351888,
              44.1499806
            ],
            [
              -78.7270618,
              44.1317756
            ],
            [
              -78.7258172,
              44.1291342
            ],
            [
              -78.7240577,
              44.1254493
            ],
            [
              -78.7201417,
              44.1170503
            ],
            [
              -78.7178966,
              44.1122015
            ],
            [
              -78.7153378,
              44.1066511
            ],
            [
              -78.7145224,
              44.1048465
            ],
            [
              -78.7101504,
              44.0953775
            ],
            [
              -78.7074575,
              44.0894904
            ],
            [
              -78.7063068,
              44.0870417
            ],
            [
              -78.704322,
              44.0827973
            ],
            [
              -78.7032089,
              44.0804409
            ],
            [
              -78.766649,
              44.2198044
            ],
            [
              -78.7676021,
              44.2223533
            ],
            [
              -78.7715504,
              44.2195238
            ],
            [
              -78.7827083,
              44.2123264
            ],
            [
              -78.8503429,
              44.1605038
            ],
            [
              -78.8481113,
              44.2062972
            ],
            [
              -78.857381,
              44.2174939
            ],
            [
              -78.8740322,
              44.2217998
            ],
            [
              -78.9052746,
              44.2010056
            ],
            [
              -78.9233848,
              44.1583486
            ],
            [
              -78.9339513,
              44.1803805
            ],
            [
              -78.9350134,
              44.1827579
            ],
            [
              -78.935684,
              44.1842697
            ],
            [
              -78.936789,
              44.1868394
            ],
            [
              -78.936832,
              44.1870163
            ],
            [
              -78.9367569,
              44.1871048
            ],
            [
              -78.9371967,
              44.1881434
            ],
            [
              -78.9373738,
              44.1887281
            ],
            [
              -78.937988,
              44.190057
            ],
            [
              -78.9389992,
              44.1923129
            ],
            [
              -78.9419872,
              44.1986013
            ],
            [
              -78.9424431,
              44.1996089
            ],
            [
              -78.9446801,
              44.2042122
            ],
            [
              -78.9460883,
              44.2070444
            ],
            [
              -78.9477003,
              44.2104493
            ],
            [
              -78.94869,
              44.2126218
            ],
            [
              -78.952321,
              44.2207091
            ],
            [
              -78.952321,
              44.2207091
            ],
            [
              -78.9538901,
              44.2242805
            ],
            [
              -78.9567538,
              44.2310728
            ],
            [
              -78.9574834,
              44.2327651
            ],
            [
              -78.9589191,
              44.2360593
            ],
            [
              -78.9627321,
              44.2453656
            ],
            [
              -78.9640189,
              44.2485069
            ],
            [
              -78.9678397,
              44.257862
            ],
            [
              -78.9689538,
              44.260653
            ],
            [
              -78.972633,
              44.2702293
            ],
            [
              -78.9737282,
              44.2731573
            ],
            [
              -78.9777229,
              44.282582
            ],
            [
              -78.9787629,
              44.2850367
            ],
            [
              -78.9825257,
              44.2936425
            ],
            [
              -78.9833296,
              44.2953157
            ],
            [
              -78.9839981,
              44.2969031
            ],
            [
              -78.9850416,
              44.2992272
            ],
            [
              -78.9850416,
              44.2992272
            ],
            [
              -78.9874187,
              44.3047331
            ],
            [
              -78.9885191,
              44.3072518
            ],
            [
              -78.9890577,
              44.3084347
            ],
            [
              -78.9890577,
              44.3084347
            ],
            [
              -78.9894822,
              44.3094553
            ],
            [
              -78.9940264,
              44.3195846
            ],
            [
              -78.9942781,
              44.3200928
            ],
            [
              -78.999485,
              44.3314415
            ],
            [
              -78.999658,
              44.3317915
            ],
            [
              -79.0034432,
              44.3403138
            ],
            [
              -79.0047704,
              44.3433015
            ],
            [
              -79.0052424,
              44.3443458
            ],
            [
              -79.0101975,
              44.355289
            ],
            [
              -79.0107559,
              44.3564233
            ],
            [
              -79.0107559,
              44.3564233
            ],
            [
              -79.0109899,
              44.356953
            ],
            [
              -79.0152823,
              44.3666674
            ],
            [
              -79.0161384,
              44.368474
            ],
            [
              -79.0171894,
              44.3706924
            ],
            [
              -79.020653,
              44.378002
            ],
            [
              -79.0220407,
              44.3809308
            ],
            [
              -79.0220407,
              44.3809308
            ],
            [
              -79.0258231,
              44.3889537
            ],
            [
              -79.0260168,
              44.3894065
            ],
            [
              -79.0260168,
              44.3894065
            ],
            [
              -79.027723,
              44.3932095
            ],
            [
              -79.0331153,
              44.4053905
            ],
            [
              -79.0377314,
              44.4158182
            ],
            [
              -79.0395008,
              44.4198151
            ],
            [
              -79.0438466,
              44.4296321
            ],
            [
              -79.0491672,
              44.4414528
            ],
            [
              -79.0491672,
              44.4414528
            ],
            [
              -79.0511409,
              44.4461788
            ],
            [
              -79.0543436,
              44.4534266
            ],
            [
              -79.0543436,
              44.4534266
            ],
            [
              -79.0551976,
              44.4553407
            ],
            [
              -79.0551976,
              44.4553407
            ],
            [
              -79.0552795,
              44.4555221
            ],
            [
              -79.0552795,
              44.4555221
            ],
            [
              -79.0587189,
              44.4632841
            ],
            [
              -79.0595482,
              44.4651556
            ],
            [
              -79.0595482,
              44.4651556
            ],
            [
              -79.061185,
              44.4688745
            ],
            [
              -79.061185,
              44.4688745
            ],
            [
              -79.0683499,
              44.4849126
            ],
            [
              -79.0698039,
              44.4881062
            ],
            [
              -79.0701364,
              44.4888643
            ],
            [
              -79.072939,
              44.4952532
            ],
            [
              -79.072939,
              44.4952532
            ],
            [
              -79.0750322,
              44.5000599
            ],
            [
              -79.0755238,
              44.5011755
            ],
            [
              -79.0755238,
              44.5011755
            ],
            [
              -79.0771278,
              44.5048036
            ],
            [
              -79.080939,
              44.5136668
            ],
            [
              -79.080939,
              44.5136668
            ],
            [
              -79.0813879,
              44.5147649
            ],
            [
              -79.0813879,
              44.5147649
            ],
            [
              -79.0814058,
              44.514823
            ],
            [
              -79.0814058,
              44.514823
            ],
            [
              -79.0817417,
              44.5156303
            ],
            [
              -79.0820563,
              44.5162947
            ],
            [
              -79.0820563,
              44.5162947
            ],
            [
              -79.082223,
              44.5166827
            ],
            [
              -79.082223,
              44.5166827
            ],
            [
              -79.0823202,
              44.5168647
            ],
            [
              -79.0823297,
              44.5168825
            ],
            [
              -79.0823297,
              44.5168825
            ],
            [
              -79.0826006,
              44.5174452
            ],
            [
              -79.0826006,
              44.5174452
            ],
            [
              -79.083106,
              44.518534
            ],
            [
              -79.084815,
              44.5224428
            ],
            [
              -79.0858717,
              44.5247562
            ],
            [
              -79.0858717,
              44.5247562
            ],
            [
              -79.0859913,
              44.5249473
            ],
            [
              -79.0879366,
              44.5293371
            ],
            [
              -79.0880203,
              44.5294736
            ],
            [
              -79.0880203,
              44.5294736
            ],
            [
              -79.0930065,
              44.5408445
            ],
            [
              -79.0930065,
              44.5408445
            ],
            [
              -79.0930946,
              44.5410453
            ],
            [
              -79.0931645,
              44.5412017
            ],
            [
              -79.0933458,
              44.5416529
            ],
            [
              -79.1010636,
              44.5588793
            ],
            [
              -79.0933458,
              44.5416529
            ],
            [
              -79.1010636,
              44.5588793
            ],
            [
              -79.1011694,
              44.5589693
            ],
            [
              -79.1013013,
              44.5591696
            ],
            [
              -79.102684,
              44.5623435
            ],
            [
              -79.1033191,
              44.5637224
            ],
            [
              -79.1034708,
              44.564094
            ],
            [
              -79.103479,
              44.5642292
            ],
            [
              -79.103479,
              44.5642292
            ],
            [
              -79.1037222,
              44.5648814
            ],
            [
              -79.1046581,
              44.5670846
            ],
            [
              -79.1058071,
              44.5697054
            ],
            [
              -79.1085729,
              44.5756839
            ],
            [
              -79.1085729,
              44.5756839
            ],
            [
              -79.1118072,
              44.5827684
            ],
            [
              -79.1118072,
              44.5827684
            ],
            [
              -79.11369,
              44.5868686
            ]
          ]
        ]
      }
    }
  ]
}