{
  "type": "FeatureCollection",
  "features": [
    {
      "type": "Feature",
      "properties": {
        "name": "Financial District"
      },
      "geometry": {
        "type": "Polygon",
        "coordinates": [
          [
            [
              -79.3834332,
              43.6451086
            ],
            [
              -79.3827445,
              43.6452514
            ],
            [
              -79.3825323,
              43.6452892
            ],
            [
              -79.3825323,
              43.6452892
            ],
            [
              -79.3823133,
              43.6453247
            ],
            [
              -79.3813611,
              43.6455606
            ],
            [
              -79.3817635,
              43.6454755
            ],
            [
              -79.3822178,
              43.6453828
            ],
            [
              -79.3823133,
              43.6453247
            ],
            [
              -79.3802392,
              43.645809
            ],
            [
              -79.3804377,
              43.645766
            ],
            [
              -79.3813611,
              43.6455606
            ],
            [
              -79.3800252,
              43.6458556
            ],
            [
              -79.3802392,
              43.645809
            ],
            [
              -79.3791296,
              43.6460454
            ],
            [
              -79.3792758,
              43.6460134
            ],
            [
              -79.3800252,
              43.6458556
            ],
            [
              -79.3785868,
              43.646172
            ],
            [
              -79.3789889,
              43.6460806
            ],
            [
              -79.3791296,
              43.6460454
            ],
            [
              -79.3782103,
              43.6462545
            ],
            [
              -79.3784449,
              43.646204
            ],
            [
              -79.3785868,
              43.646172
            ],
            [
              -79.3777873,
              43.6464004
            ],
            [
              -79.3779103,
              43.646348
            ],
            [
              -79.378074,
              43.6462878
            ],
            [
              -79.3782103,
              43.6462545
            ],
            [
              -79.3769687,
              43.6468448
            ],
            [
              -79.3770658,
              43.6468347
            ],
            [
              -79.377177,
              43.6467937
            ],
            [
              -79.3774578,
              43.6465786
            ],
            [
              -79.3775582,
              43.6465112
            ],
            [
              -79.3777873,
              43.6464004
            ],
            [
              -79.3769687,
              43.6468448
            ],
            [
              -79.376943,
              43.6468684
            ],
            [
              -79.376943,
              43.6468684
            ],
            [
              -79.3769798,
              43.6469843
            ],
            [
              -79.3773152,
              43.6477703
            ],
            [
              -79.3773465,
              43.647847
            ],
            [
              -79.3773465,
              43.647847
            ],
            [
              -79.3773522,
              43.6478606
            ],
            [
              -79.3773767,
              43.647922
            ],
            [
              -79.3776314,
              43.6485317
            ],
            [
              -79.3776314,
              43.6485317
            ],
            [
              -79.3778661,
              43.6490951
            ],
            [
              -79.3778901,
              43.6491559
            ],
            [
              -79.3778952,
              43.6491687
            ],
            [
              -79.3778952,
              43.6491687
            ],
            [
              -79.3779004,
              43.6491815
            ],
            [
              -79.3779273,
              43.6492466
            ],
            [
              -79.3783956,
              43.6503527
            ],
            [
              -79.3784186,
              43.6504076
            ],
            [
              -79.3784274,
              43.6504286
            ],
            [
              -79.3784274,
              43.6504286
            ],
            [
              -79.3784608,
              43.6505034
            ],
            [
              -79.3786887,
              43.6510544
            ],
            [
              -79.3786887,
              43.6510544
            ],
            [
              -79.3787385,
              43.6511707
            ],
            [
              -79.3787403,
              43.6511749
            ],
            [
              -79.3789274,
              43.6516249
            ],
            [
              -79.378957,
              43.651693
            ],
            [
              -79.378957,
              43.651693
            ],
            [
              -79.3789659,
              43.6517139
            ],
            [
              -79.3789789,
              43.6517445
            ],
            [
              -79.3789935,
              43.6517788
            ],
            [
              -79.3792298,
              43.6523454
            ],
            [
              -79.3792553,
              43.6524079
            ],
            [
              -79.3792612,
              43.6524224
            ],
            [
              -79.3799717,
              43.6522679
            ],
            [
              -79.3793646,
              43.6524006
            ],
            [
              -79.3792612,
              43.6524224
            ],
            [
              -79.3807081,
              43.6521127
            ],
            [
              -79.3799717,
              43.6522679
            ],
            [
              -79.3817339,
              43.6518893
            ],
            [
              -79.381484,
              43.651944
            ],
            [
              -79.3808009,
              43.6520925
            ],
            [
              -79.3807081,
              43.6521127
            ],
            [
              -79.3824571,
              43.6517374
            ],
            [
              -79.3820424,
              43.6518248
            ],
            [
              -79.3817339,
              43.6518893
            ],
            [
              -79.3844198,
              43.6513105
            ],
            [
              -79.3843028,
              43.651336
            ],
            [
              -79.3836874,
              43.6514695
            ],
            [
              -79.3824571,
              43.6517374
            ],
            [
              -79.3849099,
              43.6512075
            ],
            [
              -79.3848088,
              43.6512288
            ],
            [
              -79.3845398,
              43.6512853
            ],
            [
              -79.384458,
              43.6513025
            ],
            [
              -79.3844198,
              43.6513105
            ],
            [
              -79.3864385,
              43.6508759
            ],
            [
              -79.3863015,
              43.6509053
            ],
            [
              -79.3850155,
              43.6511844
            ],
            [
              -79.385006,
              43.6511865
            ],
            [
              -79.3849099,
              43.6512075
            ],
            [
              -79.3866205,
              43.6508369
            ],
            [
              -79.3864385,
              43.6508759
            ],
            [
              -79.3867757,
              43.6508031
            ],
            [
              -79.3866205,
              43.6508369
            ],
            [
              -79.3867757,
              43.6508031
            ],
            [
              -79.3867697,
              43.6507891
            ],
            [
              -79.3867387,
              43.6507171
            ],
            [
              -79.3865053,
              43.6501738
            ],
            [
              -79.3864907,
              43.6501441
            ],
            [
              -79.3864715,
              43.650105
            ],
            [
              -79.3864436,
              43.6500485
            ],
            [
              -79.3864436,
              43.6500485
            ],
            [
              -79.386424,
              43.6500109
            ],
            [
              -79.3864023,
              43.6499722
            ],
            [
              -79.3861528,
              43.6496218
            ],
            [
              -79.385868,
              43.6492716
            ],
            [
              -79.3856143,
              43.6489431
            ],
            [
              -79.385519,
              43.6488807
            ],
            [
              -79.385519,
              43.6488807
            ],
            [
              -79.3855055,
              43.6488595
            ],
            [
              -79.3854762,
              43.6488135
            ],
            [
              -79.3854624,
              43.6487881
            ],
            [
              -79.3853235,
              43.6485398
            ],
            [
              -79.3851746,
              43.6482719
            ],
            [
              -79.3851746,
              43.6482719
            ],
            [
              -79.3848572,
              43.6477381
            ],
            [
              -79.3848222,
              43.6476778
            ],
            [
              -79.3848141,
              43.6476639
            ],
            [
              -79.3848141,
              43.6476639
            ],
            [
              -79.3848071,
              43.6476519
            ],
            [
              -79.3847715,
              43.6475902
            ],
            [
              -79.384168,
              43.6465404
            ],
            [
              -79.384168,
              43.6465404
            ],
            [
              -79.3841299,
              43.6464741
            ],
            [
              -79.3840855,
              43.646388
            ],
            [
              -79.3840855,
              43.646388
            ],
            [
              -79.3840449,
              43.6463158
            ],
            [
              -79.3837797,
              43.6458695
            ],
            [
              -79.3837797,
              43.6458695
            ],
            [
              -79.3837888,
              43.6458065
            ],
            [
              -79.3837881,
              43.6457561
            ],
            [
              -79.3837811,
              43.6457157
            ],
            [
              -79.3837704,
              43.6456822
            ],
            [
              -79.3837704,
              43.6456822
            ],
            [
              -79.3837496,
              43.6456242
            ],
            [
              -79.3836986,
              43.6455357
            ],
            [
              -79.3835984,
              43.6453569
            ],
            [
              -79.3835242,
              43.6452268
            ],
            [
              -79.3835013,
              43.6452104
            ],
            [
              -79.3834758,
              43.6451936
            ],
            [
              -79.3834758,
              43.6451936
            ],
            [
              -79.3834332,
              43.6451086
            ]
          ]
        ]
      }
    },
    {
      "type": "Feature",
      "properties": {
        "name": "Parkdale"
      },
      "geometry": {
        "type": "Polygon",
        "coordinates": [
          [
            [
              -79.4292922,
              43.6425696
            ],
            [
              -79.4299194,
              43.6428826
            ],
            [
              -79.4301103,
              43.642975
            ],
            [
              -79.4302322,
              43.6430341
            ],
            [
              -79.4304296,
              43.6431296
            ],
            [
              -79.4306751,
              43.6432526
            ],
            [
              -79.4307131,
              43.6432717
            ],
            [
              -79.4307255,
              43.6432779
            ],
            [
              -79.430984,
              43.643397
            ],
            [
              -79.431215,
              43.6435056
            ],
            [
              -79.4315084,
              43.6436435
            ],
            [
              -79.4316431,
              43.6437016
            ],
            [
              -79.4318549,
              43.6437993
            ],
            [
              -79.4319316,
              43.6438347
            ],
            [
              -79.4322762,
              43.6439966
            ],
            [
              -79.432504,
              43.6440982
            ],
            [
              -79.4328084,
              43.644243
            ],
            [
              -79.4330116,
              43.6443396
            ],
            [
              -79.4333286,
              43.6444903
            ],
            [
              -79.4286157,
              43.642228
            ],
            [
              -79.4288062,
              43.6423333
            ],
            [
              -79.4292922,
              43.6425696
            ],
            [
              -79.4286157,
              43.642228
            ],
            [
              -79.4286115,
              43.6422136
            ],
            [
              -79.4285925,
              43.6421514
            ],
            [
              -79.4285881,
              43.6421364
            ],
            [
              -79.4284575,
              43.6418069
            ],
            [
              -79.4283586,
              43.641554
            ],
            [
              -79.4281715,
              43.6410677
            ],
            [
              -79.4279824,
              43.6405763
            ],
            [
              -79.4279665,
              43.6405355
            ],
            [
              -79.4279395,
              43.6404685
            ],
            [
              -79.4279076,
              43.6403886
            ],
            [
              -79.4276474,
              43.6397286
            ],
            [
              -79.4275476,
              43.6394533
            ],
            [
              -79.4274844,
              43.6392841
            ],
            [
              -79.4273869,
              43.6390308
            ],
            [
              -79.4273838,
              43.6390235
            ],
            [
              -79.4273802,
              43.6390144
            ],
            [
              -79.4273571,
              43.6389559
            ],
            [
              -79.4273517,
              43.6389421
            ],
            [
              -79.4273517,
              43.6389421
            ],
            [
              -79.4273466,
              43.6389288
            ],
            [
              -79.4273244,
              43.6388694
            ],
            [
              -79.4273234,
              43.6388666
            ],
            [
              -79.4273233,
              43.6388664
            ],
            [
              -79.427175,
              43.6384651
            ],
            [
              -79.4268626,
              43.6376612
            ],
            [
              -79.4267601,
              43.6373933
            ],
            [
              -79.4266673,
              43.6371526
            ],
            [
              -79.4266367,
              43.6370732
            ],
            [
              -79.4265976,
              43.6369724
            ],
            [
              -79.4263503,
              43.6363208
            ],
            [
              -79.4260617,
              43.635571
            ],
            [
              -79.4259694,
              43.6353293
            ],
            [
              -79.425801,
              43.6348829
            ],
            [
              -79.4256528,
              43.6344964
            ],
            [
              -79.4256749,
              43.6345559
            ],
            [
              -79.4257049,
              43.6346363
            ],
            [
              -79.4257717,
              43.6348066
            ],
            [
              -79.425801,
              43.6348829
            ],
            [
              -79.4256528,
              43.6344964
            ],
            [
              -79.4256453,
              43.6344769
            ],
            [
              -79.4256208,
              43.634416
            ],
            [
              -79.4256108,
              43.6343879
            ],
            [
              -79.4317786,
              43.6335413
            ],
            [
              -79.4313163,
              43.6334543
            ],
            [
              -79.4303745,
              43.6334739
            ],
            [
              -79.4293419,
              43.6335651
            ],
            [
              -79.428181,
              43.6337332
            ],
            [
              -79.427357,
              43.6338757
            ],
            [
              -79.4265041,
              43.6340912
            ],
            [
              -79.425749,
              43.634264
            ],
            [
              -79.4256108,
              43.6343879
            ],
            [
              -79.4345976,
              43.6337796
            ],
            [
              -79.4345889,
              43.633817
            ],
            [
              -79.4345701,
              43.6338364
            ],
            [
              -79.434544,
              43.6338505
            ],
            [
              -79.4345172,
              43.6338539
            ],
            [
              -79.4342664,
              43.6338097
            ],
            [
              -79.4337803,
              43.6337359
            ],
            [
              -79.4332365,
              43.6336518
            ],
            [
              -79.4330674,
              43.6336306
            ],
            [
              -79.4328234,
              43.6336088
            ],
            [
              -79.4323091,
              43.633566
            ],
            [
              -79.4321086,
              43.6335525
            ],
            [
              -79.4318604,
              43.6335384
            ],
            [
              -79.4317786,
              43.6335413
            ],
            [
              -79.4348853,
              43.6338495
            ],
            [
              -79.4345976,
              43.6337796
            ],
            [
              -79.4348853,
              43.6338495
            ],
            [
              -79.4348994,
              43.633884
            ],
            [
              -79.4349222,
              43.6339223
            ],
            [
              -79.4349483,
              43.6339466
            ],
            [
              -79.4349899,
              43.6339616
            ],
            [
              -79.4352635,
              43.6340257
            ],
            [
              -79.4355686,
              43.634099
            ],
            [
              -79.4358717,
              43.6341737
            ],
            [
              -79.4359696,
              43.6342033
            ],
            [
              -79.4360554,
              43.6342402
            ],
            [
              -79.4361453,
              43.6342679
            ],
            [
              -79.436276,
              43.6343178
            ],
            [
              -79.4363163,
              43.6343475
            ],
            [
              -79.4363303,
              43.6343688
            ],
            [
              -79.4364169,
              43.6343979
            ],
            [
              -79.4365483,
              43.6344486
            ],
            [
              -79.436962,
              43.6345916
            ],
            [
              -79.4370009,
              43.6345896
            ],
            [
              -79.4376195,
              43.6348304
            ],
            [
              -79.4376545,
              43.634844
            ],
            [
              -79.4377848,
              43.6347799
            ],
            [
              -79.4412781,
              43.6365244
            ],
            [
              -79.4412163,
              43.6363715
            ],
            [
              -79.4403556,
              43.6359575
            ],
            [
              -79.4400776,
              43.6358426
            ],
            [
              -79.439804,
              43.6357275
            ],
            [
              -79.4395785,
              43.6356277
            ],
            [
              -79.4395416,
              43.6356607
            ],
            [
              -79.4393366,
              43.6355696
            ],
            [
              -79.439129,
              43.6354716
            ],
            [
              -79.438745,
              43.6352919
            ],
            [
              -79.4381059,
              43.6350176
            ],
            [
              -79.438161,
              43.635023
            ],
            [
              -79.4382025,
              43.6350191
            ],
            [
              -79.4382186,
              43.6349997
            ],
            [
              -79.4382206,
              43.6349371
            ],
            [
              -79.4377848,
              43.6347799
            ],
            [
              -79.4422901,
              43.637045
            ],
            [
              -79.4420186,
              43.6368871
            ],
            [
              -79.4417625,
              43.6367274
            ],
            [
              -79.4416505,
              43.6366631
            ],
            [
              -79.4415638,
              43.6366221
            ],
            [
              -79.4414533,
              43.6365773
            ],
            [
              -79.4413708,
              43.6365501
            ],
            [
              -79.4412781,
              43.6365244
            ],
            [
              -79.445101,
              43.6381718
            ],
            [
              -79.4450743,
              43.6381605
            ],
            [
              -79.4450451,
              43.6381497
            ],
            [
              -79.4449609,
              43.6381183
            ],
            [
              -79.4447924,
              43.6380574
            ],
            [
              -79.4446136,
              43.637997
            ],
            [
              -79.4444327,
              43.6379358
            ],
            [
              -79.4440466,
              43.6378053
            ],
            [
              -79.4439957,
              43.6377879
            ],
            [
              -79.4439273,
              43.637763
            ],
            [
              -79.4436538,
              43.6376638
            ],
            [
              -79.4433912,
              43.6375595
            ],
            [
              -79.4432624,
              43.6375068
            ],
            [
              -79.4431358,
              43.6374549
            ],
            [
              -79.4428333,
              43.6373214
            ],
            [
              -79.4425949,
              43.6372099
            ],
            [
              -79.4425494,
              43.6371878
            ],
            [
              -79.4423102,
              43.637056
            ],
            [
              -79.4422901,
              43.637045
            ],
            [
              -79.4454377,
              43.6383155
            ],
            [
              -79.445386,
              43.638293
            ],
            [
              -79.445101,
              43.6381718
            ],
            [
              -79.4460859,
              43.6387465
            ],
            [
              -79.4460828,
              43.6387358
            ],
            [
              -79.4460628,
              43.6386769
            ],
            [
              -79.4460465,
              43.6386397
            ],
            [
              -79.4459714,
              43.6385112
            ],
            [
              -79.445941,
              43.6384798
            ],
            [
              -79.4459045,
              43.6384573
            ],
            [
              -79.4458609,
              43.6384354
            ],
            [
              -79.4457867,
              43.6384131
            ],
            [
              -79.4456273,
              43.6383701
            ],
            [
              -79.4455036,
              43.6383372
            ],
            [
              -79.4454377,
              43.6383155
            ],
            [
              -79.4461741,
              43.6389771
            ],
            [
              -79.4461405,
              43.6388894
            ],
            [
              -79.4461254,
              43.6388505
            ],
            [
              -79.4461251,
              43.6388497
            ],
            [
              -79.4461152,
              43.638823
            ],
            [
              -79.4460923,
              43.6387631
            ],
            [
              -79.4460859,
              43.6387465
            ],
            [
              -79.4462633,
              43.6392106
            ],
            [
              -79.4461741,
              43.6389771
            ],
            [
              -79.4463293,
              43.6393907
            ],
            [
              -79.4463048,
              43.6393232
            ],
            [
              -79.4462683,
              43.6392228
            ],
            [
              -79.4462633,
              43.6392106
            ],
            [
              -79.4463769,
              43.6395168
            ],
            [
              -79.4463611,
              43.6394766
            ],
            [
              -79.4463293,
              43.6393907
            ],
            [
              -79.4465109,
              43.6398375
            ],
            [
              -79.4464798,
              43.6397721
            ],
            [
              -79.4464132,
              43.6396074
            ],
            [
              -79.4463769,
              43.6395168
            ],
            [
              -79.4466895,
              43.6401942
            ],
            [
              -79.4466307,
              43.6400691
            ],
            [
              -79.4465582,
              43.6399368
            ],
            [
              -79.4465109,
              43.6398375
            ],
            [
              -79.4468226,
              43.6405373
            ],
            [
              -79.4466895,
              43.6401942
            ],
            [
              -79.4470263,
              43.6410636
            ],
            [
              -79.4470045,
              43.6410086
            ],
            [
              -79.4468542,
              43.6406192
            ],
            [
              -79.4468226,
              43.6405373
            ],
            [
              -79.4472213,
              43.6415787
            ],
            [
              -79.4471899,
              43.6414964
            ],
            [
              -79.4471182,
              43.6413085
            ],
            [
              -79.4470263,
              43.6410636
            ],
            [
              -79.4477013,
              43.6428192
            ],
            [
              -79.4473505,
              43.6419121
            ],
            [
              -79.4472213,
              43.6415787
            ],
            [
              -79.4478659,
              43.6432495
            ],
            [
              -79.4477229,
              43.6428765
            ],
            [
              -79.4477013,
              43.6428192
            ],
            [
              -79.4480049,
              43.6436092
            ],
            [
              -79.4478659,
              43.6432495
            ],
            [
              -79.4483662,
              43.6445443
            ],
            [
              -79.4482522,
              43.6442493
            ],
            [
              -79.4482083,
              43.6441359
            ],
            [
              -79.4480401,
              43.6437007
            ],
            [
              -79.4480049,
              43.6436092
            ],
            [
              -79.4487139,
              43.6454438
            ],
            [
              -79.4485783,
              43.6450979
            ],
            [
              -79.4485532,
              43.6450339
            ],
            [
              -79.4484822,
              43.6448407
            ],
            [
              -79.4483954,
              43.6446156
            ],
            [
              -79.4483662,
              43.6445443
            ],
            [
              -79.4487139,
              43.6454438
            ],
            [
              -79.448697,
              43.6454472
            ],
            [
              -79.4486114,
              43.6454642
            ],
            [
              -79.44821,
              43.6455485
            ],
            [
              -79.4475769,
              43.6456718
            ],
            [
              -79.4470466,
              43.6457758
            ],
            [
              -79.4464946,
              43.6458843
            ],
            [
              -79.4454432,
              43.6460949
            ],
            [
              -79.4444467,
              43.6462909
            ],
            [
              -79.4441405,
              43.6463546
            ],
            [
              -79.4436032,
              43.6464596
            ],
            [
              -79.4435249,
              43.6464747
            ],
            [
              -79.4435249,
              43.6464747
            ],
            [
              -79.4434673,
              43.6464851
            ],
            [
              -79.442945,
              43.6465838
            ],
            [
              -79.4427781,
              43.6466193
            ],
            [
              -79.4427328,
              43.6466272
            ],
            [
              -79.4426801,
              43.6466377
            ],
            [
              -79.4420609,
              43.6467577
            ],
            [
              -79.4413142,
              43.6469075
            ],
            [
              -79.4406153,
              43.6470358
            ],
            [
              -79.4405809,
              43.6470421
            ],
            [
              -79.4405001,
              43.6470579
            ],
            [
              -79.4333286,
              43.6444903
            ],
            [
              -79.4334198,
              43.6445404
            ],
            [
              -79.4337222,
              43.6446823
            ],
            [
              -79.4337313,
              43.6446685
            ],
            [
              -79.4337575,
              43.6446814
            ],
            [
              -79.4340224,
              43.6447963
            ],
            [
              -79.4350724,
              43.6452913
            ],
            [
              -79.4356183,
              43.6455474
            ],
            [
              -79.4357067,
              43.6455868
            ],
            [
              -79.4357161,
              43.6455757
            ],
            [
              -79.4360152,
              43.6457159
            ],
            [
              -79.4362874,
              43.6458416
            ],
            [
              -79.4371411,
              43.6462246
            ],
            [
              -79.437442,
              43.6463728
            ],
            [
              -79.4392894,
              43.6472826
            ],
            [
              -79.4405001,
              43.6470579
            ]
          ]
        ]
      }
    },
    {
      "type": "Feature",
      "properties": {
        "name": "Little Portugal"
      },
      "geometry": {
        "type": "Polygon",
        "coordinates": [
          [
            [
              -79.4389311,
              43.647729
            ],
            [
              -79.4388909,
              43.6477087
            ],
            [
              -79.4386149,
              43.6475602
            ],
            [
              -79.4385811,
              43.6475428
            ],
            [
              -79.4380825,
              43.6472837
            ],
            [
              -79.4377673,
              43.6471323
            ],
            [
              -79.4377258,
              43.6471308
            ],
            [
              -79.4372926,
              43.6469299
            ],
            [
              -79.4371095,
              43.646847
            ],
            [
              -79.4367937,
              43.6466941
            ],
            [
              -79.4366794,
              43.646648
            ],
            [
              -79.4366351,
              43.6466206
            ],
            [
              -79.4364068,
              43.6465131
            ],
            [
              -79.4363149,
              43.6464714
            ],
            [
              -79.4357906,
              43.6462205
            ],
            [
              -79.4357077,
              43.6461825
            ],
            [
              -79.4353016,
              43.6460085
            ],
            [
              -79.4389311,
              43.647729
            ],
            [
              -79.4391079,
              43.6478094
            ],
            [
              -79.439414,
              43.6487615
            ],
            [
              -79.4393804,
              43.6486312
            ],
            [
              -79.4391436,
              43.6479829
            ],
            [
              -79.4391212,
              43.647897
            ],
            [
              -79.4391079,
              43.6478094
            ],
            [
              -79.4394978,
              43.6491795
            ],
            [
              -79.4394964,
              43.6491637
            ],
            [
              -79.4394653,
              43.6489726
            ],
            [
              -79.4394296,
              43.6488218
            ],
            [
              -79.439414,
              43.6487615
            ],
            [
              -79.4396172,
              43.6497977
            ],
            [
              -79.4395825,
              43.6496709
            ],
            [
              -79.439549,
              43.6495173
            ],
            [
              -79.4395309,
              43.649402
            ],
            [
              -79.4395149,
              43.6493142
            ],
            [
              -79.4395062,
              43.6492577
            ],
            [
              -79.4394978,
              43.6491795
            ],
            [
              -79.439709,
              43.6500848
            ],
            [
              -79.4396172,
              43.6497977
            ],
            [
              -79.4397252,
              43.6501675
            ],
            [
              -79.439722,
              43.6501541
            ],
            [
              -79.439709,
              43.6500848
            ],
            [
              -79.4398378,
              43.6505052
            ],
            [
              -79.4397587,
              43.6502882
            ],
            [
              -79.4397497,
              43.6502609
            ],
            [
              -79.4397263,
              43.6501818
            ],
            [
              -79.4397252,
              43.6501675
            ],
            [
              -79.4400175,
              43.6509768
            ],
            [
              -79.4400107,
              43.650959
            ],
            [
              -79.4399705,
              43.6508555
            ],
            [
              -79.439942,
              43.6507785
            ],
            [
              -79.4399161,
              43.6507088
            ],
            [
              -79.4398928,
              43.6506496
            ],
            [
              -79.4398563,
              43.6505537
            ],
            [
              -79.4398378,
              43.6505052
            ],
            [
              -79.4400175,
              43.6509768
            ],
            [
              -79.4399285,
              43.6510391
            ],
            [
              -79.4398381,
              43.6510891
            ],
            [
              -79.4398108,
              43.6511017
            ],
            [
              -79.439759,
              43.6511204
            ],
            [
              -79.4397377,
              43.6511258
            ],
            [
              -79.4397066,
              43.6511332
            ],
            [
              -79.4396118,
              43.6511538
            ],
            [
              -79.4396118,
              43.6511538
            ],
            [
              -79.4395681,
              43.6511626
            ],
            [
              -79.4387743,
              43.6513216
            ],
            [
              -79.4382648,
              43.651425
            ],
            [
              -79.437565,
              43.6515665
            ],
            [
              -79.437565,
              43.6515665
            ],
            [
              -79.4368841,
              43.6517037
            ],
            [
              -79.4363526,
              43.6518005
            ],
            [
              -79.4364591,
              43.6517837
            ],
            [
              -79.4365241,
              43.6517732
            ],
            [
              -79.4368841,
              43.6517037
            ],
            [
              -79.4363526,
              43.6518005
            ],
            [
              -79.4362119,
              43.65182
            ],
            [
              -79.4360293,
              43.6518523
            ],
            [
              -79.4358294,
              43.6518916
            ],
            [
              -79.4354271,
              43.6519721
            ],
            [
              -79.435111,
              43.6520363
            ],
            [
              -79.4346218,
              43.6521355
            ],
            [
              -79.4345476,
              43.6521504
            ],
            [
              -79.4345476,
              43.6521504
            ],
            [
              -79.4331191,
              43.65244
            ],
            [
              -79.4326457,
              43.6525353
            ],
            [
              -79.432546,
              43.6525556
            ],
            [
              -79.432546,
              43.6525556
            ],
            [
              -79.4324379,
              43.6525761
            ],
            [
              -79.4322125,
              43.6526218
            ],
            [
              -79.431686,
              43.652726
            ],
            [
              -79.431686,
              43.652726
            ],
            [
              -79.4311627,
              43.6528362
            ],
            [
              -79.4310673,
              43.6528549
            ],
            [
              -79.4310673,
              43.6528549
            ],
            [
              -79.4309293,
              43.6528802
            ],
            [
              -79.4308685,
              43.6528914
            ],
            [
              -79.4308685,
              43.6528914
            ],
            [
              -79.4307581,
              43.6529109
            ],
            [
              -79.4306925,
              43.6529195
            ],
            [
              -79.43063,
              43.652925
            ],
            [
              -79.4305804,
              43.6529264
            ],
            [
              -79.4304838,
              43.6529255
            ],
            [
              -79.430428,
              43.6529199
            ],
            [
              -79.4303416,
              43.6529085
            ],
            [
              -79.4302518,
              43.6528905
            ],
            [
              -79.4301512,
              43.6528731
            ],
            [
              -79.4300687,
              43.6528633
            ],
            [
              -79.4299943,
              43.6528594
            ],
            [
              -79.4299277,
              43.6528645
            ],
            [
              -79.4298065,
              43.6528857
            ],
            [
              -79.4297137,
              43.6529052
            ],
            [
              -79.4296377,
              43.6529212
            ],
            [
              -79.4296377,
              43.6529212
            ],
            [
              -79.4295253,
              43.6529449
            ],
            [
              -79.4294337,
              43.652965
            ],
            [
              -79.4294337,
              43.652965
            ],
            [
              -79.4288034,
              43.6530977
            ],
            [
              -79.4281796,
              43.6532294
            ],
            [
              -79.4281796,
              43.6532294
            ],
            [
              -79.4277112,
              43.6533289
            ],
            [
              -79.4277112,
              43.6533289
            ],
            [
              -79.4272474,
              43.6534248
            ],
            [
              -79.4272474,
              43.6534248
            ],
            [
              -79.426878,
              43.6535033
            ],
            [
              -79.4264841,
              43.6535869
            ],
            [
              -79.4263878,
              43.6536102
            ],
            [
              -79.4263878,
              43.6536102
            ],
            [
              -79.4263817,
              43.6535965
            ],
            [
              -79.4263579,
              43.653543
            ],
            [
              -79.4262539,
              43.653283
            ],
            [
              -79.426044,
              43.6527314
            ],
            [
              -79.4258823,
              43.6523272
            ],
            [
              -79.4258534,
              43.6522556
            ],
            [
              -79.4257353,
              43.6519597
            ],
            [
              -79.4256298,
              43.651699
            ],
            [
              -79.4255205,
              43.6514508
            ],
            [
              -79.4255136,
              43.6514312
            ],
            [
              -79.4252746,
              43.6508191
            ],
            [
              -79.4252372,
              43.6507167
            ],
            [
              -79.4250419,
              43.6502335
            ],
            [
              -79.424934,
              43.6499613
            ],
            [
              -79.4248816,
              43.6498221
            ],
            [
              -79.4248816,
              43.6498221
            ],
            [
              -79.4248217,
              43.6496713
            ],
            [
              -79.4247619,
              43.6495304
            ],
            [
              -79.4247216,
              43.6494535
            ],
            [
              -79.4247137,
              43.6494381
            ],
            [
              -79.4247137,
              43.6494381
            ],
            [
              -79.4247077,
              43.6494246
            ],
            [
              -79.4246734,
              43.6493577
            ],
            [
              -79.4240611,
              43.6478156
            ],
            [
              -79.4237708,
              43.6470809
            ],
            [
              -79.4235969,
              43.6466356
            ],
            [
              -79.423426,
              43.6461868
            ],
            [
              -79.4234048,
              43.6461368
            ],
            [
              -79.4230857,
              43.6453602
            ],
            [
              -79.4225143,
              43.643857
            ],
            [
              -79.4224013,
              43.6435531
            ],
            [
              -79.4223775,
              43.6434941
            ],
            [
              -79.4223723,
              43.6434812
            ],
            [
              -79.4223723,
              43.6434812
            ],
            [
              -79.4223674,
              43.6434653
            ],
            [
              -79.4223391,
              43.6434025
            ],
            [
              -79.4222226,
              43.6431262
            ],
            [
              -79.4221894,
              43.6430325
            ],
            [
              -79.4216549,
              43.641582
            ],
            [
              -79.4216293,
              43.6415078
            ],
            [
              -79.4216275,
              43.6415023
            ],
            [
              -79.4216275,
              43.6415023
            ],
            [
              -79.4217146,
              43.6414883
            ],
            [
              -79.4219619,
              43.6414387
            ],
            [
              -79.4222355,
              43.6413838
            ],
            [
              -79.4227479,
              43.6412773
            ],
            [
              -79.4228328,
              43.6412596
            ],
            [
              -79.4228328,
              43.6412596
            ],
            [
              -79.4232465,
              43.6410726
            ],
            [
              -79.4232465,
              43.6410726
            ],
            [
              -79.423295,
              43.641063
            ],
            [
              -79.4232945,
              43.6410263
            ],
            [
              -79.4233287,
              43.6410226
            ],
            [
              -79.4233718,
              43.6409931
            ],
            [
              -79.4235208,
              43.6410149
            ],
            [
              -79.423669,
              43.6410372
            ],
            [
              -79.4236811,
              43.6410231
            ],
            [
              -79.4240881,
              43.6411163
            ],
            [
              -79.4242631,
              43.6411401
            ],
            [
              -79.4243221,
              43.6411658
            ],
            [
              -79.4251656,
              43.6413949
            ],
            [
              -79.4259515,
              43.6416607
            ],
            [
              -79.4264585,
              43.6418791
            ],
            [
              -79.4266386,
              43.6419613
            ],
            [
              -79.4267777,
              43.6420067
            ],
            [
              -79.4269587,
              43.6420921
            ],
            [
              -79.4270756,
              43.6421514
            ],
            [
              -79.4270975,
              43.6421625
            ],
            [
              -79.4271336,
              43.6421801
            ],
            [
              -79.4273372,
              43.6422791
            ],
            [
              -79.4275193,
              43.6423523
            ],
            [
              -79.4275193,
              43.6423523
            ],
            [
              -79.427822,
              43.6424716
            ],
            [
              -79.4278815,
              43.6424951
            ],
            [
              -79.4284029,
              43.6427081
            ],
            [
              -79.4286678,
              43.6428181
            ],
            [
              -79.4289128,
              43.6429331
            ],
            [
              -79.4316118,
              43.6441644
            ],
            [
              -79.4340015,
              43.6453937
            ],
            [
              -79.4345728,
              43.6456625
            ],
            [
              -79.435183,
              43.6459493
            ],
            [
              -79.4352976,
              43.6459986
            ],
            [
              -79.4353016,
              43.6460085
            ]
          ]
        ]
      }
    },
    {
      "type": "Feature",
      "properties": {
        "name": "Junction Triangle"
      },
      "geometry": {
        "type": "Polygon",
        "coordinates": [
          [
            [
              -79.445207,
              43.6578158
            ],
            [
              -79.4490239,
              43.6672609
            ],
            [
              -79.4490239,
              43.6672609
            ],
            [
              -79.4502121,
              43.6671693
            ],
            [
              -79.4508451,
              43.6671246
            ],
            [
              -79.4516364,
              43.6671149
            ],
            [
              -79.4596501,
              43.6671746
            ],
            [
              -79.4597906,
              43.6670597
            ],
            [
              -79.4597906,
              43.6670597
            ],
            [
              -79.4573414,
              43.6645111
            ],
            [
              -79.4559739,
              43.6631422
            ],
            [
              -79.4559739,
              43.6631422
            ],
            [
              -79.4545734,
              43.6617403
            ],
            [
              -79.452024,
              43.6591814
            ],
            [
              -79.4500163,
              43.6570891
            ],
            [
              -79.4498264,
              43.6568854
            ],
            [
              -79.4498264,
              43.6568854
            ],
            [
              -79.4494638,
              43.6564777
            ],
            [
              -79.4439825,
              43.6509096
            ],
            [
              -79.4439825,
              43.6509096
            ],
            [
              -79.4437212,
              43.6506442
            ],
            [
              -79.4429433,
              43.6499494
            ],
            [
              -79.4418316,
              43.6491042
            ],
            [
              -79.4410189,
              43.6485355
            ],
            [
              -79.4410189,
              43.6485355
            ],
            [
              -79.4407976,
              43.648684
            ],
            [
              -79.4407976,
              43.648684
            ],
            [
              -79.4414493,
              43.6494118
            ],
            [
              -79.4418839,
              43.6500173
            ],
            [
              -79.4421656,
              43.6504926
            ],
            [
              -79.4421656,
              43.6504926
            ],
            [
              -79.4423774,
              43.6508499
            ],
            [
              -79.442769,
              43.651731
            ],
            [
              -79.443748,
              43.6541723
            ],
            [
              -79.4448262,
              43.6568494
            ],
            [
              -79.4451711,
              43.6577268
            ],
            [
              -79.4451711,
              43.6577268
            ],
            [
              -79.4451912,
              43.6577767
            ],
            [
              -79.445207,
              43.6578158
            ]
          ]
        ]
      }
    },
    {
      "type": "Feature",
      "properties": {
        "name": "Junction Area"
      },
      "geometry": {
        "type": "Polygon",
        "coordinates": [
          [
            [
              -79.4597906,
              43.6670597
            ],
            [
              -79.4573414,
              43.6645111
            ],
            [
              -79.4559739,
              43.6631422
            ],
            [
              -79.4559739,
              43.6631422
            ],
            [
              -79.4692807,
              43.6602624
            ],
            [
              -79.4692807,
              43.6602624
            ],
            [
              -79.4701507,
              43.6609292
            ],
            [
              -79.4701949,
              43.6610044
            ],
            [
              -79.4702318,
              43.6611072
            ],
            [
              -79.4708148,
              43.6625359
            ],
            [
              -79.471517,
              43.6623845
            ],
            [
              -79.4709574,
              43.6625051
            ],
            [
              -79.4708148,
              43.6625359
            ],
            [
              -79.471517,
              43.6623845
            ],
            [
              -79.4717417,
              43.6623343
            ],
            [
              -79.4721378,
              43.662247
            ],
            [
              -79.472231,
              43.6622254
            ],
            [
              -79.4727241,
              43.6621151
            ],
            [
              -79.4723319,
              43.6622026
            ],
            [
              -79.472231,
              43.6622254
            ],
            [
              -79.4737402,
              43.6618154
            ],
            [
              -79.4735257,
              43.6619138
            ],
            [
              -79.4732854,
              43.6619883
            ],
            [
              -79.4727241,
              43.6621151
            ],
            [
              -79.4739781,
              43.6616643
            ],
            [
              -79.4737845,
              43.6617908
            ],
            [
              -79.4737402,
              43.6618154
            ],
            [
              -79.4746243,
              43.661268
            ],
            [
              -79.4745278,
              43.6613187
            ],
            [
              -79.4744919,
              43.6613376
            ],
            [
              -79.4744355,
              43.6613673
            ],
            [
              -79.4739781,
              43.6616643
            ],
            [
              -79.4746243,
              43.661268
            ],
            [
              -79.4747269,
              43.6612294
            ],
            [
              -79.4748389,
              43.6611873
            ],
            [
              -79.475113,
              43.6611306
            ],
            [
              -79.4752099,
              43.661116
            ],
            [
              -79.4765561,
              43.6608329
            ],
            [
              -79.4753036,
              43.6610989
            ],
            [
              -79.4752099,
              43.661116
            ],
            [
              -79.4776697,
              43.6605633
            ],
            [
              -79.4775753,
              43.6605932
            ],
            [
              -79.4765561,
              43.6608329
            ],
            [
              -79.4787639,
              43.6603132
            ],
            [
              -79.4776697,
              43.6605633
            ],
            [
              -79.47958,
              43.6601475
            ],
            [
              -79.4787639,
              43.6603132
            ],
            [
              -79.4800128,
              43.6600594
            ],
            [
              -79.4798947,
              43.6600832
            ],
            [
              -79.47958,
              43.6601475
            ],
            [
              -79.4801393,
              43.6604769
            ],
            [
              -79.4800946,
              43.6603126
            ],
            [
              -79.4800389,
              43.6601366
            ],
            [
              -79.4800128,
              43.6600594
            ],
            [
              -79.4801393,
              43.6604769
            ],
            [
              -79.4802613,
              43.6604549
            ],
            [
              -79.4808097,
              43.6603268
            ],
            [
              -79.4802613,
              43.6604549
            ],
            [
              -79.4822677,
              43.6655819
            ],
            [
              -79.4822284,
              43.6654953
            ],
            [
              -79.4824269,
              43.6654909
            ],
            [
              -79.4823079,
              43.6651938
            ],
            [
              -79.4826774,
              43.6651051
            ],
            [
              -79.4823872,
              43.6644143
            ],
            [
              -79.4822685,
              43.6641317
            ],
            [
              -79.4822471,
              43.6641273
            ],
            [
              -79.4820585,
              43.6636752
            ],
            [
              -79.4818821,
              43.6632451
            ],
            [
              -79.4818658,
              43.6632501
            ],
            [
              -79.4818426,
              43.6631995
            ],
            [
              -79.4818589,
              43.6631962
            ],
            [
              -79.4814596,
              43.6622414
            ],
            [
              -79.4812437,
              43.6617235
            ],
            [
              -79.4812228,
              43.6617286
            ],
            [
              -79.4812042,
              43.6616746
            ],
            [
              -79.4812248,
              43.6616688
            ],
            [
              -79.4808097,
              43.6603268
            ],
            [
              -79.4822677,
              43.6655819
            ],
            [
              -79.4821058,
              43.6655793
            ],
            [
              -79.4826176,
              43.6667856
            ],
            [
              -79.4724917,
              43.6792257
            ],
            [
              -79.4726387,
              43.6792212
            ],
            [
              -79.4734542,
              43.6790236
            ],
            [
              -79.4738288,
              43.679388
            ],
            [
              -79.4744195,
              43.679248
            ],
            [
              -79.4748485,
              43.6791473
            ],
            [
              -79.476005,
              43.6788757
            ],
            [
              -79.4758416,
              43.6784866
            ],
            [
              -79.4757985,
              43.6783794
            ],
            [
              -79.4748858,
              43.6776699
            ],
            [
              -79.4736799,
              43.6767322
            ],
            [
              -79.4736595,
              43.6766613
            ],
            [
              -79.4736255,
              43.6765574
            ],
            [
              -79.4736596,
              43.6762953
            ],
            [
              -79.4738808,
              43.6756889
            ],
            [
              -79.4735037,
              43.6752109
            ],
            [
              -79.4741952,
              43.6749904
            ],
            [
              -79.4749579,
              43.6748208
            ],
            [
              -79.4750462,
              43.6748012
            ],
            [
              -79.4783691,
              43.6740866
            ],
            [
              -79.4782451,
              43.6737962
            ],
            [
              -79.478587,
              43.6737153
            ],
            [
              -79.4788428,
              43.673651
            ],
            [
              -79.478572,
              43.6730095
            ],
            [
              -79.4807813,
              43.6725164
            ],
            [
              -79.4804009,
              43.671575
            ],
            [
              -79.4802636,
              43.6712414
            ],
            [
              -79.480079,
              43.6707792
            ],
            [
              -79.4803007,
              43.6707302
            ],
            [
              -79.4812028,
              43.670531
            ],
            [
              -79.4817197,
              43.6704151
            ],
            [
              -79.4823865,
              43.6702665
            ],
            [
              -79.4833855,
              43.6700437
            ],
            [
              -79.4838865,
              43.6699263
            ],
            [
              -79.4839405,
              43.6699132
            ],
            [
              -79.4835523,
              43.668994
            ],
            [
              -79.4830919,
              43.6679265
            ],
            [
              -79.4827678,
              43.6671599
            ],
            [
              -79.4826473,
              43.6668551
            ],
            [
              -79.4826176,
              43.6667856
            ],
            [
              -79.4724917,
              43.6792257
            ],
            [
              -79.4713398,
              43.6783776
            ],
            [
              -79.4709667,
              43.6780896
            ],
            [
              -79.4695294,
              43.6768346
            ],
            [
              -79.4695294,
              43.6768346
            ],
            [
              -79.467609,
              43.674918
            ],
            [
              -79.4599593,
              43.6672352
            ],
            [
              -79.4599593,
              43.6672352
            ],
            [
              -79.4597906,
              43.6670597
            ]
          ]
        ]
      }
    },
    {
      "type": "Feature",
      "properties": {
        "name": "High Park North"
      },
      "geometry": {
        "type": "Polygon",
        "coordinates": [
          [
            [
              -79.4502434,
              43.6567686
            ],
            [
              -79.4512183,
              43.6565605
            ],
            [
              -79.4516607,
              43.6564884
            ],
            [
              -79.4516607,
              43.6564884
            ],
            [
              -79.4522784,
              43.6563603
            ],
            [
              -79.4524285,
              43.6563293
            ],
            [
              -79.4524425,
              43.6563264
            ],
            [
              -79.4524425,
              43.6563264
            ],
            [
              -79.4524665,
              43.6563214
            ],
            [
              -79.4525607,
              43.6563017
            ],
            [
              -79.452828,
              43.6562459
            ],
            [
              -79.452828,
              43.6562459
            ],
            [
              -79.452954,
              43.6562196
            ],
            [
              -79.452954,
              43.6562196
            ],
            [
              -79.45379,
              43.6560482
            ],
            [
              -79.45379,
              43.6560482
            ],
            [
              -79.4542578,
              43.6559471
            ],
            [
              -79.4542578,
              43.6559471
            ],
            [
              -79.4543599,
              43.6559259
            ],
            [
              -79.4555414,
              43.6556713
            ],
            [
              -79.4563218,
              43.6555029
            ],
            [
              -79.4563218,
              43.6555029
            ],
            [
              -79.4566584,
              43.655431
            ],
            [
              -79.4566668,
              43.6554292
            ],
            [
              -79.4568373,
              43.6553917
            ],
            [
              -79.4568373,
              43.6553917
            ],
            [
              -79.4569231,
              43.6553701
            ],
            [
              -79.4570352,
              43.6553428
            ],
            [
              -79.4570352,
              43.6553428
            ],
            [
              -79.4571186,
              43.6553241
            ],
            [
              -79.4571474,
              43.6553177
            ],
            [
              -79.4573716,
              43.6552704
            ],
            [
              -79.4573716,
              43.6552704
            ],
            [
              -79.458602,
              43.6550107
            ],
            [
              -79.4586321,
              43.6550043
            ],
            [
              -79.4586321,
              43.6550043
            ],
            [
              -79.4588202,
              43.6549671
            ],
            [
              -79.4588202,
              43.6549671
            ],
            [
              -79.4595759,
              43.6548051
            ],
            [
              -79.4595759,
              43.6548051
            ],
            [
              -79.4598271,
              43.6547513
            ],
            [
              -79.46001,
              43.6547122
            ],
            [
              -79.46001,
              43.6547122
            ],
            [
              -79.4601788,
              43.6546743
            ],
            [
              -79.4605513,
              43.6545933
            ],
            [
              -79.4610226,
              43.6544887
            ],
            [
              -79.4610226,
              43.6544887
            ],
            [
              -79.4623239,
              43.6542012
            ],
            [
              -79.4636767,
              43.6539071
            ],
            [
              -79.4645537,
              43.6537127
            ],
            [
              -79.4645537,
              43.6537127
            ],
            [
              -79.4647738,
              43.6536627
            ],
            [
              -79.4647738,
              43.6536627
            ],
            [
              -79.4651182,
              43.6535862
            ],
            [
              -79.4652645,
              43.6535537
            ],
            [
              -79.4657361,
              43.6534532
            ],
            [
              -79.4653974,
              43.653524
            ],
            [
              -79.4652645,
              43.6535537
            ],
            [
              -79.465965,
              43.6534054
            ],
            [
              -79.4657361,
              43.6534532
            ],
            [
              -79.465965,
              43.6534054
            ],
            [
              -79.4668701,
              43.6532075
            ],
            [
              -79.4686609,
              43.652812
            ],
            [
              -79.4686609,
              43.652812
            ],
            [
              -79.4696173,
              43.6526017
            ],
            [
              -79.4696173,
              43.6526017
            ],
            [
              -79.4698547,
              43.6525498
            ],
            [
              -79.469991,
              43.65252
            ],
            [
              -79.469991,
              43.65252
            ],
            [
              -79.4701046,
              43.6524966
            ],
            [
              -79.4705294,
              43.6524051
            ],
            [
              -79.4705294,
              43.6524051
            ],
            [
              -79.4712135,
              43.6522589
            ],
            [
              -79.4712135,
              43.6522589
            ],
            [
              -79.4717709,
              43.6521348
            ],
            [
              -79.4728488,
              43.6519
            ],
            [
              -79.4728488,
              43.6519
            ],
            [
              -79.4736961,
              43.6517115
            ],
            [
              -79.4736961,
              43.6517115
            ],
            [
              -79.4739294,
              43.6516596
            ],
            [
              -79.4740299,
              43.6516359
            ],
            [
              -79.4740299,
              43.6516359
            ],
            [
              -79.4741364,
              43.6516139
            ],
            [
              -79.4743918,
              43.6515589
            ],
            [
              -79.4743918,
              43.6515589
            ],
            [
              -79.4751524,
              43.651395
            ],
            [
              -79.4751524,
              43.651395
            ],
            [
              -79.4755333,
              43.6513098
            ],
            [
              -79.4758765,
              43.6512303
            ],
            [
              -79.4758765,
              43.6512303
            ],
            [
              -79.4761335,
              43.6511707
            ],
            [
              -79.4762698,
              43.6511392
            ],
            [
              -79.4762698,
              43.6511392
            ],
            [
              -79.4762911,
              43.6512293
            ],
            [
              -79.4762911,
              43.6512293
            ],
            [
              -79.476413,
              43.6515023
            ],
            [
              -79.476413,
              43.6515023
            ],
            [
              -79.476421,
              43.6515225
            ],
            [
              -79.4764541,
              43.6516209
            ],
            [
              -79.4764584,
              43.6516318
            ],
            [
              -79.4764802,
              43.6516867
            ],
            [
              -79.4800128,
              43.6600594
            ],
            [
              -79.479986,
              43.6599876
            ],
            [
              -79.4798729,
              43.6597277
            ],
            [
              -79.4797208,
              43.6593782
            ],
            [
              -79.4796645,
              43.6592424
            ],
            [
              -79.4794051,
              43.6586335
            ],
            [
              -79.4793227,
              43.6584277
            ],
            [
              -79.4792438,
              43.6582321
            ],
            [
              -79.4790979,
              43.6578857
            ],
            [
              -79.4789513,
              43.657539
            ],
            [
              -79.4786583,
              43.656868
            ],
            [
              -79.4785993,
              43.6567199
            ],
            [
              -79.4784451,
              43.6563709
            ],
            [
              -79.4777987,
              43.6548287
            ],
            [
              -79.4777692,
              43.6547596
            ],
            [
              -79.4777532,
              43.6547215
            ],
            [
              -79.4764802,
              43.6516867
            ],
            [
              -79.4800128,
              43.6600594
            ],
            [
              -79.4798947,
              43.6600832
            ],
            [
              -79.47958,
              43.6601475
            ],
            [
              -79.47958,
              43.6601475
            ],
            [
              -79.4787639,
              43.6603132
            ],
            [
              -79.4787639,
              43.6603132
            ],
            [
              -79.4776697,
              43.6605633
            ],
            [
              -79.4776697,
              43.6605633
            ],
            [
              -79.4775753,
              43.6605932
            ],
            [
              -79.4765561,
              43.6608329
            ],
            [
              -79.4765561,
              43.6608329
            ],
            [
              -79.4753036,
              43.6610989
            ],
            [
              -79.4752099,
              43.661116
            ],
            [
              -79.4746243,
              43.661268
            ],
            [
              -79.4747269,
              43.6612294
            ],
            [
              -79.4748389,
              43.6611873
            ],
            [
              -79.475113,
              43.6611306
            ],
            [
              -79.4752099,
              43.661116
            ],
            [
              -79.4746243,
              43.661268
            ],
            [
              -79.4745278,
              43.6613187
            ],
            [
              -79.4744919,
              43.6613376
            ],
            [
              -79.4744355,
              43.6613673
            ],
            [
              -79.4739781,
              43.6616643
            ],
            [
              -79.4739781,
              43.6616643
            ],
            [
              -79.4737845,
              43.6617908
            ],
            [
              -79.4737402,
              43.6618154
            ],
            [
              -79.4737402,
              43.6618154
            ],
            [
              -79.4735257,
              43.6619138
            ],
            [
              -79.4732854,
              43.6619883
            ],
            [
              -79.4727241,
              43.6621151
            ],
            [
              -79.4727241,
              43.6621151
            ],
            [
              -79.4723319,
              43.6622026
            ],
            [
              -79.472231,
              43.6622254
            ],
            [
              -79.471517,
              43.6623845
            ],
            [
              -79.4717417,
              43.6623343
            ],
            [
              -79.4721378,
              43.662247
            ],
            [
              -79.472231,
              43.6622254
            ],
            [
              -79.471517,
              43.6623845
            ],
            [
              -79.4709574,
              43.6625051
            ],
            [
              -79.4708148,
              43.6625359
            ],
            [
              -79.4692807,
              43.6602624
            ],
            [
              -79.4701507,
              43.6609292
            ],
            [
              -79.4701949,
              43.6610044
            ],
            [
              -79.4702318,
              43.6611072
            ],
            [
              -79.4708148,
              43.6625359
            ],
            [
              -79.4559739,
              43.6631422
            ],
            [
              -79.4692807,
              43.6602624
            ],
            [
              -79.4559739,
              43.6631422
            ],
            [
              -79.4545734,
              43.6617403
            ],
            [
              -79.452024,
              43.6591814
            ],
            [
              -79.4500163,
              43.6570891
            ],
            [
              -79.4498264,
              43.6568854
            ],
            [
              -79.4502434,
              43.6567686
            ],
            [
              -79.4498264,
              43.6568854
            ]
          ]
        ]
      }
    },
    {
      "type": "Feature",
      "properties": {
        "name": "Roncesvalles"
      },
      "geometry": {
        "type": "Polygon",
        "coordinates": [
          [
            [
              -79.4410189,
              43.6485355
            ],
            [
              -79.4401431,
              43.6480474
            ],
            [
              -79.4367528,
              43.6463239
            ],
            [
              -79.4310451,
              43.6436377
            ],
            [
              -79.4290371,
              43.6427467
            ],
            [
              -79.4290371,
              43.6427467
            ],
            [
              -79.4281054,
              43.6423333
            ],
            [
              -79.4286525,
              43.6422246
            ],
            [
              -79.4281054,
              43.6423333
            ],
            [
              -79.4286525,
              43.6422246
            ],
            [
              -79.4422232,
              43.6394903
            ],
            [
              -79.4462194,
              43.6387154
            ],
            [
              -79.4462194,
              43.6387154
            ],
            [
              -79.4461905,
              43.6388066
            ],
            [
              -79.446186,
              43.6388691
            ],
            [
              -79.4461895,
              43.6389311
            ],
            [
              -79.4462192,
              43.6390375
            ],
            [
              -79.4470161,
              43.6410766
            ],
            [
              -79.4513884,
              43.6523497
            ],
            [
              -79.4518445,
              43.6538811
            ],
            [
              -79.4524539,
              43.656321
            ],
            [
              -79.4524539,
              43.656321
            ],
            [
              -79.4524425,
              43.6563264
            ],
            [
              -79.4516607,
              43.6564884
            ],
            [
              -79.4522784,
              43.6563603
            ],
            [
              -79.4524285,
              43.6563293
            ],
            [
              -79.4524425,
              43.6563264
            ],
            [
              -79.4502434,
              43.6567686
            ],
            [
              -79.4512183,
              43.6565605
            ],
            [
              -79.4516607,
              43.6564884
            ],
            [
              -79.4502434,
              43.6567686
            ],
            [
              -79.4498264,
              43.6568854
            ],
            [
              -79.4498264,
              43.6568854
            ],
            [
              -79.4494638,
              43.6564777
            ],
            [
              -79.4439825,
              43.6509096
            ],
            [
              -79.4439825,
              43.6509096
            ],
            [
              -79.4437212,
              43.6506442
            ],
            [
              -79.4429433,
              43.6499494
            ],
            [
              -79.4418316,
              43.6491042
            ],
            [
              -79.4410189,
              43.6485355
            ]
          ]
        ]
      }
    },
    {
      "type": "Feature",
      "properties": {
        "name": "Upper Beaches"
      },
      "geometry": {
        "type": "Polygon",
        "coordinates": [
          [
            [
              -79.3089601,
              43.6764818
            ],
            [
              -79.3090396,
              43.6764293
            ],
            [
              -79.3091155,
              43.6763992
            ],
            [
              -79.3094966,
              43.6762415
            ],
            [
              -79.3094966,
              43.6762415
            ],
            [
              -79.309764,
              43.6761236
            ],
            [
              -79.3100479,
              43.6759984
            ],
            [
              -79.3101523,
              43.6759524
            ],
            [
              -79.3101523,
              43.6759524
            ],
            [
              -79.3102309,
              43.6759171
            ],
            [
              -79.3102908,
              43.6758923
            ],
            [
              -79.3107905,
              43.6756858
            ],
            [
              -79.3108614,
              43.6756565
            ],
            [
              -79.3109535,
              43.6756184
            ],
            [
              -79.3110284,
              43.6755874
            ],
            [
              -79.3116697,
              43.6753222
            ],
            [
              -79.3117477,
              43.6752899
            ],
            [
              -79.3118247,
              43.6752636
            ],
            [
              -79.3118598,
              43.6752516
            ],
            [
              -79.3119743,
              43.6752212
            ],
            [
              -79.3122473,
              43.6751654
            ],
            [
              -79.3123471,
              43.675145
            ],
            [
              -79.3123471,
              43.675145
            ],
            [
              -79.3123267,
              43.6750826
            ],
            [
              -79.3122732,
              43.6749184
            ],
            [
              -79.3122654,
              43.6748772
            ],
            [
              -79.3122681,
              43.6748399
            ],
            [
              -79.3122757,
              43.6748011
            ],
            [
              -79.3122943,
              43.6747545
            ],
            [
              -79.3123251,
              43.6747086
            ],
            [
              -79.31236,
              43.6746716
            ],
            [
              -79.3124039,
              43.6746405
            ],
            [
              -79.312474,
              43.6746061
            ],
            [
              -79.312551,
              43.6745783
            ],
            [
              -79.3132368,
              43.6743729
            ],
            [
              -79.3133392,
              43.674345
            ],
            [
              -79.3133392,
              43.674345
            ],
            [
              -79.3134101,
              43.6743631
            ],
            [
              -79.3157209,
              43.6738095
            ],
            [
              -79.319304,
              43.6729455
            ],
            [
              -79.319304,
              43.6729455
            ],
            [
              -79.3213483,
              43.6778736
            ],
            [
              -79.3213483,
              43.6778736
            ],
            [
              -79.3112277,
              43.681957
            ],
            [
              -79.3112277,
              43.681957
            ],
            [
              -79.3038661,
              43.684927
            ],
            [
              -79.3024928,
              43.6817971
            ],
            [
              -79.3045524,
              43.6811098
            ],
            [
              -79.303712,
              43.6791582
            ],
            [
              -79.299543,
              43.6798617
            ],
            [
              -79.3000041,
              43.679076
            ],
            [
              -79.3055897,
              43.6772837
            ],
            [
              -79.3088361,
              43.6766264
            ],
            [
              -79.3089601,
              43.6764818
            ]
          ]
        ]
      }
    },
    {
      "type": "Feature",
      "properties": {
        "name": "The Pocket"
      },
      "geometry": {
        "type": "Polygon",
        "coordinates": [
          [
            [
              -79.3319582,
              43.6805041
            ],
            [
              -79.3322219,
              43.6811392
            ],
            [
              -79.3323233,
              43.6813771
            ],
            [
              -79.3323648,
              43.68148
            ],
            [
              -79.3331526,
              43.6813084
            ],
            [
              -79.3324677,
              43.6814585
            ],
            [
              -79.3323648,
              43.68148
            ],
            [
              -79.3343123,
              43.6810647
            ],
            [
              -79.3336364,
              43.6812056
            ],
            [
              -79.3331526,
              43.6813084
            ],
            [
              -79.3346087,
              43.6809998
            ],
            [
              -79.3343123,
              43.6810647
            ],
            [
              -79.3347702,
              43.6809644
            ],
            [
              -79.3346087,
              43.6809998
            ],
            [
              -79.3348591,
              43.6809458
            ],
            [
              -79.3347702,
              43.6809644
            ],
            [
              -79.3351686,
              43.680879
            ],
            [
              -79.3348591,
              43.6809458
            ],
            [
              -79.336824,
              43.6805244
            ],
            [
              -79.3367354,
              43.6805434
            ],
            [
              -79.3359198,
              43.6807181
            ],
            [
              -79.3353413,
              43.680842
            ],
            [
              -79.3351686,
              43.680879
            ],
            [
              -79.3372923,
              43.6804241
            ],
            [
              -79.3371755,
              43.6804491
            ],
            [
              -79.336824,
              43.6805244
            ],
            [
              -79.338082,
              43.6802665
            ],
            [
              -79.3378016,
              43.6803225
            ],
            [
              -79.3374419,
              43.6803942
            ],
            [
              -79.3372923,
              43.6804241
            ],
            [
              -79.3394212,
              43.6800128
            ],
            [
              -79.338082,
              43.6802665
            ],
            [
              -79.3394741,
              43.6800022
            ],
            [
              -79.3394212,
              43.6800128
            ],
            [
              -79.3401403,
              43.6798702
            ],
            [
              -79.3400295,
              43.6798921
            ],
            [
              -79.3394741,
              43.6800022
            ],
            [
              -79.3401403,
              43.6798702
            ],
            [
              -79.3401081,
              43.679789
            ],
            [
              -79.3400962,
              43.6797591
            ],
            [
              -79.3399996,
              43.6795237
            ],
            [
              -79.3399812,
              43.6794789
            ],
            [
              -79.3398413,
              43.6791701
            ],
            [
              -79.3397961,
              43.6790671
            ],
            [
              -79.3397681,
              43.6790059
            ],
            [
              -79.3396597,
              43.6787399
            ],
            [
              -79.339475,
              43.6783116
            ],
            [
              -79.3392103,
              43.6776775
            ],
            [
              -79.3390518,
              43.6773076
            ],
            [
              -79.338886,
              43.6769275
            ],
            [
              -79.3388526,
              43.6768436
            ],
            [
              -79.3388055,
              43.6767399
            ],
            [
              -79.3381238,
              43.6751471
            ],
            [
              -79.3377813,
              43.6743424
            ],
            [
              -79.3371649,
              43.6729106
            ],
            [
              -79.3370964,
              43.6727495
            ],
            [
              -79.337064,
              43.6726764
            ],
            [
              -79.3370304,
              43.6725989
            ],
            [
              -79.3368084,
              43.6720869
            ],
            [
              -79.3368084,
              43.6720869
            ],
            [
              -79.3366766,
              43.6720736
            ],
            [
              -79.3366766,
              43.6720736
            ],
            [
              -79.3357151,
              43.6725431
            ],
            [
              -79.334417,
              43.6731062
            ],
            [
              -79.3324764,
              43.6738823
            ],
            [
              -79.3297915,
              43.6749406
            ],
            [
              -79.3297005,
              43.6750654
            ],
            [
              -79.3297915,
              43.6749406
            ],
            [
              -79.3297005,
              43.6750654
            ],
            [
              -79.330241,
              43.6763915
            ],
            [
              -79.3308912,
              43.6779258
            ],
            [
              -79.3309172,
              43.6779826
            ],
            [
              -79.3309401,
              43.6780428
            ],
            [
              -79.3312236,
              43.6787546
            ],
            [
              -79.3315158,
              43.6794426
            ],
            [
              -79.331609,
              43.679662
            ],
            [
              -79.3317949,
              43.6801405
            ],
            [
              -79.3319582,
              43.6805041
            ]
          ]
        ]
      }
    },
    {
      "type": "Feature",
      "properties": {
        "name": "Kensington Market"
      },
      "geometry": {
        "type": "Polygon",
        "coordinates": [
          [
            [
              -79.405162,
              43.656965
            ],
            [
              -79.405093,
              43.6569789
            ],
            [
              -79.4064783,
              43.6567112
            ],
            [
              -79.4058249,
              43.6568364
            ],
            [
              -79.4052723,
              43.6569435
            ],
            [
              -79.405162,
              43.656965
            ],
            [
              -79.4077041,
              43.6564664
            ],
            [
              -79.4076861,
              43.6564701
            ],
            [
              -79.4075968,
              43.6564885
            ],
            [
              -79.4075944,
              43.656489
            ],
            [
              -79.4075866,
              43.6564906
            ],
            [
              -79.4067477,
              43.6566569
            ],
            [
              -79.4064783,
              43.6567112
            ],
            [
              -79.4077041,
              43.6564664
            ],
            [
              -79.4076987,
              43.6564528
            ],
            [
              -79.4076969,
              43.6564484
            ],
            [
              -79.4076731,
              43.6563886
            ],
            [
              -79.407661,
              43.6563581
            ],
            [
              -79.4075945,
              43.6561925
            ],
            [
              -79.4075312,
              43.6560348
            ],
            [
              -79.4074486,
              43.6558345
            ],
            [
              -79.4068646,
              43.6543923
            ],
            [
              -79.4068516,
              43.65436
            ],
            [
              -79.4068241,
              43.6542934
            ],
            [
              -79.4068241,
              43.6542934
            ],
            [
              -79.4067899,
              43.6542109
            ],
            [
              -79.4067817,
              43.6541907
            ],
            [
              -79.4067681,
              43.6541573
            ],
            [
              -79.4063118,
              43.6530354
            ],
            [
              -79.406276,
              43.6529475
            ],
            [
              -79.4062666,
              43.6529236
            ],
            [
              -79.4062387,
              43.652857
            ],
            [
              -79.406065,
              43.6524417
            ],
            [
              -79.4060497,
              43.6524053
            ],
            [
              -79.4060459,
              43.6523951
            ],
            [
              -79.4060382,
              43.6523747
            ],
            [
              -79.4060175,
              43.6523201
            ],
            [
              -79.406012,
              43.652304
            ],
            [
              -79.406012,
              43.652304
            ],
            [
              -79.4059943,
              43.6523075
            ],
            [
              -79.4058993,
              43.6523277
            ],
            [
              -79.4058892,
              43.6523298
            ],
            [
              -79.4058549,
              43.6523366
            ],
            [
              -79.4055879,
              43.6523896
            ],
            [
              -79.4055397,
              43.6523966
            ],
            [
              -79.4054997,
              43.6523968
            ],
            [
              -79.4054551,
              43.6523959
            ],
            [
              -79.4054068,
              43.6523903
            ],
            [
              -79.4053681,
              43.6523809
            ],
            [
              -79.4053066,
              43.6523616
            ],
            [
              -79.4052472,
              43.6523366
            ],
            [
              -79.4049852,
              43.6522193
            ],
            [
              -79.4049852,
              43.6522193
            ],
            [
              -79.4048184,
              43.6521449
            ],
            [
              -79.4047277,
              43.6521044
            ],
            [
              -79.4047277,
              43.6521044
            ],
            [
              -79.4043745,
              43.6519442
            ],
            [
              -79.4040467,
              43.6517983
            ],
            [
              -79.4039839,
              43.6517753
            ],
            [
              -79.4039839,
              43.6517753
            ],
            [
              -79.4039487,
              43.6517668
            ],
            [
              -79.4039137,
              43.6517578
            ],
            [
              -79.4038739,
              43.6517513
            ],
            [
              -79.403824,
              43.6517463
            ],
            [
              -79.403799,
              43.651745
            ],
            [
              -79.4037623,
              43.6517445
            ],
            [
              -79.4037161,
              43.6517468
            ],
            [
              -79.4036617,
              43.651754
            ],
            [
              -79.4035794,
              43.6517685
            ],
            [
              -79.4028153,
              43.6519257
            ],
            [
              -79.4028153,
              43.6519257
            ],
            [
              -79.4023313,
              43.6520262
            ],
            [
              -79.402246,
              43.6520439
            ],
            [
              -79.4021745,
              43.6520587
            ],
            [
              -79.4016495,
              43.6521677
            ],
            [
              -79.4014879,
              43.6522013
            ],
            [
              -79.4011146,
              43.6522788
            ],
            [
              -79.4006909,
              43.6523668
            ],
            [
              -79.4000227,
              43.6525055
            ],
            [
              -79.3998273,
              43.6525461
            ],
            [
              -79.3998273,
              43.6525461
            ],
            [
              -79.3991923,
              43.6526812
            ],
            [
              -79.3989482,
              43.6527322
            ],
            [
              -79.3987078,
              43.652785
            ],
            [
              -79.3982427,
              43.6528871
            ],
            [
              -79.3981501,
              43.6529094
            ],
            [
              -79.3981331,
              43.6529133
            ],
            [
              -79.3987144,
              43.654381
            ],
            [
              -79.3986873,
              43.654317
            ],
            [
              -79.3985077,
              43.6538905
            ],
            [
              -79.3983662,
              43.6535064
            ],
            [
              -79.3983051,
              43.6533407
            ],
            [
              -79.3981725,
              43.6530241
            ],
            [
              -79.3981519,
              43.6529658
            ],
            [
              -79.3981382,
              43.6529274
            ],
            [
              -79.3981331,
              43.6529133
            ],
            [
              -79.3987369,
              43.6544449
            ],
            [
              -79.3987144,
              43.654381
            ],
            [
              -79.400137,
              43.6579033
            ],
            [
              -79.4001332,
              43.6578931
            ],
            [
              -79.4001103,
              43.6578311
            ],
            [
              -79.4001015,
              43.6578098
            ],
            [
              -79.3996555,
              43.6567148
            ],
            [
              -79.399351,
              43.6559512
            ],
            [
              -79.399305,
              43.6558351
            ],
            [
              -79.3992671,
              43.6557415
            ],
            [
              -79.3990122,
              43.6551124
            ],
            [
              -79.3987369,
              43.6544449
            ],
            [
              -79.4001546,
              43.6579539
            ],
            [
              -79.4001536,
              43.6579512
            ],
            [
              -79.4001492,
              43.6579409
            ],
            [
              -79.400137,
              43.6579033
            ],
            [
              -79.4013263,
              43.6577344
            ],
            [
              -79.4011841,
              43.6577639
            ],
            [
              -79.4010283,
              43.6577976
            ],
            [
              -79.4007912,
              43.6578465
            ],
            [
              -79.4004105,
              43.6579217
            ],
            [
              -79.4003124,
              43.6579406
            ],
            [
              -79.4002897,
              43.6579455
            ],
            [
              -79.4002651,
              43.6579507
            ],
            [
              -79.4002335,
              43.6579535
            ],
            [
              -79.4001983,
              43.6579542
            ],
            [
              -79.4001629,
              43.6579538
            ],
            [
              -79.4001546,
              43.6579539
            ],
            [
              -79.4018902,
              43.6576151
            ],
            [
              -79.4017999,
              43.6576348
            ],
            [
              -79.4013263,
              43.6577344
            ],
            [
              -79.405093,
              43.6569789
            ],
            [
              -79.4050183,
              43.6569939
            ],
            [
              -79.4044973,
              43.657097
            ],
            [
              -79.4040308,
              43.6571876
            ],
            [
              -79.403765,
              43.6572392
            ],
            [
              -79.4032421,
              43.6573407
            ],
            [
              -79.4031624,
              43.6573562
            ],
            [
              -79.4030803,
              43.6573723
            ],
            [
              -79.402924,
              43.6574028
            ],
            [
              -79.4027712,
              43.6574338
            ],
            [
              -79.4023227,
              43.6575258
            ],
            [
              -79.4018902,
              43.6576151
            ]
          ]
        ]
      }
    },
    {
      "type": "Feature",
      "properties": {
        "name": "Rockcliffe-Smythe"
      },
      "geometry": {
        "type": "Polygon",
        "coordinates": [
          [
            [
              -79.5121888,
              43.6626216
            ],
            [
              -79.5104921,
              43.6640144
            ],
            [
              -79.5093548,
              43.6646431
            ],
            [
              -79.5079352,
              43.6651436
            ],
            [
              -79.5070267,
              43.6653105
            ],
            [
              -79.5061362,
              43.6654114
            ],
            [
              -79.4999886,
              43.6657839
            ],
            [
              -79.4991993,
              43.6658319
            ],
            [
              -79.5074631,
              43.6788811
            ],
            [
              -79.5076882,
              43.6784625
            ],
            [
              -79.5078969,
              43.6780439
            ],
            [
              -79.5080794,
              43.6776073
            ],
            [
              -79.5082789,
              43.6771708
            ],
            [
              -79.5085234,
              43.6767612
            ],
            [
              -79.5088376,
              43.6763966
            ],
            [
              -79.5092477,
              43.6760455
            ],
            [
              -79.5097011,
              43.6757755
            ],
            [
              -79.5098634,
              43.6756944
            ],
            [
              -79.5102196,
              43.6755189
            ],
            [
              -79.5107307,
              43.6752353
            ],
            [
              -79.511224,
              43.6749742
            ],
            [
              -79.5116595,
              43.6746591
            ],
            [
              -79.5120509,
              43.6743305
            ],
            [
              -79.5123042,
              43.6739435
            ],
            [
              -79.5123931,
              43.6736758
            ],
            [
              -79.5123189,
              43.6735953
            ],
            [
              -79.5123006,
              43.6735336
            ],
            [
              -79.5123401,
              43.6732777
            ],
            [
              -79.512435,
              43.6730658
            ],
            [
              -79.5123581,
              43.6725888
            ],
            [
              -79.5122526,
              43.6721252
            ],
            [
              -79.5120936,
              43.6716842
            ],
            [
              -79.5119691,
              43.6712341
            ],
            [
              -79.5118725,
              43.6707931
            ],
            [
              -79.5118461,
              43.6706176
            ],
            [
              -79.5118073,
              43.670352
            ],
            [
              -79.5117513,
              43.6699687
            ],
            [
              -79.5117416,
              43.669902
            ],
            [
              -79.5116357,
              43.6694834
            ],
            [
              -79.5115135,
              43.6691324
            ],
            [
              -79.5115071,
              43.6691006
            ],
            [
              -79.5114899,
              43.6690649
            ],
            [
              -79.5114434,
              43.6689344
            ],
            [
              -79.5113471,
              43.6686643
            ],
            [
              -79.5112773,
              43.6682863
            ],
            [
              -79.5114612,
              43.6679037
            ],
            [
              -79.5117901,
              43.6676021
            ],
            [
              -79.5121671,
              43.6673635
            ],
            [
              -79.5125324,
              43.6671519
            ],
            [
              -79.5128009,
              43.6668683
            ],
            [
              -79.5129899,
              43.6665532
            ],
            [
              -79.5130789,
              43.6661752
            ],
            [
              -79.5130842,
              43.6657656
            ],
            [
              -79.5130519,
              43.6653515
            ],
            [
              -79.5129587,
              43.6649465
            ],
            [
              -79.5129316,
              43.6648152
            ],
            [
              -79.5128722,
              43.664528
            ],
            [
              -79.5128066,
              43.6641139
            ],
            [
              -79.5126972,
              43.6637179
            ],
            [
              -79.5125871,
              43.6633308
            ],
            [
              -79.5124076,
              43.6629303
            ],
            [
              -79.5121888,
              43.6626216
            ],
            [
              -79.5102162,
              43.6840806
            ],
            [
              -79.5101204,
              43.6838313
            ],
            [
              -79.5100145,
              43.6835253
            ],
            [
              -79.5097811,
              43.6832282
            ],
            [
              -79.5095407,
              43.6829222
            ],
            [
              -79.5092526,
              43.6826387
            ],
            [
              -79.5088952,
              43.6824497
            ],
            [
              -79.5084506,
              43.6823733
            ],
            [
              -79.5084234,
              43.6823733
            ],
            [
              -79.5082317,
              43.6823674
            ],
            [
              -79.5079566,
              43.6823617
            ],
            [
              -79.5074517,
              43.682441
            ],
            [
              -79.506863,
              43.6824793
            ],
            [
              -79.5064087,
              43.6823511
            ],
            [
              -79.5059726,
              43.6822341
            ],
            [
              -79.5057741,
              43.6821196
            ],
            [
              -79.5056277,
              43.681987
            ],
            [
              -79.5054978,
              43.6818209
            ],
            [
              -79.5054738,
              43.6816604
            ],
            [
              -79.5054745,
              43.6815264
            ],
            [
              -79.5055457,
              43.6813026
            ],
            [
              -79.5054697,
              43.6809291
            ],
            [
              -79.5055317,
              43.6805735
            ],
            [
              -79.5055608,
              43.6803932
            ],
            [
              -79.505708,
              43.6802111
            ],
            [
              -79.5059001,
              43.6801062
            ],
            [
              -79.5061192,
              43.6800199
            ],
            [
              -79.5065602,
              43.6798443
            ],
            [
              -79.50694,
              43.6796057
            ],
            [
              -79.507171,
              43.6793582
            ],
            [
              -79.5072457,
              43.6792772
            ],
            [
              -79.5074437,
              43.6789171
            ],
            [
              -79.5074631,
              43.6788811
            ],
            [
              -79.5102363,
              43.6841329
            ],
            [
              -79.5102162,
              43.6840806
            ],
            [
              -79.5102363,
              43.6841329
            ],
            [
              -79.5088036,
              43.6843939
            ],
            [
              -79.5079239,
              43.684553
            ],
            [
              -79.5071514,
              43.6846752
            ],
            [
              -79.5067893,
              43.6846955
            ],
            [
              -79.5063977,
              43.6847033
            ],
            [
              -79.505986,
              43.68468
            ],
            [
              -79.5057607,
              43.684647
            ],
            [
              -79.5053275,
              43.6845927
            ],
            [
              -79.5047347,
              43.6845006
            ],
            [
              -79.5041918,
              43.6843842
            ],
            [
              -79.5041918,
              43.6843842
            ],
            [
              -79.5029296,
              43.6841136
            ],
            [
              -79.5025796,
              43.6840671
            ],
            [
              -79.502133,
              43.6840234
            ],
            [
              -79.5017092,
              43.6840157
            ],
            [
              -79.501331,
              43.6840399
            ],
            [
              -79.5005076,
              43.6841418
            ],
            [
              -79.4998021,
              43.6842892
            ],
            [
              -79.4988231,
              43.6845045
            ],
            [
              -79.4981995,
              43.6825435
            ],
            [
              -79.4979541,
              43.6817947
            ],
            [
              -79.4976966,
              43.6810217
            ],
            [
              -79.4975442,
              43.6810474
            ],
            [
              -79.4971736,
              43.68111
            ],
            [
              -79.4971014,
              43.6811131
            ],
            [
              -79.4967458,
              43.6811284
            ],
            [
              -79.4962871,
              43.6811595
            ],
            [
              -79.4957963,
              43.6812846
            ],
            [
              -79.4954583,
              43.681464
            ],
            [
              -79.4950144,
              43.6817084
            ],
            [
              -79.4945142,
              43.6818355
            ],
            [
              -79.493698,
              43.6820219
            ],
            [
              -79.493389,
              43.6820925
            ],
            [
              -79.4922725,
              43.6823481
            ],
            [
              -79.4912875,
              43.6825735
            ],
            [
              -79.4887877,
              43.6831419
            ],
            [
              -79.4872722,
              43.6834832
            ],
            [
              -79.4857085,
              43.6838421
            ],
            [
              -79.4843593,
              43.684166
            ],
            [
              -79.4839355,
              43.6842775
            ],
            [
              -79.483391,
              43.6848914
            ],
            [
              -79.4830705,
              43.6852396
            ],
            [
              -79.4830705,
              43.6852396
            ],
            [
              -79.4814585,
              43.6844405
            ],
            [
              -79.4800356,
              43.6837441
            ],
            [
              -79.4792242,
              43.6833446
            ],
            [
              -79.4783954,
              43.6829062
            ],
            [
              -79.4777477,
              43.6825658
            ],
            [
              -79.4772233,
              43.6822535
            ],
            [
              -79.4766761,
              43.6819441
            ],
            [
              -79.475724,
              43.6813864
            ],
            [
              -79.4748455,
              43.6808472
            ],
            [
              -79.4743579,
              43.6805113
            ],
            [
              -79.4734498,
              43.6798857
            ],
            [
              -79.4726166,
              43.6793118
            ],
            [
              -79.4724917,
              43.6792257
            ],
            [
              -79.4724917,
              43.6792257
            ],
            [
              -79.4726387,
              43.6792212
            ],
            [
              -79.4734542,
              43.6790236
            ],
            [
              -79.4738288,
              43.679388
            ],
            [
              -79.4744195,
              43.679248
            ],
            [
              -79.4748485,
              43.6791473
            ],
            [
              -79.476005,
              43.6788757
            ],
            [
              -79.4758416,
              43.6784866
            ],
            [
              -79.4757985,
              43.6783794
            ],
            [
              -79.4748858,
              43.6776699
            ],
            [
              -79.4736799,
              43.6767322
            ],
            [
              -79.4736595,
              43.6766613
            ],
            [
              -79.4736255,
              43.6765574
            ],
            [
              -79.4736596,
              43.6762953
            ],
            [
              -79.4738808,
              43.6756889
            ],
            [
              -79.4735037,
              43.6752109
            ],
            [
              -79.4741952,
              43.6749904
            ],
            [
              -79.4749579,
              43.6748208
            ],
            [
              -79.4750462,
              43.6748012
            ],
            [
              -79.4783691,
              43.6740866
            ],
            [
              -79.4782451,
              43.6737962
            ],
            [
              -79.478587,
              43.6737153
            ],
            [
              -79.4788428,
              43.673651
            ],
            [
              -79.478572,
              43.6730095
            ],
            [
              -79.4807813,
              43.6725164
            ],
            [
              -79.4804009,
              43.671575
            ],
            [
              -79.4802636,
              43.6712414
            ],
            [
              -79.480079,
              43.6707792
            ],
            [
              -79.4803007,
              43.6707302
            ],
            [
              -79.4812028,
              43.670531
            ],
            [
              -79.4817197,
              43.6704151
            ],
            [
              -79.4823865,
              43.6702665
            ],
            [
              -79.4833855,
              43.6700437
            ],
            [
              -79.4838865,
              43.6699263
            ],
            [
              -79.4839405,
              43.6699132
            ],
            [
              -79.4835523,
              43.668994
            ],
            [
              -79.4830919,
              43.6679265
            ],
            [
              -79.4827678,
              43.6671599
            ],
            [
              -79.4826473,
              43.6668551
            ],
            [
              -79.4826176,
              43.6667856
            ],
            [
              -79.4826176,
              43.6667856
            ],
            [
              -79.483639,
              43.6667316
            ],
            [
              -79.4845695,
              43.6666822
            ],
            [
              -79.4863296,
              43.6665841
            ],
            [
              -79.4879709,
              43.6664919
            ],
            [
              -79.4898094,
              43.666387
            ],
            [
              -79.4913218,
              43.6662897
            ],
            [
              -79.4929159,
              43.6661936
            ],
            [
              -79.4946563,
              43.6660916
            ],
            [
              -79.496271,
              43.6659989
            ],
            [
              -79.4975277,
              43.6659277
            ],
            [
              -79.4984426,
              43.6658766
            ],
            [
              -79.4989964,
              43.6658443
            ],
            [
              -79.4991993,
              43.6658319
            ]
          ]
        ]
      }
    },
    {
      "type": "Feature",
      "properties": {
        "name": "Lambton Baby Point"
      },
      "geometry": {
        "type": "Polygon",
        "coordinates": [
          [
            [
              -79.484877,
              43.6491086
            ],
            [
              -79.4847221,
              43.6492065
            ],
            [
              -79.4846371,
              43.649252
            ],
            [
              -79.4845498,
              43.6492889
            ],
            [
              -79.4844411,
              43.6493223
            ],
            [
              -79.4852393,
              43.6487685
            ],
            [
              -79.484877,
              43.6491086
            ],
            [
              -79.4856502,
              43.6484027
            ],
            [
              -79.4855435,
              43.6484989
            ],
            [
              -79.4854831,
              43.6485524
            ],
            [
              -79.4854494,
              43.6485823
            ],
            [
              -79.4853343,
              43.6486843
            ],
            [
              -79.4852393,
              43.6487685
            ],
            [
              -79.4857398,
              43.6483244
            ],
            [
              -79.4857035,
              43.6483534
            ],
            [
              -79.4856642,
              43.6483919
            ],
            [
              -79.4856502,
              43.6484027
            ],
            [
              -79.4861332,
              43.6481137
            ],
            [
              -79.4858825,
              43.6482374
            ],
            [
              -79.4857398,
              43.6483244
            ],
            [
              -79.486724,
              43.6479435
            ],
            [
              -79.4865501,
              43.6479836
            ],
            [
              -79.4863395,
              43.6480348
            ],
            [
              -79.4861332,
              43.6481137
            ],
            [
              -79.4869835,
              43.6478887
            ],
            [
              -79.486724,
              43.6479435
            ],
            [
              -79.4877262,
              43.6477558
            ],
            [
              -79.4873965,
              43.6478031
            ],
            [
              -79.4869835,
              43.6478887
            ],
            [
              -79.4881914,
              43.6477379
            ],
            [
              -79.488046,
              43.6477381
            ],
            [
              -79.4877262,
              43.6477558
            ],
            [
              -79.4887623,
              43.6477656
            ],
            [
              -79.4884722,
              43.6477502
            ],
            [
              -79.4881914,
              43.6477379
            ],
            [
              -79.4894152,
              43.6478021
            ],
            [
              -79.4887623,
              43.6477656
            ],
            [
              -79.4912347,
              43.6482312
            ],
            [
              -79.4908271,
              43.6480876
            ],
            [
              -79.490443,
              43.647959
            ],
            [
              -79.490169,
              43.6478931
            ],
            [
              -79.4899262,
              43.6478453
            ],
            [
              -79.4896747,
              43.6478193
            ],
            [
              -79.4894152,
              43.6478021
            ],
            [
              -79.4919737,
              43.6484747
            ],
            [
              -79.4912347,
              43.6482312
            ],
            [
              -79.5055253,
              43.662814
            ],
            [
              -79.5054067,
              43.6627555
            ],
            [
              -79.5051471,
              43.6625575
            ],
            [
              -79.5048607,
              43.662346
            ],
            [
              -79.5044701,
              43.662148
            ],
            [
              -79.504205,
              43.662012
            ],
            [
              -79.5040962,
              43.6619544
            ],
            [
              -79.5038123,
              43.6617469
            ],
            [
              -79.5037576,
              43.6617069
            ],
            [
              -79.5034496,
              43.6614189
            ],
            [
              -79.503085,
              43.6611309
            ],
            [
              -79.5026972,
              43.6608564
            ],
            [
              -79.5024608,
              43.6606847
            ],
            [
              -79.5022943,
              43.6605638
            ],
            [
              -79.5019162,
              43.6602893
            ],
            [
              -79.5014835,
              43.6600103
            ],
            [
              -79.5014175,
              43.6599748
            ],
            [
              -79.5010562,
              43.6597808
            ],
            [
              -79.500615,
              43.6595692
            ],
            [
              -79.5001482,
              43.6593532
            ],
            [
              -79.4998846,
              43.6591375
            ],
            [
              -79.4997798,
              43.6590517
            ],
            [
              -79.499523,
              43.6586961
            ],
            [
              -79.4994432,
              43.6583136
            ],
            [
              -79.4994704,
              43.6581941
            ],
            [
              -79.4995323,
              43.657922
            ],
            [
              -79.4996257,
              43.6576546
            ],
            [
              -79.4997552,
              43.6573711
            ],
            [
              -79.5000907,
              43.657061
            ],
            [
              -79.5005657,
              43.6567342
            ],
            [
              -79.5012368,
              43.6563647
            ],
            [
              -79.5016145,
              43.6560901
            ],
            [
              -79.5019437,
              43.6557976
            ],
            [
              -79.5023129,
              43.6554701
            ],
            [
              -79.5025321,
              43.6551721
            ],
            [
              -79.5027082,
              43.654939
            ],
            [
              -79.5027746,
              43.6547996
            ],
            [
              -79.5028909,
              43.6544751
            ],
            [
              -79.5029407,
              43.654117
            ],
            [
              -79.5029607,
              43.6536412
            ],
            [
              -79.5029241,
              43.6533984
            ],
            [
              -79.5028254,
              43.6531902
            ],
            [
              -79.5025467,
              43.6528798
            ],
            [
              -79.5020713,
              43.6525931
            ],
            [
              -79.5015251,
              43.6524086
            ],
            [
              -79.5009475,
              43.6522826
            ],
            [
              -79.5003432,
              43.6521791
            ],
            [
              -79.4996917,
              43.6521701
            ],
            [
              -79.4990808,
              43.652153
            ],
            [
              -79.4984678,
              43.6520967
            ],
            [
              -79.4978644,
              43.6519946
            ],
            [
              -79.497257,
              43.6519766
            ],
            [
              -79.4966497,
              43.6519855
            ],
            [
              -79.4962791,
              43.6520299
            ],
            [
              -79.4957509,
              43.6520924
            ],
            [
              -79.49484,
              43.6522105
            ],
            [
              -79.4944322,
              43.6522751
            ],
            [
              -79.4938077,
              43.6522991
            ],
            [
              -79.4933619,
              43.6522919
            ],
            [
              -79.4931799,
              43.6522702
            ],
            [
              -79.4924923,
              43.6521525
            ],
            [
              -79.491921,
              43.6519602
            ],
            [
              -79.4915755,
              43.6517367
            ],
            [
              -79.4913164,
              43.6515012
            ],
            [
              -79.491167,
              43.6512608
            ],
            [
              -79.4910142,
              43.650994
            ],
            [
              -79.4908315,
              43.6506287
            ],
            [
              -79.4907916,
              43.6503451
            ],
            [
              -79.4907949,
              43.6500687
            ],
            [
              -79.4909411,
              43.6497202
            ],
            [
              -79.4912895,
              43.6493928
            ],
            [
              -79.491539,
              43.6490688
            ],
            [
              -79.4917827,
              43.6487222
            ],
            [
              -79.4919737,
              43.6484747
            ],
            [
              -79.5116917,
              43.6623138
            ],
            [
              -79.5115383,
              43.6622328
            ],
            [
              -79.5114968,
              43.6622103
            ],
            [
              -79.5113062,
              43.6621293
            ],
            [
              -79.5110872,
              43.6620753
            ],
            [
              -79.5109845,
              43.6620573
            ],
            [
              -79.5105796,
              43.6619764
            ],
            [
              -79.5102507,
              43.6619449
            ],
            [
              -79.5097865,
              43.6620079
            ],
            [
              -79.5092933,
              43.6621295
            ],
            [
              -79.508845,
              43.6623231
            ],
            [
              -79.5083774,
              43.6624897
            ],
            [
              -79.5079446,
              43.6626248
            ],
            [
              -79.5075025,
              43.6627958
            ],
            [
              -79.507091,
              43.6629219
            ],
            [
              -79.5066044,
              43.6630255
            ],
            [
              -79.5061689,
              43.663021
            ],
            [
              -79.5060073,
              43.6629884
            ],
            [
              -79.5057705,
              43.6629175
            ],
            [
              -79.5055253,
              43.662814
            ],
            [
              -79.5121888,
              43.6626216
            ],
            [
              -79.5121289,
              43.6625792
            ],
            [
              -79.5120165,
              43.6624983
            ],
            [
              -79.5119867,
              43.6624758
            ],
            [
              -79.5119622,
              43.6624623
            ],
            [
              -79.5118433,
              43.6623948
            ],
            [
              -79.5116917,
              43.6623138
            ],
            [
              -79.5121888,
              43.6626216
            ],
            [
              -79.5104921,
              43.6640144
            ],
            [
              -79.5093548,
              43.6646431
            ],
            [
              -79.5079352,
              43.6651436
            ],
            [
              -79.5070267,
              43.6653105
            ],
            [
              -79.5061362,
              43.6654114
            ],
            [
              -79.4999886,
              43.6657839
            ],
            [
              -79.4991993,
              43.6658319
            ],
            [
              -79.4991948,
              43.6657637
            ],
            [
              -79.4991993,
              43.6658319
            ],
            [
              -79.4992151,
              43.6656338
            ],
            [
              -79.4991948,
              43.6657637
            ],
            [
              -79.4992222,
              43.6655182
            ],
            [
              -79.4992151,
              43.6656338
            ],
            [
              -79.4992222,
              43.6655182
            ],
            [
              -79.4991117,
              43.6655355
            ],
            [
              -79.4990592,
              43.6655438
            ],
            [
              -79.4985702,
              43.665606
            ],
            [
              -79.4949497,
              43.66305
            ],
            [
              -79.4951579,
              43.6632286
            ],
            [
              -79.4953487,
              43.6634375
            ],
            [
              -79.4954456,
              43.663557
            ],
            [
              -79.4954757,
              43.6635856
            ],
            [
              -79.495511,
              43.6636141
            ],
            [
              -79.4956242,
              43.6636888
            ],
            [
              -79.4959232,
              43.6639132
            ],
            [
              -79.4960005,
              43.6640126
            ],
            [
              -79.4961558,
              43.6642994
            ],
            [
              -79.4962038,
              43.664391
            ],
            [
              -79.4963221,
              43.6644915
            ],
            [
              -79.4963867,
              43.6645341
            ],
            [
              -79.4967729,
              43.6646956
            ],
            [
              -79.4972021,
              43.6647887
            ],
            [
              -79.4975948,
              43.6648737
            ],
            [
              -79.4977257,
              43.6649315
            ],
            [
              -79.4980432,
              43.6651426
            ],
            [
              -79.4980797,
              43.6651659
            ],
            [
              -79.4982714,
              43.6652886
            ],
            [
              -79.4982933,
              43.6653026
            ],
            [
              -79.4984952,
              43.6654631
            ],
            [
              -79.4985342,
              43.6655029
            ],
            [
              -79.4985702,
              43.665606
            ],
            [
              -79.4942798,
              43.6606629
            ],
            [
              -79.4942302,
              43.6607977
            ],
            [
              -79.4941685,
              43.6610945
            ],
            [
              -79.494249,
              43.6613235
            ],
            [
              -79.4945038,
              43.6616631
            ],
            [
              -79.4945454,
              43.6617728
            ],
            [
              -79.4945735,
              43.6619832
            ],
            [
              -79.494603,
              43.6624489
            ],
            [
              -79.494701,
              43.6627482
            ],
            [
              -79.4947428,
              43.6628386
            ],
            [
              -79.4947915,
              43.6629248
            ],
            [
              -79.4949497,
              43.66305
            ],
            [
              -79.4954865,
              43.6596611
            ],
            [
              -79.4954062,
              43.6597223
            ],
            [
              -79.4953932,
              43.6597351
            ],
            [
              -79.4950908,
              43.659975
            ],
            [
              -79.4946188,
              43.660268
            ],
            [
              -79.4945645,
              43.6603157
            ],
            [
              -79.4944091,
              43.6604523
            ],
            [
              -79.4943579,
              43.6605242
            ],
            [
              -79.4942798,
              43.6606629
            ],
            [
              -79.4954865,
              43.6596611
            ],
            [
              -79.4951547,
              43.6594618
            ],
            [
              -79.4950875,
              43.6594327
            ],
            [
              -79.4950365,
              43.6594137
            ],
            [
              -79.4949724,
              43.6593999
            ],
            [
              -79.4949084,
              43.6593944
            ],
            [
              -79.4926174,
              43.6596486
            ],
            [
              -79.4927293,
              43.6596304
            ],
            [
              -79.4927815,
              43.6596219
            ],
            [
              -79.4928673,
              43.6596073
            ],
            [
              -79.4929712,
              43.6595942
            ],
            [
              -79.4943384,
              43.6594512
            ],
            [
              -79.4949084,
              43.6593944
            ],
            [
              -79.4926174,
              43.6596486
            ],
            [
              -79.4925385,
              43.6596622
            ],
            [
              -79.4914522,
              43.659893
            ],
            [
              -79.4913585,
              43.6599118
            ],
            [
              -79.4902223,
              43.6601393
            ],
            [
              -79.4891703,
              43.6603753
            ],
            [
              -79.4891172,
              43.6603856
            ],
            [
              -79.4890036,
              43.6604094
            ],
            [
              -79.4888379,
              43.6600032
            ],
            [
              -79.4890036,
              43.6604094
            ],
            [
              -79.4884934,
              43.6591659
            ],
            [
              -79.4888379,
              43.6600032
            ],
            [
              -79.4883025,
              43.6587011
            ],
            [
              -79.4884934,
              43.6591659
            ],
            [
              -79.4883025,
              43.6587011
            ],
            [
              -79.4882518,
              43.6585586
            ],
            [
              -79.4881972,
              43.6584374
            ],
            [
              -79.4881098,
              43.6582256
            ],
            [
              -79.4880396,
              43.6580307
            ],
            [
              -79.4876006,
              43.6569522
            ],
            [
              -79.487315,
              43.6562153
            ],
            [
              -79.487195,
              43.6559459
            ],
            [
              -79.4870677,
              43.655619
            ],
            [
              -79.4870227,
              43.6554981
            ],
            [
              -79.4869818,
              43.6553914
            ],
            [
              -79.4867272,
              43.6547762
            ],
            [
              -79.4865129,
              43.654255
            ],
            [
              -79.4864094,
              43.6540041
            ],
            [
              -79.4862531,
              43.6536229
            ],
            [
              -79.4854437,
              43.6516609
            ],
            [
              -79.4851332,
              43.6509015
            ],
            [
              -79.4848217,
              43.6501567
            ],
            [
              -79.4844411,
              43.6493223
            ]
          ]
        ]
      }
    },
    {
      "type": "Feature",
      "properties": {
        "name": "Liberty Village"
      },
      "geometry": {
        "type": "Polygon",
        "coordinates": [
          [
            [
              -79.4273517,
              43.6389421
            ],
            [
              -79.4273466,
              43.6389288
            ],
            [
              -79.4273244,
              43.6388694
            ],
            [
              -79.4273234,
              43.6388666
            ],
            [
              -79.4273233,
              43.6388664
            ],
            [
              -79.427175,
              43.6384651
            ],
            [
              -79.4268626,
              43.6376612
            ],
            [
              -79.4267601,
              43.6373933
            ],
            [
              -79.4266673,
              43.6371526
            ],
            [
              -79.4266367,
              43.6370732
            ],
            [
              -79.4265976,
              43.6369724
            ],
            [
              -79.4263503,
              43.6363208
            ],
            [
              -79.4260617,
              43.635571
            ],
            [
              -79.4259694,
              43.6353293
            ],
            [
              -79.425801,
              43.6348829
            ],
            [
              -79.4256528,
              43.6344964
            ],
            [
              -79.4256749,
              43.6345559
            ],
            [
              -79.4257049,
              43.6346363
            ],
            [
              -79.4257717,
              43.6348066
            ],
            [
              -79.425801,
              43.6348829
            ],
            [
              -79.4256528,
              43.6344964
            ],
            [
              -79.4256453,
              43.6344769
            ],
            [
              -79.4256208,
              43.634416
            ],
            [
              -79.4256108,
              43.6343879
            ],
            [
              -79.4256108,
              43.6343879
            ],
            [
              -79.4254381,
              43.63434
            ],
            [
              -79.4254381,
              43.63434
            ],
            [
              -79.4250821,
              43.6344545
            ],
            [
              -79.4250683,
              43.6344423
            ],
            [
              -79.4247608,
              43.6345639
            ],
            [
              -79.424749,
              43.6345518
            ],
            [
              -79.4241142,
              43.6347579
            ],
            [
              -79.4233421,
              43.6349774
            ],
            [
              -79.4232383,
              43.6350069
            ],
            [
              -79.4232264,
              43.6349961
            ],
            [
              -79.4231681,
              43.6350126
            ],
            [
              -79.4231681,
              43.6350126
            ],
            [
              -79.423032,
              43.6351453
            ],
            [
              -79.4208419,
              43.6357539
            ],
            [
              -79.4207687,
              43.6357772
            ],
            [
              -79.4197723,
              43.6360489
            ],
            [
              -79.4195522,
              43.6361161
            ],
            [
              -79.4166158,
              43.6368848
            ],
            [
              -79.4148846,
              43.6373529
            ],
            [
              -79.4139661,
              43.6375786
            ],
            [
              -79.4132915,
              43.6377223
            ],
            [
              -79.4124533,
              43.6378824
            ],
            [
              -79.4115842,
              43.6381448
            ],
            [
              -79.4106165,
              43.6383822
            ],
            [
              -79.4105379,
              43.6385668
            ],
            [
              -79.4108406,
              43.6392686
            ],
            [
              -79.4107806,
              43.6391371
            ],
            [
              -79.4105379,
              43.6385668
            ],
            [
              -79.4111835,
              43.6400729
            ],
            [
              -79.411088,
              43.6398454
            ],
            [
              -79.4108819,
              43.6393546
            ],
            [
              -79.4108406,
              43.6392686
            ],
            [
              -79.4111835,
              43.6400729
            ],
            [
              -79.4113156,
              43.6400832
            ],
            [
              -79.4117275,
              43.6401009
            ],
            [
              -79.412855,
              43.6401387
            ],
            [
              -79.4155076,
              43.640229
            ],
            [
              -79.4169307,
              43.6402775
            ],
            [
              -79.4193388,
              43.6403474
            ],
            [
              -79.4197858,
              43.640366
            ],
            [
              -79.4204074,
              43.6402438
            ],
            [
              -79.4207493,
              43.6402792
            ],
            [
              -79.4207493,
              43.6402792
            ],
            [
              -79.4209117,
              43.6403612
            ],
            [
              -79.4211021,
              43.6404214
            ],
            [
              -79.4222125,
              43.6404649
            ],
            [
              -79.4228707,
              43.6405194
            ],
            [
              -79.4233295,
              43.6405774
            ],
            [
              -79.4237828,
              43.6406436
            ],
            [
              -79.4239754,
              43.6406781
            ],
            [
              -79.4244089,
              43.6407683
            ],
            [
              -79.4247137,
              43.6408329
            ],
            [
              -79.4249658,
              43.640895
            ],
            [
              -79.4252629,
              43.6409712
            ],
            [
              -79.4252705,
              43.6409731
            ],
            [
              -79.4253852,
              43.6410057
            ],
            [
              -79.425688,
              43.6410828
            ],
            [
              -79.4260146,
              43.641168
            ],
            [
              -79.4261178,
              43.6411967
            ],
            [
              -79.4263103,
              43.6412463
            ],
            [
              -79.4265463,
              43.6413206
            ],
            [
              -79.426781,
              43.641404
            ],
            [
              -79.4270861,
              43.6415171
            ],
            [
              -79.4276199,
              43.6417418
            ],
            [
              -79.4278684,
              43.6418477
            ],
            [
              -79.4281673,
              43.6419901
            ],
            [
              -79.4284369,
              43.6421259
            ],
            [
              -79.4286157,
              43.642228
            ],
            [
              -79.4286157,
              43.642228
            ],
            [
              -79.4286115,
              43.6422136
            ],
            [
              -79.4285925,
              43.6421514
            ],
            [
              -79.4285881,
              43.6421364
            ],
            [
              -79.4284575,
              43.6418069
            ],
            [
              -79.4283586,
              43.641554
            ],
            [
              -79.4281715,
              43.6410677
            ],
            [
              -79.4279824,
              43.6405763
            ],
            [
              -79.4279665,
              43.6405355
            ],
            [
              -79.4279395,
              43.6404685
            ],
            [
              -79.4279076,
              43.6403886
            ],
            [
              -79.4276474,
              43.6397286
            ],
            [
              -79.4275476,
              43.6394533
            ],
            [
              -79.4274844,
              43.6392841
            ],
            [
              -79.4273869,
              43.6390308
            ],
            [
              -79.4273838,
              43.6390235
            ],
            [
              -79.4273802,
              43.6390144
            ],
            [
              -79.4273571,
              43.6389559
            ],
            [
              -79.4273517,
              43.6389421
            ]
          ]
        ]
      }
    },
    {
      "type": "Feature",
      "properties": {
        "name": "Brockton Village"
      },
      "geometry": {
        "type": "Polygon",
        "coordinates": [
          [
            [
              -79.4421656,
              43.6504926
            ],
            [
              -79.4418078,
              43.6504115
            ],
            [
              -79.4414835,
              43.6503408
            ],
            [
              -79.441138,
              43.6502729
            ],
            [
              -79.4400473,
              43.6501971
            ],
            [
              -79.436614,
              43.6499603
            ],
            [
              -79.4356129,
              43.6498931
            ],
            [
              -79.4325617,
              43.6525581
            ],
            [
              -79.4363642,
              43.6517929
            ],
            [
              -79.4356129,
              43.6498931
            ],
            [
              -79.4353339,
              43.6598601
            ],
            [
              -79.4326034,
              43.6526664
            ],
            [
              -79.4325617,
              43.6525581
            ],
            [
              -79.445207,
              43.6578158
            ],
            [
              -79.4353339,
              43.6598601
            ],
            [
              -79.4451711,
              43.6577268
            ],
            [
              -79.4451912,
              43.6577767
            ],
            [
              -79.445207,
              43.6578158
            ],
            [
              -79.4421656,
              43.6504926
            ],
            [
              -79.4423774,
              43.6508499
            ],
            [
              -79.442769,
              43.651731
            ],
            [
              -79.443748,
              43.6541723
            ],
            [
              -79.4448262,
              43.6568494
            ],
            [
              -79.4451711,
              43.6577268
            ]
          ]
        ]
      }
    },
    {
      "type": "Feature",
      "properties": {
        "name": "Pickering Village"
      },
      "geometry": {
        "type": "Polygon",
        "coordinates": [
          [
            [
              -79.0512567,
              43.8473243
            ],
            [
              -79.0405359,
              43.8495453
            ],
            [
              -79.0407945,
              43.8506685
            ],
            [
              -79.0413016,
              43.8547019
            ],
            [
              -79.0417978,
              43.857618
            ],
            [
              -79.0455333,
              43.8567652
            ],
            [
              -79.0460123,
              43.8575914
            ],
            [
              -79.0463866,
              43.8584262
            ],
            [
              -79.0562756,
              43.856148
            ],
            [
              -79.0567952,
              43.85736
            ],
            [
              -79.0592572,
              43.8567791
            ],
            [
              -79.0593677,
              43.8570215
            ],
            [
              -79.061916,
              43.8564126
            ],
            [
              -79.0621771,
              43.8560461
            ],
            [
              -79.0625219,
              43.8563498
            ],
            [
              -79.0626478,
              43.8562147
            ],
            [
              -79.0638561,
              43.8553697
            ],
            [
              -79.0639263,
              43.8554146
            ],
            [
              -79.0644654,
              43.8552355
            ],
            [
              -79.0666851,
              43.8550925
            ],
            [
              -79.0654145,
              43.8521586
            ],
            [
              -79.0651565,
              43.8522163
            ],
            [
              -79.0645005,
              43.8506847
            ],
            [
              -79.0643776,
              43.8507123
            ],
            [
              -79.0614098,
              43.8437445
            ],
            [
              -79.0608786,
              43.8438729
            ],
            [
              -79.056245,
              43.8460141
            ],
            [
              -79.0549966,
              43.8465126
            ],
            [
              -79.0534,
              43.8469565
            ],
            [
              -79.0512567,
              43.8473243
            ]
          ]
        ]
      }
    },
    {
      "type": "Feature",
      "properties": {
        "name": "Pickering Beach"
      },
      "geometry": {
        "type": "Polygon",
        "coordinates": [
          [
            [
              -78.9879632,
              43.8282153
            ],
            [
              -78.9884428,
              43.8283138
            ],
            [
              -78.9885029,
              43.8283331
            ],
            [
              -78.9885646,
              43.8283656
            ],
            [
              -78.9886093,
              43.8284017
            ],
            [
              -78.9886484,
              43.8284606
            ],
            [
              -78.9887047,
              43.8285715
            ],
            [
              -78.9887273,
              43.828616
            ],
            [
              -78.9887731,
              43.8287542
            ],
            [
              -78.9888445,
              43.8288735
            ],
            [
              -78.9888993,
              43.8289613
            ],
            [
              -78.9890179,
              43.8290866
            ],
            [
              -78.9890962,
              43.8292043
            ],
            [
              -78.9891492,
              43.829333
            ],
            [
              -78.9891742,
              43.8294299
            ],
            [
              -78.9892004,
              43.829629
            ],
            [
              -78.9891653,
              43.8297604
            ],
            [
              -78.9891376,
              43.8298015
            ],
            [
              -78.9890975,
              43.8298397
            ],
            [
              -78.9889211,
              43.8299263
            ],
            [
              -78.9888693,
              43.8299682
            ],
            [
              -78.9888526,
              43.8300036
            ],
            [
              -78.9888597,
              43.8300475
            ],
            [
              -78.9889013,
              43.8301181
            ],
            [
              -78.988969,
              43.8301682
            ],
            [
              -78.989242,
              43.8302988
            ],
            [
              -78.9894379,
              43.8303588
            ],
            [
              -78.9896154,
              43.8304013
            ],
            [
              -78.9896846,
              43.8304429
            ],
            [
              -78.9898329,
              43.8305591
            ],
            [
              -78.9899279,
              43.8306813
            ],
            [
              -78.9900198,
              43.8308231
            ],
            [
              -78.9900372,
              43.8308651
            ],
            [
              -78.9900261,
              43.8309106
            ],
            [
              -78.9899981,
              43.8309328
            ],
            [
              -78.9904166,
              43.8312091
            ],
            [
              -78.9904938,
              43.8313001
            ],
            [
              -78.9906148,
              43.831353
            ],
            [
              -78.9917889,
              43.8310879
            ],
            [
              -78.9920034,
              43.8311352
            ],
            [
              -78.9924937,
              43.8313167
            ],
            [
              -78.9925517,
              43.831348
            ],
            [
              -78.9925859,
              43.8313569
            ],
            [
              -78.9926581,
              43.8313598
            ],
            [
              -78.9927264,
              43.8313425
            ],
            [
              -78.9928445,
              43.831269
            ],
            [
              -78.9929511,
              43.8315255
            ],
            [
              -78.9934347,
              43.8316269
            ],
            [
              -78.9934777,
              43.8317303
            ],
            [
              -78.9946822,
              43.8320616
            ],
            [
              -78.9953103,
              43.8321696
            ],
            [
              -78.9957179,
              43.8320472
            ],
            [
              -78.9960531,
              43.8320044
            ],
            [
              -78.9963077,
              43.8318918
            ],
            [
              -78.9968021,
              43.8317331
            ],
            [
              -78.9967353,
              43.8315682
            ],
            [
              -78.9980897,
              43.8312719
            ],
            [
              -78.9985034,
              43.8322427
            ],
            [
              -78.9994252,
              43.8320748
            ],
            [
              -79.0003478,
              43.8319165
            ],
            [
              -79.0013748,
              43.8317104
            ],
            [
              -79.0021706,
              43.8315729
            ],
            [
              -79.0018562,
              43.8308456
            ],
            [
              -79.0016936,
              43.8304206
            ],
            [
              -78.9995717,
              43.8254392
            ],
            [
              -78.9993446,
              43.8256429
            ],
            [
              -78.9992458,
              43.8257147
            ],
            [
              -78.9991347,
              43.8257774
            ],
            [
              -78.9990376,
              43.8258209
            ],
            [
              -78.9988771,
              43.8259225
            ],
            [
              -78.9986353,
              43.826092
            ],
            [
              -78.9985675,
              43.8261271
            ],
            [
              -78.9978318,
              43.8264107
            ],
            [
              -78.9971398,
              43.8266546
            ],
            [
              -78.9967225,
              43.8267417
            ],
            [
              -78.9961756,
              43.8268735
            ],
            [
              -78.9956443,
              43.8270099
            ],
            [
              -78.9951393,
              43.8271563
            ],
            [
              -78.9946885,
              43.8272488
            ],
            [
              -78.9939351,
              43.8273031
            ],
            [
              -78.9929163,
              43.8273547
            ],
            [
              -78.992223,
              43.8273498
            ],
            [
              -78.9915567,
              43.8273886
            ],
            [
              -78.9909772,
              43.8273413
            ],
            [
              -78.9906959,
              43.8273392
            ],
            [
              -78.9903644,
              43.8273783
            ],
            [
              -78.988466,
              43.8273597
            ],
            [
              -78.9879063,
              43.8273708
            ],
            [
              -78.9874095,
              43.8273391
            ],
            [
              -78.9878656,
              43.8279863
            ],
            [
              -78.9879632,
              43.8282153
            ]
          ]
        ]
      }
    },
    {
      "type": "Feature",
      "properties": {
        "name": "Carruthers Creek Business Area"
      },
      "geometry": {
        "type": "Polygon",
        "coordinates": [
          [
            [
              -79.0191957,
              43.8823026
            ],
            [
              -79.0193011,
              43.8825149
            ],
            [
              -79.0194305,
              43.8827202
            ],
            [
              -79.0196395,
              43.8829813
            ],
            [
              -79.0198151,
              43.8831589
            ],
            [
              -79.0201139,
              43.8834048
            ],
            [
              -79.0203424,
              43.8835582
            ],
            [
              -79.020467,
              43.8836318
            ],
            [
              -79.0207285,
              43.8837672
            ],
            [
              -79.0210052,
              43.8838858
            ],
            [
              -79.0211485,
              43.8839386
            ],
            [
              -79.0214438,
              43.8840307
            ],
            [
              -79.0215953,
              43.8840698
            ],
            [
              -79.0219045,
              43.8841337
            ],
            [
              -79.0231367,
              43.8843504
            ],
            [
              -79.0234673,
              43.8844293
            ],
            [
              -79.0236289,
              43.884476
            ],
            [
              -79.0239434,
              43.8845838
            ],
            [
              -79.0240958,
              43.8846447
            ],
            [
              -79.0243687,
              43.8847695
            ],
            [
              -79.0247225,
              43.8849661
            ],
            [
              -79.0249415,
              43.8851119
            ],
            [
              -79.0254112,
              43.8849967
            ],
            [
              -79.0235461,
              43.8806608
            ],
            [
              -79.0261244,
              43.8800845
            ],
            [
              -79.0270324,
              43.8798708
            ],
            [
              -79.0265075,
              43.878641
            ],
            [
              -79.0262729,
              43.8781317
            ],
            [
              -79.0244605,
              43.8739807
            ],
            [
              -79.0240605,
              43.8731109
            ],
            [
              -79.0239599,
              43.8728432
            ],
            [
              -79.0238825,
              43.8725878
            ],
            [
              -79.0238162,
              43.8722519
            ],
            [
              -79.0237823,
              43.8718662
            ],
            [
              -79.0237925,
              43.8715894
            ],
            [
              -79.0238174,
              43.8713241
            ],
            [
              -79.0238957,
              43.8708907
            ],
            [
              -79.0239831,
              43.8706188
            ],
            [
              -79.024148,
              43.8702072
            ],
            [
              -79.0242027,
              43.8701024
            ],
            [
              -79.0252238,
              43.867521
            ],
            [
              -79.0257563,
              43.8662702
            ],
            [
              -79.0261413,
              43.8652705
            ],
            [
              -79.0262401,
              43.8647742
            ],
            [
              -79.0262823,
              43.8642738
            ],
            [
              -79.0263322,
              43.8624149
            ],
            [
              -79.0263173,
              43.8622763
            ],
            [
              -79.0262465,
              43.8620577
            ],
            [
              -79.0260031,
              43.8613928
            ],
            [
              -79.0258983,
              43.8612093
            ],
            [
              -79.0256734,
              43.8612483
            ],
            [
              -79.0240786,
              43.8616047
            ],
            [
              -79.0231468,
              43.8618455
            ],
            [
              -79.0223125,
              43.8620273
            ],
            [
              -79.0218439,
              43.8621149
            ],
            [
              -79.0214874,
              43.8621908
            ],
            [
              -79.0208942,
              43.8623625
            ],
            [
              -79.0204194,
              43.8624704
            ],
            [
              -79.0192584,
              43.8627236
            ],
            [
              -79.018847,
              43.8627927
            ],
            [
              -79.0184887,
              43.8628725
            ],
            [
              -79.0179868,
              43.8629852
            ],
            [
              -79.0168525,
              43.8632718
            ],
            [
              -79.014541,
              43.8637637
            ],
            [
              -79.0139366,
              43.8639287
            ],
            [
              -79.0136028,
              43.8640041
            ],
            [
              -79.0126862,
              43.8641817
            ],
            [
              -79.0064345,
              43.8655992
            ],
            [
              -79.0064899,
              43.8657264
            ],
            [
              -79.006544,
              43.8657592
            ],
            [
              -79.0067579,
              43.865757
            ],
            [
              -79.0068146,
              43.8658052
            ],
            [
              -79.0068683,
              43.8659293
            ],
            [
              -79.0068581,
              43.8660014
            ],
            [
              -79.0069025,
              43.8661358
            ],
            [
              -79.0069542,
              43.8661746
            ],
            [
              -79.006997,
              43.8664181
            ],
            [
              -79.0071928,
              43.8667274
            ],
            [
              -79.00726,
              43.8668667
            ],
            [
              -79.0074983,
              43.8671852
            ],
            [
              -79.0075486,
              43.8672898
            ],
            [
              -79.0076296,
              43.8673772
            ],
            [
              -79.0077079,
              43.8674154
            ],
            [
              -79.0077395,
              43.8674449
            ],
            [
              -79.0078277,
              43.8674242
            ],
            [
              -79.0078149,
              43.8674662
            ],
            [
              -79.0079485,
              43.8676064
            ],
            [
              -79.0079971,
              43.8677571
            ],
            [
              -79.0081246,
              43.8678572
            ],
            [
              -79.0081077,
              43.867978
            ],
            [
              -79.0082433,
              43.8679901
            ],
            [
              -79.0083129,
              43.8680422
            ],
            [
              -79.0084017,
              43.8681621
            ],
            [
              -79.008441,
              43.8682966
            ],
            [
              -79.0085207,
              43.868467
            ],
            [
              -79.0086475,
              43.8686096
            ],
            [
              -79.0088628,
              43.8687236
            ],
            [
              -79.0088533,
              43.8688114
            ],
            [
              -79.0090855,
              43.8691015
            ],
            [
              -79.0091824,
              43.86936
            ],
            [
              -79.0090869,
              43.8696049
            ],
            [
              -79.0089411,
              43.8697287
            ],
            [
              -79.0089031,
              43.8699257
            ],
            [
              -79.0088739,
              43.8699879
            ],
            [
              -79.0089011,
              43.870123
            ],
            [
              -79.0089087,
              43.8702149
            ],
            [
              -79.0087958,
              43.8703983
            ],
            [
              -79.0088864,
              43.8706608
            ],
            [
              -79.0088519,
              43.8707962
            ],
            [
              -79.0087034,
              43.8711215
            ],
            [
              -79.0087235,
              43.8712325
            ],
            [
              -79.0086678,
              43.8713736
            ],
            [
              -79.0085416,
              43.8715238
            ],
            [
              -79.0085294,
              43.8718464
            ],
            [
              -79.0085835,
              43.8720193
            ],
            [
              -79.0086581,
              43.8719883
            ],
            [
              -79.0133412,
              43.8827794
            ],
            [
              -79.0133931,
              43.8829393
            ],
            [
              -79.0159844,
              43.8823378
            ],
            [
              -79.0189304,
              43.8816893
            ],
            [
              -79.0191957,
              43.8823026
            ]
          ]
        ]
      }
    },
    {
      "type": "Feature",
      "properties": {
        "name": "Duffins Crossing"
      },
      "geometry": {
        "type": "Polygon",
        "coordinates": [
          [
            [
              -79.0517349,
              43.8959499
            ],
            [
              -79.0568317,
              43.8946507
            ],
            [
              -79.061665,
              43.8934276
            ],
            [
              -79.066454,
              43.8922348
            ],
            [
              -79.0699767,
              43.8913451
            ],
            [
              -79.0719129,
              43.8908097
            ],
            [
              -79.073677,
              43.8902714
            ],
            [
              -79.0759901,
              43.8894177
            ],
            [
              -79.0752188,
              43.887486
            ],
            [
              -79.0750388,
              43.8875276
            ],
            [
              -79.0729775,
              43.8826713
            ],
            [
              -79.0718718,
              43.8801092
            ],
            [
              -79.0714673,
              43.8792613
            ],
            [
              -79.0706239,
              43.8773357
            ],
            [
              -79.0585036,
              43.8845924
            ],
            [
              -79.0575493,
              43.8852687
            ],
            [
              -79.0544506,
              43.8880733
            ],
            [
              -79.0541815,
              43.8883287
            ],
            [
              -79.0541139,
              43.8884215
            ],
            [
              -79.0540743,
              43.8885223
            ],
            [
              -79.0540645,
              43.8886269
            ],
            [
              -79.0540792,
              43.8887088
            ],
            [
              -79.0556067,
              43.8921798
            ],
            [
              -79.0539119,
              43.8925566
            ],
            [
              -79.0505956,
              43.8933283
            ],
            [
              -79.051595,
              43.8956016
            ],
            [
              -79.0517349,
              43.8959499
            ]
          ]
        ]
      }
    },
    {
      "type": "Feature",
      "properties": {
        "name": "Lakeside"
      },
      "geometry": {
        "type": "Polygon",
        "coordinates": [
          [
            [
              -78.9904166,
              43.8312091
            ],
            [
              -78.9899981,
              43.8309328
            ],
            [
              -78.9900261,
              43.8309106
            ],
            [
              -78.9900372,
              43.8308651
            ],
            [
              -78.9900198,
              43.8308231
            ],
            [
              -78.9899279,
              43.8306813
            ],
            [
              -78.9898329,
              43.8305591
            ],
            [
              -78.9896846,
              43.8304429
            ],
            [
              -78.9896154,
              43.8304013
            ],
            [
              -78.9894379,
              43.8303588
            ],
            [
              -78.989242,
              43.8302988
            ],
            [
              -78.988969,
              43.8301682
            ],
            [
              -78.9889013,
              43.8301181
            ],
            [
              -78.9888597,
              43.8300475
            ],
            [
              -78.9888526,
              43.8300036
            ],
            [
              -78.9888693,
              43.8299682
            ],
            [
              -78.9889211,
              43.8299263
            ],
            [
              -78.9890975,
              43.8298397
            ],
            [
              -78.9891376,
              43.8298015
            ],
            [
              -78.9891653,
              43.8297604
            ],
            [
              -78.9891779,
              43.8297131
            ],
            [
              -78.9892004,
              43.829629
            ],
            [
              -78.9891742,
              43.8294299
            ],
            [
              -78.9891492,
              43.829333
            ],
            [
              -78.9890962,
              43.8292043
            ],
            [
              -78.9890179,
              43.8290866
            ],
            [
              -78.9888993,
              43.8289613
            ],
            [
              -78.9888445,
              43.8288735
            ],
            [
              -78.9887731,
              43.8287542
            ],
            [
              -78.9887273,
              43.828616
            ],
            [
              -78.9886484,
              43.8284606
            ],
            [
              -78.9886093,
              43.8284017
            ],
            [
              -78.9885646,
              43.8283656
            ],
            [
              -78.9885029,
              43.8283331
            ],
            [
              -78.9884428,
              43.8283138
            ],
            [
              -78.9879632,
              43.8282153
            ],
            [
              -78.9878656,
              43.8279863
            ],
            [
              -78.9874095,
              43.8273391
            ],
            [
              -78.9869232,
              43.8272669
            ],
            [
              -78.9866784,
              43.8271639
            ],
            [
              -78.9865705,
              43.8271302
            ],
            [
              -78.9862973,
              43.8270834
            ],
            [
              -78.9859817,
              43.8270859
            ],
            [
              -78.9856617,
              43.8270715
            ],
            [
              -78.9852674,
              43.8270896
            ],
            [
              -78.9850061,
              43.8271259
            ],
            [
              -78.9848401,
              43.827137
            ],
            [
              -78.9836465,
              43.8271078
            ],
            [
              -78.9835312,
              43.8271216
            ],
            [
              -78.9834356,
              43.8271429
            ],
            [
              -78.9831204,
              43.8272629
            ],
            [
              -78.9821064,
              43.8276044
            ],
            [
              -78.9815649,
              43.8278008
            ],
            [
              -78.981407,
              43.8278439
            ],
            [
              -78.9812423,
              43.8278646
            ],
            [
              -78.9810949,
              43.8278676
            ],
            [
              -78.9807348,
              43.8278561
            ],
            [
              -78.9806419,
              43.8278708
            ],
            [
              -78.9805202,
              43.8279019
            ],
            [
              -78.9801054,
              43.8281179
            ],
            [
              -78.9798005,
              43.8282556
            ],
            [
              -78.9794864,
              43.8284172
            ],
            [
              -78.9792804,
              43.8285089
            ],
            [
              -78.9791316,
              43.828554
            ],
            [
              -78.9786469,
              43.8287417
            ],
            [
              -78.9783843,
              43.8288301
            ],
            [
              -78.9779215,
              43.8290368
            ],
            [
              -78.9774697,
              43.829263
            ],
            [
              -78.9772594,
              43.8293318
            ],
            [
              -78.9771696,
              43.8293538
            ],
            [
              -78.97709,
              43.8293934
            ],
            [
              -78.9767034,
              43.829637
            ],
            [
              -78.9759796,
              43.8300393
            ],
            [
              -78.9754987,
              43.830262
            ],
            [
              -78.9751525,
              43.8304388
            ],
            [
              -78.9747576,
              43.8306822
            ],
            [
              -78.9746012,
              43.8308037
            ],
            [
              -78.9742905,
              43.8309696
            ],
            [
              -78.9740879,
              43.8310566
            ],
            [
              -78.9735967,
              43.8312875
            ],
            [
              -78.9733508,
              43.8314539
            ],
            [
              -78.9730839,
              43.831597
            ],
            [
              -78.9729117,
              43.8316712
            ],
            [
              -78.972451,
              43.8319672
            ],
            [
              -78.9721402,
              43.8322596
            ],
            [
              -78.9714609,
              43.8328254
            ],
            [
              -78.9711073,
              43.8331308
            ],
            [
              -78.9707564,
              43.8333758
            ],
            [
              -78.9706477,
              43.8334319
            ],
            [
              -78.9713933,
              43.8351412
            ],
            [
              -78.9734837,
              43.8400106
            ],
            [
              -78.9751836,
              43.8440078
            ],
            [
              -78.9849058,
              43.8417865
            ],
            [
              -78.9864818,
              43.8414375
            ],
            [
              -78.9873973,
              43.8412247
            ],
            [
              -78.9875729,
              43.8412911
            ],
            [
              -78.9879401,
              43.8413826
            ],
            [
              -78.9881934,
              43.841484
            ],
            [
              -78.98844,
              43.8415986
            ],
            [
              -78.9886243,
              43.8416412
            ],
            [
              -78.9888035,
              43.8416614
            ],
            [
              -78.9890355,
              43.841632
            ],
            [
              -78.98942,
              43.8414989
            ],
            [
              -78.9898992,
              43.8412306
            ],
            [
              -78.9901216,
              43.8411384
            ],
            [
              -78.9908258,
              43.8409422
            ],
            [
              -78.9909686,
              43.8408937
            ],
            [
              -78.9910938,
              43.8408225
            ],
            [
              -78.9911832,
              43.8407532
            ],
            [
              -78.9912418,
              43.8405992
            ],
            [
              -78.9912759,
              43.8403857
            ],
            [
              -78.9912725,
              43.8402098
            ],
            [
              -78.9912408,
              43.8400341
            ],
            [
              -78.9912187,
              43.8397238
            ],
            [
              -78.9912201,
              43.8396087
            ],
            [
              -78.9912774,
              43.839511
            ],
            [
              -78.9913015,
              43.8394115
            ],
            [
              -78.9912947,
              43.8392392
            ],
            [
              -78.9914842,
              43.8392049
            ],
            [
              -78.991617,
              43.8391663
            ],
            [
              -78.9916721,
              43.839161
            ],
            [
              -78.9918098,
              43.8391677
            ],
            [
              -78.9919021,
              43.8391827
            ],
            [
              -78.9919544,
              43.8391714
            ],
            [
              -78.9920036,
              43.8391762
            ],
            [
              -78.9920464,
              43.8391558
            ],
            [
              -78.9920762,
              43.8391577
            ],
            [
              -78.9921023,
              43.8391696
            ],
            [
              -78.9921734,
              43.8391619
            ],
            [
              -78.9922478,
              43.8391291
            ],
            [
              -78.9922636,
              43.8391089
            ],
            [
              -78.9922539,
              43.8390356
            ],
            [
              -78.9922865,
              43.8390089
            ],
            [
              -78.9923402,
              43.8389965
            ],
            [
              -78.992485,
              43.8389422
            ],
            [
              -78.992589,
              43.8389317
            ],
            [
              -78.9926704,
              43.838909
            ],
            [
              -78.9927859,
              43.8388951
            ],
            [
              -78.9928585,
              43.8388769
            ],
            [
              -78.9930065,
              43.8388805
            ],
            [
              -78.9929808,
              43.8389103
            ],
            [
              -78.9929936,
              43.8389414
            ],
            [
              -78.9931099,
              43.839018
            ],
            [
              -78.9931324,
              43.8390189
            ],
            [
              -78.9932466,
              43.8389597
            ],
            [
              -78.9932782,
              43.8389356
            ],
            [
              -78.9933472,
              43.8389316
            ],
            [
              -78.9933783,
              43.8389127
            ],
            [
              -78.9933884,
              43.8388945
            ],
            [
              -78.9934246,
              43.8388944
            ],
            [
              -78.9934517,
              43.8388809
            ],
            [
              -78.9934771,
              43.8388396
            ],
            [
              -78.9934792,
              43.8388148
            ],
            [
              -78.9934581,
              43.8387657
            ],
            [
              -78.993461,
              43.8387427
            ],
            [
              -78.9934837,
              43.8387186
            ],
            [
              -78.9936093,
              43.8387018
            ],
            [
              -78.9937439,
              43.8386963
            ],
            [
              -78.9938574,
              43.8386674
            ],
            [
              -78.9939236,
              43.8386588
            ],
            [
              -78.9940306,
              43.8386121
            ],
            [
              -78.9941464,
              43.8386145
            ],
            [
              -78.9941915,
              43.8385888
            ],
            [
              -78.9942023,
              43.8385616
            ],
            [
              -78.9942058,
              43.8385014
            ],
            [
              -78.9942158,
              43.8384915
            ],
            [
              -78.9943498,
              43.8384611
            ],
            [
              -78.9912452,
              43.8312064
            ],
            [
              -78.9906148,
              43.831353
            ],
            [
              -78.9904938,
              43.8313001
            ],
            [
              -78.9904166,
              43.8312091
            ]
          ]
        ]
      }
    },
    {
      "type": "Feature",
      "properties": {
        "name": "Memorial Village"
      },
      "geometry": {
        "type": "Polygon",
        "coordinates": [
          [
            [
              -79.011337,
              43.8547282
            ],
            [
              -79.01289,
              43.8543781
            ],
            [
              -79.0135961,
              43.8541736
            ],
            [
              -79.0143382,
              43.8540531
            ],
            [
              -79.0170758,
              43.8534386
            ],
            [
              -79.0170647,
              43.8534124
            ],
            [
              -79.0195923,
              43.8527713
            ],
            [
              -79.0187637,
              43.850839
            ],
            [
              -79.0188018,
              43.8508305
            ],
            [
              -79.0186405,
              43.8504531
            ],
            [
              -79.0192089,
              43.8503267
            ],
            [
              -79.0190552,
              43.8499397
            ],
            [
              -79.0187183,
              43.8491747
            ],
            [
              -79.0178488,
              43.8471216
            ],
            [
              -79.0184287,
              43.846996
            ],
            [
              -79.0176742,
              43.8452362
            ],
            [
              -79.017565,
              43.8450711
            ],
            [
              -79.0174749,
              43.8449903
            ],
            [
              -79.0172888,
              43.84487
            ],
            [
              -79.0172171,
              43.8448352
            ],
            [
              -79.0170641,
              43.8447771
            ],
            [
              -79.0169478,
              43.8447445
            ],
            [
              -79.0168329,
              43.8447231
            ],
            [
              -79.016674,
              43.8447075
            ],
            [
              -79.0165168,
              43.8447048
            ],
            [
              -79.0163485,
              43.8447196
            ],
            [
              -79.0162126,
              43.8447446
            ],
            [
              -79.0161105,
              43.8445188
            ],
            [
              -79.0131883,
              43.8451674
            ],
            [
              -79.0129467,
              43.8452343
            ],
            [
              -79.0121306,
              43.8454012
            ],
            [
              -79.011972,
              43.8454233
            ],
            [
              -79.0114479,
              43.8455433
            ],
            [
              -79.011121,
              43.8456351
            ],
            [
              -79.00861,
              43.846212
            ],
            [
              -79.0084478,
              43.8462356
            ],
            [
              -79.005932,
              43.8467877
            ],
            [
              -79.0068694,
              43.8493675
            ],
            [
              -79.0072688,
              43.8504197
            ],
            [
              -79.0075434,
              43.8509299
            ],
            [
              -79.0078945,
              43.8514025
            ],
            [
              -79.0081325,
              43.8516941
            ],
            [
              -79.011337,
              43.8547282
            ]
          ]
        ]
      }
    },
    {
      "type": "Feature",
      "properties": {
        "name": "Nottingham"
      },
      "geometry": {
        "type": "Polygon",
        "coordinates": [
          [
            [
              -79.0505228,
              43.8931646
            ],
            [
              -79.0494423,
              43.8912571
            ],
            [
              -79.0467791,
              43.8849293
            ],
            [
              -79.0464803,
              43.8841824
            ],
            [
              -79.04453,
              43.8795462
            ],
            [
              -79.0439435,
              43.8780105
            ],
            [
              -79.0431517,
              43.8762614
            ],
            [
              -79.0383149,
              43.8773223
            ],
            [
              -79.0312212,
              43.8789077
            ],
            [
              -79.0261244,
              43.8800845
            ],
            [
              -79.0235461,
              43.8806608
            ],
            [
              -79.0259759,
              43.8863093
            ],
            [
              -79.0261414,
              43.8866344
            ],
            [
              -79.0261171,
              43.8866375
            ],
            [
              -79.0262089,
              43.886851
            ],
            [
              -79.026749,
              43.8867572
            ],
            [
              -79.0279815,
              43.886709
            ],
            [
              -79.0291601,
              43.8867346
            ],
            [
              -79.0302467,
              43.8869454
            ],
            [
              -79.0312293,
              43.8871795
            ],
            [
              -79.0320719,
              43.8874859
            ],
            [
              -79.0330728,
              43.887963
            ],
            [
              -79.0343339,
              43.8886499
            ],
            [
              -79.0351928,
              43.8892616
            ],
            [
              -79.0358597,
              43.8899574
            ],
            [
              -79.0358597,
              43.8899574
            ],
            [
              -79.0385343,
              43.8936246
            ],
            [
              -79.0398423,
              43.8950218
            ],
            [
              -79.0407703,
              43.8956954
            ],
            [
              -79.042414,
              43.8953237
            ],
            [
              -79.0459814,
              43.8944837
            ],
            [
              -79.0486105,
              43.8938033
            ],
            [
              -79.0505956,
              43.8933283
            ],
            [
              -79.0505228,
              43.8931646
            ]
          ]
        ]
      }
    },
    {
      "type": "Feature",
      "properties": {
        "name": "Clover Ridge"
      },
      "geometry": {
        "type": "Polygon",
        "coordinates": [
          [
            [
              -79.0124563,
              43.8215867
            ],
            [
              -79.0120682,
              43.8198035
            ],
            [
              -79.0120077,
              43.8195256
            ],
            [
              -79.0116268,
              43.8195242
            ],
            [
              -79.0114556,
              43.8195425
            ],
            [
              -79.0112306,
              43.8196026
            ],
            [
              -79.0111059,
              43.8196524
            ],
            [
              -79.0109333,
              43.8197387
            ],
            [
              -79.0107896,
              43.8198345
            ],
            [
              -79.0103986,
              43.8201191
            ],
            [
              -79.010276,
              43.8202322
            ],
            [
              -79.0100973,
              43.8203299
            ],
            [
              -79.0096157,
              43.8206524
            ],
            [
              -79.009015,
              43.8209868
            ],
            [
              -79.0085355,
              43.8212344
            ],
            [
              -79.0082943,
              43.8214118
            ],
            [
              -79.0080363,
              43.821569
            ],
            [
              -79.0078357,
              43.8216736
            ],
            [
              -79.0076655,
              43.8217394
            ],
            [
              -79.0071431,
              43.8219676
            ],
            [
              -79.0070372,
              43.8219972
            ],
            [
              -79.0068219,
              43.8220153
            ],
            [
              -79.0067204,
              43.8220419
            ],
            [
              -79.0065705,
              43.8221491
            ],
            [
              -79.0064233,
              43.8222756
            ],
            [
              -79.0062854,
              43.8223722
            ],
            [
              -79.0059138,
              43.8225667
            ],
            [
              -79.0053204,
              43.8229063
            ],
            [
              -79.0050047,
              43.8230704
            ],
            [
              -79.0046852,
              43.8232254
            ],
            [
              -79.0040677,
              43.8234568
            ],
            [
              -79.0036398,
              43.8236419
            ],
            [
              -79.0033837,
              43.8237648
            ],
            [
              -79.0032282,
              43.8238134
            ],
            [
              -79.0031303,
              43.8238552
            ],
            [
              -79.0029593,
              43.8239969
            ],
            [
              -79.0024463,
              43.8243446
            ],
            [
              -79.0023092,
              43.824417
            ],
            [
              -79.0020237,
              43.8245225
            ],
            [
              -79.0014035,
              43.8248382
            ],
            [
              -79.0011884,
              43.824928
            ],
            [
              -79.0009732,
              43.8249919
            ],
            [
              -79.0007392,
              43.8250242
            ],
            [
              -79.0003491,
              43.8250653
            ],
            [
              -79.0002002,
              43.8250905
            ],
            [
              -79.0000703,
              43.8251414
            ],
            [
              -78.9998581,
              43.8252445
            ],
            [
              -78.9996748,
              43.8253572
            ],
            [
              -78.9995672,
              43.8254674
            ],
            [
              -79.0016891,
              43.8304487
            ],
            [
              -79.0018517,
              43.8308737
            ],
            [
              -79.0021987,
              43.8308007
            ],
            [
              -79.0023359,
              43.8307813
            ],
            [
              -79.002475,
              43.8307723
            ],
            [
              -79.0026147,
              43.8307739
            ],
            [
              -79.0027685,
              43.8307885
            ],
            [
              -79.0028898,
              43.8308086
            ],
            [
              -79.0030219,
              43.8308413
            ],
            [
              -79.0032787,
              43.8309387
            ],
            [
              -79.0046274,
              43.8315257
            ],
            [
              -79.0062286,
              43.8321861
            ],
            [
              -79.0069241,
              43.832484
            ],
            [
              -79.007058,
              43.832531
            ],
            [
              -79.007198,
              43.8325678
            ],
            [
              -79.0073423,
              43.8325937
            ],
            [
              -79.0074897,
              43.8326085
            ],
            [
              -79.0076383,
              43.8326121
            ],
            [
              -79.0078122,
              43.8326021
            ],
            [
              -79.0079765,
              43.8325792
            ],
            [
              -79.0081367,
              43.8325439
            ],
            [
              -79.0082909,
              43.8324968
            ],
            [
              -79.0084374,
              43.8324383
            ],
            [
              -79.0098292,
              43.8317781
            ],
            [
              -79.0105301,
              43.8314538
            ],
            [
              -79.0107222,
              43.8313863
            ],
            [
              -79.0108401,
              43.8313576
            ],
            [
              -79.0109692,
              43.8313369
            ],
            [
              -79.0124868,
              43.8312015
            ],
            [
              -79.0131346,
              43.8311364
            ],
            [
              -79.0135476,
              43.8311064
            ],
            [
              -79.0145928,
              43.8310122
            ],
            [
              -79.0124563,
              43.8215867
            ]
          ]
        ]
      }
    },
    {
      "type": "Feature",
      "properties": {
        "name": "Hermitage"
      },
      "geometry": {
        "type": "Polygon",
        "coordinates": [
          [
            [
              -79.0485138,
              43.86368
            ],
            [
              -79.0486475,
              43.8637436
            ],
            [
              -79.0487174,
              43.8637956
            ],
            [
              -79.048833,
              43.8639141
            ],
            [
              -79.0488774,
              43.8639793
            ],
            [
              -79.0493009,
              43.8649376
            ],
            [
              -79.0497904,
              43.8660878
            ],
            [
              -79.0502398,
              43.8671071
            ],
            [
              -79.0509149,
              43.8686974
            ],
            [
              -79.0526893,
              43.8727921
            ],
            [
              -79.0529988,
              43.8740257
            ],
            [
              -79.0549738,
              43.8735763
            ],
            [
              -79.0554337,
              43.8734597
            ],
            [
              -79.0556687,
              43.8733784
            ],
            [
              -79.0559055,
              43.8732851
            ],
            [
              -79.0562886,
              43.873099
            ],
            [
              -79.0566599,
              43.8728786
            ],
            [
              -79.0568786,
              43.8727307
            ],
            [
              -79.0571026,
              43.8725954
            ],
            [
              -79.0572743,
              43.8724965
            ],
            [
              -79.0574766,
              43.8723941
            ],
            [
              -79.0580735,
              43.8721632
            ],
            [
              -79.0584821,
              43.8720489
            ],
            [
              -79.0586571,
              43.8720077
            ],
            [
              -79.0626455,
              43.8711011
            ],
            [
              -79.0626479,
              43.8711068
            ],
            [
              -79.0623995,
              43.8703286
            ],
            [
              -79.062331,
              43.8701535
            ],
            [
              -79.0578261,
              43.8597618
            ],
            [
              -79.0575857,
              43.8591839
            ],
            [
              -79.0562756,
              43.856148
            ],
            [
              -79.0549513,
              43.8564406
            ],
            [
              -79.0513112,
              43.8572787
            ],
            [
              -79.0469763,
              43.8582896
            ],
            [
              -79.0478783,
              43.8603789
            ],
            [
              -79.0479736,
              43.860546
            ],
            [
              -79.048625,
              43.8619273
            ],
            [
              -79.0491373,
              43.8629304
            ],
            [
              -79.0485138,
              43.86368
            ]
          ]
        ]
      }
    },
    {
      "type": "Feature",
      "properties": {
        "name": "South Greenwood"
      },
      "geometry": {
        "type": "Polygon",
        "coordinates": [
          [
            [
              -79.0341186,
              43.9059367
            ],
            [
              -79.0360697,
              43.9107976
            ],
            [
              -79.0373859,
              43.9141328
            ],
            [
              -79.0378035,
              43.9151393
            ],
            [
              -79.0380589,
              43.915693
            ],
            [
              -79.0481037,
              43.9134084
            ],
            [
              -79.0532354,
              43.9122771
            ],
            [
              -79.0581282,
              43.9110916
            ],
            [
              -79.062744,
              43.9100149
            ],
            [
              -79.0677626,
              43.9088239
            ],
            [
              -79.0725993,
              43.9077377
            ],
            [
              -79.0824374,
              43.9054806
            ],
            [
              -79.0850275,
              43.9048919
            ],
            [
              -79.0881362,
              43.9041854
            ],
            [
              -79.0879209,
              43.9036509
            ],
            [
              -79.087182,
              43.9038111
            ],
            [
              -79.082943,
              43.8930766
            ],
            [
              -79.0829795,
              43.893069
            ],
            [
              -79.0828125,
              43.892646
            ],
            [
              -79.080488,
              43.8935684
            ],
            [
              -79.0779942,
              43.894592
            ],
            [
              -79.077009,
              43.8920564
            ],
            [
              -79.0765977,
              43.8909464
            ],
            [
              -79.0764466,
              43.8906177
            ],
            [
              -79.0763961,
              43.8904628
            ],
            [
              -79.0759901,
              43.8894177
            ],
            [
              -79.073677,
              43.8902714
            ],
            [
              -79.0719129,
              43.8908097
            ],
            [
              -79.0699767,
              43.8913451
            ],
            [
              -79.066454,
              43.8922348
            ],
            [
              -79.061665,
              43.8934276
            ],
            [
              -79.0568317,
              43.8946507
            ],
            [
              -79.0517349,
              43.8959499
            ],
            [
              -79.051595,
              43.8956016
            ],
            [
              -79.0508246,
              43.8938492
            ],
            [
              -79.0505956,
              43.8933283
            ],
            [
              -79.0486105,
              43.8938033
            ],
            [
              -79.0459814,
              43.8944837
            ],
            [
              -79.042414,
              43.8953237
            ],
            [
              -79.0407635,
              43.8956919
            ],
            [
              -79.0355898,
              43.8968669
            ],
            [
              -79.0309054,
              43.8979659
            ],
            [
              -79.0312128,
              43.8986598
            ],
            [
              -79.0315624,
              43.8995185
            ],
            [
              -79.0328205,
              43.902733
            ],
            [
              -79.0341186,
              43.9059367
            ]
          ]
        ]
      }
    },
    {
      "type": "Feature",
      "properties": {
        "name": "Westney Heights"
      },
      "geometry": {
        "type": "Polygon",
        "coordinates": [
          [
            [
              -79.0386875,
              43.8661107
            ],
            [
              -79.0387523,
              43.8663722
            ],
            [
              -79.0387948,
              43.8665015
            ],
            [
              -79.039099,
              43.8667082
            ],
            [
              -79.0391229,
              43.8668211
            ],
            [
              -79.0395615,
              43.8678708
            ],
            [
              -79.0402368,
              43.8693604
            ],
            [
              -79.0409788,
              43.8710702
            ],
            [
              -79.0414335,
              43.8720725
            ],
            [
              -79.0415341,
              43.8723652
            ],
            [
              -79.0431517,
              43.8762614
            ],
            [
              -79.0467344,
              43.8754203
            ],
            [
              -79.0494236,
              43.8748128
            ],
            [
              -79.0529988,
              43.8740257
            ],
            [
              -79.0526893,
              43.8727921
            ],
            [
              -79.0509149,
              43.8686974
            ],
            [
              -79.0502398,
              43.8671071
            ],
            [
              -79.0497904,
              43.8660878
            ],
            [
              -79.0493009,
              43.8649376
            ],
            [
              -79.0488774,
              43.8639793
            ],
            [
              -79.048833,
              43.8639141
            ],
            [
              -79.0487174,
              43.8637956
            ],
            [
              -79.0486475,
              43.8637436
            ],
            [
              -79.0485138,
              43.86368
            ],
            [
              -79.0491373,
              43.8629304
            ],
            [
              -79.048625,
              43.8619273
            ],
            [
              -79.0479736,
              43.860546
            ],
            [
              -79.0478783,
              43.8603789
            ],
            [
              -79.0469763,
              43.8582896
            ],
            [
              -79.0463866,
              43.8584262
            ],
            [
              -79.0461734,
              43.8579693
            ],
            [
              -79.0460123,
              43.8575914
            ],
            [
              -79.0459063,
              43.8574254
            ],
            [
              -79.0455333,
              43.8567652
            ],
            [
              -79.04499,
              43.8568715
            ],
            [
              -79.0438203,
              43.8571805
            ],
            [
              -79.042151,
              43.8575516
            ],
            [
              -79.0417978,
              43.857618
            ],
            [
              -79.0408356,
              43.8578226
            ],
            [
              -79.0395916,
              43.858127
            ],
            [
              -79.0386995,
              43.8583172
            ],
            [
              -79.0354502,
              43.8590549
            ],
            [
              -79.035489,
              43.8592378
            ],
            [
              -79.0358541,
              43.8601033
            ],
            [
              -79.0360943,
              43.8606362
            ],
            [
              -79.0361447,
              43.8608469
            ],
            [
              -79.0361655,
              43.8610812
            ],
            [
              -79.0363122,
              43.8611674
            ],
            [
              -79.0364421,
              43.8612673
            ],
            [
              -79.0365721,
              43.8614476
            ],
            [
              -79.0367262,
              43.8617114
            ],
            [
              -79.0370734,
              43.8624775
            ],
            [
              -79.0371122,
              43.8624684
            ],
            [
              -79.0386875,
              43.8661107
            ]
          ]
        ]
      }
    },
    {
      "type": "Feature",
      "properties": {
        "name": "Riverside"
      },
      "geometry": {
        "type": "Polygon",
        "coordinates": [
          [
            [
              -79.0762019,
              43.8642913
            ],
            [
              -79.0760285,
              43.8639054
            ],
            [
              -79.0758195,
              43.8634056
            ],
            [
              -79.0757399,
              43.8632521
            ],
            [
              -79.0756365,
              43.862988
            ],
            [
              -79.0748369,
              43.8611562
            ],
            [
              -79.074406,
              43.8601326
            ],
            [
              -79.0735003,
              43.8580891
            ],
            [
              -79.0733909,
              43.8578612
            ],
            [
              -79.0734146,
              43.8578552
            ],
            [
              -79.0725084,
              43.8561054
            ],
            [
              -79.0711127,
              43.8530795
            ],
            [
              -79.0709624,
              43.8531498
            ],
            [
              -79.0708786,
              43.8532315
            ],
            [
              -79.0707322,
              43.8534279
            ],
            [
              -79.0706834,
              43.853544
            ],
            [
              -79.0706972,
              43.8536851
            ],
            [
              -79.0707401,
              43.8537806
            ],
            [
              -79.0707302,
              43.8538299
            ],
            [
              -79.0706866,
              43.8538789
            ],
            [
              -79.0706164,
              43.8539229
            ],
            [
              -79.0704308,
              43.8539618
            ],
            [
              -79.0703222,
              43.8539616
            ],
            [
              -79.0702343,
              43.8539503
            ],
            [
              -79.0701628,
              43.8539212
            ],
            [
              -79.0700991,
              43.8538595
            ],
            [
              -79.0700322,
              43.8537585
            ],
            [
              -79.0699041,
              43.8535024
            ],
            [
              -79.069858,
              43.8534575
            ],
            [
              -79.069807,
              43.8534261
            ],
            [
              -79.0697327,
              43.8534297
            ],
            [
              -79.069651,
              43.8534574
            ],
            [
              -79.0695807,
              43.8534876
            ],
            [
              -79.069555,
              43.8535256
            ],
            [
              -79.0695486,
              43.8535769
            ],
            [
              -79.0695833,
              43.8537192
            ],
            [
              -79.0695785,
              43.8537826
            ],
            [
              -79.069555,
              43.8538426
            ],
            [
              -79.0695282,
              43.854153
            ],
            [
              -79.069581,
              43.8542139
            ],
            [
              -79.0696683,
              43.8542499
            ],
            [
              -79.0698155,
              43.8542555
            ],
            [
              -79.0699611,
              43.8542739
            ],
            [
              -79.0702031,
              43.8543452
            ],
            [
              -79.0702656,
              43.854373
            ],
            [
              -79.0703184,
              43.8544121
            ],
            [
              -79.070336,
              43.854458
            ],
            [
              -79.0703363,
              43.8545078
            ],
            [
              -79.0703184,
              43.8545626
            ],
            [
              -79.0701407,
              43.8547091
            ],
            [
              -79.070039,
              43.854869
            ],
            [
              -79.0700523,
              43.8552034
            ],
            [
              -79.0700306,
              43.8553144
            ],
            [
              -79.0699548,
              43.8554202
            ],
            [
              -79.0698414,
              43.8554729
            ],
            [
              -79.0697174,
              43.8554795
            ],
            [
              -79.0695646,
              43.8554464
            ],
            [
              -79.0693854,
              43.8553502
            ],
            [
              -79.0690381,
              43.855112
            ],
            [
              -79.0687185,
              43.8549144
            ],
            [
              -79.0682043,
              43.8546654
            ],
            [
              -79.0679532,
              43.8545913
            ],
            [
              -79.0677161,
              43.854548
            ],
            [
              -79.0675612,
              43.8545781
            ],
            [
              -79.0673301,
              43.8546888
            ],
            [
              -79.0670484,
              43.8548562
            ],
            [
              -79.0666851,
              43.8550925
            ],
            [
              -79.0644654,
              43.8552355
            ],
            [
              -79.0639263,
              43.8554146
            ],
            [
              -79.0638561,
              43.8553697
            ],
            [
              -79.0626478,
              43.8562147
            ],
            [
              -79.062585,
              43.8562672
            ],
            [
              -79.0625219,
              43.8563498
            ],
            [
              -79.0621771,
              43.8560461
            ],
            [
              -79.061916,
              43.8564126
            ],
            [
              -79.0593677,
              43.8570215
            ],
            [
              -79.0592572,
              43.8567791
            ],
            [
              -79.0567952,
              43.85736
            ],
            [
              -79.0575857,
              43.8591839
            ],
            [
              -79.0578261,
              43.8597618
            ],
            [
              -79.062331,
              43.8701535
            ],
            [
              -79.0623995,
              43.8703286
            ],
            [
              -79.0625597,
              43.8708492
            ],
            [
              -79.0628103,
              43.8715974
            ],
            [
              -79.0629558,
              43.8719627
            ],
            [
              -79.063217,
              43.8725417
            ],
            [
              -79.0641986,
              43.8749528
            ],
            [
              -79.0652062,
              43.8773606
            ],
            [
              -79.0663184,
              43.8799154
            ],
            [
              -79.0706239,
              43.8773357
            ],
            [
              -79.0697691,
              43.8753543
            ],
            [
              -79.0783592,
              43.8702146
            ],
            [
              -79.0777783,
              43.8688788
            ],
            [
              -79.0781443,
              43.8687925
            ],
            [
              -79.0766034,
              43.8652426
            ],
            [
              -79.0762019,
              43.8642913
            ]
          ]
        ]
      }
    },
    {
      "type": "Feature",
      "properties": {
        "name": "Meadow Ridge"
      },
      "geometry": {
        "type": "Polygon",
        "coordinates": [
          [
            [
              -79.0540792,
              43.8887088
            ],
            [
              -79.0540645,
              43.8886269
            ],
            [
              -79.0540743,
              43.8885223
            ],
            [
              -79.0541139,
              43.8884215
            ],
            [
              -79.0541815,
              43.8883287
            ],
            [
              -79.0544506,
              43.8880733
            ],
            [
              -79.0575493,
              43.8852687
            ],
            [
              -79.0585036,
              43.8845924
            ],
            [
              -79.0663184,
              43.8799154
            ],
            [
              -79.0652062,
              43.8773606
            ],
            [
              -79.0641986,
              43.8749528
            ],
            [
              -79.063217,
              43.8725417
            ],
            [
              -79.0629558,
              43.8719627
            ],
            [
              -79.0628103,
              43.8715974
            ],
            [
              -79.0626455,
              43.8711011
            ],
            [
              -79.0584821,
              43.8720489
            ],
            [
              -79.0580735,
              43.8721632
            ],
            [
              -79.0574766,
              43.8723941
            ],
            [
              -79.0572743,
              43.8724965
            ],
            [
              -79.0571026,
              43.8725954
            ],
            [
              -79.0568786,
              43.8727307
            ],
            [
              -79.0566599,
              43.8728786
            ],
            [
              -79.0562886,
              43.873099
            ],
            [
              -79.0559055,
              43.8732851
            ],
            [
              -79.0556687,
              43.8733784
            ],
            [
              -79.0554337,
              43.8734597
            ],
            [
              -79.0549738,
              43.8735763
            ],
            [
              -79.0529988,
              43.8740257
            ],
            [
              -79.0494236,
              43.8748128
            ],
            [
              -79.0467344,
              43.8754203
            ],
            [
              -79.0431517,
              43.8762614
            ],
            [
              -79.0439435,
              43.8780105
            ],
            [
              -79.04453,
              43.8795462
            ],
            [
              -79.0464803,
              43.8841824
            ],
            [
              -79.0467791,
              43.8849293
            ],
            [
              -79.0494423,
              43.8912571
            ],
            [
              -79.0505228,
              43.8931646
            ],
            [
              -79.0505228,
              43.8931646
            ],
            [
              -79.0505956,
              43.8933283
            ],
            [
              -79.0539119,
              43.8925566
            ],
            [
              -79.0556067,
              43.8921798
            ],
            [
              -79.0540792,
              43.8887088
            ]
          ]
        ]
      }
    },
    {
      "type": "Feature",
      "properties": {
        "name": "Deer Creek"
      },
      "geometry": {
        "type": "Polygon",
        "coordinates": [
          [
            [
              -79.011248,
              43.9027203
            ],
            [
              -79.0013172,
              43.9050204
            ],
            [
              -79.0064846,
              43.9179859
            ],
            [
              -79.0069742,
              43.9191574
            ],
            [
              -79.0079553,
              43.9212866
            ],
            [
              -79.0084855,
              43.9223756
            ],
            [
              -79.0133986,
              43.9213131
            ],
            [
              -79.018188,
              43.9202473
            ],
            [
              -79.0232562,
              43.9190977
            ],
            [
              -79.0280826,
              43.9180153
            ],
            [
              -79.0331552,
              43.916904
            ],
            [
              -79.0380589,
              43.915693
            ],
            [
              -79.0378035,
              43.9151393
            ],
            [
              -79.0373859,
              43.9141328
            ],
            [
              -79.0360697,
              43.9107976
            ],
            [
              -79.0341186,
              43.9059367
            ],
            [
              -79.0328205,
              43.902733
            ],
            [
              -79.0315624,
              43.8995185
            ],
            [
              -79.0312128,
              43.8986598
            ],
            [
              -79.0309054,
              43.8979659
            ],
            [
              -79.0306318,
              43.8980165
            ],
            [
              -79.0287986,
              43.898483
            ],
            [
              -79.0253041,
              43.8993301
            ],
            [
              -79.0210152,
              43.9003477
            ],
            [
              -79.016884,
              43.9013392
            ],
            [
              -79.011248,
              43.9027203
            ]
          ]
        ]
      }
    },
    {
      "type": "Feature",
      "properties": {
        "name": "Salem Heights"
      },
      "geometry": {
        "type": "Polygon",
        "coordinates": [
          [
            [
              -79.0166896,
              43.8917382
            ],
            [
              -79.0168247,
              43.8918854
            ],
            [
              -79.0170219,
              43.8921538
            ],
            [
              -79.0172568,
              43.8925485
            ],
            [
              -79.0174613,
              43.8930425
            ],
            [
              -79.0176885,
              43.8933775
            ],
            [
              -79.0178836,
              43.893741
            ],
            [
              -79.0181414,
              43.8941796
            ],
            [
              -79.0182127,
              43.894228
            ],
            [
              -79.0182519,
              43.8943299
            ],
            [
              -79.0182134,
              43.8943939
            ],
            [
              -79.0182591,
              43.8947251
            ],
            [
              -79.0183826,
              43.894845
            ],
            [
              -79.0185986,
              43.8949837
            ],
            [
              -79.0186426,
              43.8950854
            ],
            [
              -79.0186807,
              43.8952547
            ],
            [
              -79.0184772,
              43.8957083
            ],
            [
              -79.0183994,
              43.8957266
            ],
            [
              -79.0183101,
              43.8958502
            ],
            [
              -79.0181596,
              43.8958218
            ],
            [
              -79.0180257,
              43.895928
            ],
            [
              -79.0179294,
              43.8960307
            ],
            [
              -79.0177185,
              43.8960927
            ],
            [
              -79.0177067,
              43.896283
            ],
            [
              -79.0178281,
              43.8967798
            ],
            [
              -79.0177806,
              43.8970579
            ],
            [
              -79.0177416,
              43.8970673
            ],
            [
              -79.0178437,
              43.8972894
            ],
            [
              -79.0179382,
              43.8974493
            ],
            [
              -79.018059,
              43.8976034
            ],
            [
              -79.0181446,
              43.8976269
            ],
            [
              -79.0180407,
              43.8977202
            ],
            [
              -79.0181659,
              43.8980709
            ],
            [
              -79.0184134,
              43.8981729
            ],
            [
              -79.0185157,
              43.8982817
            ],
            [
              -79.0185756,
              43.8984244
            ],
            [
              -79.0185705,
              43.8985651
            ],
            [
              -79.0185296,
              43.898667
            ],
            [
              -79.018393,
              43.8987889
            ],
            [
              -79.0186146,
              43.8991224
            ],
            [
              -79.0186137,
              43.8992543
            ],
            [
              -79.0185835,
              43.8993151
            ],
            [
              -79.0185834,
              43.899507
            ],
            [
              -79.0186093,
              43.899538
            ],
            [
              -79.0186239,
              43.8998819
            ],
            [
              -79.0187088,
              43.899947
            ],
            [
              -79.0187356,
              43.9000551
            ],
            [
              -79.0187125,
              43.9001302
            ],
            [
              -79.0187667,
              43.9002306
            ],
            [
              -79.0186921,
              43.9003328
            ],
            [
              -79.0186976,
              43.9004296
            ],
            [
              -79.018683,
              43.9006474
            ],
            [
              -79.0187906,
              43.9008816
            ],
            [
              -79.0253041,
              43.8993301
            ],
            [
              -79.0287986,
              43.898483
            ],
            [
              -79.0306318,
              43.8980165
            ],
            [
              -79.0309054,
              43.8979659
            ],
            [
              -79.0355898,
              43.8968669
            ],
            [
              -79.0407635,
              43.8956919
            ],
            [
              -79.0398423,
              43.8950218
            ],
            [
              -79.0385343,
              43.8936246
            ],
            [
              -79.0358597,
              43.8899574
            ],
            [
              -79.0351928,
              43.8892616
            ],
            [
              -79.0343339,
              43.8886499
            ],
            [
              -79.0330728,
              43.887963
            ],
            [
              -79.0320719,
              43.8874859
            ],
            [
              -79.0312293,
              43.8871795
            ],
            [
              -79.0302467,
              43.8869454
            ],
            [
              -79.0291601,
              43.8867346
            ],
            [
              -79.0279815,
              43.886709
            ],
            [
              -79.026749,
              43.8867572
            ],
            [
              -79.0250785,
              43.8870472
            ],
            [
              -79.0235841,
              43.8874833
            ],
            [
              -79.0223299,
              43.8879482
            ],
            [
              -79.0207837,
              43.8889313
            ],
            [
              -79.0188497,
              43.8904745
            ],
            [
              -79.0172515,
              43.8914691
            ],
            [
              -79.0166896,
              43.8917382
            ]
          ]
        ]
      }
    },
    {
      "type": "Feature",
      "properties": {
        "name": "Central Employment Area"
      },
      "geometry": {
        "type": "Polygon",
        "coordinates": [
          [
            [
              -79.0176643,
              43.8306363
            ],
            [
              -79.0177334,
              43.8307943
            ],
            [
              -79.0178571,
              43.8310169
            ],
            [
              -79.0180232,
              43.8312227
            ],
            [
              -79.0181793,
              43.831379
            ],
            [
              -79.0186283,
              43.831796
            ],
            [
              -79.0208691,
              43.8337958
            ],
            [
              -79.0212169,
              43.8341454
            ],
            [
              -79.0213898,
              43.8343542
            ],
            [
              -79.0216079,
              43.8346402
            ],
            [
              -79.021719,
              43.8348431
            ],
            [
              -79.0218206,
              43.8350554
            ],
            [
              -79.0233354,
              43.8386313
            ],
            [
              -79.0240519,
              43.8402857
            ],
            [
              -79.0245096,
              43.8413845
            ],
            [
              -79.0255744,
              43.8411495
            ],
            [
              -79.0255464,
              43.8410836
            ],
            [
              -79.0276134,
              43.8406246
            ],
            [
              -79.027756,
              43.8409655
            ],
            [
              -79.0279149,
              43.8413039
            ],
            [
              -79.0279658,
              43.8413925
            ],
            [
              -79.0282462,
              43.8417995
            ],
            [
              -79.0283308,
              43.8419081
            ],
            [
              -79.0283982,
              43.8420224
            ],
            [
              -79.0291149,
              43.8436321
            ],
            [
              -79.0287295,
              43.8437223
            ],
            [
              -79.0286152,
              43.8437557
            ],
            [
              -79.0283956,
              43.8438365
            ],
            [
              -79.02819,
              43.8439348
            ],
            [
              -79.0280014,
              43.8440495
            ],
            [
              -79.027832,
              43.844179
            ],
            [
              -79.0277552,
              43.8442488
            ],
            [
              -79.0276188,
              43.8443972
            ],
            [
              -79.0275858,
              43.8443229
            ],
            [
              -79.0259165,
              43.8446945
            ],
            [
              -79.0264721,
              43.8459988
            ],
            [
              -79.0236988,
              43.8466188
            ],
            [
              -79.0240631,
              43.8475002
            ],
            [
              -79.024089,
              43.8475397
            ],
            [
              -79.0241871,
              43.8476469
            ],
            [
              -79.0242471,
              43.8476944
            ],
            [
              -79.0246983,
              43.8479609
            ],
            [
              -79.0247821,
              43.8480182
            ],
            [
              -79.024834,
              43.8480638
            ],
            [
              -79.0249166,
              43.8481655
            ],
            [
              -79.0250167,
              43.8483705
            ],
            [
              -79.0251847,
              43.8487578
            ],
            [
              -79.0257885,
              43.8501825
            ],
            [
              -79.0259256,
              43.8504856
            ],
            [
              -79.0259681,
              43.8505593
            ],
            [
              -79.0263046,
              43.8513641
            ],
            [
              -79.0267952,
              43.8512597
            ],
            [
              -79.0291554,
              43.8507292
            ],
            [
              -79.0302885,
              43.8504316
            ],
            [
              -79.031729,
              43.8500891
            ],
            [
              -79.0317368,
              43.8501074
            ],
            [
              -79.0389648,
              43.8484827
            ],
            [
              -79.039295,
              43.8483544
            ],
            [
              -79.0413444,
              43.8478944
            ],
            [
              -79.0416063,
              43.8478898
            ],
            [
              -79.0418576,
              43.8478651
            ],
            [
              -79.0424552,
              43.8477259
            ],
            [
              -79.0438656,
              43.8472799
            ],
            [
              -79.0442963,
              43.8471709
            ],
            [
              -79.0449071,
              43.8471115
            ],
            [
              -79.0451645,
              43.8470686
            ],
            [
              -79.0451558,
              43.8470504
            ],
            [
              -79.047071,
              43.8466197
            ],
            [
              -79.0470763,
              43.8466338
            ],
            [
              -79.0496268,
              43.8460166
            ],
            [
              -79.0509353,
              43.8456802
            ],
            [
              -79.0513975,
              43.845547
            ],
            [
              -79.0480371,
              43.8376265
            ],
            [
              -79.0479482,
              43.8375931
            ],
            [
              -79.0459009,
              43.8327615
            ],
            [
              -79.0408556,
              43.8338703
            ],
            [
              -79.0378393,
              43.8346059
            ],
            [
              -79.0344071,
              43.8353221
            ],
            [
              -79.0342337,
              43.8353381
            ],
            [
              -79.0340039,
              43.8340321
            ],
            [
              -79.0339719,
              43.833885
            ],
            [
              -79.0338911,
              43.8336414
            ],
            [
              -79.0338079,
              43.8334693
            ],
            [
              -79.0326519,
              43.8314178
            ],
            [
              -79.0323996,
              43.830947
            ],
            [
              -79.0322802,
              43.8307569
            ],
            [
              -79.032144,
              43.8305897
            ],
            [
              -79.0309007,
              43.829273
            ],
            [
              -79.0304288,
              43.8288041
            ],
            [
              -79.0302977,
              43.8286891
            ],
            [
              -79.030156,
              43.8285876
            ],
            [
              -79.0300005,
              43.8284974
            ],
            [
              -79.0298329,
              43.8284195
            ],
            [
              -79.029655,
              43.8283547
            ],
            [
              -79.0294686,
              43.8283038
            ],
            [
              -79.0292759,
              43.8282671
            ],
            [
              -79.0290789,
              43.8282454
            ],
            [
              -79.0288798,
              43.8282385
            ],
            [
              -79.0286809,
              43.8282469
            ],
            [
              -79.0284843,
              43.8282702
            ],
            [
              -79.0281027,
              43.8283488
            ],
            [
              -79.0266351,
              43.8286576
            ],
            [
              -79.0176643,
              43.8306363
            ]
          ]
        ]
      }
    },
    {
      "type": "Feature",
      "properties": {
        "name": "Downtown"
      },
      "geometry": {
        "type": "Polygon",
        "coordinates": [
          [
            [
              -79.0195923,
              43.8527713
            ],
            [
              -79.0216022,
              43.8523112
            ],
            [
              -79.0216055,
              43.8523189
            ],
            [
              -79.0218483,
              43.8522649
            ],
            [
              -79.0220935,
              43.8522259
            ],
            [
              -79.0239645,
              43.8518054
            ],
            [
              -79.0239831,
              43.8518512
            ],
            [
              -79.0245976,
              43.8517277
            ],
            [
              -79.0263046,
              43.8513641
            ],
            [
              -79.0259681,
              43.8505593
            ],
            [
              -79.0259256,
              43.8504856
            ],
            [
              -79.0257885,
              43.8501825
            ],
            [
              -79.0251847,
              43.8487578
            ],
            [
              -79.0250167,
              43.8483705
            ],
            [
              -79.0249166,
              43.8481655
            ],
            [
              -79.024834,
              43.8480638
            ],
            [
              -79.0247821,
              43.8480182
            ],
            [
              -79.0246983,
              43.8479609
            ],
            [
              -79.0242471,
              43.8476944
            ],
            [
              -79.0241871,
              43.8476469
            ],
            [
              -79.024089,
              43.8475397
            ],
            [
              -79.0240631,
              43.8475002
            ],
            [
              -79.0236988,
              43.8466188
            ],
            [
              -79.0264721,
              43.8459988
            ],
            [
              -79.0259165,
              43.8446945
            ],
            [
              -79.0275858,
              43.8443229
            ],
            [
              -79.0276188,
              43.8443972
            ],
            [
              -79.0277552,
              43.8442488
            ],
            [
              -79.027832,
              43.844179
            ],
            [
              -79.0280014,
              43.8440495
            ],
            [
              -79.02819,
              43.8439348
            ],
            [
              -79.0283956,
              43.8438365
            ],
            [
              -79.0286152,
              43.8437557
            ],
            [
              -79.0287295,
              43.8437223
            ],
            [
              -79.0291149,
              43.8436321
            ],
            [
              -79.0283982,
              43.8420224
            ],
            [
              -79.0283308,
              43.8419081
            ],
            [
              -79.0282462,
              43.8417995
            ],
            [
              -79.0279658,
              43.8413925
            ],
            [
              -79.0279149,
              43.8413039
            ],
            [
              -79.027756,
              43.8409655
            ],
            [
              -79.0276134,
              43.8406246
            ],
            [
              -79.0255464,
              43.8410836
            ],
            [
              -79.0255744,
              43.8411495
            ],
            [
              -79.0245096,
              43.8413845
            ],
            [
              -79.0240519,
              43.8402857
            ],
            [
              -79.0233354,
              43.8386313
            ],
            [
              -79.0218206,
              43.8350554
            ],
            [
              -79.021719,
              43.8348431
            ],
            [
              -79.0216079,
              43.8346402
            ],
            [
              -79.0215288,
              43.8345356
            ],
            [
              -79.0188448,
              43.8351379
            ],
            [
              -79.0185303,
              43.835188
            ],
            [
              -79.0182105,
              43.8352141
            ],
            [
              -79.0178887,
              43.8352158
            ],
            [
              -79.0175683,
              43.8351931
            ],
            [
              -79.0164236,
              43.8350147
            ],
            [
              -79.015097,
              43.8347951
            ],
            [
              -79.0147746,
              43.8347287
            ],
            [
              -79.0145441,
              43.8346922
            ],
            [
              -79.0143426,
              43.8346849
            ],
            [
              -79.0142423,
              43.8346927
            ],
            [
              -79.0140477,
              43.8347307
            ],
            [
              -79.0138917,
              43.8347874
            ],
            [
              -79.0141397,
              43.8351268
            ],
            [
              -79.0139709,
              43.835309
            ],
            [
              -79.0134287,
              43.8364394
            ],
            [
              -79.0129418,
              43.8362204
            ],
            [
              -79.0128587,
              43.8363035
            ],
            [
              -79.0127641,
              43.8363798
            ],
            [
              -79.0126745,
              43.836438
            ],
            [
              -79.0129846,
              43.836713
            ],
            [
              -79.0141294,
              43.837461
            ],
            [
              -79.0143315,
              43.8379363
            ],
            [
              -79.0150562,
              43.8377755
            ],
            [
              -79.0152482,
              43.8382378
            ],
            [
              -79.015473,
              43.8381909
            ],
            [
              -79.0159075,
              43.83861
            ],
            [
              -79.0161667,
              43.8387431
            ],
            [
              -79.0164038,
              43.8390439
            ],
            [
              -79.0163747,
              43.8390619
            ],
            [
              -79.0161972,
              43.8391015
            ],
            [
              -79.0162046,
              43.8391187
            ],
            [
              -79.0140078,
              43.8396028
            ],
            [
              -79.0145693,
              43.8409213
            ],
            [
              -79.0130307,
              43.8412651
            ],
            [
              -79.0131425,
              43.8415272
            ],
            [
              -79.0129246,
              43.8423629
            ],
            [
              -79.0133105,
              43.84327
            ],
            [
              -79.0119867,
              43.8435665
            ],
            [
              -79.0127132,
              43.845282
            ],
            [
              -79.0129467,
              43.8452343
            ],
            [
              -79.0131883,
              43.8451674
            ],
            [
              -79.0161105,
              43.8445188
            ],
            [
              -79.0162126,
              43.8447446
            ],
            [
              -79.0163485,
              43.8447196
            ],
            [
              -79.0165168,
              43.8447048
            ],
            [
              -79.016674,
              43.8447075
            ],
            [
              -79.0168329,
              43.8447231
            ],
            [
              -79.0169478,
              43.8447445
            ],
            [
              -79.0170641,
              43.8447771
            ],
            [
              -79.0172888,
              43.84487
            ],
            [
              -79.0174167,
              43.8449471
            ],
            [
              -79.017565,
              43.8450711
            ],
            [
              -79.0176742,
              43.8452362
            ],
            [
              -79.0184287,
              43.846996
            ],
            [
              -79.0178488,
              43.8471216
            ],
            [
              -79.0187183,
              43.8491747
            ],
            [
              -79.0190552,
              43.8499397
            ],
            [
              -79.0192089,
              43.8503267
            ],
            [
              -79.0186405,
              43.8504531
            ],
            [
              -79.0188018,
              43.8508305
            ],
            [
              -79.0187637,
              43.850839
            ],
            [
              -79.0195923,
              43.8527713
            ]
          ]
        ]
      }
    },
    {
      "type": "Feature",
      "properties": {
        "name": "Midtown"
      },
      "geometry": {
        "type": "Polygon",
        "coordinates": [
          [
            [
              -79.0041041,
              43.860883
            ],
            [
              -79.0061613,
              43.8656608
            ],
            [
              -79.0126862,
              43.8641817
            ],
            [
              -79.0136028,
              43.8640041
            ],
            [
              -79.0139366,
              43.8639287
            ],
            [
              -79.014541,
              43.8637637
            ],
            [
              -79.0168525,
              43.8632718
            ],
            [
              -79.0179868,
              43.8629852
            ],
            [
              -79.0184887,
              43.8628725
            ],
            [
              -79.018847,
              43.8627927
            ],
            [
              -79.0192584,
              43.8627236
            ],
            [
              -79.0204194,
              43.8624704
            ],
            [
              -79.0208942,
              43.8623625
            ],
            [
              -79.0214874,
              43.8621908
            ],
            [
              -79.0218439,
              43.8621149
            ],
            [
              -79.0223125,
              43.8620273
            ],
            [
              -79.0231468,
              43.8618455
            ],
            [
              -79.0240786,
              43.8616047
            ],
            [
              -79.0258983,
              43.8612093
            ],
            [
              -79.0261413,
              43.8611674
            ],
            [
              -79.028283,
              43.8606867
            ],
            [
              -79.0306426,
              43.8601528
            ],
            [
              -79.0334297,
              43.8595009
            ],
            [
              -79.0354502,
              43.8590549
            ],
            [
              -79.0386995,
              43.8583172
            ],
            [
              -79.0395916,
              43.858127
            ],
            [
              -79.0408356,
              43.8578226
            ],
            [
              -79.0417978,
              43.857618
            ],
            [
              -79.041788,
              43.857417
            ],
            [
              -79.0417193,
              43.8569382
            ],
            [
              -79.0413016,
              43.8547019
            ],
            [
              -79.0407945,
              43.8506685
            ],
            [
              -79.0405359,
              43.8495453
            ],
            [
              -79.0376002,
              43.8501436
            ],
            [
              -79.0320132,
              43.851117
            ],
            [
              -79.0261266,
              43.852439
            ],
            [
              -79.019688,
              43.8540253
            ],
            [
              -79.0124642,
              43.8558921
            ],
            [
              -79.0126909,
              43.8561835
            ],
            [
              -79.0129538,
              43.8565625
            ],
            [
              -79.013189,
              43.856951
            ],
            [
              -79.0133957,
              43.8573479
            ],
            [
              -79.0136089,
              43.8578444
            ],
            [
              -79.0142707,
              43.8595854
            ],
            [
              -79.0129999,
              43.8598532
            ],
            [
              -79.012357,
              43.8600036
            ],
            [
              -79.0116772,
              43.8601526
            ],
            [
              -79.0110718,
              43.8602483
            ],
            [
              -79.010051,
              43.8603326
            ],
            [
              -79.0089364,
              43.8603559
            ],
            [
              -79.0086925,
              43.8603488
            ],
            [
              -79.0084103,
              43.8603242
            ],
            [
              -79.0082013,
              43.8602907
            ],
            [
              -79.0077672,
              43.8602009
            ],
            [
              -79.006093,
              43.8598356
            ],
            [
              -79.0060387,
              43.8599382
            ],
            [
              -79.0056472,
              43.8598501
            ],
            [
              -79.0055325,
              43.8601332
            ],
            [
              -79.0051363,
              43.8604299
            ],
            [
              -79.0045605,
              43.8604838
            ],
            [
              -79.0041041,
              43.860883
            ]
          ]
        ]
      }
    },
    {
      "type": "Feature",
      "properties": {
        "name": "Applecroft"
      },
      "geometry": {
        "type": "Polygon",
        "coordinates": [
          [
            [
              -79.0363122,
              43.8611674
            ],
            [
              -79.0361655,
              43.8610812
            ],
            [
              -79.0361447,
              43.8608469
            ],
            [
              -79.0360943,
              43.8606362
            ],
            [
              -79.0358541,
              43.8601033
            ],
            [
              -79.035489,
              43.8592378
            ],
            [
              -79.0354502,
              43.8590549
            ],
            [
              -79.0334297,
              43.8595009
            ],
            [
              -79.0306426,
              43.8601528
            ],
            [
              -79.028283,
              43.8606867
            ],
            [
              -79.0261413,
              43.8611674
            ],
            [
              -79.0258983,
              43.8612093
            ],
            [
              -79.0260031,
              43.8613928
            ],
            [
              -79.0262465,
              43.8620577
            ],
            [
              -79.0263173,
              43.8622763
            ],
            [
              -79.0263322,
              43.8624149
            ],
            [
              -79.0262823,
              43.8642738
            ],
            [
              -79.0262401,
              43.8647742
            ],
            [
              -79.0261413,
              43.8652705
            ],
            [
              -79.0257563,
              43.8662702
            ],
            [
              -79.0252238,
              43.867521
            ],
            [
              -79.0242027,
              43.8701024
            ],
            [
              -79.024148,
              43.8702072
            ],
            [
              -79.0239831,
              43.8706188
            ],
            [
              -79.0238957,
              43.8708907
            ],
            [
              -79.0238174,
              43.8713241
            ],
            [
              -79.0237925,
              43.8715894
            ],
            [
              -79.0237823,
              43.8718662
            ],
            [
              -79.0238162,
              43.8722519
            ],
            [
              -79.0238825,
              43.8725878
            ],
            [
              -79.0239599,
              43.8728432
            ],
            [
              -79.0240605,
              43.8731109
            ],
            [
              -79.0244605,
              43.8739807
            ],
            [
              -79.0260133,
              43.8775371
            ],
            [
              -79.0262729,
              43.8781317
            ],
            [
              -79.0265075,
              43.878641
            ],
            [
              -79.0270324,
              43.8798708
            ],
            [
              -79.0312212,
              43.8789077
            ],
            [
              -79.0337381,
              43.8783435
            ],
            [
              -79.0383149,
              43.8773223
            ],
            [
              -79.0431517,
              43.8762614
            ],
            [
              -79.0415341,
              43.8723652
            ],
            [
              -79.0414335,
              43.8720725
            ],
            [
              -79.0409788,
              43.8710702
            ],
            [
              -79.0402368,
              43.8693604
            ],
            [
              -79.0395615,
              43.8678708
            ],
            [
              -79.0391229,
              43.8668211
            ],
            [
              -79.039099,
              43.8667082
            ],
            [
              -79.0387948,
              43.8665015
            ],
            [
              -79.0387523,
              43.8663722
            ],
            [
              -79.0386875,
              43.8661107
            ],
            [
              -79.0371122,
              43.8624684
            ],
            [
              -79.0370734,
              43.8624775
            ],
            [
              -79.0367645,
              43.86179
            ],
            [
              -79.0366307,
              43.8615399
            ],
            [
              -79.0364421,
              43.8612673
            ],
            [
              -79.0363122,
              43.8611674
            ]
          ]
        ]
      }
    },
    {
      "type": "Feature",
      "properties": {
        "name": "Audley North"
      },
      "geometry": {
        "type": "Polygon",
        "coordinates": [
          [
            [
              -78.9936053,
              43.887473
            ],
            [
              -78.9939788,
              43.8884602
            ],
            [
              -78.9942623,
              43.8891498
            ],
            [
              -78.9976449,
              43.896795
            ],
            [
              -79.0013172,
              43.9050204
            ],
            [
              -79.011248,
              43.9027203
            ],
            [
              -79.016884,
              43.9013392
            ],
            [
              -79.0187906,
              43.9008816
            ],
            [
              -79.018683,
              43.9006474
            ],
            [
              -79.0186976,
              43.9004296
            ],
            [
              -79.0186921,
              43.9003328
            ],
            [
              -79.0187667,
              43.9002306
            ],
            [
              -79.0187125,
              43.9001302
            ],
            [
              -79.0187356,
              43.9000551
            ],
            [
              -79.0187088,
              43.899947
            ],
            [
              -79.0186239,
              43.8998819
            ],
            [
              -79.0186093,
              43.899538
            ],
            [
              -79.0185834,
              43.899507
            ],
            [
              -79.0185835,
              43.8993151
            ],
            [
              -79.0186137,
              43.8992543
            ],
            [
              -79.0186146,
              43.8991224
            ],
            [
              -79.018393,
              43.8987889
            ],
            [
              -79.0185296,
              43.898667
            ],
            [
              -79.0185705,
              43.8985651
            ],
            [
              -79.0185756,
              43.8984244
            ],
            [
              -79.0185157,
              43.8982817
            ],
            [
              -79.0184134,
              43.8981729
            ],
            [
              -79.0181659,
              43.8980709
            ],
            [
              -79.0180407,
              43.8977202
            ],
            [
              -79.0181446,
              43.8976269
            ],
            [
              -79.018059,
              43.8976034
            ],
            [
              -79.0179382,
              43.8974493
            ],
            [
              -79.0178437,
              43.8972894
            ],
            [
              -79.0177416,
              43.8970673
            ],
            [
              -79.0177806,
              43.8970579
            ],
            [
              -79.0178281,
              43.8967798
            ],
            [
              -79.0177067,
              43.896283
            ],
            [
              -79.0177185,
              43.8960927
            ],
            [
              -79.0179294,
              43.8960307
            ],
            [
              -79.0180257,
              43.895928
            ],
            [
              -79.0181596,
              43.8958218
            ],
            [
              -79.0183101,
              43.8958502
            ],
            [
              -79.0183994,
              43.8957266
            ],
            [
              -79.0184772,
              43.8957083
            ],
            [
              -79.0186807,
              43.8952547
            ],
            [
              -79.0186426,
              43.8950854
            ],
            [
              -79.0185986,
              43.8949837
            ],
            [
              -79.0183826,
              43.894845
            ],
            [
              -79.0182591,
              43.8947251
            ],
            [
              -79.0182134,
              43.8943939
            ],
            [
              -79.0182519,
              43.8943299
            ],
            [
              -79.0182127,
              43.894228
            ],
            [
              -79.0181414,
              43.8941796
            ],
            [
              -79.0178836,
              43.893741
            ],
            [
              -79.0176885,
              43.8933775
            ],
            [
              -79.0174613,
              43.8930425
            ],
            [
              -79.0172568,
              43.8925485
            ],
            [
              -79.0170219,
              43.8921538
            ],
            [
              -79.0168247,
              43.8918854
            ],
            [
              -79.0166896,
              43.8917382
            ],
            [
              -79.0172515,
              43.8914691
            ],
            [
              -79.0188497,
              43.8904745
            ],
            [
              -79.0207837,
              43.8889313
            ],
            [
              -79.0223299,
              43.8879482
            ],
            [
              -79.0235841,
              43.8874833
            ],
            [
              -79.0250785,
              43.8870472
            ],
            [
              -79.0262089,
              43.886851
            ],
            [
              -79.0261171,
              43.8866375
            ],
            [
              -79.0261414,
              43.8866344
            ],
            [
              -79.0259759,
              43.8863093
            ],
            [
              -79.0254112,
              43.8849967
            ],
            [
              -79.0249415,
              43.8851119
            ],
            [
              -79.0247225,
              43.8849661
            ],
            [
              -79.0243687,
              43.8847695
            ],
            [
              -79.0240958,
              43.8846447
            ],
            [
              -79.0239434,
              43.8845838
            ],
            [
              -79.0236289,
              43.884476
            ],
            [
              -79.0234673,
              43.8844293
            ],
            [
              -79.0231367,
              43.8843504
            ],
            [
              -79.0219045,
              43.8841337
            ],
            [
              -79.0215953,
              43.8840698
            ],
            [
              -79.0212948,
              43.8839869
            ],
            [
              -79.0210052,
              43.8838858
            ],
            [
              -79.0207285,
              43.8837672
            ],
            [
              -79.0205957,
              43.8837015
            ],
            [
              -79.0203424,
              43.8835582
            ],
            [
              -79.0202223,
              43.8834808
            ],
            [
              -79.0200098,
              43.8833258
            ],
            [
              -79.0197248,
              43.8830714
            ],
            [
              -79.0195593,
              43.8828888
            ],
            [
              -79.0193629,
              43.8826185
            ],
            [
              -79.0192454,
              43.8824095
            ],
            [
              -79.0189304,
              43.8816893
            ],
            [
              -79.0159844,
              43.8823378
            ],
            [
              -79.0064004,
              43.8845654
            ],
            [
              -78.9936053,
              43.887473
            ]
          ]
        ]
      }
    },
    {
      "type": "Feature",
      "properties": {
        "name": "Audley Road Business Area"
      },
      "geometry": {
        "type": "Polygon",
        "coordinates": [
          [
            [
              -78.9988384,
              43.8743041
            ],
            [
              -79.0021512,
              43.8736014
            ],
            [
              -79.0024707,
              43.8735265
            ],
            [
              -79.0040838,
              43.8731931
            ],
            [
              -79.0062863,
              43.8729005
            ],
            [
              -79.0065889,
              43.8728473
            ],
            [
              -79.0069615,
              43.8727609
            ],
            [
              -79.007245,
              43.8726831
            ],
            [
              -79.0074846,
              43.8726044
            ],
            [
              -79.0076152,
              43.8725572
            ],
            [
              -79.0087078,
              43.8721028
            ],
            [
              -79.0086581,
              43.8719883
            ],
            [
              -79.0085835,
              43.8720193
            ],
            [
              -79.0085294,
              43.8718464
            ],
            [
              -79.0085416,
              43.8715238
            ],
            [
              -79.0086678,
              43.8713736
            ],
            [
              -79.0087235,
              43.8712325
            ],
            [
              -79.0087034,
              43.8711215
            ],
            [
              -79.0088519,
              43.8707962
            ],
            [
              -79.0088864,
              43.8706608
            ],
            [
              -79.0087958,
              43.8703983
            ],
            [
              -79.0089087,
              43.8702149
            ],
            [
              -79.0089011,
              43.870123
            ],
            [
              -79.0088739,
              43.8699879
            ],
            [
              -79.0089031,
              43.8699257
            ],
            [
              -79.0089411,
              43.8697287
            ],
            [
              -79.0090869,
              43.8696049
            ],
            [
              -79.0091824,
              43.86936
            ],
            [
              -79.0090855,
              43.8691015
            ],
            [
              -79.0088533,
              43.8688114
            ],
            [
              -79.0088628,
              43.8687236
            ],
            [
              -79.0086475,
              43.8686096
            ],
            [
              -79.0085207,
              43.868467
            ],
            [
              -79.008441,
              43.8682966
            ],
            [
              -79.0084017,
              43.8681621
            ],
            [
              -79.0083129,
              43.8680422
            ],
            [
              -79.0082433,
              43.8679901
            ],
            [
              -79.0081077,
              43.867978
            ],
            [
              -79.0081246,
              43.8678572
            ],
            [
              -79.0079971,
              43.8677571
            ],
            [
              -79.0079485,
              43.8676064
            ],
            [
              -79.0078149,
              43.8674662
            ],
            [
              -79.0078277,
              43.8674242
            ],
            [
              -79.0077395,
              43.8674449
            ],
            [
              -79.0077079,
              43.8674154
            ],
            [
              -79.0076296,
              43.8673772
            ],
            [
              -79.0075486,
              43.8672898
            ],
            [
              -79.0074983,
              43.8671852
            ],
            [
              -79.00726,
              43.8668667
            ],
            [
              -79.0071928,
              43.8667274
            ],
            [
              -79.006997,
              43.8664181
            ],
            [
              -79.0069542,
              43.8661746
            ],
            [
              -79.0069025,
              43.8661358
            ],
            [
              -79.0068581,
              43.8660014
            ],
            [
              -79.0068683,
              43.8659293
            ],
            [
              -79.0068146,
              43.8658052
            ],
            [
              -79.0067579,
              43.865757
            ],
            [
              -79.006544,
              43.8657592
            ],
            [
              -79.0064899,
              43.8657264
            ],
            [
              -79.0064345,
              43.8655992
            ],
            [
              -79.0061613,
              43.8656608
            ],
            [
              -79.0027296,
              43.85769
            ],
            [
              -79.0023214,
              43.8566634
            ],
            [
              -78.9987924,
              43.8483437
            ],
            [
              -78.9886585,
              43.8505695
            ],
            [
              -78.9957098,
              43.8671554
            ],
            [
              -78.9969994,
              43.8700352
            ],
            [
              -78.9988384,
              43.8743041
            ]
          ]
        ]
      }
    },
    {
      "type": "Feature",
      "properties": {
        "name": "Salem Business Area"
      },
      "geometry": {
        "type": "Polygon",
        "coordinates": [
          [
            [
              -79.0041041,
              43.860883
            ],
            [
              -79.0045605,
              43.8604838
            ],
            [
              -79.0051363,
              43.8604299
            ],
            [
              -79.0055325,
              43.8601332
            ],
            [
              -79.0056472,
              43.8598501
            ],
            [
              -79.0060387,
              43.8599382
            ],
            [
              -79.006093,
              43.8598356
            ],
            [
              -79.0077672,
              43.8602009
            ],
            [
              -79.0082013,
              43.8602907
            ],
            [
              -79.0084103,
              43.8603242
            ],
            [
              -79.0086925,
              43.8603488
            ],
            [
              -79.0089364,
              43.8603559
            ],
            [
              -79.010051,
              43.8603326
            ],
            [
              -79.0110718,
              43.8602483
            ],
            [
              -79.0116772,
              43.8601526
            ],
            [
              -79.012357,
              43.8600036
            ],
            [
              -79.0129999,
              43.8598532
            ],
            [
              -79.0142707,
              43.8595854
            ],
            [
              -79.0136089,
              43.8578444
            ],
            [
              -79.0133957,
              43.8573479
            ],
            [
              -79.0132351,
              43.8570349
            ],
            [
              -79.0130353,
              43.856691
            ],
            [
              -79.0128692,
              43.8564351
            ],
            [
              -79.0125972,
              43.8560594
            ],
            [
              -79.0122396,
              43.8556275
            ],
            [
              -79.0117425,
              43.8551107
            ],
            [
              -79.0081325,
              43.8516941
            ],
            [
              -79.0078945,
              43.8514025
            ],
            [
              -79.0075434,
              43.8509299
            ],
            [
              -79.0072688,
              43.8504197
            ],
            [
              -79.0068694,
              43.8493675
            ],
            [
              -79.005932,
              43.8467877
            ],
            [
              -78.9987924,
              43.8483437
            ],
            [
              -79.0023242,
              43.85667
            ],
            [
              -79.0027296,
              43.85769
            ],
            [
              -79.0041041,
              43.860883
            ]
          ]
        ]
      }
    },
    {
      "type": "Feature",
      "properties": {
        "name": "Discovery Bay"
      },
      "geometry": {
        "type": "Polygon",
        "coordinates": [
          [
            [
              -79.0185126,
              43.8182342
            ],
            [
              -79.0197584,
              43.8196582
            ],
            [
              -79.0198966,
              43.8197817
            ],
            [
              -79.0200664,
              43.8198814
            ],
            [
              -79.0215147,
              43.8205246
            ],
            [
              -79.0218123,
              43.8206644
            ],
            [
              -79.0253331,
              43.8228477
            ],
            [
              -79.0256057,
              43.8230548
            ],
            [
              -79.0257319,
              43.8231686
            ],
            [
              -79.0259304,
              43.8233694
            ],
            [
              -79.0261646,
              43.8236923
            ],
            [
              -79.0263018,
              43.8239536
            ],
            [
              -79.0264002,
              43.8242236
            ],
            [
              -79.0264591,
              43.8244998
            ],
            [
              -79.026474,
              43.8248086
            ],
            [
              -79.0264458,
              43.8250582
            ],
            [
              -79.0263819,
              43.8253043
            ],
            [
              -79.0263147,
              43.8254998
            ],
            [
              -79.025363,
              43.8277637
            ],
            [
              -79.0252704,
              43.8280389
            ],
            [
              -79.0252526,
              43.8281644
            ],
            [
              -79.025256,
              43.8283812
            ],
            [
              -79.0252714,
              43.8285111
            ],
            [
              -79.0253316,
              43.828694
            ],
            [
              -79.0254386,
              43.8289368
            ],
            [
              -79.0266351,
              43.8286576
            ],
            [
              -79.028,
              43.8283715
            ],
            [
              -79.0281027,
              43.8283488
            ],
            [
              -79.0284843,
              43.8282702
            ],
            [
              -79.0286809,
              43.8282469
            ],
            [
              -79.0288798,
              43.8282385
            ],
            [
              -79.0290789,
              43.8282454
            ],
            [
              -79.0292759,
              43.8282671
            ],
            [
              -79.0294686,
              43.8283038
            ],
            [
              -79.029655,
              43.8283547
            ],
            [
              -79.0298329,
              43.8284195
            ],
            [
              -79.0300005,
              43.8284974
            ],
            [
              -79.030156,
              43.8285876
            ],
            [
              -79.0302977,
              43.8286891
            ],
            [
              -79.0304288,
              43.8288041
            ],
            [
              -79.0309007,
              43.829273
            ],
            [
              -79.032144,
              43.8305897
            ],
            [
              -79.0322802,
              43.8307569
            ],
            [
              -79.0323996,
              43.830947
            ],
            [
              -79.0326519,
              43.8314178
            ],
            [
              -79.0338079,
              43.8334693
            ],
            [
              -79.0338911,
              43.8336414
            ],
            [
              -79.0339719,
              43.833885
            ],
            [
              -79.0340039,
              43.8340321
            ],
            [
              -79.0342337,
              43.8353381
            ],
            [
              -79.0344071,
              43.8353221
            ],
            [
              -79.0378393,
              43.8346059
            ],
            [
              -79.0408556,
              43.8338703
            ],
            [
              -79.0459009,
              43.8327615
            ],
            [
              -79.0404202,
              43.8198228
            ],
            [
              -79.0388087,
              43.8159867
            ],
            [
              -79.0385202,
              43.8159788
            ],
            [
              -79.0383268,
              43.8159948
            ],
            [
              -79.037898,
              43.8159918
            ],
            [
              -79.0374727,
              43.8159722
            ],
            [
              -79.0372662,
              43.8159465
            ],
            [
              -79.0371204,
              43.8159402
            ],
            [
              -79.036557,
              43.8159783
            ],
            [
              -79.0359954,
              43.8159462
            ],
            [
              -79.0359451,
              43.8159575
            ],
            [
              -79.0357988,
              43.816031
            ],
            [
              -79.0356435,
              43.8161394
            ],
            [
              -79.0356064,
              43.8161707
            ],
            [
              -79.0355339,
              43.8163045
            ],
            [
              -79.0349542,
              43.816414
            ],
            [
              -79.0347875,
              43.8164348
            ],
            [
              -79.0345037,
              43.8165021
            ],
            [
              -79.0341581,
              43.8165459
            ],
            [
              -79.0335384,
              43.8165906
            ],
            [
              -79.0331418,
              43.8165759
            ],
            [
              -79.0324503,
              43.8165215
            ],
            [
              -79.0312742,
              43.816485
            ],
            [
              -79.0304699,
              43.8164423
            ],
            [
              -79.0294461,
              43.8164047
            ],
            [
              -79.0277377,
              43.8162787
            ],
            [
              -79.0265014,
              43.816124
            ],
            [
              -79.0259264,
              43.8160152
            ],
            [
              -79.0255141,
              43.8159198
            ],
            [
              -79.0252027,
              43.8158158
            ],
            [
              -79.0248843,
              43.8157533
            ],
            [
              -79.024561,
              43.8157378
            ],
            [
              -79.0242351,
              43.8157547
            ],
            [
              -79.0239171,
              43.8158097
            ],
            [
              -79.023719,
              43.8158619
            ],
            [
              -79.0235367,
              43.8159445
            ],
            [
              -79.0230415,
              43.8162882
            ],
            [
              -79.0225604,
              43.8166069
            ],
            [
              -79.0221857,
              43.8168261
            ],
            [
              -79.0218914,
              43.8170274
            ],
            [
              -79.0218096,
              43.8170616
            ],
            [
              -79.021707,
              43.8170925
            ],
            [
              -79.0213931,
              43.8171765
            ],
            [
              -79.0212508,
              43.8172561
            ],
            [
              -79.0209464,
              43.8174077
            ],
            [
              -79.0205256,
              43.8175834
            ],
            [
              -79.02001,
              43.8177822
            ],
            [
              -79.0194521,
              43.8179206
            ],
            [
              -79.0192778,
              43.8179575
            ],
            [
              -79.0190521,
              43.81799
            ],
            [
              -79.0189036,
              43.8180291
            ],
            [
              -79.018815,
              43.8180668
            ],
            [
              -79.0185126,
              43.8182342
            ]
          ]
        ]
      }
    },
    {
      "type": "Feature",
      "properties": {
        "name": "Duffins Bay"
      },
      "geometry": {
        "type": "Polygon",
        "coordinates": [
          [
            [
              -79.0185123,
              43.8182344
            ],
            [
              -79.018118,
              43.8184461
            ],
            [
              -79.0180768,
              43.8184765
            ],
            [
              -79.0178293,
              43.8185777
            ],
            [
              -79.017708,
              43.8185969
            ],
            [
              -79.0176137,
              43.8186216
            ],
            [
              -79.0175441,
              43.8186525
            ],
            [
              -79.0173697,
              43.8187402
            ],
            [
              -79.0171856,
              43.8188769
            ],
            [
              -79.0166322,
              43.8191777
            ],
            [
              -79.0162487,
              43.8193318
            ],
            [
              -79.0158921,
              43.8194209
            ],
            [
              -79.0153286,
              43.8195404
            ],
            [
              -79.0150304,
              43.8196289
            ],
            [
              -79.0146514,
              43.8197155
            ],
            [
              -79.0143276,
              43.8197438
            ],
            [
              -79.0140355,
              43.8197432
            ],
            [
              -79.0137371,
              43.819728
            ],
            [
              -79.0135017,
              43.8196729
            ],
            [
              -79.0131515,
              43.8195616
            ],
            [
              -79.0129849,
              43.819539
            ],
            [
              -79.0128126,
              43.8195362
            ],
            [
              -79.0126622,
              43.8195572
            ],
            [
              -79.0124767,
              43.8195547
            ],
            [
              -79.0122157,
              43.8195172
            ],
            [
              -79.0120122,
              43.8194975
            ],
            [
              -79.0124608,
              43.8215586
            ],
            [
              -79.0145972,
              43.8309841
            ],
            [
              -79.0168419,
              43.8307699
            ],
            [
              -79.0172946,
              43.8307073
            ],
            [
              -79.0176643,
              43.8306363
            ],
            [
              -79.0254386,
              43.8289368
            ],
            [
              -79.0253316,
              43.828694
            ],
            [
              -79.0252714,
              43.8285111
            ],
            [
              -79.025256,
              43.8283812
            ],
            [
              -79.0252526,
              43.8281644
            ],
            [
              -79.0252704,
              43.8280389
            ],
            [
              -79.025363,
              43.8277637
            ],
            [
              -79.0263147,
              43.8254998
            ],
            [
              -79.0263819,
              43.8253043
            ],
            [
              -79.0264458,
              43.8250582
            ],
            [
              -79.026474,
              43.8248086
            ],
            [
              -79.0264591,
              43.8244998
            ],
            [
              -79.0264002,
              43.8242236
            ],
            [
              -79.0263018,
              43.8239536
            ],
            [
              -79.0261646,
              43.8236923
            ],
            [
              -79.0259304,
              43.8233694
            ],
            [
              -79.0257319,
              43.8231686
            ],
            [
              -79.0256057,
              43.8230548
            ],
            [
              -79.0253331,
              43.8228477
            ],
            [
              -79.0218123,
              43.8206644
            ],
            [
              -79.0215147,
              43.8205246
            ],
            [
              -79.0200664,
              43.8198814
            ],
            [
              -79.0198966,
              43.8197817
            ],
            [
              -79.0197584,
              43.8196582
            ],
            [
              -79.0185123,
              43.8182344
            ]
          ]
        ]
      }
    },
    {
      "type": "Feature",
      "properties": {
        "name": "Lake Vista"
      },
      "geometry": {
        "type": "Polygon",
        "coordinates": [
          [
            [
              -79.0024312,
              43.8412543
            ],
            [
              -79.0024763,
              43.8413497
            ],
            [
              -79.0022982,
              43.8413776
            ],
            [
              -79.0026052,
              43.8424041
            ],
            [
              -79.0021026,
              43.8425168
            ],
            [
              -79.0017094,
              43.8430571
            ],
            [
              -79.0035226,
              43.8473139
            ],
            [
              -79.0084478,
              43.8462356
            ],
            [
              -79.00861,
              43.846212
            ],
            [
              -79.011121,
              43.8456351
            ],
            [
              -79.0114479,
              43.8455433
            ],
            [
              -79.011972,
              43.8454233
            ],
            [
              -79.0121306,
              43.8454012
            ],
            [
              -79.0127132,
              43.845282
            ],
            [
              -79.0119867,
              43.8435665
            ],
            [
              -79.0133105,
              43.84327
            ],
            [
              -79.0129246,
              43.8423629
            ],
            [
              -79.0131425,
              43.8415272
            ],
            [
              -79.0130307,
              43.8412651
            ],
            [
              -79.0145693,
              43.8409213
            ],
            [
              -79.0140078,
              43.8396028
            ],
            [
              -79.0162046,
              43.8391187
            ],
            [
              -79.0161972,
              43.8391015
            ],
            [
              -79.0163747,
              43.8390619
            ],
            [
              -79.0164038,
              43.8390439
            ],
            [
              -79.0161667,
              43.8387431
            ],
            [
              -79.0159075,
              43.83861
            ],
            [
              -79.015473,
              43.8381909
            ],
            [
              -79.0152482,
              43.8382378
            ],
            [
              -79.0152107,
              43.8381445
            ],
            [
              -79.0151031,
              43.8381775
            ],
            [
              -79.0144742,
              43.838313
            ],
            [
              -79.0142163,
              43.8383969
            ],
            [
              -79.0140142,
              43.8384727
            ],
            [
              -79.0123204,
              43.8390344
            ],
            [
              -79.0066373,
              43.8403218
            ],
            [
              -79.0039944,
              43.8408869
            ],
            [
              -79.0024312,
              43.8412543
            ]
          ]
        ]
      }
    },
    {
      "type": "Feature",
      "properties": {
        "name": "Southwood"
      },
      "geometry": {
        "type": "Polygon",
        "coordinates": [
          [
            [
              -78.9969108,
              43.8357221
            ],
            [
              -78.9971302,
              43.8356978
            ],
            [
              -78.9971759,
              43.8356872
            ],
            [
              -78.997543,
              43.8363752
            ],
            [
              -78.9981717,
              43.8366696
            ],
            [
              -78.9984022,
              43.8367544
            ],
            [
              -78.9987387,
              43.8368043
            ],
            [
              -78.9989559,
              43.8367629
            ],
            [
              -78.9993668,
              43.8376454
            ],
            [
              -78.9997461,
              43.8385064
            ],
            [
              -79.0002066,
              43.8384103
            ],
            [
              -79.000405,
              43.8383841
            ],
            [
              -79.00059,
              43.8386544
            ],
            [
              -79.0008682,
              43.8391029
            ],
            [
              -79.0011823,
              43.8393875
            ],
            [
              -79.0013581,
              43.8394356
            ],
            [
              -79.0014889,
              43.8397739
            ],
            [
              -79.0015276,
              43.8400443
            ],
            [
              -79.0018569,
              43.8403576
            ],
            [
              -79.0020986,
              43.84055
            ],
            [
              -79.0024312,
              43.8412543
            ],
            [
              -79.0039944,
              43.8408869
            ],
            [
              -79.0066373,
              43.8403218
            ],
            [
              -79.0123204,
              43.8390344
            ],
            [
              -79.0140142,
              43.8384727
            ],
            [
              -79.0142163,
              43.8383969
            ],
            [
              -79.0144742,
              43.838313
            ],
            [
              -79.0151031,
              43.8381775
            ],
            [
              -79.0152107,
              43.8381445
            ],
            [
              -79.0150562,
              43.8377755
            ],
            [
              -79.0143315,
              43.8379363
            ],
            [
              -79.0141294,
              43.837461
            ],
            [
              -79.0129846,
              43.836713
            ],
            [
              -79.0126745,
              43.836438
            ],
            [
              -79.0127641,
              43.8363798
            ],
            [
              -79.0128587,
              43.8363035
            ],
            [
              -79.0129418,
              43.8362204
            ],
            [
              -79.0134287,
              43.8364394
            ],
            [
              -79.0139709,
              43.835309
            ],
            [
              -79.0141397,
              43.8351268
            ],
            [
              -79.0138917,
              43.8347874
            ],
            [
              -79.013955,
              43.8347608
            ],
            [
              -79.0140477,
              43.8347307
            ],
            [
              -79.0142423,
              43.8346927
            ],
            [
              -79.0143426,
              43.8346849
            ],
            [
              -79.0145441,
              43.8346922
            ],
            [
              -79.0147746,
              43.8347287
            ],
            [
              -79.015097,
              43.8347951
            ],
            [
              -79.0173774,
              43.8351678
            ],
            [
              -79.0175683,
              43.8351931
            ],
            [
              -79.0178887,
              43.8352158
            ],
            [
              -79.0182105,
              43.8352141
            ],
            [
              -79.0185303,
              43.835188
            ],
            [
              -79.0188448,
              43.8351379
            ],
            [
              -79.0215288,
              43.8345356
            ],
            [
              -79.0212169,
              43.8341454
            ],
            [
              -79.0208691,
              43.8337958
            ],
            [
              -79.0186283,
              43.831796
            ],
            [
              -79.0181793,
              43.831379
            ],
            [
              -79.0180232,
              43.8312227
            ],
            [
              -79.0178571,
              43.8310169
            ],
            [
              -79.0177334,
              43.8307943
            ],
            [
              -79.0176643,
              43.8306363
            ],
            [
              -79.0172946,
              43.8307073
            ],
            [
              -79.0168419,
              43.8307699
            ],
            [
              -79.0145235,
              43.8309911
            ],
            [
              -79.013552,
              43.8310783
            ],
            [
              -79.0131391,
              43.8311083
            ],
            [
              -79.0124912,
              43.8311733
            ],
            [
              -79.0109737,
              43.8313088
            ],
            [
              -79.0108445,
              43.8313295
            ],
            [
              -79.0107267,
              43.8313581
            ],
            [
              -79.0105346,
              43.8314256
            ],
            [
              -79.0098337,
              43.83175
            ],
            [
              -79.0084419,
              43.8324101
            ],
            [
              -79.0082953,
              43.8324687
            ],
            [
              -79.0081412,
              43.8325158
            ],
            [
              -79.007981,
              43.8325511
            ],
            [
              -79.0078167,
              43.832574
            ],
            [
              -79.0076428,
              43.832584
            ],
            [
              -79.0074942,
              43.8325804
            ],
            [
              -79.0073468,
              43.8325656
            ],
            [
              -79.0072025,
              43.8325397
            ],
            [
              -79.0070625,
              43.8325029
            ],
            [
              -79.0069286,
              43.8324558
            ],
            [
              -79.0058526,
              43.8319994
            ],
            [
              -79.0050086,
              43.8316572
            ],
            [
              -79.0031642,
              43.8308632
            ],
            [
              -79.0030263,
              43.8308132
            ],
            [
              -79.0028943,
              43.8307805
            ],
            [
              -79.0027729,
              43.8307603
            ],
            [
              -79.0026192,
              43.8307458
            ],
            [
              -79.0024795,
              43.8307441
            ],
            [
              -79.0023404,
              43.8307531
            ],
            [
              -79.0022031,
              43.8307726
            ],
            [
              -79.0018562,
              43.8308456
            ],
            [
              -79.0021706,
              43.8315729
            ],
            [
              -79.0013748,
              43.8317104
            ],
            [
              -79.0003478,
              43.8319165
            ],
            [
              -78.9990627,
              43.832141
            ],
            [
              -78.9990737,
              43.8321668
            ],
            [
              -78.9990605,
              43.8322686
            ],
            [
              -78.9989334,
              43.832532
            ],
            [
              -78.9988884,
              43.8326874
            ],
            [
              -78.9988689,
              43.8328571
            ],
            [
              -78.998899,
              43.8334369
            ],
            [
              -78.9991555,
              43.8340497
            ],
            [
              -78.9988968,
              43.8341062
            ],
            [
              -78.9975325,
              43.8347776
            ],
            [
              -78.9973705,
              43.8348259
            ],
            [
              -78.9970067,
              43.8348856
            ],
            [
              -78.9968064,
              43.8348565
            ],
            [
              -78.9965324,
              43.8349048
            ],
            [
              -78.996272,
              43.8351076
            ],
            [
              -78.9962604,
              43.835441
            ],
            [
              -78.9965403,
              43.835666
            ],
            [
              -78.9969108,
              43.8357221
            ]
          ]
        ]
      }
    },
    {
      "type": "Feature",
      "properties": {
        "name": "Norwood Park Estates"
      },
      "geometry": {
        "type": "Polygon",
        "coordinates": [
          [
            [
              -77.9870537,
              44.3876392
            ],
            [
              -77.9908501,
              44.3866679
            ],
            [
              -77.989655,
              44.3842825
            ],
            [
              -77.9883632,
              44.3845734
            ],
            [
              -77.9882286,
              44.384305
            ],
            [
              -77.9856717,
              44.3849821
            ],
            [
              -77.9858131,
              44.3852539
            ],
            [
              -77.9870537,
              44.3876392
            ],
            [
              -77.9858131,
              44.3852539
            ],
            [
              -77.985246,
              44.385399
            ],
            [
              -77.9852824,
              44.3854715
            ],
            [
              -77.9834503,
              44.3859414
            ],
            [
              -77.9832297,
              44.3860514
            ],
            [
              -77.9829924,
              44.3861124
            ],
            [
              -77.9833576,
              44.3868353
            ],
            [
              -77.9840083,
              44.388123
            ],
            [
              -77.984627,
              44.3879689
            ],
            [
              -77.9848934,
              44.388192
            ],
            [
              -77.9870537,
              44.3876392
            ],
            [
              -77.9858131,
              44.3852539
            ],
            [
              -77.9862375,
              44.3909166
            ],
            [
              -77.9909975,
              44.3897002
            ],
            [
              -77.9897389,
              44.3871913
            ],
            [
              -77.9882773,
              44.3875763
            ],
            [
              -77.9884863,
              44.3879933
            ],
            [
              -77.9846144,
              44.3889854
            ],
            [
              -77.9850302,
              44.3892245
            ],
            [
              -77.985483,
              44.3897573
            ],
            [
              -77.9858977,
              44.3896587
            ],
            [
              -77.9862375,
              44.3909166
            ]
          ]
        ]
      }
    },
    {
      "type": "Feature",
      "properties": {
        "name": "Bayview Woods-Steeles"
      },
      "geometry": {
        "type": "Polygon",
        "coordinates": [
          [
            [
              -79.3962919,
              43.8032482
            ],
            [
              -79.3946365,
              43.8036282
            ],
            [
              -79.3942766,
              43.8037109
            ],
            [
              -79.39289,
              43.804023
            ],
            [
              -79.392732,
              43.8040512
            ],
            [
              -79.3925621,
              43.8040912
            ],
            [
              -79.3918525,
              43.8042403
            ],
            [
              -79.3915574,
              43.8043058
            ],
            [
              -79.3912441,
              43.8043774
            ],
            [
              -79.3910612,
              43.8044156
            ],
            [
              -79.3909614,
              43.8044364
            ],
            [
              -79.3906979,
              43.804496
            ],
            [
              -79.3906021,
              43.8045176
            ],
            [
              -79.3904247,
              43.8045577
            ],
            [
              -79.3902236,
              43.8046032
            ],
            [
              -79.3899984,
              43.8046542
            ],
            [
              -79.3897702,
              43.8047058
            ],
            [
              -79.3897002,
              43.8047216
            ],
            [
              -79.3892072,
              43.804833
            ],
            [
              -79.3888164,
              43.8049214
            ],
            [
              -79.3882298,
              43.8050487
            ],
            [
              -79.3871454,
              43.8052674
            ],
            [
              -79.3864946,
              43.8054114
            ],
            [
              -79.3858696,
              43.8055497
            ],
            [
              -79.3857614,
              43.8055737
            ],
            [
              -79.3856359,
              43.805602
            ],
            [
              -79.3853083,
              43.8056713
            ],
            [
              -79.3846838,
              43.8058239
            ],
            [
              -79.3844593,
              43.8058723
            ],
            [
              -79.384087,
              43.8059527
            ],
            [
              -79.383676,
              43.8060414
            ],
            [
              -79.3835968,
              43.8060591
            ],
            [
              -79.3833889,
              43.8061057
            ],
            [
              -79.3829028,
              43.8062104
            ],
            [
              -79.3764976,
              43.8076326
            ],
            [
              -79.3762402,
              43.8076948
            ],
            [
              -79.376084,
              43.8077303
            ],
            [
              -79.3759598,
              43.8077557
            ],
            [
              -79.3745077,
              43.8080658
            ],
            [
              -79.3742001,
              43.8081269
            ],
            [
              -79.374044,
              43.8081591
            ],
            [
              -79.3725229,
              43.8085069
            ],
            [
              -79.3962919,
              43.8032482
            ],
            [
              -79.3960027,
              43.8026895
            ],
            [
              -79.3959424,
              43.8024455
            ],
            [
              -79.3958535,
              43.8020756
            ],
            [
              -79.3958404,
              43.8020223
            ],
            [
              -79.3956478,
              43.8012167
            ],
            [
              -79.3953535,
              43.7999522
            ],
            [
              -79.3953068,
              43.7997493
            ],
            [
              -79.3951854,
              43.7992494
            ],
            [
              -79.3951878,
              43.7991633
            ],
            [
              -79.3951753,
              43.7991232
            ],
            [
              -79.3951627,
              43.799083
            ],
            [
              -79.395058,
              43.7986952
            ],
            [
              -79.3949533,
              43.7983073
            ],
            [
              -79.3948786,
              43.7979894
            ],
            [
              -79.3947688,
              43.7975217
            ],
            [
              -79.3946,
              43.7967871
            ],
            [
              -79.3945589,
              43.7965271
            ],
            [
              -79.3944811,
              43.7961997
            ],
            [
              -79.3944496,
              43.796073
            ],
            [
              -79.3944424,
              43.7960459
            ],
            [
              -79.3944211,
              43.7959661
            ],
            [
              -79.3943731,
              43.7957868
            ],
            [
              -79.3942905,
              43.7954603
            ],
            [
              -79.394287,
              43.7954448
            ],
            [
              -79.3942063,
              43.7950931
            ],
            [
              -79.3942052,
              43.7950885
            ],
            [
              -79.3939906,
              43.7941378
            ],
            [
              -79.3938254,
              43.7934083
            ],
            [
              -79.3937362,
              43.7930177
            ],
            [
              -79.3936753,
              43.7927559
            ],
            [
              -79.3936596,
              43.7926887
            ],
            [
              -79.3935829,
              43.7923997
            ],
            [
              -79.3935677,
              43.7922939
            ],
            [
              -79.3935629,
              43.7921541
            ],
            [
              -79.3935008,
              43.7918715
            ],
            [
              -79.3934974,
              43.7918584
            ],
            [
              -79.3934607,
              43.7916888
            ],
            [
              -79.3933555,
              43.7910943
            ],
            [
              -79.3933059,
              43.7908577
            ],
            [
              -79.3931883,
              43.7902963
            ],
            [
              -79.3931407,
              43.7900587
            ],
            [
              -79.3930856,
              43.7898059
            ],
            [
              -79.3929107,
              43.7888956
            ],
            [
              -79.3928357,
              43.7886125
            ],
            [
              -79.3928267,
              43.7885476
            ],
            [
              -79.3927501,
              43.7881266
            ],
            [
              -79.3927308,
              43.7880173
            ],
            [
              -79.3927136,
              43.7879297
            ],
            [
              -79.3925938,
              43.7873203
            ],
            [
              -79.3925642,
              43.787156
            ],
            [
              -79.3925069,
              43.7868382
            ],
            [
              -79.3924937,
              43.7867646
            ],
            [
              -79.3924168,
              43.786339
            ],
            [
              -79.3923748,
              43.7861071
            ],
            [
              -79.392317,
              43.7858112
            ],
            [
              -79.392311,
              43.7857807
            ],
            [
              -79.3922448,
              43.7854423
            ],
            [
              -79.3921476,
              43.7849956
            ],
            [
              -79.3921476,
              43.7849956
            ],
            [
              -79.3920727,
              43.7850171
            ],
            [
              -79.3914909,
              43.7851659
            ],
            [
              -79.3913634,
              43.7851957
            ],
            [
              -79.3908075,
              43.7853259
            ],
            [
              -79.390796,
              43.7853284
            ],
            [
              -79.390558,
              43.7853845
            ],
            [
              -79.3900325,
              43.7855095
            ],
            [
              -79.3894597,
              43.7856367
            ],
            [
              -79.3890554,
              43.7857265
            ],
            [
              -79.3890539,
              43.7857268
            ],
            [
              -79.3870294,
              43.7861623
            ],
            [
              -79.386105,
              43.7863646
            ],
            [
              -79.3843696,
              43.786749
            ],
            [
              -79.3816266,
              43.7873492
            ],
            [
              -79.3812866,
              43.7874236
            ],
            [
              -79.3811266,
              43.7874586
            ],
            [
              -79.3810783,
              43.7874692
            ],
            [
              -79.3809506,
              43.7874954
            ],
            [
              -79.3807866,
              43.7875264
            ],
            [
              -79.3806799,
              43.7875564
            ],
            [
              -79.3805768,
              43.7875847
            ],
            [
              -79.3803641,
              43.7876341
            ],
            [
              -79.3802302,
              43.7876652
            ],
            [
              -79.3802077,
              43.7876699
            ],
            [
              -79.3781897,
              43.7880948
            ],
            [
              -79.376247,
              43.7885137
            ],
            [
              -79.3753861,
              43.7887025
            ],
            [
              -79.3748706,
              43.7888186
            ],
            [
              -79.3745231,
              43.7888968
            ],
            [
              -79.3734189,
              43.7891454
            ],
            [
              -79.3732788,
              43.7891755
            ],
            [
              -79.3731423,
              43.7892064
            ],
            [
              -79.371709,
              43.7895149
            ],
            [
              -79.371031,
              43.7896609
            ],
            [
              -79.3693219,
              43.7900153
            ],
            [
              -79.3688093,
              43.7900648
            ],
            [
              -79.3680777,
              43.7900405
            ],
            [
              -79.3680777,
              43.7900405
            ],
            [
              -79.3682032,
              43.790804
            ],
            [
              -79.3718275,
              43.8059244
            ],
            [
              -79.3718275,
              43.8059244
            ],
            [
              -79.3723319,
              43.8080283
            ],
            [
              -79.3725229,
              43.8085069
            ]
          ]
        ]
      }
    },
    {
      "type": "Feature",
      "properties": {
        "name": "Fenside"
      },
      "geometry": {
        "type": "Polygon",
        "coordinates": [
          [
            [
              -79.3355811,
              43.7583467
            ],
            [
              -79.3351745,
              43.7584387
            ],
            [
              -79.3349447,
              43.7585165
            ],
            [
              -79.334502,
              43.7587034
            ],
            [
              -79.3340017,
              43.7589549
            ],
            [
              -79.3335273,
              43.7592038
            ],
            [
              -79.3328645,
              43.7594633
            ],
            [
              -79.3326826,
              43.7595123
            ],
            [
              -79.331907,
              43.7597175
            ],
            [
              -79.331713,
              43.7597629
            ],
            [
              -79.3306594,
              43.7600094
            ],
            [
              -79.329646,
              43.7602399
            ],
            [
              -79.328284,
              43.7605537
            ],
            [
              -79.3278626,
              43.7606555
            ],
            [
              -79.3277822,
              43.7606742
            ],
            [
              -79.3276887,
              43.760696
            ],
            [
              -79.3276439,
              43.7607063
            ],
            [
              -79.3275695,
              43.7607235
            ],
            [
              -79.3271391,
              43.7608226
            ],
            [
              -79.3270112,
              43.7608521
            ],
            [
              -79.3263526,
              43.7610039
            ],
            [
              -79.3252936,
              43.7612478
            ],
            [
              -79.3238112,
              43.7615911
            ],
            [
              -79.3229238,
              43.7618038
            ],
            [
              -79.3228893,
              43.7618121
            ],
            [
              -79.3224625,
              43.7619108
            ],
            [
              -79.3211212,
              43.7622213
            ],
            [
              -79.3210422,
              43.7622392
            ],
            [
              -79.3208744,
              43.7622771
            ],
            [
              -79.320314,
              43.7624074
            ],
            [
              -79.3199932,
              43.7624762
            ],
            [
              -79.3193135,
              43.7626335
            ],
            [
              -79.3185352,
              43.7628068
            ],
            [
              -79.3181577,
              43.7628912
            ],
            [
              -79.3177195,
              43.7629891
            ],
            [
              -79.3175355,
              43.7630346
            ],
            [
              -79.3176792,
              43.7633706
            ],
            [
              -79.3178306,
              43.7637245
            ],
            [
              -79.3179546,
              43.7640146
            ],
            [
              -79.3187973,
              43.7659618
            ],
            [
              -79.3194717,
              43.7677148
            ],
            [
              -79.3197723,
              43.768329
            ],
            [
              -79.3237567,
              43.7683667
            ],
            [
              -79.3306875,
              43.7681033
            ],
            [
              -79.3380795,
              43.7676892
            ],
            [
              -79.3370837,
              43.7638143
            ],
            [
              -79.3357218,
              43.7583173
            ],
            [
              -79.3355811,
              43.7583467
            ]
          ]
        ]
      }
    },
    {
      "type": "Feature",
      "properties": {
        "name": "Regency Acres"
      },
      "geometry": {
        "type": "Polygon",
        "coordinates": [
          [
            [
              -79.4809154,
              43.9774997
            ],
            [
              -79.481645,
              43.978928
            ],
            [
              -79.4823266,
              43.9805552
            ],
            [
              -79.4825277,
              43.9811027
            ],
            [
              -79.4825033,
              43.9814718
            ],
            [
              -79.4815323,
              43.9827302
            ],
            [
              -79.4809297,
              43.9838241
            ],
            [
              -79.4800998,
              43.9846522
            ],
            [
              -79.4787858,
              43.9850345
            ],
            [
              -79.4780777,
              43.985517
            ],
            [
              -79.4779402,
              43.9858172
            ],
            [
              -79.4771711,
              43.9859995
            ],
            [
              -79.4769243,
              43.987003
            ],
            [
              -79.4766936,
              43.9879525
            ],
            [
              -79.4743011,
              43.9884967
            ],
            [
              -79.4698701,
              43.9894577
            ],
            [
              -79.4687114,
              43.9897395
            ],
            [
              -79.4680623,
              43.9899131
            ],
            [
              -79.4674668,
              43.9899363
            ],
            [
              -79.4671772,
              43.989863
            ],
            [
              -79.4668928,
              43.9895542
            ],
            [
              -79.4668112,
              43.9889767
            ],
            [
              -79.4672245,
              43.9885851
            ],
            [
              -79.4675965,
              43.9884803
            ],
            [
              -79.4676063,
              43.9880567
            ],
            [
              -79.4676901,
              43.9878057
            ],
            [
              -79.4670234,
              43.9862056
            ],
            [
              -79.4677496,
              43.9859503
            ],
            [
              -79.4675956,
              43.98571
            ],
            [
              -79.4670677,
              43.9834677
            ],
            [
              -79.4670354,
              43.9829536
            ],
            [
              -79.4683731,
              43.9823888
            ],
            [
              -79.4692371,
              43.9821203
            ],
            [
              -79.4692276,
              43.981583
            ],
            [
              -79.4693795,
              43.9811147
            ],
            [
              -79.4697574,
              43.9804805
            ],
            [
              -79.4696335,
              43.9799657
            ],
            [
              -79.4809154,
              43.9774997
            ]
          ]
        ]
      }
    },
    {
      "type": "Feature",
      "properties": {
        "name": "Mimico-Queensway"
      },
      "geometry": {
        "type": "Polygon",
        "coordinates": [
          [
            [
              -79.4931874,
              43.6248061
            ],
            [
              -79.492541,
              43.623361
            ],
            [
              -79.492541,
              43.623361
            ],
            [
              -79.4911801,
              43.6236676
            ],
            [
              -79.4892941,
              43.6240541
            ],
            [
              -79.4888469,
              43.624187
            ],
            [
              -79.4866349,
              43.6248452
            ],
            [
              -79.4866349,
              43.6248452
            ],
            [
              -79.4865879,
              43.6247061
            ],
            [
              -79.4866422,
              43.6245803
            ],
            [
              -79.4867702,
              43.62444
            ],
            [
              -79.4869067,
              43.6243167
            ],
            [
              -79.4870388,
              43.6242208
            ],
            [
              -79.4871066,
              43.6241092
            ],
            [
              -79.4870902,
              43.6240055
            ],
            [
              -79.4870238,
              43.6239365
            ],
            [
              -79.4868884,
              43.6238445
            ],
            [
              -79.4867081,
              43.6238119
            ],
            [
              -79.4865328,
              43.6237475
            ],
            [
              -79.486361,
              43.6236439
            ],
            [
              -79.4862217,
              43.6235415
            ],
            [
              -79.4860823,
              43.6234295
            ],
            [
              -79.4859388,
              43.6233265
            ],
            [
              -79.4857835,
              43.6231915
            ],
            [
              -79.4856928,
              43.6231086
            ],
            [
              -79.4856537,
              43.6230504
            ],
            [
              -79.4856282,
              43.6229753
            ],
            [
              -79.485593,
              43.6229195
            ],
            [
              -79.4855168,
              43.6228523
            ],
            [
              -79.4853188,
              43.6227801
            ],
            [
              -79.4851503,
              43.6227467
            ],
            [
              -79.4849525,
              43.6227217
            ],
            [
              -79.4845438,
              43.6226322
            ],
            [
              -79.4843408,
              43.6225904
            ],
            [
              -79.4839412,
              43.6224685
            ],
            [
              -79.4828295,
              43.622091
            ],
            [
              -79.4826,
              43.6220351
            ],
            [
              -79.4824214,
              43.6220105
            ],
            [
              -79.4820936,
              43.62201
            ],
            [
              -79.481972,
              43.6219832
            ],
            [
              -79.481972,
              43.6219832
            ],
            [
              -79.4824785,
              43.6212046
            ],
            [
              -79.4825735,
              43.6210921
            ],
            [
              -79.4830778,
              43.6206383
            ],
            [
              -79.4831824,
              43.6205608
            ],
            [
              -79.4833013,
              43.6204786
            ],
            [
              -79.4838395,
              43.6202626
            ],
            [
              -79.4839979,
              43.6202186
            ],
            [
              -79.4842624,
              43.6201616
            ],
            [
              -79.4852784,
              43.6199131
            ],
            [
              -79.4855498,
              43.6198233
            ],
            [
              -79.4856702,
              43.6197721
            ],
            [
              -79.4857411,
              43.6197217
            ],
            [
              -79.485922,
              43.6196042
            ],
            [
              -79.4860369,
              43.6195069
            ],
            [
              -79.4861089,
              43.6194353
            ],
            [
              -79.4861939,
              43.6193368
            ],
            [
              -79.4865867,
              43.6187
            ],
            [
              -79.4869184,
              43.6181044
            ],
            [
              -79.4873489,
              43.6172817
            ],
            [
              -79.4893136,
              43.6137785
            ],
            [
              -79.4894721,
              43.6134528
            ],
            [
              -79.4897125,
              43.6130059
            ],
            [
              -79.4897871,
              43.6127287
            ],
            [
              -79.4898887,
              43.6121046
            ],
            [
              -79.4901332,
              43.6104669
            ],
            [
              -79.4901332,
              43.6104669
            ],
            [
              -79.4876253,
              43.6103495
            ],
            [
              -79.4866661,
              43.6103328
            ],
            [
              -79.4866661,
              43.6103328
            ],
            [
              -79.4866269,
              43.6103107
            ],
            [
              -79.4865839,
              43.6102658
            ],
            [
              -79.4865532,
              43.6102831
            ],
            [
              -79.4865339,
              43.6102811
            ],
            [
              -79.4865058,
              43.6102713
            ],
            [
              -79.4865058,
              43.6102541
            ],
            [
              -79.4864742,
              43.6102079
            ],
            [
              -79.4864967,
              43.6101814
            ],
            [
              -79.4865249,
              43.6101655
            ],
            [
              -79.4865324,
              43.6101355
            ],
            [
              -79.4865052,
              43.609961
            ],
            [
              -79.4865294,
              43.6098826
            ],
            [
              -79.4865357,
              43.6098369
            ],
            [
              -79.4865208,
              43.6097418
            ],
            [
              -79.4865346,
              43.6096882
            ],
            [
              -79.486567,
              43.609636
            ],
            [
              -79.4866049,
              43.6095929
            ],
            [
              -79.4866514,
              43.6095555
            ],
            [
              -79.4867172,
              43.6095027
            ],
            [
              -79.4867945,
              43.609461
            ],
            [
              -79.4869087,
              43.6094072
            ],
            [
              -79.4869485,
              43.6093724
            ],
            [
              -79.4869719,
              43.6093369
            ],
            [
              -79.4871412,
              43.6088162
            ],
            [
              -79.4871516,
              43.6087363
            ],
            [
              -79.4871364,
              43.6085874
            ],
            [
              -79.4872963,
              43.6083282
            ],
            [
              -79.4874296,
              43.608258
            ],
            [
              -79.4875609,
              43.608209
            ],
            [
              -79.4877503,
              43.6079864
            ],
            [
              -79.4877675,
              43.6078465
            ],
            [
              -79.4878693,
              43.6077728
            ],
            [
              -79.4879226,
              43.6076122
            ],
            [
              -79.4879693,
              43.6073751
            ],
            [
              -79.4881139,
              43.6073034
            ],
            [
              -79.4884109,
              43.6068003
            ],
            [
              -79.4885632,
              43.6066976
            ],
            [
              -79.4887498,
              43.606719
            ],
            [
              -79.488804,
              43.6066376
            ],
            [
              -79.4889458,
              43.6065673
            ],
            [
              -79.4893418,
              43.605896
            ],
            [
              -79.4892628,
              43.6057802
            ],
            [
              -79.4894741,
              43.6055038
            ],
            [
              -79.4895731,
              43.6054846
            ],
            [
              -79.4897111,
              43.6052757
            ],
            [
              -79.489772,
              43.6051365
            ],
            [
              -79.48997,
              43.6050152
            ],
            [
              -79.4900633,
              43.6050028
            ],
            [
              -79.490682,
              43.6043204
            ],
            [
              -79.4912074,
              43.6038531
            ],
            [
              -79.4912531,
              43.6036698
            ],
            [
              -79.4915977,
              43.6034409
            ],
            [
              -79.4921457,
              43.6029099
            ],
            [
              -79.4924595,
              43.6025725
            ],
            [
              -79.4924743,
              43.6022196
            ],
            [
              -79.4925626,
              43.6021236
            ],
            [
              -79.4927326,
              43.6020556
            ],
            [
              -79.492902,
              43.6020165
            ],
            [
              -79.4929857,
              43.6020065
            ],
            [
              -79.4931751,
              43.602007
            ],
            [
              -79.4934279,
              43.6021294
            ],
            [
              -79.4935031,
              43.6021008
            ],
            [
              -79.4935301,
              43.6020117
            ],
            [
              -79.4937996,
              43.6020115
            ],
            [
              -79.4938896,
              43.6021157
            ],
            [
              -79.4943201,
              43.6020819
            ],
            [
              -79.4945036,
              43.6022139
            ],
            [
              -79.4945899,
              43.6022495
            ],
            [
              -79.4959439,
              43.6019811
            ],
            [
              -79.4960794,
              43.6019464
            ],
            [
              -79.4962185,
              43.6018674
            ],
            [
              -79.496414,
              43.6015652
            ],
            [
              -79.4966982,
              43.6013828
            ],
            [
              -79.4968616,
              43.6012132
            ],
            [
              -79.4968616,
              43.6012132
            ],
            [
              -79.4970169,
              43.6016116
            ],
            [
              -79.4972035,
              43.6021162
            ],
            [
              -79.4972744,
              43.602405
            ],
            [
              -79.4979589,
              43.6023611
            ],
            [
              -79.4979589,
              43.6023611
            ],
            [
              -79.5004131,
              43.6083083
            ],
            [
              -79.5010563,
              43.6098029
            ],
            [
              -79.5015686,
              43.6110462
            ],
            [
              -79.5016065,
              43.6111828
            ],
            [
              -79.5016157,
              43.611246
            ],
            [
              -79.5016169,
              43.6112902
            ],
            [
              -79.5016119,
              43.6113727
            ],
            [
              -79.5017009,
              43.6115612
            ],
            [
              -79.5019578,
              43.6121191
            ],
            [
              -79.5025697,
              43.6134533
            ],
            [
              -79.5267067,
              43.6012796
            ],
            [
              -79.5267067,
              43.6012796
            ],
            [
              -79.5265307,
              43.6014495
            ],
            [
              -79.5264663,
              43.6014947
            ],
            [
              -79.5264024,
              43.6015444
            ],
            [
              -79.5263408,
              43.6015891
            ],
            [
              -79.5262167,
              43.601679
            ],
            [
              -79.5261555,
              43.6017288
            ],
            [
              -79.5260948,
              43.6017738
            ],
            [
              -79.5260558,
              43.6018142
            ],
            [
              -79.5260173,
              43.6018549
            ],
            [
              -79.5259797,
              43.6018955
            ],
            [
              -79.5259426,
              43.6019313
            ],
            [
              -79.5259062,
              43.6019719
            ],
            [
              -79.5258706,
              43.6020123
            ],
            [
              -79.5258349,
              43.6020534
            ],
            [
              -79.5258008,
              43.6020937
            ],
            [
              -79.5257346,
              43.6021744
            ],
            [
              -79.5256705,
              43.6022552
            ],
            [
              -79.5256096,
              43.6023409
            ],
            [
              -79.525579,
              43.6023867
            ],
            [
              -79.5255506,
              43.6024267
            ],
            [
              -79.5255232,
              43.6024716
            ],
            [
              -79.5254952,
              43.6025116
            ],
            [
              -79.5254681,
              43.6025573
            ],
            [
              -79.5254425,
              43.6026021
            ],
            [
              -79.5254172,
              43.6026474
            ],
            [
              -79.5253931,
              43.6026878
            ],
            [
              -79.5253684,
              43.6027329
            ],
            [
              -79.5253457,
              43.6027777
            ],
            [
              -79.5253236,
              43.6028228
            ],
            [
              -79.5253018,
              43.6028678
            ],
            [
              -79.5252611,
              43.6029577
            ],
            [
              -79.5252241,
              43.6030526
            ],
            [
              -79.5251876,
              43.603138
            ],
            [
              -79.5251543,
              43.603228
            ],
            [
              -79.5251238,
              43.6033132
            ],
            [
              -79.525083,
              43.6034485
            ],
            [
              -79.5250603,
              43.6035339
            ],
            [
              -79.5250407,
              43.603624
            ],
            [
              -79.5250244,
              43.6037093
            ],
            [
              -79.5250115,
              43.6037994
            ],
            [
              -79.5250013,
              43.6038895
            ],
            [
              -79.5249941,
              43.6039796
            ],
            [
              -79.5249909,
              43.6040697
            ],
            [
              -79.5249915,
              43.6042087
            ],
            [
              -79.525003,
              43.6043848
            ],
            [
              -79.5250085,
              43.6044747
            ],
            [
              -79.5250114,
              43.6045198
            ],
            [
              -79.5250156,
              43.6045687
            ],
            [
              -79.5250202,
              43.6046093
            ],
            [
              -79.5250273,
              43.6046546
            ],
            [
              -79.5250403,
              43.6047441
            ],
            [
              -79.5250685,
              43.6048798
            ],
            [
              -79.5251162,
              43.6050547
            ],
            [
              -79.5251307,
              43.6050998
            ],
            [
              -79.525145,
              43.6051444
            ],
            [
              -79.5251616,
              43.6051897
            ],
            [
              -79.5252316,
              43.6053621
            ],
            [
              -79.5255739,
              43.6061268
            ],
            [
              -79.5260272,
              43.6071807
            ],
            [
              -79.5302429,
              43.6171543
            ],
            [
              -79.5302429,
              43.6171543
            ],
            [
              -79.5220252,
              43.6187427
            ],
            [
              -79.5131661,
              43.6204862
            ],
            [
              -79.5131661,
              43.6204862
            ],
            [
              -79.5106421,
              43.620976
            ],
            [
              -79.5050782,
              43.6220908
            ],
            [
              -79.5010496,
              43.6229363
            ],
            [
              -79.4945302,
              43.6244899
            ],
            [
              -79.4931874,
              43.6248061
            ]
          ]
        ]
      }
    },
    {
      "type": "Feature",
      "properties": {
        "name": "New Toronto"
      },
      "geometry": {
        "type": "Polygon",
        "coordinates": [
          [
            [
              -79.5190528,
              43.5905822
            ],
            [
              -79.5189742,
              43.590624
            ],
            [
              -79.5189402,
              43.5906176
            ],
            [
              -79.518902,
              43.5906262
            ],
            [
              -79.518763,
              43.5906975
            ],
            [
              -79.5187065,
              43.5907219
            ],
            [
              -79.5186528,
              43.5907235
            ],
            [
              -79.5185592,
              43.5907213
            ],
            [
              -79.518497,
              43.5906903
            ],
            [
              -79.5184404,
              43.5906125
            ],
            [
              -79.5182016,
              43.5903864
            ],
            [
              -79.5180688,
              43.590389
            ],
            [
              -79.5179133,
              43.5904209
            ],
            [
              -79.5172318,
              43.5905602
            ],
            [
              -79.5171192,
              43.5905212
            ],
            [
              -79.5167304,
              43.590279
            ],
            [
              -79.5164671,
              43.5899939
            ],
            [
              -79.5162737,
              43.5896773
            ],
            [
              -79.5162339,
              43.5895407
            ],
            [
              -79.5165584,
              43.5889655
            ],
            [
              -79.5165137,
              43.5888999
            ],
            [
              -79.5164604,
              43.5888786
            ],
            [
              -79.5163839,
              43.5889083
            ],
            [
              -79.5162908,
              43.5890768
            ],
            [
              -79.5162173,
              43.5891278
            ],
            [
              -79.5160588,
              43.5891261
            ],
            [
              -79.5157038,
              43.5889931
            ],
            [
              -79.5154609,
              43.5889248
            ],
            [
              -79.5152091,
              43.5889072
            ],
            [
              -79.5150109,
              43.5889628
            ],
            [
              -79.5149088,
              43.5890353
            ],
            [
              -79.5150682,
              43.5894232
            ],
            [
              -79.5151343,
              43.5894373
            ],
            [
              -79.5152033,
              43.5894373
            ],
            [
              -79.5155007,
              43.5893986
            ],
            [
              -79.5156232,
              43.5894535
            ],
            [
              -79.5156854,
              43.5895485
            ],
            [
              -79.5156756,
              43.5896612
            ],
            [
              -79.5156309,
              43.5898329
            ],
            [
              -79.5156397,
              43.5898597
            ],
            [
              -79.5156986,
              43.5899616
            ],
            [
              -79.5157211,
              43.5900143
            ],
            [
              -79.5157107,
              43.5900928
            ],
            [
              -79.5153886,
              43.590164
            ],
            [
              -79.5153167,
              43.5900804
            ],
            [
              -79.5152001,
              43.5900498
            ],
            [
              -79.514841,
              43.5901265
            ],
            [
              -79.5148183,
              43.5902207
            ],
            [
              -79.5148275,
              43.5902591
            ],
            [
              -79.5129901,
              43.5906706
            ],
            [
              -79.5115648,
              43.5902808
            ],
            [
              -79.5114999,
              43.5901398
            ],
            [
              -79.5111926,
              43.5893496
            ],
            [
              -79.5110799,
              43.5890862
            ],
            [
              -79.5110701,
              43.5889602
            ],
            [
              -79.5111167,
              43.5888316
            ],
            [
              -79.5112036,
              43.5886888
            ],
            [
              -79.5113358,
              43.5885921
            ],
            [
              -79.5115611,
              43.5884777
            ],
            [
              -79.5121465,
              43.5883695
            ],
            [
              -79.5122628,
              43.5882941
            ],
            [
              -79.5122714,
              43.5881975
            ],
            [
              -79.5122052,
              43.5880378
            ],
            [
              -79.5122224,
              43.5879642
            ],
            [
              -79.5123705,
              43.5878666
            ],
            [
              -79.5125395,
              43.587793
            ],
            [
              -79.5129314,
              43.5876946
            ],
            [
              -79.5132301,
              43.5877371
            ],
            [
              -79.5132252,
              43.5877708
            ],
            [
              -79.5133318,
              43.5879651
            ],
            [
              -79.5134065,
              43.5879997
            ],
            [
              -79.5135387,
              43.5880006
            ],
            [
              -79.5141828,
              43.5878799
            ],
            [
              -79.5143469,
              43.5878276
            ],
            [
              -79.5145967,
              43.5876334
            ],
            [
              -79.5146224,
              43.5876307
            ],
            [
              -79.5150559,
              43.5877886
            ],
            [
              -79.5152163,
              43.5878808
            ],
            [
              -79.5152824,
              43.5879961
            ],
            [
              -79.5153436,
              43.5880289
            ],
            [
              -79.5154045,
              43.588028
            ],
            [
              -79.5154734,
              43.5880431
            ],
            [
              -79.5160808,
              43.5882578
            ],
            [
              -79.516356,
              43.5883068
            ],
            [
              -79.516875,
              43.5884426
            ],
            [
              -79.5171597,
              43.588556
            ],
            [
              -79.5172452,
              43.5885546
            ],
            [
              -79.5173074,
              43.5885158
            ],
            [
              -79.5173172,
              43.5884666
            ],
            [
              -79.5173036,
              43.5884152
            ],
            [
              -79.5172608,
              43.5883715
            ],
            [
              -79.517186,
              43.5883265
            ],
            [
              -79.5165776,
              43.5881463
            ],
            [
              -79.5157427,
              43.5878942
            ],
            [
              -79.5150672,
              43.5875057
            ],
            [
              -79.514904,
              43.5873782
            ],
            [
              -79.5143315,
              43.5871269
            ],
            [
              -79.5139136,
              43.5870608
            ],
            [
              -79.5135394,
              43.5870558
            ],
            [
              -79.5131643,
              43.5870734
            ],
            [
              -79.5131487,
              43.5870171
            ],
            [
              -79.5131254,
              43.5869939
            ],
            [
              -79.5130953,
              43.5869826
            ],
            [
              -79.5130486,
              43.5869791
            ],
            [
              -79.5129991,
              43.5869897
            ],
            [
              -79.5129806,
              43.587008
            ],
            [
              -79.5129777,
              43.5870347
            ],
            [
              -79.5129748,
              43.5871009
            ],
            [
              -79.512725,
              43.5871847
            ],
            [
              -79.512483,
              43.587203
            ],
            [
              -79.5122449,
              43.5871889
            ],
            [
              -79.5122264,
              43.5871382
            ],
            [
              -79.5121691,
              43.5870847
            ],
            [
              -79.5120942,
              43.5870896
            ],
            [
              -79.5120748,
              43.5871114
            ],
            [
              -79.5120767,
              43.5872149
            ],
            [
              -79.5119096,
              43.5872769
            ],
            [
              -79.5116724,
              43.5873057
            ],
            [
              -79.5116151,
              43.5872952
            ],
            [
              -79.5114353,
              43.5872818
            ],
            [
              -79.5112914,
              43.5872783
            ],
            [
              -79.5112749,
              43.5872079
            ],
            [
              -79.5112399,
              43.587191
            ],
            [
              -79.5112049,
              43.5871938
            ],
            [
              -79.5111573,
              43.5872015
            ],
            [
              -79.5111398,
              43.587222
            ],
            [
              -79.5111369,
              43.5872924
            ],
            [
              -79.5109853,
              43.5873332
            ],
            [
              -79.510892,
              43.587336
            ],
            [
              -79.5108405,
              43.587329
            ],
            [
              -79.5107754,
              43.5873198
            ],
            [
              -79.5103779,
              43.5872339
            ],
            [
              -79.5104061,
              43.5871537
            ],
            [
              -79.5103924,
              43.5871319
            ],
            [
              -79.510339,
              43.587103
            ],
            [
              -79.5102826,
              43.5871051
            ],
            [
              -79.5102486,
              43.5871206
            ],
            [
              -79.5102117,
              43.5871854
            ],
            [
              -79.5098433,
              43.5871621
            ],
            [
              -79.5094934,
              43.5871839
            ],
            [
              -79.5093486,
              43.587229
            ],
            [
              -79.5092748,
              43.5872924
            ],
            [
              -79.5092291,
              43.5873557
            ],
            [
              -79.5092165,
              43.5874374
            ],
            [
              -79.509234,
              43.5874944
            ],
            [
              -79.5092787,
              43.5875521
            ],
            [
              -79.5093545,
              43.5876098
            ],
            [
              -79.5094351,
              43.58765
            ],
            [
              -79.5099979,
              43.5877985
            ],
            [
              -79.5101738,
              43.5879245
            ],
            [
              -79.5102865,
              43.5881639
            ],
            [
              -79.5102889,
              43.5885141
            ],
            [
              -79.5102032,
              43.588742
            ],
            [
              -79.510115,
              43.5887828
            ],
            [
              -79.5100966,
              43.5888369
            ],
            [
              -79.5101248,
              43.5888831
            ],
            [
              -79.5101628,
              43.5889114
            ],
            [
              -79.5103219,
              43.5889256
            ],
            [
              -79.510317,
              43.5891615
            ],
            [
              -79.5102399,
              43.589319
            ],
            [
              -79.5101018,
              43.5895429
            ],
            [
              -79.5098472,
              43.5898498
            ],
            [
              -79.5096898,
              43.5899878
            ],
            [
              -79.5096023,
              43.5900497
            ],
            [
              -79.5092349,
              43.5901159
            ],
            [
              -79.5089647,
              43.5901469
            ],
            [
              -79.5087762,
              43.590175
            ],
            [
              -79.5086887,
              43.5902229
            ],
            [
              -79.5086615,
              43.5902525
            ],
            [
              -79.5086421,
              43.5902792
            ],
            [
              -79.5086285,
              43.5903088
            ],
            [
              -79.5086226,
              43.5903454
            ],
            [
              -79.5086362,
              43.5904045
            ],
            [
              -79.5087101,
              43.5904735
            ],
            [
              -79.5087976,
              43.590527
            ],
            [
              -79.509233,
              43.5906143
            ],
            [
              -79.5099483,
              43.5907607
            ],
            [
              -79.5103507,
              43.5908705
            ],
            [
              -79.5104925,
              43.5909156
            ],
            [
              -79.510582,
              43.590962
            ],
            [
              -79.5106966,
              43.5910254
            ],
            [
              -79.510821,
              43.5911042
            ],
            [
              -79.5108755,
              43.5911704
            ],
            [
              -79.5109221,
              43.5912746
            ],
            [
              -79.5108852,
              43.5915786
            ],
            [
              -79.5106383,
              43.5919954
            ],
            [
              -79.5104187,
              43.5923037
            ],
            [
              -79.5103818,
              43.5923431
            ],
            [
              -79.5103059,
              43.5923727
            ],
            [
              -79.5101466,
              43.5923994
            ],
            [
              -79.5099755,
              43.5923797
            ],
            [
              -79.5098589,
              43.5923642
            ],
            [
              -79.5097073,
              43.5923586
            ],
            [
              -79.5096256,
              43.5923952
            ],
            [
              -79.5096158,
              43.5924112
            ],
            [
              -79.5096189,
              43.592438
            ],
            [
              -79.5096436,
              43.5924894
            ],
            [
              -79.5096914,
              43.592514
            ],
            [
              -79.5099475,
              43.5925665
            ],
            [
              -79.5101173,
              43.5926012
            ],
            [
              -79.5102993,
              43.5926157
            ],
            [
              -79.5104675,
              43.5926313
            ],
            [
              -79.5105534,
              43.5926461
            ],
            [
              -79.5105644,
              43.592655
            ],
            [
              -79.5105711,
              43.5926608
            ],
            [
              -79.510573,
              43.5926705
            ],
            [
              -79.5105693,
              43.5926772
            ],
            [
              -79.5105619,
              43.5926843
            ],
            [
              -79.5105497,
              43.59269
            ],
            [
              -79.5105209,
              43.592694
            ],
            [
              -79.510494,
              43.5926945
            ],
            [
              -79.5102993,
              43.5926917
            ],
            [
              -79.5101944,
              43.5926973
            ],
            [
              -79.5100509,
              43.5927028
            ],
            [
              -79.5099028,
              43.5926917
            ],
            [
              -79.5097748,
              43.5926593
            ],
            [
              -79.5097532,
              43.592657
            ],
            [
              -79.509713,
              43.5926693
            ],
            [
              -79.5096945,
              43.592685
            ],
            [
              -79.5096884,
              43.5926995
            ],
            [
              -79.5096853,
              43.5927274
            ],
            [
              -79.5096961,
              43.5927632
            ],
            [
              -79.5097346,
              43.5927989
            ],
            [
              -79.5103101,
              43.5928894
            ],
            [
              -79.5104752,
              43.5929475
            ],
            [
              -79.5105708,
              43.5930313
            ],
            [
              -79.5106649,
              43.5931397
            ],
            [
              -79.510722,
              43.5932649
            ],
            [
              -79.5107374,
              43.5933677
            ],
            [
              -79.5107236,
              43.5934861
            ],
            [
              -79.510631,
              43.593618
            ],
            [
              -79.5105122,
              43.5936984
            ],
            [
              -79.5101389,
              43.5937856
            ],
            [
              -79.5098272,
              43.5937554
            ],
            [
              -79.5096853,
              43.5937364
            ],
            [
              -79.5092718,
              43.5938358
            ],
            [
              -79.5090882,
              43.5938906
            ],
            [
              -79.5090157,
              43.5939007
            ],
            [
              -79.5089586,
              43.5939051
            ],
            [
              -79.5088321,
              43.5938247
            ],
            [
              -79.5087689,
              43.5937923
            ],
            [
              -79.5086424,
              43.5937666
            ],
            [
              -79.5086069,
              43.5937576
            ],
            [
              -79.508556,
              43.5937599
            ],
            [
              -79.5084233,
              43.593818
            ],
            [
              -79.5082752,
              43.593866
            ],
            [
              -79.5081363,
              43.5939007
            ],
            [
              -79.5079759,
              43.5939286
            ],
            [
              -79.5078463,
              43.5939532
            ],
            [
              -79.5076565,
              43.5939822
            ],
            [
              -79.5073217,
              43.5940839
            ],
            [
              -79.5072137,
              43.5941118
            ],
            [
              -79.5070687,
              43.5941509
            ],
            [
              -79.50697,
              43.5941643
            ],
            [
              -79.5068944,
              43.5941733
            ],
            [
              -79.506862,
              43.5941733
            ],
            [
              -79.5067293,
              43.5941766
            ],
            [
              -79.5066475,
              43.5941733
            ],
            [
              -79.5065349,
              43.5941521
            ],
            [
              -79.5064609,
              43.5941241
            ],
            [
              -79.5064115,
              43.594094
            ],
            [
              -79.5063621,
              43.5940236
            ],
            [
              -79.5063282,
              43.593942
            ],
            [
              -79.5063652,
              43.5938202
            ],
            [
              -79.5063976,
              43.5937342
            ],
            [
              -79.506359,
              43.5936448
            ],
            [
              -79.5063251,
              43.5935654
            ],
            [
              -79.5062819,
              43.5935308
            ],
            [
              -79.5062202,
              43.5935018
            ],
            [
              -79.50614,
              43.5934839
            ],
            [
              -79.5060613,
              43.5934705
            ],
            [
              -79.5059919,
              43.5934604
            ],
            [
              -79.5058854,
              43.5934682
            ],
            [
              -79.5057388,
              43.5935085
            ],
            [
              -79.5054426,
              43.5937621
            ],
            [
              -79.5050785,
              43.5940012
            ],
            [
              -79.5050153,
              43.5941733
            ],
            [
              -79.5049844,
              43.5942292
            ],
            [
              -79.5049366,
              43.594256
            ],
            [
              -79.5042161,
              43.5942727
            ],
            [
              -79.5038474,
              43.5942359
            ],
            [
              -79.5034632,
              43.594285
            ],
            [
              -79.5030837,
              43.5943409
            ],
            [
              -79.5027273,
              43.5944046
            ],
            [
              -79.5024774,
              43.5944616
            ],
            [
              -79.5021735,
              43.5945722
            ],
            [
              -79.5017322,
              43.5947498
            ],
            [
              -79.5014653,
              43.5948403
            ],
            [
              -79.5012231,
              43.5948839
            ],
            [
              -79.5010889,
              43.5948537
            ],
            [
              -79.5010411,
              43.5948616
            ],
            [
              -79.500984,
              43.5950001
            ],
            [
              -79.5008374,
              43.5950973
            ],
            [
              -79.5007402,
              43.5951253
            ],
            [
              -79.5006631,
              43.5951588
            ],
            [
              -79.5006338,
              43.5952057
            ],
            [
              -79.5005088,
              43.5952873
            ],
            [
              -79.5003869,
              43.5954102
            ],
            [
              -79.5003962,
              43.5955264
            ],
            [
              -79.5004471,
              43.5956269
            ],
            [
              -79.5004394,
              43.5957945
            ],
            [
              -79.5003592,
              43.5959778
            ],
            [
              -79.5003246,
              43.5961476
            ],
            [
              -79.5002168,
              43.5963869
            ],
            [
              -79.5000904,
              43.5964495
            ],
            [
              -79.4998338,
              43.5967043
            ],
            [
              -79.4997755,
              43.5970218
            ],
            [
              -79.4995607,
              43.5976116
            ],
            [
              -79.4992206,
              43.5978586
            ],
            [
              -79.4990233,
              43.5978903
            ],
            [
              -79.4989309,
              43.5979234
            ],
            [
              -79.4988512,
              43.5979438
            ],
            [
              -79.4985266,
              43.5979375
            ],
            [
              -79.4984567,
              43.5977967
            ],
            [
              -79.4983293,
              43.5978164
            ],
            [
              -79.4983779,
              43.5980635
            ],
            [
              -79.4983206,
              43.5982211
            ],
            [
              -79.4981855,
              43.5983738
            ],
            [
              -79.4979425,
              43.5984675
            ],
            [
              -79.4978735,
              43.5985083
            ],
            [
              -79.4978444,
              43.598566
            ],
            [
              -79.4978395,
              43.5986033
            ],
            [
              -79.4978337,
              43.5986512
            ],
            [
              -79.4979075,
              43.5988398
            ],
            [
              -79.4979688,
              43.5990629
            ],
            [
              -79.4979697,
              43.5992501
            ],
            [
              -79.4981262,
              43.5993972
            ],
            [
              -79.4981651,
              43.5994479
            ],
            [
              -79.4982069,
              43.5995528
            ],
            [
              -79.498169,
              43.5998195
            ],
            [
              -79.4979561,
              43.600208
            ],
            [
              -79.4978346,
              43.6002509
            ],
            [
              -79.4973837,
              43.600802
            ],
            [
              -79.4972185,
              43.6008372
            ],
            [
              -79.4970047,
              43.601061
            ],
            [
              -79.4968616,
              43.6012132
            ],
            [
              -79.5267067,
              43.6012796
            ],
            [
              -79.5264679,
              43.6011747
            ],
            [
              -79.5262346,
              43.6006727
            ],
            [
              -79.524194,
              43.6011476
            ],
            [
              -79.522494,
              43.5969554
            ],
            [
              -79.5217257,
              43.5971273
            ],
            [
              -79.5196585,
              43.5921103
            ],
            [
              -79.5192512,
              43.5911863
            ],
            [
              -79.5191673,
              43.5910337
            ],
            [
              -79.519139,
              43.5909824
            ],
            [
              -79.5190528,
              43.5905822
            ],
            [
              -79.4979589,
              43.6023611
            ],
            [
              -79.5004131,
              43.6083083
            ],
            [
              -79.5010563,
              43.6098029
            ],
            [
              -79.5015686,
              43.6110462
            ],
            [
              -79.5016065,
              43.6111828
            ],
            [
              -79.5016157,
              43.611246
            ],
            [
              -79.5016169,
              43.6112902
            ],
            [
              -79.5016119,
              43.6113727
            ],
            [
              -79.5017009,
              43.6115612
            ],
            [
              -79.5019578,
              43.6121191
            ],
            [
              -79.5025697,
              43.6134533
            ],
            [
              -79.5267067,
              43.6012796
            ],
            [
              -79.4968616,
              43.6012132
            ],
            [
              -79.4970169,
              43.6016116
            ],
            [
              -79.4972035,
              43.6021162
            ],
            [
              -79.4972744,
              43.602405
            ],
            [
              -79.4979589,
              43.6023611
            ]
          ]
        ]
      }
    },
    {
      "type": "Feature",
      "properties": {
        "name": "Humber Bay Shores"
      },
      "geometry": {
        "type": "Polygon",
        "coordinates": [
          [
            [
              -79.4866349,
              43.6248452
            ],
            [
              -79.4865879,
              43.6247061
            ],
            [
              -79.4866422,
              43.6245803
            ],
            [
              -79.4867702,
              43.62444
            ],
            [
              -79.4869067,
              43.6243167
            ],
            [
              -79.4870388,
              43.6242208
            ],
            [
              -79.4871066,
              43.6241092
            ],
            [
              -79.4870902,
              43.6240055
            ],
            [
              -79.4870238,
              43.6239365
            ],
            [
              -79.4868884,
              43.6238445
            ],
            [
              -79.4867081,
              43.6238119
            ],
            [
              -79.4865328,
              43.6237475
            ],
            [
              -79.486361,
              43.6236439
            ],
            [
              -79.4862217,
              43.6235415
            ],
            [
              -79.4860823,
              43.6234295
            ],
            [
              -79.4859388,
              43.6233265
            ],
            [
              -79.4857835,
              43.6231915
            ],
            [
              -79.4856928,
              43.6231086
            ],
            [
              -79.4856537,
              43.6230504
            ],
            [
              -79.4856282,
              43.6229753
            ],
            [
              -79.485593,
              43.6229195
            ],
            [
              -79.4855168,
              43.6228523
            ],
            [
              -79.4853188,
              43.6227801
            ],
            [
              -79.4851503,
              43.6227467
            ],
            [
              -79.4849525,
              43.6227217
            ],
            [
              -79.4845438,
              43.6226322
            ],
            [
              -79.4843408,
              43.6225904
            ],
            [
              -79.4839412,
              43.6224685
            ],
            [
              -79.4828295,
              43.622091
            ],
            [
              -79.4826,
              43.6220351
            ],
            [
              -79.4824214,
              43.6220105
            ],
            [
              -79.4820936,
              43.62201
            ],
            [
              -79.481972,
              43.6219832
            ],
            [
              -79.481972,
              43.6219832
            ],
            [
              -79.4824785,
              43.6212046
            ],
            [
              -79.4825735,
              43.6210921
            ],
            [
              -79.4830778,
              43.6206383
            ],
            [
              -79.4831824,
              43.6205608
            ],
            [
              -79.4833013,
              43.6204786
            ],
            [
              -79.4838395,
              43.6202626
            ],
            [
              -79.4839979,
              43.6202186
            ],
            [
              -79.4842624,
              43.6201616
            ],
            [
              -79.4852784,
              43.6199131
            ],
            [
              -79.4855498,
              43.6198233
            ],
            [
              -79.4856702,
              43.6197721
            ],
            [
              -79.4857411,
              43.6197217
            ],
            [
              -79.485922,
              43.6196042
            ],
            [
              -79.4860369,
              43.6195069
            ],
            [
              -79.4861089,
              43.6194353
            ],
            [
              -79.4861939,
              43.6193368
            ],
            [
              -79.4865867,
              43.6187
            ],
            [
              -79.4869184,
              43.6181044
            ],
            [
              -79.4873489,
              43.6172817
            ],
            [
              -79.4893136,
              43.6137785
            ],
            [
              -79.4894721,
              43.6134528
            ],
            [
              -79.4897125,
              43.6130059
            ],
            [
              -79.4897871,
              43.6127287
            ],
            [
              -79.4898887,
              43.6121046
            ],
            [
              -79.4901332,
              43.6104669
            ],
            [
              -79.4901332,
              43.6104669
            ],
            [
              -79.4876253,
              43.6103495
            ],
            [
              -79.4866661,
              43.6103328
            ],
            [
              -79.4866661,
              43.6103328
            ],
            [
              -79.4867361,
              43.610405
            ],
            [
              -79.4867911,
              43.6104507
            ],
            [
              -79.4867956,
              43.6104797
            ],
            [
              -79.4867661,
              43.610569
            ],
            [
              -79.4867306,
              43.6107361
            ],
            [
              -79.4867133,
              43.6107726
            ],
            [
              -79.4866987,
              43.610798
            ],
            [
              -79.4866723,
              43.6108096
            ],
            [
              -79.4866345,
              43.6108161
            ],
            [
              -79.4865389,
              43.6108181
            ],
            [
              -79.4863892,
              43.6108105
            ],
            [
              -79.4863382,
              43.6108191
            ],
            [
              -79.4863114,
              43.6108336
            ],
            [
              -79.4862631,
              43.6108982
            ],
            [
              -79.4862622,
              43.6109091
            ],
            [
              -79.4863209,
              43.6109928
            ],
            [
              -79.4863309,
              43.611
            ],
            [
              -79.4863924,
              43.6110201
            ],
            [
              -79.486482,
              43.6110191
            ],
            [
              -79.486589,
              43.611035
            ],
            [
              -79.4867137,
              43.611091
            ],
            [
              -79.4868202,
              43.6112571
            ],
            [
              -79.4867933,
              43.6113861
            ],
            [
              -79.486742,
              43.6115022
            ],
            [
              -79.4866871,
              43.6115765
            ],
            [
              -79.4865354,
              43.6115482
            ],
            [
              -79.4864436,
              43.6115922
            ],
            [
              -79.4863988,
              43.6116534
            ],
            [
              -79.4864205,
              43.611723
            ],
            [
              -79.4864964,
              43.61177
            ],
            [
              -79.4867839,
              43.6118166
            ],
            [
              -79.4868049,
              43.6118857
            ],
            [
              -79.4868085,
              43.6119835
            ],
            [
              -79.4867803,
              43.6121017
            ],
            [
              -79.4867543,
              43.6121524
            ],
            [
              -79.4866719,
              43.6122456
            ],
            [
              -79.4865769,
              43.6122204
            ],
            [
              -79.4864588,
              43.6122159
            ],
            [
              -79.4863928,
              43.6122287
            ],
            [
              -79.4862747,
              43.612269
            ],
            [
              -79.4862042,
              43.6123101
            ],
            [
              -79.4861961,
              43.6123222
            ],
            [
              -79.4861726,
              43.6124102
            ],
            [
              -79.4861726,
              43.6124372
            ],
            [
              -79.4861821,
              43.6127658
            ],
            [
              -79.4862117,
              43.6128286
            ],
            [
              -79.486315,
              43.6129062
            ],
            [
              -79.486427,
              43.6129572
            ],
            [
              -79.4865014,
              43.6129455
            ],
            [
              -79.4865813,
              43.6128741
            ],
            [
              -79.4865709,
              43.6127469
            ],
            [
              -79.4865778,
              43.6126564
            ],
            [
              -79.4865824,
              43.6126468
            ],
            [
              -79.4865872,
              43.6126466
            ],
            [
              -79.4866107,
              43.6126624
            ],
            [
              -79.4866466,
              43.6126825
            ],
            [
              -79.4866876,
              43.6126925
            ],
            [
              -79.4867819,
              43.6127075
            ],
            [
              -79.4869121,
              43.6127087
            ],
            [
              -79.4869846,
              43.6127492
            ],
            [
              -79.4870411,
              43.6128424
            ],
            [
              -79.4870494,
              43.6128738
            ],
            [
              -79.4870368,
              43.6129261
            ],
            [
              -79.4869884,
              43.61306
            ],
            [
              -79.486914,
              43.613049
            ],
            [
              -79.486901,
              43.6130825
            ],
            [
              -79.4868667,
              43.613076
            ],
            [
              -79.486806,
              43.6132347
            ],
            [
              -79.4868441,
              43.6132401
            ],
            [
              -79.4868324,
              43.6132756
            ],
            [
              -79.4868969,
              43.6132904
            ],
            [
              -79.4868212,
              43.6134614
            ],
            [
              -79.4867819,
              43.613456
            ],
            [
              -79.486773,
              43.6134795
            ],
            [
              -79.4867501,
              43.6134764
            ],
            [
              -79.4867157,
              43.6135391
            ],
            [
              -79.486685,
              43.613604
            ],
            [
              -79.4865804,
              43.6136115
            ],
            [
              -79.486356,
              43.6135991
            ],
            [
              -79.4862313,
              43.6136363
            ],
            [
              -79.486107,
              43.6137154
            ],
            [
              -79.4860205,
              43.6138192
            ],
            [
              -79.4859427,
              43.613958
            ],
            [
              -79.4859324,
              43.6140991
            ],
            [
              -79.4859736,
              43.6143898
            ],
            [
              -79.4859473,
              43.6145019
            ],
            [
              -79.48575,
              43.6148614
            ],
            [
              -79.4857385,
              43.614966
            ],
            [
              -79.4856445,
              43.615196
            ],
            [
              -79.4852992,
              43.6158654
            ],
            [
              -79.4853342,
              43.6159375
            ],
            [
              -79.4851995,
              43.6163892
            ],
            [
              -79.4850882,
              43.6164681
            ],
            [
              -79.4850332,
              43.6165744
            ],
            [
              -79.4849128,
              43.6168484
            ],
            [
              -79.48493,
              43.616904
            ],
            [
              -79.4847946,
              43.6172362
            ],
            [
              -79.4847086,
              43.617286
            ],
            [
              -79.4844035,
              43.6176638
            ],
            [
              -79.4843817,
              43.6177152
            ],
            [
              -79.4841352,
              43.6178282
            ],
            [
              -79.4839872,
              43.6178249
            ],
            [
              -79.4839402,
              43.6178373
            ],
            [
              -79.4839,
              43.6178016
            ],
            [
              -79.4838547,
              43.6177929
            ],
            [
              -79.4837882,
              43.6178282
            ],
            [
              -79.483779,
              43.6178522
            ],
            [
              -79.4838284,
              43.6178996
            ],
            [
              -79.4836697,
              43.6180044
            ],
            [
              -79.4835987,
              43.6180796
            ],
            [
              -79.4835568,
              43.6181191
            ],
            [
              -79.4835395,
              43.6181507
            ],
            [
              -79.4835104,
              43.6181744
            ],
            [
              -79.4831273,
              43.6183944
            ],
            [
              -79.4825652,
              43.6184352
            ],
            [
              -79.4816318,
              43.6187286
            ],
            [
              -79.4815985,
              43.6186318
            ],
            [
              -79.4815487,
              43.6186031
            ],
            [
              -79.4815082,
              43.6186046
            ],
            [
              -79.4813962,
              43.6186517
            ],
            [
              -79.4812286,
              43.6185147
            ],
            [
              -79.4813815,
              43.6183508
            ],
            [
              -79.4814602,
              43.6182827
            ],
            [
              -79.4816108,
              43.6181858
            ],
            [
              -79.4816334,
              43.6181714
            ],
            [
              -79.481661,
              43.6181323
            ],
            [
              -79.4816545,
              43.6181104
            ],
            [
              -79.481632,
              43.6180888
            ],
            [
              -79.4815988,
              43.618073
            ],
            [
              -79.4814909,
              43.6180311
            ],
            [
              -79.481338,
              43.6178644
            ],
            [
              -79.4813047,
              43.6178529
            ],
            [
              -79.4812679,
              43.6178548
            ],
            [
              -79.4812387,
              43.6178693
            ],
            [
              -79.4812246,
              43.6178894
            ],
            [
              -79.4812224,
              43.6179066
            ],
            [
              -79.4812265,
              43.6179276
            ],
            [
              -79.4812533,
              43.6179626
            ],
            [
              -79.4812569,
              43.6179932
            ],
            [
              -79.4812346,
              43.6180186
            ],
            [
              -79.4809512,
              43.6181805
            ],
            [
              -79.4806159,
              43.6183965
            ],
            [
              -79.4805892,
              43.6184033
            ],
            [
              -79.4805661,
              43.6183991
            ],
            [
              -79.4788812,
              43.6171809
            ],
            [
              -79.4788639,
              43.6171631
            ],
            [
              -79.4788675,
              43.6171364
            ],
            [
              -79.4800912,
              43.6162165
            ],
            [
              -79.4801543,
              43.6161999
            ],
            [
              -79.4802047,
              43.6162024
            ],
            [
              -79.4802231,
              43.6162124
            ],
            [
              -79.4804639,
              43.6162406
            ],
            [
              -79.4805064,
              43.6160795
            ],
            [
              -79.4805568,
              43.6158072
            ],
            [
              -79.4806256,
              43.6155863
            ],
            [
              -79.4806165,
              43.615573
            ],
            [
              -79.4805901,
              43.6155614
            ],
            [
              -79.4801313,
              43.61549
            ],
            [
              -79.4801164,
              43.6154759
            ],
            [
              -79.4801095,
              43.6154451
            ],
            [
              -79.480355,
              43.6144994
            ],
            [
              -79.4804794,
              43.6141057
            ],
            [
              -79.4805032,
              43.6140816
            ],
            [
              -79.4805451,
              43.6140696
            ],
            [
              -79.4820348,
              43.6141247
            ],
            [
              -79.4820694,
              43.6141036
            ],
            [
              -79.4821276,
              43.6139705
            ],
            [
              -79.4821786,
              43.6139467
            ],
            [
              -79.4828359,
              43.6140047
            ],
            [
              -79.4828249,
              43.6141576
            ],
            [
              -79.4830216,
              43.6142196
            ],
            [
              -79.4830552,
              43.6146928
            ],
            [
              -79.4830989,
              43.6147653
            ],
            [
              -79.4831918,
              43.6147936
            ],
            [
              -79.4832664,
              43.6147917
            ],
            [
              -79.4833538,
              43.6147653
            ],
            [
              -79.4833975,
              43.6147231
            ],
            [
              -79.4834194,
              43.6146862
            ],
            [
              -79.4836451,
              43.614039
            ],
            [
              -79.4841676,
              43.6132224
            ],
            [
              -79.4841658,
              43.6131578
            ],
            [
              -79.4841476,
              43.6131183
            ],
            [
              -79.4841194,
              43.6131038
            ],
            [
              -79.4839974,
              43.6130781
            ],
            [
              -79.4838199,
              43.6130399
            ],
            [
              -79.4835987,
              43.6129502
            ],
            [
              -79.4834949,
              43.6128751
            ],
            [
              -79.4834157,
              43.6128052
            ],
            [
              -79.4833447,
              43.612682
            ],
            [
              -79.4832573,
              43.6125429
            ],
            [
              -79.4831654,
              43.6124355
            ],
            [
              -79.4830616,
              43.6123736
            ],
            [
              -79.4829396,
              43.6123597
            ],
            [
              -79.4828522,
              43.6123769
            ],
            [
              -79.4827849,
              43.6124091
            ],
            [
              -79.4827057,
              43.6124836
            ],
            [
              -79.4826829,
              43.6125594
            ],
            [
              -79.4826656,
              43.61268
            ],
            [
              -79.4826929,
              43.6129087
            ],
            [
              -79.4827339,
              43.6129918
            ],
            [
              -79.4827139,
              43.6130339
            ],
            [
              -79.482662,
              43.6130873
            ],
            [
              -79.4825002,
              43.6131746
            ],
            [
              -79.4822892,
              43.6132604
            ],
            [
              -79.4820248,
              43.6133399
            ],
            [
              -79.481769,
              43.6133911
            ],
            [
              -79.4814627,
              43.6134393
            ],
            [
              -79.4811173,
              43.6134728
            ],
            [
              -79.4808963,
              43.6134675
            ],
            [
              -79.4806969,
              43.6134131
            ],
            [
              -79.4805784,
              43.6133535
            ],
            [
              -79.4804642,
              43.6132384
            ],
            [
              -79.4803255,
              43.6130679
            ],
            [
              -79.4801319,
              43.6126693
            ],
            [
              -79.4799527,
              43.612278
            ],
            [
              -79.4797749,
              43.612098
            ],
            [
              -79.4796333,
              43.6120238
            ],
            [
              -79.4794859,
              43.6119505
            ],
            [
              -79.4792504,
              43.6119369
            ],
            [
              -79.4791724,
              43.6119568
            ],
            [
              -79.4790178,
              43.6120028
            ],
            [
              -79.4789094,
              43.6120813
            ],
            [
              -79.4788501,
              43.6121744
            ],
            [
              -79.4788386,
              43.6122843
            ],
            [
              -79.4788472,
              43.6123554
            ],
            [
              -79.4790611,
              43.6127027
            ],
            [
              -79.4791391,
              43.6128408
            ],
            [
              -79.4793227,
              43.6130626
            ],
            [
              -79.4793443,
              43.6131516
            ],
            [
              -79.4793169,
              43.6132384
            ],
            [
              -79.478986,
              43.6137709
            ],
            [
              -79.4785236,
              43.6143589
            ],
            [
              -79.4784051,
              43.6144237
            ],
            [
              -79.4782317,
              43.6144216
            ],
            [
              -79.4778791,
              43.6143338
            ],
            [
              -79.4773271,
              43.6141622
            ],
            [
              -79.4771855,
              43.6141768
            ],
            [
              -79.4770988,
              43.6142166
            ],
            [
              -79.4769254,
              43.6143735
            ],
            [
              -79.4769167,
              43.6144488
            ],
            [
              -79.4769572,
              43.6145409
            ],
            [
              -79.4773994,
              43.6148527
            ],
            [
              -79.4774918,
              43.614997
            ],
            [
              -79.4775092,
              43.6150996
            ],
            [
              -79.4772549,
              43.6156289
            ],
            [
              -79.4766653,
              43.6164512
            ],
            [
              -79.4761104,
              43.6170726
            ],
            [
              -79.4755555,
              43.6176103
            ],
            [
              -79.4754226,
              43.6176291
            ],
            [
              -79.4752983,
              43.6176061
            ],
            [
              -79.4750613,
              43.6175455
            ],
            [
              -79.4749284,
              43.6175852
            ],
            [
              -79.474885,
              43.6176438
            ],
            [
              -79.474885,
              43.6177589
            ],
            [
              -79.4749371,
              43.6178844
            ],
            [
              -79.4750527,
              43.6179765
            ],
            [
              -79.4758511,
              43.6182242
            ],
            [
              -79.4759337,
              43.6182242
            ],
            [
              -79.4760105,
              43.6181952
            ],
            [
              -79.4760702,
              43.6181453
            ],
            [
              -79.4760965,
              43.6181022
            ],
            [
              -79.4761092,
              43.6180524
            ],
            [
              -79.476116,
              43.61801
            ],
            [
              -79.4761332,
              43.6179884
            ],
            [
              -79.476147,
              43.6179718
            ],
            [
              -79.4764142,
              43.6177817
            ],
            [
              -79.476498,
              43.6176638
            ],
            [
              -79.476662,
              43.6175558
            ],
            [
              -79.4768351,
              43.6174512
            ],
            [
              -79.4769361,
              43.6174105
            ],
            [
              -79.4770462,
              43.6174022
            ],
            [
              -79.4771505,
              43.6174064
            ],
            [
              -79.4772526,
              43.6173997
            ],
            [
              -79.4773085,
              43.6174008
            ],
            [
              -79.4773668,
              43.6174258
            ],
            [
              -79.4773741,
              43.6174561
            ],
            [
              -79.477558,
              43.6175556
            ],
            [
              -79.4779817,
              43.6177568
            ],
            [
              -79.478405,
              43.6179741
            ],
            [
              -79.4784969,
              43.6180344
            ],
            [
              -79.4786348,
              43.6181636
            ],
            [
              -79.4787391,
              43.6183132
            ],
            [
              -79.4787996,
              43.6184552
            ],
            [
              -79.4788215,
              43.6185718
            ],
            [
              -79.4788196,
              43.6186503
            ],
            [
              -79.4787923,
              43.6187142
            ],
            [
              -79.4787568,
              43.6187531
            ],
            [
              -79.4786221,
              43.6188499
            ],
            [
              -79.4785702,
              43.6188545
            ],
            [
              -79.4783727,
              43.6189791
            ],
            [
              -79.4783627,
              43.6190061
            ],
            [
              -79.4783654,
              43.6191722
            ],
            [
              -79.4781196,
              43.6191623
            ],
            [
              -79.4781369,
              43.6191214
            ],
            [
              -79.4781387,
              43.6189725
            ],
            [
              -79.4781251,
              43.6189541
            ],
            [
              -79.4779694,
              43.6188368
            ],
            [
              -79.4779057,
              43.618815
            ],
            [
              -79.4778875,
              43.618784
            ],
            [
              -79.4778729,
              43.6187307
            ],
            [
              -79.4778347,
              43.6185573
            ],
            [
              -79.477781,
              43.6184908
            ],
            [
              -79.4777027,
              43.6184189
            ],
            [
              -79.4776053,
              43.6183662
            ],
            [
              -79.4774751,
              43.61833
            ],
            [
              -79.4773486,
              43.6183175
            ],
            [
              -79.4772066,
              43.6183267
            ],
            [
              -79.4770273,
              43.6183774
            ],
            [
              -79.476847,
              43.6184532
            ],
            [
              -79.4766613,
              43.6185725
            ],
            [
              -79.4765348,
              43.6187102
            ],
            [
              -79.4764747,
              43.6188407
            ],
            [
              -79.4764729,
              43.6190081
            ],
            [
              -79.4765193,
              43.6191392
            ],
            [
              -79.4766613,
              43.6193139
            ],
            [
              -79.4767351,
              43.6193962
            ],
            [
              -79.4768124,
              43.6194305
            ],
            [
              -79.4771319,
              43.6196104
            ],
            [
              -79.4774551,
              43.6196935
            ],
            [
              -79.4776517,
              43.6197053
            ],
            [
              -79.4778556,
              43.6197244
            ],
            [
              -79.4781187,
              43.6197969
            ],
            [
              -79.478339,
              43.6198898
            ],
            [
              -79.478674,
              43.6200836
            ],
            [
              -79.4789298,
              43.6201765
            ],
            [
              -79.4790991,
              43.6202859
            ],
            [
              -79.4792793,
              43.6204117
            ],
            [
              -79.4794459,
              43.6202938
            ],
            [
              -79.4795907,
              43.6203788
            ],
            [
              -79.4794304,
              43.6205146
            ],
            [
              -79.4796653,
              43.6206279
            ],
            [
              -79.4797581,
              43.6207043
            ],
            [
              -79.4798037,
              43.620794
            ],
            [
              -79.4798528,
              43.6208427
            ],
            [
              -79.4799448,
              43.6208941
            ],
            [
              -79.4802506,
              43.6210381
            ],
            [
              -79.4803822,
              43.6210783
            ],
            [
              -79.48032,
              43.6213938
            ],
            [
              -79.4802584,
              43.6213596
            ],
            [
              -79.4800906,
              43.6213484
            ],
            [
              -79.4800746,
              43.621343
            ],
            [
              -79.4796829,
              43.6211261
            ],
            [
              -79.4795808,
              43.6210862
            ],
            [
              -79.4794868,
              43.6210613
            ],
            [
              -79.479383,
              43.6210401
            ],
            [
              -79.4792568,
              43.6210136
            ],
            [
              -79.4790079,
              43.620928
            ],
            [
              -79.4781271,
              43.6205889
            ],
            [
              -79.4778794,
              43.6204892
            ],
            [
              -79.4778278,
              43.6204797
            ],
            [
              -79.4777991,
              43.6204843
            ],
            [
              -79.4777662,
              43.620507
            ],
            [
              -79.4777592,
              43.6205179
            ],
            [
              -79.4777592,
              43.620539
            ],
            [
              -79.4777653,
              43.6205453
            ],
            [
              -79.4777774,
              43.6205485
            ],
            [
              -79.4778556,
              43.6205614
            ],
            [
              -79.4780825,
              43.6206641
            ],
            [
              -79.4781392,
              43.6206898
            ],
            [
              -79.478357,
              43.6207628
            ],
            [
              -79.4787118,
              43.6209008
            ],
            [
              -79.4790836,
              43.6210312
            ],
            [
              -79.4792032,
              43.6210688
            ],
            [
              -79.4792144,
              43.6210945
            ],
            [
              -79.4791378,
              43.621146
            ],
            [
              -79.4791008,
              43.6211778
            ],
            [
              -79.4791357,
              43.6212266
            ],
            [
              -79.4791762,
              43.621244
            ],
            [
              -79.4792211,
              43.6212437
            ],
            [
              -79.4793524,
              43.6212127
            ],
            [
              -79.4793683,
              43.6211943
            ],
            [
              -79.4793672,
              43.6211759
            ],
            [
              -79.4794064,
              43.6211758
            ],
            [
              -79.4794178,
              43.6212038
            ],
            [
              -79.4794463,
              43.6212443
            ],
            [
              -79.4794519,
              43.6212619
            ],
            [
              -79.4794651,
              43.621273
            ],
            [
              -79.4795068,
              43.6212738
            ],
            [
              -79.4795156,
              43.6212815
            ],
            [
              -79.479515,
              43.6212954
            ],
            [
              -79.4794942,
              43.6213
            ],
            [
              -79.4794782,
              43.621301
            ],
            [
              -79.479462,
              43.6213065
            ],
            [
              -79.4794623,
              43.6213247
            ],
            [
              -79.4794679,
              43.6213445
            ],
            [
              -79.479471,
              43.6213612
            ],
            [
              -79.479461,
              43.6213803
            ],
            [
              -79.4794472,
              43.6213961
            ],
            [
              -79.4794541,
              43.6214081
            ],
            [
              -79.4794689,
              43.621416
            ],
            [
              -79.4795324,
              43.6214279
            ],
            [
              -79.4795829,
              43.6214304
            ],
            [
              -79.4796066,
              43.6214185
            ],
            [
              -79.47964,
              43.6214211
            ],
            [
              -79.4796598,
              43.6214267
            ],
            [
              -79.4796826,
              43.6214391
            ],
            [
              -79.4797031,
              43.6214666
            ],
            [
              -79.4797723,
              43.6214342
            ],
            [
              -79.4797891,
              43.6214198
            ],
            [
              -79.4798064,
              43.6214193
            ],
            [
              -79.4798417,
              43.6214286
            ],
            [
              -79.4798678,
              43.6214406
            ],
            [
              -79.4798983,
              43.6214521
            ],
            [
              -79.4799083,
              43.6214612
            ],
            [
              -79.4799147,
              43.6214788
            ],
            [
              -79.4799127,
              43.6214956
            ],
            [
              -79.4799099,
              43.6215063
            ],
            [
              -79.4799279,
              43.6215063
            ],
            [
              -79.4799462,
              43.6215041
            ],
            [
              -79.4799597,
              43.6215086
            ],
            [
              -79.4799669,
              43.6215219
            ],
            [
              -79.4799503,
              43.6215273
            ],
            [
              -79.4799412,
              43.6215329
            ],
            [
              -79.4799367,
              43.621545
            ],
            [
              -79.47994,
              43.6215538
            ],
            [
              -79.4799398,
              43.6215678
            ],
            [
              -79.4799415,
              43.6215789
            ],
            [
              -79.4799337,
              43.6215921
            ],
            [
              -79.4799124,
              43.6216076
            ],
            [
              -79.479896,
              43.6216031
            ],
            [
              -79.4798884,
              43.621603
            ],
            [
              -79.4798822,
              43.6216152
            ],
            [
              -79.4798716,
              43.6216304
            ],
            [
              -79.4798594,
              43.6216337
            ],
            [
              -79.4798385,
              43.6216337
            ],
            [
              -79.4797781,
              43.6216367
            ],
            [
              -79.4796145,
              43.6216824
            ],
            [
              -79.4795053,
              43.6216919
            ],
            [
              -79.4794108,
              43.6216641
            ],
            [
              -79.4793483,
              43.621658
            ],
            [
              -79.4790848,
              43.6215858
            ],
            [
              -79.478829,
              43.6215277
            ],
            [
              -79.4785564,
              43.6215009
            ],
            [
              -79.477779,
              43.6216045
            ],
            [
              -79.4775434,
              43.6215823
            ],
            [
              -79.477412,
              43.6214391
            ],
            [
              -79.4771477,
              43.6210372
            ],
            [
              -79.4771104,
              43.6208923
            ],
            [
              -79.4771378,
              43.6207648
            ],
            [
              -79.4771559,
              43.620587
            ],
            [
              -79.4772547,
              43.6204217
            ],
            [
              -79.4772796,
              43.6204157
            ],
            [
              -79.477306,
              43.6204122
            ],
            [
              -79.4773137,
              43.6204131
            ],
            [
              -79.4773399,
              43.6204182
            ],
            [
              -79.4774092,
              43.6204566
            ],
            [
              -79.4775476,
              43.620525
            ],
            [
              -79.4775858,
              43.6205438
            ],
            [
              -79.4776589,
              43.620573
            ],
            [
              -79.4776678,
              43.6205748
            ],
            [
              -79.4776987,
              43.6205711
            ],
            [
              -79.4777172,
              43.6205632
            ],
            [
              -79.4777269,
              43.6205568
            ],
            [
              -79.4777308,
              43.6205515
            ],
            [
              -79.4777334,
              43.6205448
            ],
            [
              -79.4777313,
              43.6205395
            ],
            [
              -79.4777282,
              43.6205364
            ],
            [
              -79.4777032,
              43.6205233
            ],
            [
              -79.4775101,
              43.6204371
            ],
            [
              -79.4774304,
              43.6203944
            ],
            [
              -79.4773694,
              43.6203609
            ],
            [
              -79.4773345,
              43.62033
            ],
            [
              -79.4772134,
              43.6201669
            ],
            [
              -79.4770396,
              43.6200592
            ],
            [
              -79.4765425,
              43.6199155
            ],
            [
              -79.4764652,
              43.6198542
            ],
            [
              -79.4763514,
              43.619819
            ],
            [
              -79.476274,
              43.6198157
            ],
            [
              -79.4760446,
              43.6198147
            ],
            [
              -79.4759385,
              43.6198078
            ],
            [
              -79.4758161,
              43.6197834
            ],
            [
              -79.4757729,
              43.6197765
            ],
            [
              -79.47566,
              43.6196793
            ],
            [
              -79.4752959,
              43.618817
            ],
            [
              -79.4752581,
              43.6187979
            ],
            [
              -79.4751065,
              43.6187287
            ],
            [
              -79.4750569,
              43.6187194
            ],
            [
              -79.4749058,
              43.6187196
            ],
            [
              -79.4746748,
              43.6187344
            ],
            [
              -79.4744732,
              43.6187997
            ],
            [
              -79.4743208,
              43.6189206
            ],
            [
              -79.4742883,
              43.6190597
            ],
            [
              -79.4743533,
              43.6192417
            ],
            [
              -79.4746271,
              43.6196246
            ],
            [
              -79.4748005,
              43.6198605
            ],
            [
              -79.4748439,
              43.6200268
            ],
            [
              -79.4748576,
              43.6202444
            ],
            [
              -79.4746062,
              43.6206921
            ],
            [
              -79.474216,
              43.6211995
            ],
            [
              -79.4737854,
              43.6215614
            ],
            [
              -79.4734328,
              43.621938
            ],
            [
              -79.4731453,
              43.6221681
            ],
            [
              -79.4728736,
              43.6223104
            ],
            [
              -79.4726395,
              43.6223951
            ],
            [
              -79.4724502,
              43.6224296
            ],
            [
              -79.4723375,
              43.6224244
            ],
            [
              -79.4722017,
              43.6224087
            ],
            [
              -79.4720456,
              43.6223993
            ],
            [
              -79.4718289,
              43.6224171
            ],
            [
              -79.471378,
              43.622483
            ],
            [
              -79.4710731,
              43.6225049
            ],
            [
              -79.4707466,
              43.6225196
            ],
            [
              -79.4704735,
              43.6225227
            ],
            [
              -79.4701397,
              43.622484
            ],
            [
              -79.4699056,
              43.6224275
            ],
            [
              -79.4695515,
              43.622347
            ],
            [
              -79.4693608,
              43.6223731
            ],
            [
              -79.4692235,
              43.6224328
            ],
            [
              -79.4691166,
              43.6225259
            ],
            [
              -79.4690848,
              43.6226399
            ],
            [
              -79.4690891,
              43.6227748
            ],
            [
              -79.4691513,
              43.6229118
            ],
            [
              -79.4694085,
              43.6231179
            ],
            [
              -79.4697394,
              43.6234788
            ],
            [
              -79.4699677,
              43.6239338
            ],
            [
              -79.4700645,
              43.62421
            ],
            [
              -79.4702047,
              43.6249254
            ],
            [
              -79.4702856,
              43.6251064
            ],
            [
              -79.4703665,
              43.6252057
            ],
            [
              -79.4704532,
              43.6252675
            ],
            [
              -79.4705891,
              43.6253093
            ],
            [
              -79.4707148,
              43.6253271
            ],
            [
              -79.470826,
              43.6253177
            ],
            [
              -79.4709373,
              43.6252873
            ],
            [
              -79.4709937,
              43.6252549
            ],
            [
              -79.4710341,
              43.6252256
            ],
            [
              -79.4710876,
              43.6251859
            ],
            [
              -79.471141,
              43.6251524
            ],
            [
              -79.4712509,
              43.6251315
            ],
            [
              -79.4713246,
              43.6251325
            ],
            [
              -79.4714676,
              43.6251618
            ],
            [
              -79.4716164,
              43.6252235
            ],
            [
              -79.4718476,
              43.6253637
            ],
            [
              -79.4719647,
              43.625393
            ],
            [
              -79.4720211,
              43.6253815
            ],
            [
              -79.4720644,
              43.625349
            ],
            [
              -79.4720789,
              43.6253051
            ],
            [
              -79.4720716,
              43.6252748
            ],
            [
              -79.4720514,
              43.6252434
            ],
            [
              -79.4720196,
              43.6252173
            ],
            [
              -79.4719994,
              43.6251911
            ],
            [
              -79.471982,
              43.6251472
            ],
            [
              -79.4719864,
              43.6250604
            ],
            [
              -79.4720095,
              43.6249892
            ],
            [
              -79.4720167,
              43.6249359
            ],
            [
              -79.4720095,
              43.6249055
            ],
            [
              -79.4719907,
              43.6248773
            ],
            [
              -79.4719011,
              43.6248104
            ],
            [
              -79.4717971,
              43.6247225
            ],
            [
              -79.4716829,
              43.6245771
            ],
            [
              -79.4716685,
              43.624438
            ],
            [
              -79.4716873,
              43.6242957
            ],
            [
              -79.4717783,
              43.6241587
            ],
            [
              -79.4723375,
              43.6235991
            ],
            [
              -79.4724762,
              43.6234903
            ],
            [
              -79.4726525,
              43.6234485
            ],
            [
              -79.4728042,
              43.6234401
            ],
            [
              -79.4728938,
              43.6234516
            ],
            [
              -79.4730065,
              43.6234987
            ],
            [
              -79.4737117,
              43.6242152
            ],
            [
              -79.4738056,
              43.6242288
            ],
            [
              -79.473832,
              43.6242233
            ],
            [
              -79.4738664,
              43.6242079
            ],
            [
              -79.4738779,
              43.6241764
            ],
            [
              -79.4738704,
              43.6241631
            ],
            [
              -79.4742552,
              43.6238356
            ],
            [
              -79.474246,
              43.6238115
            ],
            [
              -79.4742231,
              43.6237969
            ],
            [
              -79.4741984,
              43.6237969
            ],
            [
              -79.4741657,
              43.6238094
            ],
            [
              -79.474109,
              43.6238509
            ],
            [
              -79.474047,
              43.623882
            ],
            [
              -79.473996,
              43.6238908
            ],
            [
              -79.4739524,
              43.6238941
            ],
            [
              -79.4738872,
              43.6239119
            ],
            [
              -79.4738503,
              43.6239119
            ],
            [
              -79.4737907,
              43.6239586
            ],
            [
              -79.4737711,
              43.6239596
            ],
            [
              -79.4737639,
              43.6239534
            ],
            [
              -79.4737625,
              43.6239412
            ],
            [
              -79.473778,
              43.6238927
            ],
            [
              -79.4736878,
              43.6238568
            ],
            [
              -79.4736396,
              43.6238199
            ],
            [
              -79.4734657,
              43.6236519
            ],
            [
              -79.473468,
              43.6234681
            ],
            [
              -79.4734812,
              43.6233524
            ],
            [
              -79.4734307,
              43.6232664
            ],
            [
              -79.4734408,
              43.6231796
            ],
            [
              -79.4735361,
              43.6230463
            ],
            [
              -79.473703,
              43.6229783
            ],
            [
              -79.4737652,
              43.6229349
            ],
            [
              -79.4737782,
              43.6229056
            ],
            [
              -79.473789,
              43.6228135
            ],
            [
              -79.4738273,
              43.6227267
            ],
            [
              -79.4738981,
              43.6226801
            ],
            [
              -79.4739682,
              43.6226535
            ],
            [
              -79.4740325,
              43.6226352
            ],
            [
              -79.4741409,
              43.622619
            ],
            [
              -79.4742319,
              43.6226258
            ],
            [
              -79.4743547,
              43.6226592
            ],
            [
              -79.4744508,
              43.6227199
            ],
            [
              -79.4746307,
              43.622847
            ],
            [
              -79.4747232,
              43.6228888
            ],
            [
              -79.474734,
              43.6229265
            ],
            [
              -79.4747528,
              43.6229652
            ],
            [
              -79.4747882,
              43.6229872
            ],
            [
              -79.4748778,
              43.6230159
            ],
            [
              -79.4749407,
              43.6230091
            ],
            [
              -79.4749761,
              43.6230159
            ],
            [
              -79.4750295,
              43.6230572
            ],
            [
              -79.4752868,
              43.6233412
            ],
            [
              -79.4752629,
              43.6233768
            ],
            [
              -79.475195,
              43.623405
            ],
            [
              -79.4751293,
              43.6234244
            ],
            [
              -79.4750772,
              43.6234301
            ],
            [
              -79.4750281,
              43.623427
            ],
            [
              -79.4750028,
              43.6234364
            ],
            [
              -79.4749862,
              43.6234626
            ],
            [
              -79.474997,
              43.623483
            ],
            [
              -79.4750151,
              43.6235028
            ],
            [
              -79.4750606,
              43.6235018
            ],
            [
              -79.4752449,
              43.6234852
            ],
            [
              -79.4754388,
              43.6234727
            ],
            [
              -79.4755753,
              43.623474
            ],
            [
              -79.4756655,
              43.6235036
            ],
            [
              -79.4757629,
              43.6235129
            ],
            [
              -79.4758375,
              43.623505
            ],
            [
              -79.475903,
              43.6234819
            ],
            [
              -79.4760551,
              43.6234147
            ],
            [
              -79.4761033,
              43.6234055
            ],
            [
              -79.4761907,
              43.6234134
            ],
            [
              -79.4763683,
              43.6234511
            ],
            [
              -79.4764279,
              43.6234553
            ],
            [
              -79.476476,
              43.6234529
            ],
            [
              -79.4765049,
              43.6234432
            ],
            [
              -79.4765368,
              43.6234073
            ],
            [
              -79.4765989,
              43.6234482
            ],
            [
              -79.4765879,
              43.6234559
            ],
            [
              -79.4765612,
              43.6234968
            ],
            [
              -79.4765576,
              43.6235065
            ],
            [
              -79.4765609,
              43.6235225
            ],
            [
              -79.476573,
              43.623557
            ],
            [
              -79.4766522,
              43.6236539
            ],
            [
              -79.4767464,
              43.6238018
            ],
            [
              -79.476766,
              43.6238245
            ],
            [
              -79.4768466,
              43.6238703
            ],
            [
              -79.4768411,
              43.6238918
            ],
            [
              -79.4767856,
              43.6239768
            ],
            [
              -79.4767473,
              43.6240203
            ],
            [
              -79.4766891,
              43.6240815
            ],
            [
              -79.4766563,
              43.6241326
            ],
            [
              -79.4766513,
              43.6241596
            ],
            [
              -79.4766418,
              43.6241672
            ],
            [
              -79.4765862,
              43.6241889
            ],
            [
              -79.4765744,
              43.6242028
            ],
            [
              -79.476567,
              43.6242281
            ],
            [
              -79.4765753,
              43.6242714
            ],
            [
              -79.4763389,
              43.624281
            ],
            [
              -79.476303,
              43.624233
            ],
            [
              -79.4762578,
              43.6241961
            ],
            [
              -79.4761904,
              43.6241401
            ],
            [
              -79.4761401,
              43.6240947
            ],
            [
              -79.4761036,
              43.6240659
            ],
            [
              -79.4760561,
              43.6240337
            ],
            [
              -79.4760497,
              43.6240321
            ],
            [
              -79.4759869,
              43.6240204
            ],
            [
              -79.4759682,
              43.62402
            ],
            [
              -79.4759533,
              43.6240228
            ],
            [
              -79.4759384,
              43.6240276
            ],
            [
              -79.4759304,
              43.6240347
            ],
            [
              -79.4759235,
              43.6240446
            ],
            [
              -79.4759201,
              43.6240618
            ],
            [
              -79.4759229,
              43.6240866
            ],
            [
              -79.4759269,
              43.6241051
            ],
            [
              -79.4759353,
              43.6241141
            ],
            [
              -79.4761223,
              43.624261
            ],
            [
              -79.4761762,
              43.6243237
            ],
            [
              -79.4762112,
              43.6244013
            ],
            [
              -79.4762433,
              43.6244408
            ],
            [
              -79.4762548,
              43.6244864
            ],
            [
              -79.4762525,
              43.6245138
            ],
            [
              -79.476143,
              43.624765
            ],
            [
              -79.4761178,
              43.6248555
            ],
            [
              -79.4761206,
              43.6249244
            ],
            [
              -79.4761401,
              43.6249659
            ],
            [
              -79.4761705,
              43.6249846
            ],
            [
              -79.4762009,
              43.6249941
            ],
            [
              -79.4762313,
              43.6249933
            ],
            [
              -79.4762709,
              43.6249825
            ],
            [
              -79.4762944,
              43.6249688
            ],
            [
              -79.4763047,
              43.6249522
            ],
            [
              -79.476311,
              43.6249348
            ],
            [
              -79.4763317,
              43.6248534
            ],
            [
              -79.476338,
              43.6247309
            ],
            [
              -79.4766126,
              43.6247193
            ],
            [
              -79.4766473,
              43.6247731
            ],
            [
              -79.476646,
              43.6247823
            ],
            [
              -79.4766154,
              43.6248541
            ],
            [
              -79.4765412,
              43.6250103
            ],
            [
              -79.4765357,
              43.6250614
            ],
            [
              -79.4765161,
              43.625095
            ],
            [
              -79.4764774,
              43.6251596
            ],
            [
              -79.4764438,
              43.6252373
            ],
            [
              -79.4764292,
              43.6252805
            ],
            [
              -79.4764051,
              43.6253895
            ],
            [
              -79.4764342,
              43.625437
            ],
            [
              -79.4763737,
              43.6255417
            ],
            [
              -79.4761302,
              43.6254581
            ],
            [
              -79.4761297,
              43.6253843
            ],
            [
              -79.4761215,
              43.6253454
            ],
            [
              -79.4761097,
              43.6253223
            ],
            [
              -79.476096,
              43.6253124
            ],
            [
              -79.4760551,
              43.6252933
            ],
            [
              -79.4760264,
              43.625293
            ],
            [
              -79.4759768,
              43.6253019
            ],
            [
              -79.475944,
              43.6253338
            ],
            [
              -79.475939,
              43.6253569
            ],
            [
              -79.4759404,
              43.6253846
            ],
            [
              -79.4759554,
              43.6254162
            ],
            [
              -79.4759654,
              43.6254416
            ],
            [
              -79.4759654,
              43.6254673
            ],
            [
              -79.4759627,
              43.625489
            ],
            [
              -79.4759604,
              43.6255345
            ],
            [
              -79.4759536,
              43.6256281
            ],
            [
              -79.4759549,
              43.6256897
            ],
            [
              -79.4759763,
              43.6257796
            ],
            [
              -79.4760036,
              43.6257987
            ],
            [
              -79.4760355,
              43.6258063
            ],
            [
              -79.4760693,
              43.6258034
            ],
            [
              -79.4760822,
              43.6258005
            ],
            [
              -79.4761135,
              43.6257884
            ],
            [
              -79.4761341,
              43.6257708
            ],
            [
              -79.476143,
              43.625744
            ],
            [
              -79.4762496,
              43.625756
            ],
            [
              -79.4761413,
              43.6261481
            ],
            [
              -79.4760776,
              43.6264407
            ],
            [
              -79.4759893,
              43.6266284
            ],
            [
              -79.4758121,
              43.6270181
            ],
            [
              -79.4757685,
              43.6271132
            ],
            [
              -79.4757525,
              43.6271227
            ],
            [
              -79.4757324,
              43.6271244
            ],
            [
              -79.4755417,
              43.6270953
            ],
            [
              -79.4755452,
              43.627063
            ],
            [
              -79.4755383,
              43.627048
            ],
            [
              -79.4755237,
              43.6270304
            ],
            [
              -79.4755096,
              43.6270248
            ],
            [
              -79.4754861,
              43.6270208
            ],
            [
              -79.4754712,
              43.6270212
            ],
            [
              -79.4754526,
              43.6270283
            ],
            [
              -79.4754365,
              43.6270376
            ],
            [
              -79.4753898,
              43.6271541
            ],
            [
              -79.475388,
              43.6271665
            ],
            [
              -79.4754027,
              43.6272016
            ],
            [
              -79.4754462,
              43.627212
            ],
            [
              -79.4754672,
              43.6272091
            ],
            [
              -79.4754798,
              43.6272028
            ],
            [
              -79.4754878,
              43.6271927
            ],
            [
              -79.4755002,
              43.6271682
            ],
            [
              -79.4755535,
              43.6271759
            ],
            [
              -79.4755807,
              43.6272543
            ],
            [
              -79.475589,
              43.6273282
            ],
            [
              -79.4755664,
              43.6274413
            ],
            [
              -79.475546,
              43.6275052
            ],
            [
              -79.4754789,
              43.6277083
            ],
            [
              -79.4753969,
              43.6279554
            ],
            [
              -79.4753195,
              43.6281036
            ],
            [
              -79.4752449,
              43.628213
            ],
            [
              -79.4752062,
              43.6282594
            ],
            [
              -79.4751425,
              43.6283074
            ],
            [
              -79.4750988,
              43.6283271
            ],
            [
              -79.4750731,
              43.6283434
            ],
            [
              -79.4749088,
              43.6282782
            ],
            [
              -79.4749249,
              43.6282662
            ],
            [
              -79.4749313,
              43.6282492
            ],
            [
              -79.4749313,
              43.6282332
            ],
            [
              -79.4749309,
              43.6282245
            ],
            [
              -79.4749174,
              43.6282176
            ],
            [
              -79.474899,
              43.6282123
            ],
            [
              -79.4748621,
              43.6282131
            ],
            [
              -79.4748355,
              43.6282215
            ],
            [
              -79.4748191,
              43.6282425
            ],
            [
              -79.4747936,
              43.628264
            ],
            [
              -79.474759,
              43.6283036
            ],
            [
              -79.4747574,
              43.6283189
            ],
            [
              -79.4747656,
              43.6283355
            ],
            [
              -79.4747918,
              43.6283537
            ],
            [
              -79.4748168,
              43.6283581
            ],
            [
              -79.4748364,
              43.628356
            ],
            [
              -79.4748494,
              43.6283454
            ],
            [
              -79.4748678,
              43.6283257
            ],
            [
              -79.4748872,
              43.6283205
            ],
            [
              -79.4749912,
              43.6283601
            ],
            [
              -79.4750009,
              43.6283797
            ],
            [
              -79.475011,
              43.6283924
            ],
            [
              -79.4750103,
              43.6284434
            ],
            [
              -79.4750019,
              43.6284927
            ],
            [
              -79.4749807,
              43.6285449
            ],
            [
              -79.4749543,
              43.6285859
            ],
            [
              -79.4748737,
              43.6286991
            ],
            [
              -79.4747723,
              43.6288363
            ],
            [
              -79.4746676,
              43.6289419
            ],
            [
              -79.4745274,
              43.6290679
            ],
            [
              -79.4744458,
              43.6291129
            ],
            [
              -79.4743685,
              43.6291223
            ],
            [
              -79.4742962,
              43.6291161
            ],
            [
              -79.474269,
              43.6291068
            ],
            [
              -79.4742239,
              43.6290771
            ],
            [
              -79.4742199,
              43.6290672
            ],
            [
              -79.474236,
              43.6290508
            ],
            [
              -79.4742489,
              43.6290302
            ],
            [
              -79.4742538,
              43.6290157
            ],
            [
              -79.4742503,
              43.6290029
            ],
            [
              -79.474244,
              43.6289937
            ],
            [
              -79.4742345,
              43.6289867
            ],
            [
              -79.474207,
              43.6289798
            ],
            [
              -79.4741801,
              43.6289779
            ],
            [
              -79.4741634,
              43.6289802
            ],
            [
              -79.4741474,
              43.6289875
            ],
            [
              -79.4740797,
              43.62904
            ],
            [
              -79.474041,
              43.6290855
            ],
            [
              -79.4740413,
              43.6291
            ],
            [
              -79.4740496,
              43.6291162
            ],
            [
              -79.4740751,
              43.6291334
            ],
            [
              -79.4741049,
              43.6291386
            ],
            [
              -79.474123,
              43.629133
            ],
            [
              -79.4741611,
              43.6291025
            ],
            [
              -79.4741706,
              43.6290989
            ],
            [
              -79.474211,
              43.6291303
            ],
            [
              -79.4742145,
              43.6291554
            ],
            [
              -79.4742173,
              43.6292035
            ],
            [
              -79.4741947,
              43.6292461
            ],
            [
              -79.4741838,
              43.6292616
            ],
            [
              -79.4741692,
              43.6292733
            ],
            [
              -79.4741557,
              43.629287
            ],
            [
              -79.4741351,
              43.6293262
            ],
            [
              -79.4740462,
              43.6294123
            ],
            [
              -79.473967,
              43.6294767
            ],
            [
              -79.4738804,
              43.6295327
            ],
            [
              -79.4737721,
              43.6295947
            ],
            [
              -79.4736711,
              43.6296396
            ],
            [
              -79.4735748,
              43.6296583
            ],
            [
              -79.473477,
              43.6296612
            ],
            [
              -79.4733901,
              43.6296477
            ],
            [
              -79.4733015,
              43.6296228
            ],
            [
              -79.4732069,
              43.6295896
            ],
            [
              -79.473194,
              43.6295788
            ],
            [
              -79.4731934,
              43.6295723
            ],
            [
              -79.4731992,
              43.6295657
            ],
            [
              -79.4732264,
              43.6295379
            ],
            [
              -79.4732763,
              43.6294966
            ],
            [
              -79.4732852,
              43.6294802
            ],
            [
              -79.4732835,
              43.6294669
            ],
            [
              -79.4732809,
              43.6294557
            ],
            [
              -79.4732697,
              43.629442
            ],
            [
              -79.4732476,
              43.6294248
            ],
            [
              -79.4732296,
              43.6294198
            ],
            [
              -79.4732081,
              43.6294198
            ],
            [
              -79.47318,
              43.6294233
            ],
            [
              -79.4731487,
              43.629436
            ],
            [
              -79.473059,
              43.6295092
            ],
            [
              -79.472995,
              43.6295725
            ],
            [
              -79.4729497,
              43.629607
            ],
            [
              -79.4729291,
              43.6296161
            ],
            [
              -79.4729067,
              43.6296184
            ],
            [
              -79.4728864,
              43.6296143
            ],
            [
              -79.4728537,
              43.629603
            ],
            [
              -79.4728339,
              43.6296037
            ],
            [
              -79.4727312,
              43.6296209
            ],
            [
              -79.4726983,
              43.629636
            ],
            [
              -79.4726054,
              43.6296834
            ],
            [
              -79.4725454,
              43.6297545
            ],
            [
              -79.4724795,
              43.6298882
            ],
            [
              -79.4724193,
              43.6303098
            ],
            [
              -79.4724105,
              43.630335
            ],
            [
              -79.4723943,
              43.6303863
            ],
            [
              -79.4723752,
              43.6304142
            ],
            [
              -79.4723521,
              43.630442
            ],
            [
              -79.4723061,
              43.6304843
            ],
            [
              -79.4722384,
              43.6305377
            ],
            [
              -79.4721805,
              43.6305817
            ],
            [
              -79.4721285,
              43.6306193
            ],
            [
              -79.4720951,
              43.6306411
            ],
            [
              -79.4720627,
              43.6306575
            ],
            [
              -79.4720219,
              43.63067
            ],
            [
              -79.4719811,
              43.63068
            ],
            [
              -79.47195,
              43.6306854
            ],
            [
              -79.4718874,
              43.6306837
            ],
            [
              -79.4717719,
              43.6306733
            ],
            [
              -79.4715725,
              43.6306532
            ],
            [
              -79.4713323,
              43.6306236
            ],
            [
              -79.4712697,
              43.6306162
            ],
            [
              -79.4712011,
              43.6306139
            ],
            [
              -79.4711296,
              43.6306156
            ],
            [
              -79.4710707,
              43.6306189
            ],
            [
              -79.4710211,
              43.6306256
            ],
            [
              -79.4709553,
              43.6306414
            ],
            [
              -79.4708519,
              43.6306921
            ],
            [
              -79.4708329,
              43.6307062
            ],
            [
              -79.4708175,
              43.6307287
            ],
            [
              -79.4708018,
              43.6307542
            ],
            [
              -79.4707818,
              43.6307891
            ],
            [
              -79.470773,
              43.630818
            ],
            [
              -79.4707679,
              43.6308559
            ],
            [
              -79.47078,
              43.6309069
            ],
            [
              -79.4707962,
              43.6309438
            ],
            [
              -79.4708607,
              43.6309962
            ],
            [
              -79.4710578,
              43.6311315
            ],
            [
              -79.4713242,
              43.6313149
            ],
            [
              -79.4712984,
              43.63134
            ],
            [
              -79.4714487,
              43.631444
            ],
            [
              -79.4712258,
              43.6317018
            ],
            [
              -79.4742391,
              43.6334403
            ],
            [
              -79.4739643,
              43.6333014
            ],
            [
              -79.47326,
              43.6330176
            ],
            [
              -79.4728011,
              43.6328279
            ],
            [
              -79.4726081,
              43.6327264
            ],
            [
              -79.4724327,
              43.6326342
            ],
            [
              -79.4720262,
              43.6323752
            ],
            [
              -79.4712258,
              43.6317018
            ],
            [
              -79.4742391,
              43.6334403
            ],
            [
              -79.4745788,
              43.6332286
            ],
            [
              -79.475226,
              43.6328031
            ],
            [
              -79.4755859,
              43.6325454
            ],
            [
              -79.4759326,
              43.6322845
            ],
            [
              -79.4778063,
              43.6308443
            ],
            [
              -79.4797421,
              43.6293913
            ],
            [
              -79.4822298,
              43.6274966
            ],
            [
              -79.4825698,
              43.6273901
            ],
            [
              -79.4931874,
              43.6248061
            ],
            [
              -79.4931874,
              43.6248061
            ],
            [
              -79.492541,
              43.623361
            ],
            [
              -79.492541,
              43.623361
            ],
            [
              -79.4911801,
              43.6236676
            ],
            [
              -79.4892941,
              43.6240541
            ],
            [
              -79.4888469,
              43.624187
            ],
            [
              -79.4866349,
              43.6248452
            ]
          ]
        ]
      }
    },
    {
      "type": "Feature",
      "properties": {
        "name": "Stonegate-Queensway"
      },
      "geometry": {
        "type": "Polygon",
        "coordinates": [
          [
            [
              -79.5234388,
              43.6446473
            ],
            [
              -79.5170435,
              43.6461068
            ],
            [
              -79.5170435,
              43.6461068
            ],
            [
              -79.49977,
              43.6499751
            ],
            [
              -79.4994123,
              43.6500373
            ],
            [
              -79.4992144,
              43.6500647
            ],
            [
              -79.4988041,
              43.6500734
            ],
            [
              -79.4975691,
              43.6500178
            ],
            [
              -79.4966782,
              43.6498796
            ],
            [
              -79.4957391,
              43.6496744
            ],
            [
              -79.4945573,
              43.6493256
            ],
            [
              -79.4919737,
              43.6484747
            ],
            [
              -79.4919737,
              43.6484747
            ],
            [
              -79.4920396,
              43.6483937
            ],
            [
              -79.492274,
              43.6481102
            ],
            [
              -79.492422,
              43.6478717
            ],
            [
              -79.4924914,
              43.6477253
            ],
            [
              -79.4926313,
              43.6474477
            ],
            [
              -79.4926313,
              43.6474477
            ],
            [
              -79.4927731,
              43.6471274
            ],
            [
              -79.4927969,
              43.6469205
            ],
            [
              -79.492821,
              43.6467386
            ],
            [
              -79.4928142,
              43.646469
            ],
            [
              -79.492789,
              43.6462189
            ],
            [
              -79.4927076,
              43.6459117
            ],
            [
              -79.4926745,
              43.6458388
            ],
            [
              -79.4926217,
              43.6457702
            ],
            [
              -79.4925548,
              43.6456832
            ],
            [
              -79.4925206,
              43.6456237
            ],
            [
              -79.4924363,
              43.6455344
            ],
            [
              -79.4923618,
              43.6454729
            ],
            [
              -79.4922101,
              43.6453552
            ],
            [
              -79.4920044,
              43.6451942
            ],
            [
              -79.4918882,
              43.6450951
            ],
            [
              -79.49174,
              43.644954
            ],
            [
              -79.491553,
              43.6447221
            ],
            [
              -79.4914388,
              43.6445557
            ],
            [
              -79.4913616,
              43.6444314
            ],
            [
              -79.4912043,
              43.6442039
            ],
            [
              -79.4909852,
              43.6438416
            ],
            [
              -79.4907893,
              43.6434756
            ],
            [
              -79.4905945,
              43.6430842
            ],
            [
              -79.4904604,
              43.6426964
            ],
            [
              -79.4903966,
              43.6424987
            ],
            [
              -79.4903628,
              43.6423939
            ],
            [
              -79.4902256,
              43.6420629
            ],
            [
              -79.4901977,
              43.6420068
            ],
            [
              -79.4901014,
              43.6418521
            ],
            [
              -79.4900517,
              43.6417737
            ],
            [
              -79.4899716,
              43.6416472
            ],
            [
              -79.4899051,
              43.6415613
            ],
            [
              -79.4898013,
              43.6414643
            ],
            [
              -79.4896606,
              43.6413657
            ],
            [
              -79.4894395,
              43.6412391
            ],
            [
              -79.4892915,
              43.641203
            ],
            [
              -79.489108,
              43.6412164
            ],
            [
              -79.4889987,
              43.6412507
            ],
            [
              -79.4882149,
              43.6415286
            ],
            [
              -79.4879479,
              43.6416471
            ],
            [
              -79.4875079,
              43.6418173
            ],
            [
              -79.4870952,
              43.6419375
            ],
            [
              -79.4866661,
              43.6420337
            ],
            [
              -79.486347,
              43.6420775
            ],
            [
              -79.4859774,
              43.6421144
            ],
            [
              -79.4857114,
              43.6421192
            ],
            [
              -79.485443,
              43.642102
            ],
            [
              -79.4852193,
              43.6420416
            ],
            [
              -79.4850669,
              43.6419264
            ],
            [
              -79.4849928,
              43.6417454
            ],
            [
              -79.4849996,
              43.6415732
            ],
            [
              -79.485008,
              43.641397
            ],
            [
              -79.4850087,
              43.641238
            ],
            [
              -79.4850283,
              43.6408804
            ],
            [
              -79.4850743,
              43.6406233
            ],
            [
              -79.485116,
              43.6402835
            ],
            [
              -79.4851063,
              43.6400671
            ],
            [
              -79.4851155,
              43.6398983
            ],
            [
              -79.4851293,
              43.6396454
            ],
            [
              -79.4851025,
              43.6391222
            ],
            [
              -79.4850478,
              43.6388319
            ],
            [
              -79.4849233,
              43.6385842
            ],
            [
              -79.4848366,
              43.6384847
            ],
            [
              -79.4847375,
              43.6384153
            ],
            [
              -79.4846774,
              43.638377
            ],
            [
              -79.484536,
              43.6382964
            ],
            [
              -79.4843995,
              43.638228
            ],
            [
              -79.4842532,
              43.6381557
            ],
            [
              -79.4840552,
              43.6381017
            ],
            [
              -79.4838557,
              43.63806
            ],
            [
              -79.4836189,
              43.6380478
            ],
            [
              -79.4833796,
              43.6380255
            ],
            [
              -79.483247,
              43.6380147
            ],
            [
              -79.4830138,
              43.6380113
            ],
            [
              -79.4824819,
              43.6379769
            ],
            [
              -79.4823343,
              43.6379777
            ],
            [
              -79.4818859,
              43.6379945
            ],
            [
              -79.4814028,
              43.6380391
            ],
            [
              -79.4808625,
              43.6381008
            ],
            [
              -79.4804005,
              43.6381205
            ],
            [
              -79.4798545,
              43.638144
            ],
            [
              -79.4793646,
              43.6381399
            ],
            [
              -79.4788501,
              43.638128
            ],
            [
              -79.4784581,
              43.6380777
            ],
            [
              -79.478121,
              43.6380012
            ],
            [
              -79.4778418,
              43.6378812
            ],
            [
              -79.4775022,
              43.6377419
            ],
            [
              -79.4772954,
              43.6375418
            ],
            [
              -79.4772179,
              43.6374165
            ],
            [
              -79.4770886,
              43.6372211
            ],
            [
              -79.4769786,
              43.6369965
            ],
            [
              -79.4768754,
              43.6367561
            ],
            [
              -79.4768334,
              43.6364518
            ],
            [
              -79.4767374,
              43.6362792
            ],
            [
              -79.4767158,
              43.6362402
            ],
            [
              -79.47653,
              43.6359747
            ],
            [
              -79.4764239,
              43.6357877
            ],
            [
              -79.4763435,
              43.6356461
            ],
            [
              -79.4762541,
              43.6354927
            ],
            [
              -79.4761783,
              43.6353625
            ],
            [
              -79.4760127,
              43.6350474
            ],
            [
              -79.4759668,
              43.6349715
            ],
            [
              -79.4758412,
              43.6347638
            ],
            [
              -79.4757054,
              43.6344442
            ],
            [
              -79.4756059,
              43.6342829
            ],
            [
              -79.4755026,
              43.6341156
            ],
            [
              -79.4751313,
              43.6338635
            ],
            [
              -79.4743592,
              43.6334853
            ],
            [
              -79.4742481,
              43.6334448
            ],
            [
              -79.4742391,
              43.6334403
            ],
            [
              -79.4742391,
              43.6334403
            ],
            [
              -79.4745788,
              43.6332286
            ],
            [
              -79.475226,
              43.6328031
            ],
            [
              -79.4755859,
              43.6325454
            ],
            [
              -79.4759326,
              43.6322845
            ],
            [
              -79.4778063,
              43.6308443
            ],
            [
              -79.4797421,
              43.6293913
            ],
            [
              -79.4822298,
              43.6274966
            ],
            [
              -79.4825698,
              43.6273901
            ],
            [
              -79.4931874,
              43.6248061
            ],
            [
              -79.5131661,
              43.6204862
            ],
            [
              -79.5106421,
              43.620976
            ],
            [
              -79.5050782,
              43.6220908
            ],
            [
              -79.5010496,
              43.6229363
            ],
            [
              -79.4945302,
              43.6244899
            ],
            [
              -79.4931874,
              43.6248061
            ],
            [
              -79.5131661,
              43.6204862
            ],
            [
              -79.5133925,
              43.6208069
            ],
            [
              -79.513652,
              43.6212607
            ],
            [
              -79.5139494,
              43.6218214
            ],
            [
              -79.514175,
              43.6223228
            ],
            [
              -79.5147829,
              43.6235942
            ],
            [
              -79.5150064,
              43.6241919
            ],
            [
              -79.5234388,
              43.6446473
            ]
          ]
        ]
      }
    },
    {
      "type": "Feature",
      "properties": {
        "name": "Glenfield-Jane Heights"
      },
      "geometry": {
        "type": "Polygon",
        "coordinates": [
          [
            [
              -79.5305644,
              43.7545097
            ],
            [
              -79.5262796,
              43.7364026
            ],
            [
              -79.5305644,
              43.7545097
            ],
            [
              -79.5269206,
              43.7553093
            ],
            [
              -79.5225101,
              43.756348
            ],
            [
              -79.5205919,
              43.756758
            ],
            [
              -79.5195398,
              43.7570084
            ],
            [
              -79.519336,
              43.7570476
            ],
            [
              -79.5189645,
              43.7571304
            ],
            [
              -79.5176077,
              43.7572472
            ],
            [
              -79.5169605,
              43.7573116
            ],
            [
              -79.5164586,
              43.7573857
            ],
            [
              -79.516279,
              43.7574225
            ],
            [
              -79.516096,
              43.7574538
            ],
            [
              -79.5158335,
              43.7575066
            ],
            [
              -79.5156087,
              43.7575552
            ],
            [
              -79.5153701,
              43.7576099
            ],
            [
              -79.5134019,
              43.7580682
            ],
            [
              -79.5100133,
              43.75881
            ],
            [
              -79.5079284,
              43.7592839
            ],
            [
              -79.5052889,
              43.7598724
            ],
            [
              -79.5047267,
              43.7491472
            ],
            [
              -79.5053999,
              43.7494975
            ],
            [
              -79.5056024,
              43.7496452
            ],
            [
              -79.5058452,
              43.7496931
            ],
            [
              -79.5060879,
              43.7496864
            ],
            [
              -79.506332,
              43.749635
            ],
            [
              -79.5065774,
              43.7496651
            ],
            [
              -79.5067652,
              43.7497803
            ],
            [
              -79.5068423,
              43.7499557
            ],
            [
              -79.5070495,
              43.7500143
            ],
            [
              -79.5072868,
              43.7500012
            ],
            [
              -79.5074887,
              43.7501044
            ],
            [
              -79.5075068,
              43.7501301
            ],
            [
              -79.5075168,
              43.7501615
            ],
            [
              -79.5075356,
              43.7502637
            ],
            [
              -79.5075356,
              43.7503044
            ],
            [
              -79.5075209,
              43.7503732
            ],
            [
              -79.5075403,
              43.7504953
            ],
            [
              -79.5075524,
              43.7505553
            ],
            [
              -79.5075443,
              43.7505926
            ],
            [
              -79.5075296,
              43.7506164
            ],
            [
              -79.5075152,
              43.750629
            ],
            [
              -79.5074773,
              43.7506365
            ],
            [
              -79.5074263,
              43.7506408
            ],
            [
              -79.5073278,
              43.7506781
            ],
            [
              -79.507264,
              43.7507864
            ],
            [
              -79.507427,
              43.7508881
            ],
            [
              -79.5076778,
              43.7508627
            ],
            [
              -79.5079014,
              43.7508096
            ],
            [
              -79.5081079,
              43.7508256
            ],
            [
              -79.5083544,
              43.7509041
            ],
            [
              -79.5088747,
              43.7509782
            ],
            [
              -79.5091181,
              43.7510228
            ],
            [
              -79.5092516,
              43.7510237
            ],
            [
              -79.5093716,
              43.751078
            ],
            [
              -79.5095372,
              43.7511632
            ],
            [
              -79.5096572,
              43.751279
            ],
            [
              -79.5097357,
              43.7514679
            ],
            [
              -79.5098457,
              43.7516897
            ],
            [
              -79.509908,
              43.7518879
            ],
            [
              -79.5099335,
              43.7520768
            ],
            [
              -79.510024,
              43.7524851
            ],
            [
              -79.509959,
              43.7526594
            ],
            [
              -79.509851,
              43.752798
            ],
            [
              -79.5097511,
              43.7529535
            ],
            [
              -79.5096117,
              43.7529849
            ],
            [
              -79.5094574,
              43.752999
            ],
            [
              -79.5093501,
              43.7531017
            ],
            [
              -79.5094614,
              43.7532145
            ],
            [
              -79.5094943,
              43.7533225
            ],
            [
              -79.5096251,
              43.7534291
            ],
            [
              -79.5096063,
              43.7535419
            ],
            [
              -79.5096827,
              43.7536684
            ],
            [
              -79.5096559,
              43.7538069
            ],
            [
              -79.509444,
              43.7538636
            ],
            [
              -79.5092314,
              43.753897
            ],
            [
              -79.5088238,
              43.7538781
            ],
            [
              -79.5086554,
              43.753927
            ],
            [
              -79.5084831,
              43.7540084
            ],
            [
              -79.5082545,
              43.754065
            ],
            [
              -79.5080794,
              43.7541028
            ],
            [
              -79.5080003,
              43.7541919
            ],
            [
              -79.5079628,
              43.7543353
            ],
            [
              -79.5078903,
              43.7546511
            ],
            [
              -79.50783,
              43.7547979
            ],
            [
              -79.5076382,
              43.755118
            ],
            [
              -79.507545,
              43.7553108
            ],
            [
              -79.5074485,
              43.7554726
            ],
            [
              -79.5073177,
              43.7556275
            ],
            [
              -79.5071521,
              43.7557845
            ],
            [
              -79.506914,
              43.7558489
            ],
            [
              -79.5068148,
              43.7560014
            ],
            [
              -79.5066646,
              43.7562814
            ],
            [
              -79.5064922,
              43.756341
            ],
            [
              -79.5062589,
              43.7563284
            ],
            [
              -79.5060738,
              43.7564262
            ],
            [
              -79.5062368,
              43.7565095
            ],
            [
              -79.5066713,
              43.7566703
            ],
            [
              -79.5067497,
              43.7567899
            ],
            [
              -79.5065311,
              43.7570529
            ],
            [
              -79.5064815,
              43.7571028
            ],
            [
              -79.5063896,
              43.7571701
            ],
            [
              -79.5062911,
              43.7572253
            ],
            [
              -79.5062059,
              43.7572626
            ],
            [
              -79.5061523,
              43.7572801
            ],
            [
              -79.5060322,
              43.7573106
            ],
            [
              -79.5059216,
              43.7573464
            ],
            [
              -79.5058559,
              43.7573784
            ],
            [
              -79.5057117,
              43.7574607
            ],
            [
              -79.5056346,
              43.7575348
            ],
            [
              -79.5055595,
              43.7576186
            ],
            [
              -79.5054998,
              43.7576951
            ],
            [
              -79.5054408,
              43.7577867
            ],
            [
              -79.5054006,
              43.7578574
            ],
            [
              -79.5053275,
              43.7580032
            ],
            [
              -79.5052222,
              43.7581969
            ],
            [
              -79.5051853,
              43.7582526
            ],
            [
              -79.505135,
              43.7583122
            ],
            [
              -79.5050848,
              43.7583756
            ],
            [
              -79.5049983,
              43.7584899
            ],
            [
              -79.5049942,
              43.7585151
            ],
            [
              -79.5049929,
              43.7585514
            ],
            [
              -79.5051357,
              43.7592464
            ],
            [
              -79.5051987,
              43.7594469
            ],
            [
              -79.5052477,
              43.7596193
            ],
            [
              -79.5052893,
              43.7597428
            ],
            [
              -79.5052889,
              43.7598724
            ],
            [
              -79.4970207,
              43.7425185
            ],
            [
              -79.4970549,
              43.7425795
            ],
            [
              -79.4971763,
              43.7427457
            ],
            [
              -79.4973191,
              43.7429022
            ],
            [
              -79.4972245,
              43.7431148
            ],
            [
              -79.4972225,
              43.743329
            ],
            [
              -79.4974022,
              43.7434908
            ],
            [
              -79.4976638,
              43.7434845
            ],
            [
              -79.4978817,
              43.7435964
            ],
            [
              -79.497877,
              43.7437969
            ],
            [
              -79.4979011,
              43.7440256
            ],
            [
              -79.4978455,
              43.7442213
            ],
            [
              -79.4978361,
              43.7443976
            ],
            [
              -79.4978475,
              43.7446229
            ],
            [
              -79.4979052,
              43.7448225
            ],
            [
              -79.4979957,
              43.7450211
            ],
            [
              -79.4980594,
              43.7452589
            ],
            [
              -79.4980191,
              43.7454992
            ],
            [
              -79.4979367,
              43.7457036
            ],
            [
              -79.4979212,
              43.7457525
            ],
            [
              -79.4979152,
              43.7457898
            ],
            [
              -79.4979166,
              43.745864
            ],
            [
              -79.4979226,
              43.7459177
            ],
            [
              -79.497932,
              43.745955
            ],
            [
              -79.4979467,
              43.7459812
            ],
            [
              -79.4979843,
              43.7460078
            ],
            [
              -79.4980252,
              43.7460243
            ],
            [
              -79.4981546,
              43.7460587
            ],
            [
              -79.4983008,
              43.7460907
            ],
            [
              -79.4984845,
              43.7461687
            ],
            [
              -79.4987621,
              43.7462423
            ],
            [
              -79.4993448,
              43.7464472
            ],
            [
              -79.4996305,
              43.7465383
            ],
            [
              -79.4999061,
              43.7465736
            ],
            [
              -79.5002072,
              43.7466298
            ],
            [
              -79.5004801,
              43.7466899
            ],
            [
              -79.5008911,
              43.7468241
            ],
            [
              -79.5014128,
              43.7469849
            ],
            [
              -79.5019251,
              43.7471234
            ],
            [
              -79.5020968,
              43.7472988
            ],
            [
              -79.5021159,
              43.7475044
            ],
            [
              -79.5022124,
              43.7476744
            ],
            [
              -79.5024515,
              43.747805
            ],
            [
              -79.5027157,
              43.7479149
            ],
            [
              -79.5029564,
              43.7479997
            ],
            [
              -79.5031904,
              43.7480549
            ],
            [
              -79.5034513,
              43.748132
            ],
            [
              -79.5036209,
              43.748285
            ],
            [
              -79.5037014,
              43.7484783
            ],
            [
              -79.5038583,
              43.7486285
            ],
            [
              -79.5040669,
              43.7487544
            ],
            [
              -79.5042922,
              43.7488716
            ],
            [
              -79.5045248,
              43.7490252
            ],
            [
              -79.5047267,
              43.7491472
            ],
            [
              -79.49816,
              43.7345489
            ],
            [
              -79.4980352,
              43.7345615
            ],
            [
              -79.4979461,
              43.7346244
            ],
            [
              -79.497942,
              43.734717
            ],
            [
              -79.4979534,
              43.7348764
            ],
            [
              -79.4977824,
              43.7349762
            ],
            [
              -79.4976302,
              43.7349074
            ],
            [
              -79.4975913,
              43.7348803
            ],
            [
              -79.4975732,
              43.7348575
            ],
            [
              -79.4975337,
              43.7347887
            ],
            [
              -79.4975135,
              43.734764
            ],
            [
              -79.4974894,
              43.7347451
            ],
            [
              -79.4974566,
              43.7347257
            ],
            [
              -79.4974136,
              43.7347184
            ],
            [
              -79.497362,
              43.7347184
            ],
            [
              -79.497299,
              43.7347146
            ],
            [
              -79.4972051,
              43.7347243
            ],
            [
              -79.4971461,
              43.7347378
            ],
            [
              -79.4971166,
              43.7347499
            ],
            [
              -79.4970864,
              43.7347814
            ],
            [
              -79.4970629,
              43.7348124
            ],
            [
              -79.4970287,
              43.7348284
            ],
            [
              -79.4969677,
              43.7348338
            ],
            [
              -79.4969134,
              43.7348308
            ],
            [
              -79.4967739,
              43.7347683
            ],
            [
              -79.4964682,
              43.7348434
            ],
            [
              -79.4962046,
              43.7348807
            ],
            [
              -79.4960316,
              43.7350024
            ],
            [
              -79.4958861,
              43.7351438
            ],
            [
              -79.495699,
              43.7352839
            ],
            [
              -79.4954603,
              43.7353434
            ],
            [
              -79.495231,
              43.7352737
            ],
            [
              -79.4950157,
              43.7352679
            ],
            [
              -79.4950882,
              43.7354093
            ],
            [
              -79.4952082,
              43.7355334
            ],
            [
              -79.4952008,
              43.7356453
            ],
            [
              -79.4952055,
              43.7357514
            ],
            [
              -79.4951572,
              43.7358449
            ],
            [
              -79.4950929,
              43.7359781
            ],
            [
              -79.4950466,
              43.7361094
            ],
            [
              -79.4948622,
              43.7361937
            ],
            [
              -79.494659,
              43.7362926
            ],
            [
              -79.4945457,
              43.7364772
            ],
            [
              -79.4943915,
              43.7366652
            ],
            [
              -79.494376,
              43.7368231
            ],
            [
              -79.4945329,
              43.7370004
            ],
            [
              -79.494549,
              43.7372335
            ],
            [
              -79.4944873,
              43.7374311
            ],
            [
              -79.4943801,
              43.73756
            ],
            [
              -79.4943029,
              43.7376869
            ],
            [
              -79.4942755,
              43.737764
            ],
            [
              -79.4942299,
              43.737827
            ],
            [
              -79.494368,
              43.7381162
            ],
            [
              -79.4945578,
              43.7382489
            ],
            [
              -79.4946624,
              43.7384703
            ],
            [
              -79.49471,
              43.7386733
            ],
            [
              -79.49472,
              43.7388681
            ],
            [
              -79.494653,
              43.7390817
            ],
            [
              -79.4947737,
              43.7392746
            ],
            [
              -79.495284,
              43.7394984
            ],
            [
              -79.4954288,
              43.739666
            ],
            [
              -79.4956353,
              43.7397004
            ],
            [
              -79.4958258,
              43.7398021
            ],
            [
              -79.4961463,
              43.7400764
            ],
            [
              -79.4962355,
              43.7402566
            ],
            [
              -79.4963119,
              43.7404567
            ],
            [
              -79.4964138,
              43.7408229
            ],
            [
              -79.4965815,
              43.7409818
            ],
            [
              -79.4967639,
              43.7410986
            ],
            [
              -79.4969221,
              43.7412647
            ],
            [
              -79.497008,
              43.7414638
            ],
            [
              -79.4970126,
              43.7417153
            ],
            [
              -79.4968604,
              43.7421503
            ],
            [
              -79.4969375,
              43.7423523
            ],
            [
              -79.4970207,
              43.7425185
            ],
            [
              -79.5115395,
              43.7328925
            ],
            [
              -79.5112579,
              43.7329519
            ],
            [
              -79.5110104,
              43.7330217
            ],
            [
              -79.5106242,
              43.7332722
            ],
            [
              -79.5103868,
              43.7333633
            ],
            [
              -79.5098678,
              43.7333381
            ],
            [
              -79.5096673,
              43.7334519
            ],
            [
              -79.5095359,
              43.7336113
            ],
            [
              -79.5093019,
              43.7336671
            ],
            [
              -79.5090973,
              43.7336956
            ],
            [
              -79.5085991,
              43.7338284
            ],
            [
              -79.5083591,
              43.7338851
            ],
            [
              -79.5081425,
              43.7339456
            ],
            [
              -79.5079312,
              43.7339723
            ],
            [
              -79.5077589,
              43.7340164
            ],
            [
              -79.5073968,
              43.7341646
            ],
            [
              -79.507254,
              43.7342523
            ],
            [
              -79.5069516,
              43.7343803
            ],
            [
              -79.5067256,
              43.7344457
            ],
            [
              -79.5065124,
              43.7344951
            ],
            [
              -79.5063105,
              43.7345208
            ],
            [
              -79.5060457,
              43.7345203
            ],
            [
              -79.5055407,
              43.7344626
            ],
            [
              -79.505296,
              43.7344791
            ],
            [
              -79.5050559,
              43.7344723
            ],
            [
              -79.5048031,
              43.7344185
            ],
            [
              -79.504549,
              43.7343948
            ],
            [
              -79.5042868,
              43.7344054
            ],
            [
              -79.5040367,
              43.7344379
            ],
            [
              -79.5037664,
              43.7344883
            ],
            [
              -79.5035197,
              43.7345266
            ],
            [
              -79.503295,
              43.7344994
            ],
            [
              -79.5030597,
              43.7345532
            ],
            [
              -79.5029189,
              43.7344413
            ],
            [
              -79.5027955,
              43.7343134
            ],
            [
              -79.5025662,
              43.7342422
            ],
            [
              -79.5022926,
              43.7342519
            ],
            [
              -79.5021223,
              43.7343115
            ],
            [
              -79.5020827,
              43.7344849
            ],
            [
              -79.5019767,
              43.7345644
            ],
            [
              -79.5018641,
              43.7344103
            ],
            [
              -79.5016817,
              43.734342
            ],
            [
              -79.5014906,
              43.73442
            ],
            [
              -79.5013578,
              43.7345619
            ],
            [
              -79.5011915,
              43.734482
            ],
            [
              -79.5010856,
              43.7343153
            ],
            [
              -79.5009367,
              43.7342121
            ],
            [
              -79.5007054,
              43.7341995
            ],
            [
              -79.5004868,
              43.7342567
            ],
            [
              -79.5002796,
              43.7343337
            ],
            [
              -79.5000663,
              43.7344001
            ],
            [
              -79.4998719,
              43.7344505
            ],
            [
              -79.4996814,
              43.7344936
            ],
            [
              -79.4995098,
              43.734512
            ],
            [
              -79.4993307,
              43.734577
            ],
            [
              -79.4991859,
              43.7346351
            ],
            [
              -79.4988848,
              43.7347955
            ],
            [
              -79.4987266,
              43.7348992
            ],
            [
              -79.4985724,
              43.7347984
            ],
            [
              -79.4984631,
              43.7345988
            ],
            [
              -79.4982223,
              43.7345435
            ],
            [
              -79.49816,
              43.7345489
            ],
            [
              -79.5132212,
              43.7393889
            ],
            [
              -79.5122892,
              43.7361506
            ],
            [
              -79.5115395,
              43.7328925
            ],
            [
              -79.5262796,
              43.7364026
            ],
            [
              -79.5132212,
              43.7393889
            ]
          ]
        ]
      }
    },
    {
      "type": "Feature",
      "properties": {
        "name": "Runnymede-Bloor West Village"
      },
      "geometry": {
        "type": "Polygon",
        "coordinates": [
          [
            [
              -79.4954865,
              43.6596611
            ],
            [
              -79.4954062,
              43.6597223
            ],
            [
              -79.4953932,
              43.6597351
            ],
            [
              -79.4950908,
              43.659975
            ],
            [
              -79.4946188,
              43.660268
            ],
            [
              -79.4945645,
              43.6603157
            ],
            [
              -79.4944091,
              43.6604523
            ],
            [
              -79.4943579,
              43.6605242
            ],
            [
              -79.4942798,
              43.6606629
            ],
            [
              -79.4954865,
              43.6596611
            ],
            [
              -79.4951547,
              43.6594618
            ],
            [
              -79.4950875,
              43.6594327
            ],
            [
              -79.4950365,
              43.6594137
            ],
            [
              -79.4949724,
              43.6593999
            ],
            [
              -79.4949084,
              43.6593944
            ],
            [
              -79.4926174,
              43.6596486
            ],
            [
              -79.4927293,
              43.6596304
            ],
            [
              -79.4927815,
              43.6596219
            ],
            [
              -79.4928673,
              43.6596073
            ],
            [
              -79.4929712,
              43.6595942
            ],
            [
              -79.4943384,
              43.6594512
            ],
            [
              -79.4949084,
              43.6593944
            ],
            [
              -79.4926174,
              43.6596486
            ],
            [
              -79.4925385,
              43.6596622
            ],
            [
              -79.4914522,
              43.659893
            ],
            [
              -79.4913585,
              43.6599118
            ],
            [
              -79.4902223,
              43.6601393
            ],
            [
              -79.4891703,
              43.6603753
            ],
            [
              -79.4891172,
              43.6603856
            ],
            [
              -79.4890036,
              43.6604094
            ],
            [
              -79.4888379,
              43.6600032
            ],
            [
              -79.4890036,
              43.6604094
            ],
            [
              -79.4884934,
              43.6591659
            ],
            [
              -79.4888379,
              43.6600032
            ],
            [
              -79.4883025,
              43.6587011
            ],
            [
              -79.4884934,
              43.6591659
            ],
            [
              -79.4883025,
              43.6587011
            ],
            [
              -79.4882518,
              43.6585586
            ],
            [
              -79.4881972,
              43.6584374
            ],
            [
              -79.4881098,
              43.6582256
            ],
            [
              -79.4880396,
              43.6580307
            ],
            [
              -79.4876006,
              43.6569522
            ],
            [
              -79.487315,
              43.6562153
            ],
            [
              -79.487195,
              43.6559459
            ],
            [
              -79.4870677,
              43.655619
            ],
            [
              -79.4870227,
              43.6554981
            ],
            [
              -79.4869818,
              43.6553914
            ],
            [
              -79.4867272,
              43.6547762
            ],
            [
              -79.4865129,
              43.654255
            ],
            [
              -79.4864094,
              43.6540041
            ],
            [
              -79.4862531,
              43.6536229
            ],
            [
              -79.4854437,
              43.6516609
            ],
            [
              -79.4851332,
              43.6509015
            ],
            [
              -79.4848217,
              43.6501567
            ],
            [
              -79.4844411,
              43.6493223
            ],
            [
              -79.4836572,
              43.6495058
            ],
            [
              -79.484122,
              43.6493987
            ],
            [
              -79.484211,
              43.6493801
            ],
            [
              -79.4843297,
              43.6493496
            ],
            [
              -79.4844411,
              43.6493223
            ],
            [
              -79.4829279,
              43.6496889
            ],
            [
              -79.4830533,
              43.6496624
            ],
            [
              -79.4836572,
              43.6495058
            ],
            [
              -79.4817773,
              43.649942
            ],
            [
              -79.4828211,
              43.6497124
            ],
            [
              -79.4829279,
              43.6496889
            ],
            [
              -79.4808797,
              43.6501293
            ],
            [
              -79.4809653,
              43.6501114
            ],
            [
              -79.4817773,
              43.649942
            ],
            [
              -79.4804162,
              43.650231
            ],
            [
              -79.4805186,
              43.6502046
            ],
            [
              -79.4808797,
              43.6501293
            ],
            [
              -79.4798626,
              43.6503556
            ],
            [
              -79.4803153,
              43.6502509
            ],
            [
              -79.4804162,
              43.650231
            ],
            [
              -79.4795926,
              43.6504181
            ],
            [
              -79.4798626,
              43.6503556
            ],
            [
              -79.4790469,
              43.6505438
            ],
            [
              -79.4791272,
              43.6505257
            ],
            [
              -79.4795926,
              43.6504181
            ],
            [
              -79.4781279,
              43.6507408
            ],
            [
              -79.4789559,
              43.6505634
            ],
            [
              -79.4790469,
              43.6505438
            ],
            [
              -79.4776404,
              43.6508498
            ],
            [
              -79.4781279,
              43.6507408
            ],
            [
              -79.4771972,
              43.6509381
            ],
            [
              -79.4776404,
              43.6508498
            ],
            [
              -79.4768505,
              43.6510138
            ],
            [
              -79.4771972,
              43.6509381
            ],
            [
              -79.4762698,
              43.6511392
            ],
            [
              -79.4763844,
              43.651112
            ],
            [
              -79.4767092,
              43.6510437
            ],
            [
              -79.4768505,
              43.6510138
            ],
            [
              -79.4762698,
              43.6511392
            ],
            [
              -79.4762911,
              43.6512293
            ],
            [
              -79.4762911,
              43.6512293
            ],
            [
              -79.476413,
              43.6515023
            ],
            [
              -79.476413,
              43.6515023
            ],
            [
              -79.476421,
              43.6515225
            ],
            [
              -79.4764541,
              43.6516209
            ],
            [
              -79.4764584,
              43.6516318
            ],
            [
              -79.4764802,
              43.6516867
            ],
            [
              -79.4800128,
              43.6600594
            ],
            [
              -79.479986,
              43.6599876
            ],
            [
              -79.4798729,
              43.6597277
            ],
            [
              -79.4797208,
              43.6593782
            ],
            [
              -79.4796645,
              43.6592424
            ],
            [
              -79.4794051,
              43.6586335
            ],
            [
              -79.4793227,
              43.6584277
            ],
            [
              -79.4792438,
              43.6582321
            ],
            [
              -79.4790979,
              43.6578857
            ],
            [
              -79.4789513,
              43.657539
            ],
            [
              -79.4786583,
              43.656868
            ],
            [
              -79.4785993,
              43.6567199
            ],
            [
              -79.4784451,
              43.6563709
            ],
            [
              -79.4777987,
              43.6548287
            ],
            [
              -79.4777692,
              43.6547596
            ],
            [
              -79.4777532,
              43.6547215
            ],
            [
              -79.4764802,
              43.6516867
            ],
            [
              -79.4801393,
              43.6604769
            ],
            [
              -79.4800946,
              43.6603126
            ],
            [
              -79.4800389,
              43.6601366
            ],
            [
              -79.4800128,
              43.6600594
            ],
            [
              -79.4801393,
              43.6604769
            ],
            [
              -79.4802613,
              43.6604549
            ],
            [
              -79.4808097,
              43.6603268
            ],
            [
              -79.4802613,
              43.6604549
            ],
            [
              -79.4822677,
              43.6655819
            ],
            [
              -79.4822284,
              43.6654953
            ],
            [
              -79.4824269,
              43.6654909
            ],
            [
              -79.4823079,
              43.6651938
            ],
            [
              -79.4826774,
              43.6651051
            ],
            [
              -79.4823872,
              43.6644143
            ],
            [
              -79.4822685,
              43.6641317
            ],
            [
              -79.4822471,
              43.6641273
            ],
            [
              -79.4820585,
              43.6636752
            ],
            [
              -79.4818821,
              43.6632451
            ],
            [
              -79.4818658,
              43.6632501
            ],
            [
              -79.4818426,
              43.6631995
            ],
            [
              -79.4818589,
              43.6631962
            ],
            [
              -79.4814596,
              43.6622414
            ],
            [
              -79.4812437,
              43.6617235
            ],
            [
              -79.4812228,
              43.6617286
            ],
            [
              -79.4812042,
              43.6616746
            ],
            [
              -79.4812248,
              43.6616688
            ],
            [
              -79.4808097,
              43.6603268
            ],
            [
              -79.4822677,
              43.6655819
            ],
            [
              -79.4821058,
              43.6655793
            ],
            [
              -79.4826176,
              43.6667856
            ],
            [
              -79.4826176,
              43.6667856
            ],
            [
              -79.483639,
              43.6667316
            ],
            [
              -79.4845695,
              43.6666822
            ],
            [
              -79.4863296,
              43.6665841
            ],
            [
              -79.4879709,
              43.6664919
            ],
            [
              -79.4898094,
              43.666387
            ],
            [
              -79.4913218,
              43.6662897
            ],
            [
              -79.4929159,
              43.6661936
            ],
            [
              -79.4946563,
              43.6660916
            ],
            [
              -79.496271,
              43.6659989
            ],
            [
              -79.4975277,
              43.6659277
            ],
            [
              -79.4984426,
              43.6658766
            ],
            [
              -79.4989964,
              43.6658443
            ],
            [
              -79.4991993,
              43.6658319
            ],
            [
              -79.4991948,
              43.6657637
            ],
            [
              -79.4991993,
              43.6658319
            ],
            [
              -79.4992151,
              43.6656338
            ],
            [
              -79.4991948,
              43.6657637
            ],
            [
              -79.4992222,
              43.6655182
            ],
            [
              -79.4992151,
              43.6656338
            ],
            [
              -79.4992222,
              43.6655182
            ],
            [
              -79.4991117,
              43.6655355
            ],
            [
              -79.4990592,
              43.6655438
            ],
            [
              -79.4985702,
              43.665606
            ],
            [
              -79.4949497,
              43.66305
            ],
            [
              -79.4951579,
              43.6632286
            ],
            [
              -79.4953487,
              43.6634375
            ],
            [
              -79.4954456,
              43.663557
            ],
            [
              -79.4954757,
              43.6635856
            ],
            [
              -79.495511,
              43.6636141
            ],
            [
              -79.4956242,
              43.6636888
            ],
            [
              -79.4959232,
              43.6639132
            ],
            [
              -79.4960005,
              43.6640126
            ],
            [
              -79.4961558,
              43.6642994
            ],
            [
              -79.4962038,
              43.664391
            ],
            [
              -79.4963221,
              43.6644915
            ],
            [
              -79.4963867,
              43.6645341
            ],
            [
              -79.4967729,
              43.6646956
            ],
            [
              -79.4972021,
              43.6647887
            ],
            [
              -79.4975948,
              43.6648737
            ],
            [
              -79.4977257,
              43.6649315
            ],
            [
              -79.4980432,
              43.6651426
            ],
            [
              -79.4980797,
              43.6651659
            ],
            [
              -79.4982714,
              43.6652886
            ],
            [
              -79.4982933,
              43.6653026
            ],
            [
              -79.4984952,
              43.6654631
            ],
            [
              -79.4985342,
              43.6655029
            ],
            [
              -79.4985702,
              43.665606
            ],
            [
              -79.4942798,
              43.6606629
            ],
            [
              -79.4942302,
              43.6607977
            ],
            [
              -79.4941685,
              43.6610945
            ],
            [
              -79.494249,
              43.6613235
            ],
            [
              -79.4945038,
              43.6616631
            ],
            [
              -79.4945454,
              43.6617728
            ],
            [
              -79.4945735,
              43.6619832
            ],
            [
              -79.494603,
              43.6624489
            ],
            [
              -79.494701,
              43.6627482
            ],
            [
              -79.4947428,
              43.6628386
            ],
            [
              -79.4947915,
              43.6629248
            ],
            [
              -79.4949497,
              43.66305
            ]
          ]
        ]
      }
    },
    {
      "type": "Feature",
      "properties": {
        "name": "Kingsway South"
      },
      "geometry": {
        "type": "Polygon",
        "coordinates": [
          [
            [
              -79.5267961,
              43.6509233
            ],
            [
              -79.5263898,
              43.6513561
            ],
            [
              -79.5267961,
              43.6509233
            ],
            [
              -79.5259552,
              43.6507008
            ],
            [
              -79.5259552,
              43.6507008
            ],
            [
              -79.5252884,
              43.6503475
            ],
            [
              -79.5246104,
              43.6498942
            ],
            [
              -79.5243551,
              43.6496453
            ],
            [
              -79.5241881,
              43.6494423
            ],
            [
              -79.5238889,
              43.6491829
            ],
            [
              -79.5233572,
              43.6489315
            ],
            [
              -79.522765,
              43.6484657
            ],
            [
              -79.5224118,
              43.6482415
            ],
            [
              -79.5224118,
              43.6482415
            ],
            [
              -79.5220183,
              43.6480931
            ],
            [
              -79.521469,
              43.6478819
            ],
            [
              -79.520407,
              43.647605
            ],
            [
              -79.5199379,
              43.6474306
            ],
            [
              -79.5194454,
              43.6473865
            ],
            [
              -79.5187769,
              43.6473189
            ],
            [
              -79.5182435,
              43.6471148
            ],
            [
              -79.5179805,
              43.6469165
            ],
            [
              -79.5177815,
              43.6467166
            ],
            [
              -79.5176495,
              43.6466957
            ],
            [
              -79.5173425,
              43.6465122
            ],
            [
              -79.5172566,
              43.6463918
            ],
            [
              -79.5171946,
              43.6462734
            ],
            [
              -79.5170435,
              43.6461068
            ],
            [
              -79.5170435,
              43.6461068
            ],
            [
              -79.49977,
              43.6499751
            ],
            [
              -79.4994123,
              43.6500373
            ],
            [
              -79.4992144,
              43.6500647
            ],
            [
              -79.4988041,
              43.6500734
            ],
            [
              -79.4975691,
              43.6500178
            ],
            [
              -79.4966782,
              43.6498796
            ],
            [
              -79.4957391,
              43.6496744
            ],
            [
              -79.4945573,
              43.6493256
            ],
            [
              -79.4919737,
              43.6484747
            ],
            [
              -79.5055253,
              43.662814
            ],
            [
              -79.5054067,
              43.6627555
            ],
            [
              -79.5051471,
              43.6625575
            ],
            [
              -79.5048607,
              43.662346
            ],
            [
              -79.5044701,
              43.662148
            ],
            [
              -79.504205,
              43.662012
            ],
            [
              -79.5040962,
              43.6619544
            ],
            [
              -79.5038123,
              43.6617469
            ],
            [
              -79.5037576,
              43.6617069
            ],
            [
              -79.5034496,
              43.6614189
            ],
            [
              -79.503085,
              43.6611309
            ],
            [
              -79.5026972,
              43.6608564
            ],
            [
              -79.5024608,
              43.6606847
            ],
            [
              -79.5022943,
              43.6605638
            ],
            [
              -79.5019162,
              43.6602893
            ],
            [
              -79.5014835,
              43.6600103
            ],
            [
              -79.5014175,
              43.6599748
            ],
            [
              -79.5010562,
              43.6597808
            ],
            [
              -79.500615,
              43.6595692
            ],
            [
              -79.5001482,
              43.6593532
            ],
            [
              -79.4998846,
              43.6591375
            ],
            [
              -79.4997798,
              43.6590517
            ],
            [
              -79.499523,
              43.6586961
            ],
            [
              -79.4994432,
              43.6583136
            ],
            [
              -79.4994704,
              43.6581941
            ],
            [
              -79.4995323,
              43.657922
            ],
            [
              -79.4996257,
              43.6576546
            ],
            [
              -79.4997552,
              43.6573711
            ],
            [
              -79.5000907,
              43.657061
            ],
            [
              -79.5005657,
              43.6567342
            ],
            [
              -79.5012368,
              43.6563647
            ],
            [
              -79.5016145,
              43.6560901
            ],
            [
              -79.5019437,
              43.6557976
            ],
            [
              -79.5023129,
              43.6554701
            ],
            [
              -79.5025321,
              43.6551721
            ],
            [
              -79.5027082,
              43.654939
            ],
            [
              -79.5027746,
              43.6547996
            ],
            [
              -79.5028909,
              43.6544751
            ],
            [
              -79.5029407,
              43.654117
            ],
            [
              -79.5029607,
              43.6536412
            ],
            [
              -79.5029241,
              43.6533984
            ],
            [
              -79.5028254,
              43.6531902
            ],
            [
              -79.5025467,
              43.6528798
            ],
            [
              -79.5020713,
              43.6525931
            ],
            [
              -79.5015251,
              43.6524086
            ],
            [
              -79.5009475,
              43.6522826
            ],
            [
              -79.5003432,
              43.6521791
            ],
            [
              -79.4996917,
              43.6521701
            ],
            [
              -79.4990808,
              43.652153
            ],
            [
              -79.4984678,
              43.6520967
            ],
            [
              -79.4978644,
              43.6519946
            ],
            [
              -79.497257,
              43.6519766
            ],
            [
              -79.4966497,
              43.6519855
            ],
            [
              -79.4962791,
              43.6520299
            ],
            [
              -79.4957509,
              43.6520924
            ],
            [
              -79.49484,
              43.6522105
            ],
            [
              -79.4944322,
              43.6522751
            ],
            [
              -79.4938077,
              43.6522991
            ],
            [
              -79.4933619,
              43.6522919
            ],
            [
              -79.4931799,
              43.6522702
            ],
            [
              -79.4924923,
              43.6521525
            ],
            [
              -79.491921,
              43.6519602
            ],
            [
              -79.4915755,
              43.6517367
            ],
            [
              -79.4913164,
              43.6515012
            ],
            [
              -79.491167,
              43.6512608
            ],
            [
              -79.4910142,
              43.650994
            ],
            [
              -79.4908315,
              43.6506287
            ],
            [
              -79.4907916,
              43.6503451
            ],
            [
              -79.4907949,
              43.6500687
            ],
            [
              -79.4909411,
              43.6497202
            ],
            [
              -79.4912895,
              43.6493928
            ],
            [
              -79.491539,
              43.6490688
            ],
            [
              -79.4917827,
              43.6487222
            ],
            [
              -79.4919737,
              43.6484747
            ],
            [
              -79.5172942,
              43.657937
            ],
            [
              -79.5168164,
              43.6581247
            ],
            [
              -79.5164647,
              43.6582629
            ],
            [
              -79.5095694,
              43.6609719
            ],
            [
              -79.5075846,
              43.6617869
            ],
            [
              -79.5056855,
              43.6627341
            ],
            [
              -79.5055253,
              43.662814
            ],
            [
              -79.5172942,
              43.657937
            ],
            [
              -79.5184557,
              43.657522
            ],
            [
              -79.5200339,
              43.6570014
            ],
            [
              -79.5214986,
              43.6564441
            ],
            [
              -79.5217872,
              43.6563037
            ],
            [
              -79.5218753,
              43.6562509
            ],
            [
              -79.5220772,
              43.6561094
            ],
            [
              -79.5222678,
              43.6559228
            ],
            [
              -79.5246777,
              43.6532257
            ],
            [
              -79.5263898,
              43.6513561
            ]
          ]
        ]
      }
    },
    {
      "type": "Feature",
      "properties": {
        "name": "Oakdale-Beverley Heights"
      },
      "geometry": {
        "type": "Polygon",
        "coordinates": [
          [
            [
              -79.49816,
              43.7345489
            ],
            [
              -79.4968816,
              43.7340652
            ],
            [
              -79.4951187,
              43.7333998
            ],
            [
              -79.4949822,
              43.7334071
            ],
            [
              -79.4949058,
              43.7334168
            ],
            [
              -79.4947988,
              43.733435
            ],
            [
              -79.4946508,
              43.7334675
            ],
            [
              -79.4944629,
              43.73352
            ],
            [
              -79.4943381,
              43.7335542
            ],
            [
              -79.494198,
              43.7335878
            ],
            [
              -79.4941333,
              43.7336145
            ],
            [
              -79.4940847,
              43.7336542
            ],
            [
              -79.4939838,
              43.733545
            ],
            [
              -79.4937605,
              43.7330183
            ],
            [
              -79.4934426,
              43.7322234
            ],
            [
              -79.4917294,
              43.7283059
            ],
            [
              -79.491673,
              43.7281952
            ],
            [
              -79.4916214,
              43.7281215
            ],
            [
              -79.4915118,
              43.7279987
            ],
            [
              -79.491493,
              43.727988
            ],
            [
              -79.4914365,
              43.7279344
            ],
            [
              -79.4912184,
              43.7280299
            ],
            [
              -79.490623,
              43.7282359
            ],
            [
              -79.4903789,
              43.7282984
            ],
            [
              -79.4901814,
              43.7278213
            ],
            [
              -79.4901583,
              43.7277382
            ],
            [
              -79.4901284,
              43.7276772
            ],
            [
              -79.490077,
              43.7276404
            ],
            [
              -79.4900159,
              43.7276251
            ],
            [
              -79.4899448,
              43.727629
            ],
            [
              -79.4898803,
              43.7276473
            ],
            [
              -79.4898136,
              43.7276699
            ],
            [
              -79.4884946,
              43.7279676
            ],
            [
              -79.4883954,
              43.7279952
            ],
            [
              -79.4883179,
              43.7279936
            ],
            [
              -79.488281,
              43.7279592
            ],
            [
              -79.4880648,
              43.7274063
            ],
            [
              -79.4880562,
              43.727301
            ],
            [
              -79.4862825,
              43.7277007
            ],
            [
              -79.4854751,
              43.7258738
            ],
            [
              -79.4837619,
              43.7262671
            ],
            [
              -79.4820701,
              43.7266421
            ],
            [
              -79.4818793,
              43.7258848
            ],
            [
              -79.4817076,
              43.725202
            ],
            [
              -79.4815886,
              43.7244465
            ],
            [
              -79.4815899,
              43.7243913
            ],
            [
              -79.4815712,
              43.7241262
            ],
            [
              -79.4815564,
              43.7239944
            ],
            [
              -79.4815095,
              43.7236397
            ],
            [
              -79.4814692,
              43.7234245
            ],
            [
              -79.4813089,
              43.7227205
            ],
            [
              -79.4813089,
              43.7227205
            ],
            [
              -79.4893456,
              43.7207456
            ],
            [
              -79.4924863,
              43.7200836
            ],
            [
              -79.4924863,
              43.7200836
            ],
            [
              -79.4955254,
              43.719443
            ],
            [
              -79.5021344,
              43.7184504
            ],
            [
              -79.5078206,
              43.717737
            ],
            [
              -79.5296649,
              43.7148523
            ],
            [
              -79.5259953,
              43.7156898
            ],
            [
              -79.5245791,
              43.715907
            ],
            [
              -79.5165754,
              43.7167755
            ],
            [
              -79.5078206,
              43.717737
            ],
            [
              -79.5322533,
              43.7350531
            ],
            [
              -79.5292643,
              43.7231417
            ],
            [
              -79.5287854,
              43.7212275
            ],
            [
              -79.5286029,
              43.7205436
            ],
            [
              -79.5285584,
              43.7203459
            ],
            [
              -79.5285187,
              43.7201153
            ],
            [
              -79.5285038,
              43.7199845
            ],
            [
              -79.5284976,
              43.7199561
            ],
            [
              -79.5284703,
              43.7196246
            ],
            [
              -79.5284679,
              43.7193797
            ],
            [
              -79.5284703,
              43.7193116
            ],
            [
              -79.5285578,
              43.7187329
            ],
            [
              -79.5285641,
              43.7186745
            ],
            [
              -79.5285725,
              43.7186479
            ],
            [
              -79.5285812,
              43.7186009
            ],
            [
              -79.5292317,
              43.7163402
            ],
            [
              -79.5296585,
              43.714908
            ],
            [
              -79.5296649,
              43.7148523
            ],
            [
              -79.5262796,
              43.7364026
            ],
            [
              -79.5322533,
              43.7350531
            ],
            [
              -79.5262796,
              43.7364026
            ],
            [
              -79.5132212,
              43.7393889
            ],
            [
              -79.5132212,
              43.7393889
            ],
            [
              -79.5122892,
              43.7361506
            ],
            [
              -79.5115395,
              43.7328925
            ],
            [
              -79.5115395,
              43.7328925
            ],
            [
              -79.5112579,
              43.7329519
            ],
            [
              -79.5110104,
              43.7330217
            ],
            [
              -79.5106242,
              43.7332722
            ],
            [
              -79.5103868,
              43.7333633
            ],
            [
              -79.5098678,
              43.7333381
            ],
            [
              -79.5096673,
              43.7334519
            ],
            [
              -79.5095359,
              43.7336113
            ],
            [
              -79.5093019,
              43.7336671
            ],
            [
              -79.5090973,
              43.7336956
            ],
            [
              -79.5085991,
              43.7338284
            ],
            [
              -79.5083591,
              43.7338851
            ],
            [
              -79.5081425,
              43.7339456
            ],
            [
              -79.5079312,
              43.7339723
            ],
            [
              -79.5077589,
              43.7340164
            ],
            [
              -79.5073968,
              43.7341646
            ],
            [
              -79.507254,
              43.7342523
            ],
            [
              -79.5069516,
              43.7343803
            ],
            [
              -79.5067256,
              43.7344457
            ],
            [
              -79.5065124,
              43.7344951
            ],
            [
              -79.5063105,
              43.7345208
            ],
            [
              -79.5060457,
              43.7345203
            ],
            [
              -79.5055407,
              43.7344626
            ],
            [
              -79.505296,
              43.7344791
            ],
            [
              -79.5050559,
              43.7344723
            ],
            [
              -79.5048031,
              43.7344185
            ],
            [
              -79.504549,
              43.7343948
            ],
            [
              -79.5042868,
              43.7344054
            ],
            [
              -79.5040367,
              43.7344379
            ],
            [
              -79.5037664,
              43.7344883
            ],
            [
              -79.5035197,
              43.7345266
            ],
            [
              -79.503295,
              43.7344994
            ],
            [
              -79.5030597,
              43.7345532
            ],
            [
              -79.5029189,
              43.7344413
            ],
            [
              -79.5027955,
              43.7343134
            ],
            [
              -79.5025662,
              43.7342422
            ],
            [
              -79.5022926,
              43.7342519
            ],
            [
              -79.5021223,
              43.7343115
            ],
            [
              -79.5020827,
              43.7344849
            ],
            [
              -79.5019767,
              43.7345644
            ],
            [
              -79.5018641,
              43.7344103
            ],
            [
              -79.5016817,
              43.734342
            ],
            [
              -79.5014906,
              43.73442
            ],
            [
              -79.5013578,
              43.7345619
            ],
            [
              -79.5011915,
              43.734482
            ],
            [
              -79.5010856,
              43.7343153
            ],
            [
              -79.5009367,
              43.7342121
            ],
            [
              -79.5007054,
              43.7341995
            ],
            [
              -79.5004868,
              43.7342567
            ],
            [
              -79.5002796,
              43.7343337
            ],
            [
              -79.5000663,
              43.7344001
            ],
            [
              -79.4998719,
              43.7344505
            ],
            [
              -79.4996814,
              43.7344936
            ],
            [
              -79.4995098,
              43.734512
            ],
            [
              -79.4993307,
              43.734577
            ],
            [
              -79.4991859,
              43.7346351
            ],
            [
              -79.4988848,
              43.7347955
            ],
            [
              -79.4987266,
              43.7348992
            ],
            [
              -79.4985724,
              43.7347984
            ],
            [
              -79.4984631,
              43.7345988
            ],
            [
              -79.4982223,
              43.7345435
            ],
            [
              -79.49816,
              43.7345489
            ]
          ]
        ]
      }
    },
    {
      "type": "Feature",
      "properties": {
        "name": "South Parkdale"
      },
      "geometry": {
        "type": "Polygon",
        "coordinates": [
          [
            [
              -79.4742391,
              43.6334403
            ],
            [
              -79.4738055,
              43.6337152
            ],
            [
              -79.4736373,
              43.6338183
            ],
            [
              -79.4734678,
              43.6339139
            ],
            [
              -79.4732961,
              43.6340129
            ],
            [
              -79.4731232,
              43.6341077
            ],
            [
              -79.4729487,
              43.6341969
            ],
            [
              -79.4727696,
              43.634293
            ],
            [
              -79.4723188,
              43.6345073
            ],
            [
              -79.4720424,
              43.6346288
            ],
            [
              -79.4718565,
              43.6347097
            ],
            [
              -79.4688745,
              43.6360286
            ],
            [
              -79.4659936,
              43.6372588
            ],
            [
              -79.4657541,
              43.6373551
            ],
            [
              -79.4654111,
              43.6374849
            ],
            [
              -79.4651808,
              43.6375712
            ],
            [
              -79.4649499,
              43.6376513
            ],
            [
              -79.4647168,
              43.637733
            ],
            [
              -79.464483,
              43.6378138
            ],
            [
              -79.4642481,
              43.6378901
            ],
            [
              -79.4640118,
              43.6379617
            ],
            [
              -79.4636563,
              43.638074
            ],
            [
              -79.4634179,
              43.6381419
            ],
            [
              -79.4631752,
              43.6382092
            ],
            [
              -79.4626903,
              43.6383406
            ],
            [
              -79.462449,
              43.638397
            ],
            [
              -79.4622005,
              43.6384575
            ],
            [
              -79.4618367,
              43.6385413
            ],
            [
              -79.4614785,
              43.6386223
            ],
            [
              -79.4612412,
              43.6386714
            ],
            [
              -79.4609993,
              43.6387214
            ],
            [
              -79.4607576,
              43.6387706
            ],
            [
              -79.4605156,
              43.6388155
            ],
            [
              -79.4602715,
              43.6388561
            ],
            [
              -79.4600281,
              43.6388966
            ],
            [
              -79.4597815,
              43.6389368
            ],
            [
              -79.4595377,
              43.6389736
            ],
            [
              -79.4592925,
              43.6390085
            ],
            [
              -79.4591686,
              43.6390223
            ],
            [
              -79.4589213,
              43.639051
            ],
            [
              -79.4578815,
              43.6391746
            ],
            [
              -79.4575179,
              43.6392065
            ],
            [
              -79.457154,
              43.6392282
            ],
            [
              -79.4567931,
              43.6392462
            ],
            [
              -79.4564264,
              43.639265
            ],
            [
              -79.4560615,
              43.6392736
            ],
            [
              -79.4555757,
              43.6392736
            ],
            [
              -79.455331,
              43.6392732
            ],
            [
              -79.4546029,
              43.6392494
            ],
            [
              -79.4542385,
              43.6392319
            ],
            [
              -79.4533137,
              43.6391681
            ],
            [
              -79.4524393,
              43.6390962
            ],
            [
              -79.4516699,
              43.6390194
            ],
            [
              -79.4503447,
              43.6388433
            ],
            [
              -79.449272,
              43.6386929
            ],
            [
              -79.4487204,
              43.638595
            ],
            [
              -79.4482763,
              43.63851
            ],
            [
              -79.4477304,
              43.6383874
            ],
            [
              -79.4468949,
              43.6381723
            ],
            [
              -79.4467628,
              43.6384381
            ],
            [
              -79.4466804,
              43.6384418
            ],
            [
              -79.446597,
              43.6384658
            ],
            [
              -79.4465025,
              43.6384707
            ],
            [
              -79.4462194,
              43.6387154
            ],
            [
              -79.4742391,
              43.6334403
            ],
            [
              -79.4739643,
              43.6333014
            ],
            [
              -79.47326,
              43.6330176
            ],
            [
              -79.4728011,
              43.6328279
            ],
            [
              -79.4726081,
              43.6327264
            ],
            [
              -79.4724327,
              43.6326342
            ],
            [
              -79.4720262,
              43.6323752
            ],
            [
              -79.4712258,
              43.6317018
            ],
            [
              -79.4712258,
              43.6317018
            ],
            [
              -79.4709154,
              43.6320038
            ],
            [
              -79.470901,
              43.6319905
            ],
            [
              -79.4708906,
              43.6319745
            ],
            [
              -79.4708632,
              43.6319575
            ],
            [
              -79.4708173,
              43.6319189
            ],
            [
              -79.4707679,
              43.6319207
            ],
            [
              -79.4706703,
              43.6320207
            ],
            [
              -79.470623,
              43.6320467
            ],
            [
              -79.4705807,
              43.6320702
            ],
            [
              -79.4704933,
              43.6321033
            ],
            [
              -79.470345,
              43.6321623
            ],
            [
              -79.4702352,
              43.6322011
            ],
            [
              -79.4701575,
              43.6322308
            ],
            [
              -79.470013,
              43.6323066
            ],
            [
              -79.4698643,
              43.6323815
            ],
            [
              -79.4696852,
              43.6324647
            ],
            [
              -79.4694719,
              43.6325613
            ],
            [
              -79.4693992,
              43.632612
            ],
            [
              -79.4691711,
              43.6327536
            ],
            [
              -79.4687457,
              43.6330997
            ],
            [
              -79.4684374,
              43.6334488
            ],
            [
              -79.4681941,
              43.6338328
            ],
            [
              -79.4678511,
              43.6340603
            ],
            [
              -79.4677429,
              43.6340848
            ],
            [
              -79.4676348,
              43.6340835
            ],
            [
              -79.4671735,
              43.6342303
            ],
            [
              -79.4671042,
              43.6343061
            ],
            [
              -79.4669927,
              43.6343611
            ],
            [
              -79.4668288,
              43.634388
            ],
            [
              -79.4666649,
              43.6344076
            ],
            [
              -79.4663777,
              43.6343831
            ],
            [
              -79.4662002,
              43.6343978
            ],
            [
              -79.4656308,
              43.634673
            ],
            [
              -79.4655007,
              43.634794
            ],
            [
              -79.4652118,
              43.6349066
            ],
            [
              -79.4649651,
              43.6351609
            ],
            [
              -79.4646305,
              43.6353615
            ],
            [
              -79.4643804,
              43.6354764
            ],
            [
              -79.4638617,
              43.6356684
            ],
            [
              -79.4634224,
              43.6356733
            ],
            [
              -79.463299,
              43.6357051
            ],
            [
              -79.4631706,
              43.6357161
            ],
            [
              -79.4628732,
              43.6356807
            ],
            [
              -79.4626063,
              43.6356452
            ],
            [
              -79.462265,
              43.6357809
            ],
            [
              -79.4620487,
              43.635968
            ],
            [
              -79.4616516,
              43.6363129
            ],
            [
              -79.4615376,
              43.6363508
            ],
            [
              -79.461475,
              43.6363159
            ],
            [
              -79.46141,
              43.6363062
            ],
            [
              -79.4612317,
              43.6363147
            ],
            [
              -79.4611734,
              43.6363649
            ],
            [
              -79.4610577,
              43.6364486
            ],
            [
              -79.4608591,
              43.6365556
            ],
            [
              -79.4605829,
              43.6366681
            ],
            [
              -79.4602796,
              43.636744
            ],
            [
              -79.4601022,
              43.6367678
            ],
            [
              -79.4598191,
              43.6367678
            ],
            [
              -79.459591,
              43.6367727
            ],
            [
              -79.4591542,
              43.636813
            ],
            [
              -79.4590926,
              43.6368198
            ],
            [
              -79.4590208,
              43.6368124
            ],
            [
              -79.4589718,
              43.6367965
            ],
            [
              -79.4589109,
              43.6367739
            ],
            [
              -79.4588738,
              43.6367605
            ],
            [
              -79.4588374,
              43.6367525
            ],
            [
              -79.4587859,
              43.6367623
            ],
            [
              -79.4587183,
              43.6367996
            ],
            [
              -79.4586085,
              43.6368791
            ],
            [
              -79.4584539,
              43.6369726
            ],
            [
              -79.4583229,
              43.6370527
            ],
            [
              -79.4580483,
              43.6371548
            ],
            [
              -79.4577957,
              43.6372074
            ],
            [
              -79.4575812,
              43.6372203
            ],
            [
              -79.4570024,
              43.6372105
            ],
            [
              -79.4566611,
              43.637164
            ],
            [
              -79.4565572,
              43.6371634
            ],
            [
              -79.4564753,
              43.6371817
            ],
            [
              -79.4562607,
              43.6371872
            ],
            [
              -79.4561255,
              43.6372068
            ],
            [
              -79.4559244,
              43.6372704
            ],
            [
              -79.4556786,
              43.6373597
            ],
            [
              -79.4553761,
              43.6374239
            ],
            [
              -79.4552545,
              43.6374765
            ],
            [
              -79.4549123,
              43.6374422
            ],
            [
              -79.4543057,
              43.6373921
            ],
            [
              -79.4541747,
              43.6373517
            ],
            [
              -79.4539644,
              43.6373089
            ],
            [
              -79.453803,
              43.6372942
            ],
            [
              -79.4536248,
              43.6372502
            ],
            [
              -79.4531457,
              43.6370112
            ],
            [
              -79.4529759,
              43.6368424
            ],
            [
              -79.4526937,
              43.6366895
            ],
            [
              -79.4523685,
              43.6365923
            ],
            [
              -79.4519663,
              43.6365049
            ],
            [
              -79.4514003,
              43.6364554
            ],
            [
              -79.4510683,
              43.6364511
            ],
            [
              -79.4509001,
              43.63647
            ],
            [
              -79.4506948,
              43.6364982
            ],
            [
              -79.4504405,
              43.6364994
            ],
            [
              -79.4498652,
              43.6364914
            ],
            [
              -79.4497925,
              43.6364792
            ],
            [
              -79.44973,
              43.6364456
            ],
            [
              -79.4495281,
              43.6362897
            ],
            [
              -79.4493684,
              43.6361771
            ],
            [
              -79.4492831,
              43.636138
            ],
            [
              -79.4491293,
              43.6361258
            ],
            [
              -79.448957,
              43.6361368
            ],
            [
              -79.448772,
              43.6362077
            ],
            [
              -79.4486072,
              43.6362976
            ],
            [
              -79.4483791,
              43.636396
            ],
            [
              -79.4481806,
              43.6364682
            ],
            [
              -79.4478342,
              43.6365318
            ],
            [
              -79.4476213,
              43.6365226
            ],
            [
              -79.4473307,
              43.6364554
            ],
            [
              -79.4468821,
              43.6363104
            ],
            [
              -79.4466168,
              43.6361808
            ],
            [
              -79.4462687,
              43.6360781
            ],
            [
              -79.4461589,
              43.6359797
            ],
            [
              -79.4459215,
              43.6359821
            ],
            [
              -79.445352,
              43.6357504
            ],
            [
              -79.443915,
              43.6351365
            ],
            [
              -79.4439243,
              43.6349799
            ],
            [
              -79.4431521,
              43.6346589
            ],
            [
              -79.4430676,
              43.6346638
            ],
            [
              -79.4429628,
              43.6347201
            ],
            [
              -79.4428116,
              43.6347859
            ],
            [
              -79.4424391,
              43.6349076
            ],
            [
              -79.4419739,
              43.6349469
            ],
            [
              -79.4416067,
              43.6349392
            ],
            [
              -79.4412096,
              43.6348937
            ],
            [
              -79.441051,
              43.6348352
            ],
            [
              -79.4406795,
              43.6347019
            ],
            [
              -79.4402862,
              43.6344854
            ],
            [
              -79.4400111,
              43.6342485
            ],
            [
              -79.4400728,
              43.6341449
            ],
            [
              -79.4400228,
              43.6339026
            ],
            [
              -79.4399334,
              43.6338695
            ],
            [
              -79.4398951,
              43.6338664
            ],
            [
              -79.4397535,
              43.6337859
            ],
            [
              -79.4392894,
              43.6335498
            ],
            [
              -79.4393596,
              43.633227
            ],
            [
              -79.4393373,
              43.6331827
            ],
            [
              -79.4392702,
              43.6331284
            ],
            [
              -79.4389147,
              43.6330002
            ],
            [
              -79.4384144,
              43.6327672
            ],
            [
              -79.4377573,
              43.6325285
            ],
            [
              -79.4376339,
              43.632477
            ],
            [
              -79.4372168,
              43.6322868
            ],
            [
              -79.4370988,
              43.6322421
            ],
            [
              -79.4369298,
              43.6321344
            ],
            [
              -79.4359589,
              43.6318237
            ],
            [
              -79.4359253,
              43.6318296
            ],
            [
              -79.4358824,
              43.631817
            ],
            [
              -79.4351381,
              43.6314044
            ],
            [
              -79.4338949,
              43.6309812
            ],
            [
              -79.4337139,
              43.6309006
            ],
            [
              -79.4336763,
              43.6308599
            ],
            [
              -79.433628,
              43.6308375
            ],
            [
              -79.4335154,
              43.6308201
            ],
            [
              -79.4332123,
              43.6307676
            ],
            [
              -79.4309177,
              43.630291
            ],
            [
              -79.4294558,
              43.6300163
            ],
            [
              -79.4277808,
              43.6297814
            ],
            [
              -79.427007,
              43.6297028
            ],
            [
              -79.427007,
              43.6297028
            ],
            [
              -79.4276869,
              43.6307793
            ],
            [
              -79.4279927,
              43.6315597
            ],
            [
              -79.4286525,
              43.6329264
            ],
            [
              -79.4286525,
              43.6329264
            ],
            [
              -79.4287717,
              43.6330533
            ],
            [
              -79.4289399,
              43.6334384
            ],
            [
              -79.4195258,
              43.6358317
            ],
            [
              -79.4255127,
              43.6341561
            ],
            [
              -79.425747,
              43.6340905
            ],
            [
              -79.4267106,
              43.6338374
            ],
            [
              -79.4273641,
              43.633686
            ],
            [
              -79.4277158,
              43.6336158
            ],
            [
              -79.4280715,
              43.6335559
            ],
            [
              -79.4283628,
              43.6335178
            ],
            [
              -79.4289399,
              43.6334384
            ],
            [
              -79.4214101,
              43.6406677
            ],
            [
              -79.4213102,
              43.6404085
            ],
            [
              -79.4212764,
              43.6401752
            ],
            [
              -79.4209974,
              43.639469
            ],
            [
              -79.4197445,
              43.6361833
            ],
            [
              -79.4196938,
              43.6360834
            ],
            [
              -79.4195258,
              43.6358317
            ],
            [
              -79.4281054,
              43.6423333
            ],
            [
              -79.4267321,
              43.6416967
            ],
            [
              -79.4254446,
              43.6412774
            ],
            [
              -79.4235778,
              43.6408426
            ],
            [
              -79.4225049,
              43.6407339
            ],
            [
              -79.4214101,
              43.6406677
            ],
            [
              -79.4286525,
              43.6422246
            ],
            [
              -79.4281054,
              43.6423333
            ],
            [
              -79.4286525,
              43.6422246
            ],
            [
              -79.4422232,
              43.6394903
            ],
            [
              -79.4462194,
              43.6387154
            ]
          ]
        ]
      }
    },
    {
      "type": "Feature",
      "properties": {
        "name": "Fort York-Liberty Village"
      },
      "geometry": {
        "type": "Polygon",
        "coordinates": [
          [
            [
              -79.4195258,
              43.6358317
            ],
            [
              -79.4255127,
              43.6341561
            ],
            [
              -79.425747,
              43.6340905
            ],
            [
              -79.4267106,
              43.6338374
            ],
            [
              -79.4273641,
              43.633686
            ],
            [
              -79.4277158,
              43.6336158
            ],
            [
              -79.4280715,
              43.6335559
            ],
            [
              -79.4283628,
              43.6335178
            ],
            [
              -79.4289399,
              43.6334384
            ],
            [
              -79.4214101,
              43.6406677
            ],
            [
              -79.4213102,
              43.6404085
            ],
            [
              -79.4212764,
              43.6401752
            ],
            [
              -79.4209974,
              43.639469
            ],
            [
              -79.4197445,
              43.6361833
            ],
            [
              -79.4196938,
              43.6360834
            ],
            [
              -79.4195258,
              43.6358317
            ],
            [
              -79.4012732,
              43.6403704
            ],
            [
              -79.4037817,
              43.6402234
            ],
            [
              -79.4044282,
              43.6401613
            ],
            [
              -79.405202,
              43.6401118
            ],
            [
              -79.4061086,
              43.640071
            ],
            [
              -79.4070219,
              43.6400691
            ],
            [
              -79.407801,
              43.6400846
            ],
            [
              -79.4085775,
              43.6401244
            ],
            [
              -79.4112718,
              43.6402244
            ],
            [
              -79.4154735,
              43.6403821
            ],
            [
              -79.4195518,
              43.640534
            ],
            [
              -79.4214101,
              43.6406677
            ],
            [
              -79.4012732,
              43.6403704
            ],
            [
              -79.3996501,
              43.6364843
            ],
            [
              -79.3996049,
              43.6364309
            ],
            [
              -79.3994426,
              43.6363018
            ],
            [
              -79.3986963,
              43.6359242
            ],
            [
              -79.3984059,
              43.6357151
            ],
            [
              -79.3981209,
              43.6353967
            ],
            [
              -79.3973344,
              43.6344693
            ],
            [
              -79.3968665,
              43.6339586
            ],
            [
              -79.3968665,
              43.6339586
            ],
            [
              -79.3973525,
              43.6336903
            ],
            [
              -79.3974379,
              43.6336998
            ],
            [
              -79.3974613,
              43.6337162
            ],
            [
              -79.3975399,
              43.6336753
            ],
            [
              -79.3975929,
              43.6336311
            ],
            [
              -79.3975922,
              43.6335632
            ],
            [
              -79.3976301,
              43.6335229
            ],
            [
              -79.3979303,
              43.6333648
            ],
            [
              -79.3979303,
              43.6333648
            ],
            [
              -79.3989518,
              43.6328269
            ],
            [
              -79.4023187,
              43.6310072
            ],
            [
              -79.4023529,
              43.6310393
            ],
            [
              -79.4028843,
              43.6311909
            ],
            [
              -79.4028733,
              43.6312337
            ],
            [
              -79.4029878,
              43.6312631
            ],
            [
              -79.4030257,
              43.6312821
            ],
            [
              -79.4029434,
              43.6314674
            ],
            [
              -79.4050641,
              43.6331162
            ],
            [
              -79.406647,
              43.6328512
            ],
            [
              -79.4086246,
              43.633067
            ],
            [
              -79.4087925,
              43.6317003
            ],
            [
              -79.4096368,
              43.6312183
            ],
            [
              -79.4099918,
              43.6311534
            ],
            [
              -79.4099845,
              43.6309533
            ],
            [
              -79.4094599,
              43.6310378
            ],
            [
              -79.4094419,
              43.6307414
            ],
            [
              -79.4092303,
              43.6300134
            ],
            [
              -79.4091441,
              43.6299195
            ],
            [
              -79.4090744,
              43.6297986
            ],
            [
              -79.4090868,
              43.6296482
            ],
            [
              -79.4091089,
              43.6295955
            ],
            [
              -79.4091547,
              43.6295451
            ],
            [
              -79.4092947,
              43.6294977
            ],
            [
              -79.4095884,
              43.629458
            ],
            [
              -79.4097848,
              43.6294326
            ],
            [
              -79.4099397,
              43.6293964
            ],
            [
              -79.410069,
              43.6293394
            ],
            [
              -79.4101366,
              43.6292889
            ],
            [
              -79.410201,
              43.6292381
            ],
            [
              -79.4102282,
              43.6291968
            ],
            [
              -79.4101555,
              43.6287434
            ],
            [
              -79.4101001,
              43.6286779
            ],
            [
              -79.410068,
              43.6285098
            ],
            [
              -79.4100545,
              43.6282566
            ],
            [
              -79.4100718,
              43.6281633
            ],
            [
              -79.4100908,
              43.6280884
            ],
            [
              -79.4101795,
              43.6279511
            ],
            [
              -79.4104127,
              43.6277707
            ],
            [
              -79.4106839,
              43.6275833
            ],
            [
              -79.4108508,
              43.6275001
            ],
            [
              -79.410994,
              43.6274264
            ],
            [
              -79.4110916,
              43.6273891
            ],
            [
              -79.4111752,
              43.6273619
            ],
            [
              -79.4112525,
              43.6273521
            ],
            [
              -79.4113775,
              43.6273457
            ],
            [
              -79.4115064,
              43.6273399
            ],
            [
              -79.4115761,
              43.6273375
            ],
            [
              -79.4116445,
              43.6273439
            ],
            [
              -79.4119541,
              43.6273959
            ],
            [
              -79.4119812,
              43.6273989
            ],
            [
              -79.4121582,
              43.627394
            ],
            [
              -79.4123221,
              43.6273925
            ],
            [
              -79.4124311,
              43.627394
            ],
            [
              -79.4125029,
              43.6273876
            ],
            [
              -79.4126355,
              43.6273711
            ],
            [
              -79.4128036,
              43.6273451
            ],
            [
              -79.4129494,
              43.6272993
            ],
            [
              -79.4131074,
              43.6272488
            ],
            [
              -79.4132814,
              43.6271063
            ],
            [
              -79.4133376,
              43.6270687
            ],
            [
              -79.4133752,
              43.6270534
            ],
            [
              -79.4134719,
              43.6270326
            ],
            [
              -79.413501,
              43.627029
            ],
            [
              -79.413591,
              43.6270286
            ],
            [
              -79.413711,
              43.6270458
            ],
            [
              -79.4140168,
              43.6271274
            ],
            [
              -79.4141507,
              43.6271607
            ],
            [
              -79.4143121,
              43.6271834
            ],
            [
              -79.4144359,
              43.6271935
            ],
            [
              -79.4146868,
              43.6271806
            ],
            [
              -79.414936,
              43.6271503
            ],
            [
              -79.4151658,
              43.6271094
            ],
            [
              -79.4153682,
              43.6270525
            ],
            [
              -79.4154683,
              43.6270563
            ],
            [
              -79.4155498,
              43.6269328
            ],
            [
              -79.4155727,
              43.6269173
            ],
            [
              -79.4156049,
              43.6269114
            ],
            [
              -79.4156264,
              43.626911
            ],
            [
              -79.4156474,
              43.6269163
            ],
            [
              -79.4156666,
              43.6269279
            ],
            [
              -79.4156767,
              43.626941
            ],
            [
              -79.4156726,
              43.6269663
            ],
            [
              -79.415558,
              43.6271595
            ],
            [
              -79.4155975,
              43.6272779
            ],
            [
              -79.4155392,
              43.6273371
            ],
            [
              -79.4156485,
              43.627671
            ],
            [
              -79.4160984,
              43.6278754
            ],
            [
              -79.4161487,
              43.6280953
            ],
            [
              -79.416248,
              43.6281375
            ],
            [
              -79.417353,
              43.6279506
            ],
            [
              -79.41786,
              43.6273693
            ],
            [
              -79.4178178,
              43.627239
            ],
            [
              -79.4177358,
              43.6269773
            ],
            [
              -79.4177679,
              43.6269241
            ],
            [
              -79.4178279,
              43.6269192
            ],
            [
              -79.4181337,
              43.6270635
            ],
            [
              -79.4181439,
              43.6270812
            ],
            [
              -79.4183956,
              43.6270445
            ],
            [
              -79.4186263,
              43.6267798
            ],
            [
              -79.4185655,
              43.6267608
            ],
            [
              -79.4184261,
              43.62671
            ],
            [
              -79.4183526,
              43.6266642
            ],
            [
              -79.4183458,
              43.6266513
            ],
            [
              -79.4180577,
              43.6266318
            ],
            [
              -79.4165413,
              43.6264168
            ],
            [
              -79.4163335,
              43.6264474
            ],
            [
              -79.4151966,
              43.6265637
            ],
            [
              -79.4150356,
              43.6265758
            ],
            [
              -79.4149347,
              43.6265731
            ],
            [
              -79.4148953,
              43.6265598
            ],
            [
              -79.4148546,
              43.6265349
            ],
            [
              -79.4148583,
              43.6265101
            ],
            [
              -79.4148988,
              43.6264826
            ],
            [
              -79.4149905,
              43.6264528
            ],
            [
              -79.4155514,
              43.6263888
            ],
            [
              -79.4164082,
              43.626313
            ],
            [
              -79.416546,
              43.6263115
            ],
            [
              -79.4165759,
              43.626302
            ],
            [
              -79.4166087,
              43.6262984
            ],
            [
              -79.4166436,
              43.6263033
            ],
            [
              -79.4166969,
              43.6263149
            ],
            [
              -79.4170557,
              43.6263523
            ],
            [
              -79.4175894,
              43.6264278
            ],
            [
              -79.4180179,
              43.626487
            ],
            [
              -79.418153,
              43.6265091
            ],
            [
              -79.4182315,
              43.626528
            ],
            [
              -79.4182992,
              43.626568
            ],
            [
              -79.4183056,
              43.6265741
            ],
            [
              -79.4183652,
              43.6265792
            ],
            [
              -79.4184316,
              43.6265758
            ],
            [
              -79.4185114,
              43.6265906
            ],
            [
              -79.4188162,
              43.6266874
            ],
            [
              -79.4193094,
              43.6268573
            ],
            [
              -79.4194613,
              43.6268915
            ],
            [
              -79.4195907,
              43.6268313
            ],
            [
              -79.4196745,
              43.6267862
            ],
            [
              -79.4198307,
              43.6267488
            ],
            [
              -79.4199075,
              43.6267525
            ],
            [
              -79.4200131,
              43.6267704
            ],
            [
              -79.420114,
              43.6268051
            ],
            [
              -79.4202143,
              43.626861
            ],
            [
              -79.4202663,
              43.6269141
            ],
            [
              -79.420284,
              43.6269486
            ],
            [
              -79.4202814,
              43.6269767
            ],
            [
              -79.4202871,
              43.627018
            ],
            [
              -79.4203467,
              43.6271163
            ],
            [
              -79.4204114,
              43.627191
            ],
            [
              -79.4205338,
              43.6272633
            ],
            [
              -79.42074,
              43.6273568
            ],
            [
              -79.4210676,
              43.6274611
            ],
            [
              -79.4212902,
              43.6275218
            ],
            [
              -79.4213864,
              43.6275337
            ],
            [
              -79.4214545,
              43.6275349
            ],
            [
              -79.4215427,
              43.6275216
            ],
            [
              -79.4219706,
              43.6274234
            ],
            [
              -79.4220939,
              43.6274231
            ],
            [
              -79.4222262,
              43.6274316
            ],
            [
              -79.4223351,
              43.6274561
            ],
            [
              -79.4224209,
              43.6274916
            ],
            [
              -79.4224986,
              43.6275647
            ],
            [
              -79.422521,
              43.6276273
            ],
            [
              -79.4225544,
              43.6277123
            ],
            [
              -79.4225595,
              43.6277423
            ],
            [
              -79.4225223,
              43.62779
            ],
            [
              -79.4224353,
              43.6278597
            ],
            [
              -79.4223051,
              43.6279904
            ],
            [
              -79.4222045,
              43.6281254
            ],
            [
              -79.4221381,
              43.6282307
            ],
            [
              -79.422124,
              43.6283379
            ],
            [
              -79.4221327,
              43.6284336
            ],
            [
              -79.4221958,
              43.6285952
            ],
            [
              -79.4222689,
              43.6287204
            ],
            [
              -79.4223661,
              43.6288165
            ],
            [
              -79.42246,
              43.6289029
            ],
            [
              -79.4224756,
              43.6291171
            ],
            [
              -79.4203222,
              43.6292966
            ],
            [
              -79.419736,
              43.6293613
            ],
            [
              -79.4196688,
              43.6293466
            ],
            [
              -79.4195755,
              43.6292888
            ],
            [
              -79.4195417,
              43.6292812
            ],
            [
              -79.4194177,
              43.629216
            ],
            [
              -79.4194371,
              43.629198
            ],
            [
              -79.4193573,
              43.6290175
            ],
            [
              -79.4197161,
              43.6287993
            ],
            [
              -79.4197565,
              43.6287754
            ],
            [
              -79.4197168,
              43.628712
            ],
            [
              -79.4197022,
              43.62867
            ],
            [
              -79.4197014,
              43.6286242
            ],
            [
              -79.419708,
              43.6285751
            ],
            [
              -79.4198017,
              43.6284098
            ],
            [
              -79.4197754,
              43.6283944
            ],
            [
              -79.4197336,
              43.6283952
            ],
            [
              -79.4196705,
              43.6284537
            ],
            [
              -79.4196343,
              43.6285088
            ],
            [
              -79.419624,
              43.6285437
            ],
            [
              -79.4196055,
              43.6286084
            ],
            [
              -79.4195995,
              43.6286471
            ],
            [
              -79.4195911,
              43.6286671
            ],
            [
              -79.4195731,
              43.6286841
            ],
            [
              -79.4195508,
              43.6286972
            ],
            [
              -79.4195227,
              43.6287059
            ],
            [
              -79.4194878,
              43.6287114
            ],
            [
              -79.4194523,
              43.6287117
            ],
            [
              -79.4194228,
              43.6287085
            ],
            [
              -79.4193879,
              43.6286992
            ],
            [
              -79.4193643,
              43.6286863
            ],
            [
              -79.4193077,
              43.6286367
            ],
            [
              -79.4192217,
              43.6285602
            ],
            [
              -79.419183,
              43.6285277
            ],
            [
              -79.4191696,
              43.6284942
            ],
            [
              -79.4191682,
              43.6284738
            ],
            [
              -79.4191823,
              43.6284476
            ],
            [
              -79.4192205,
              43.6284146
            ],
            [
              -79.419248,
              43.628385
            ],
            [
              -79.41936,
              43.6281525
            ],
            [
              -79.4193614,
              43.6281098
            ],
            [
              -79.419352,
              43.6280666
            ],
            [
              -79.4193097,
              43.6280147
            ],
            [
              -79.4192702,
              43.6279827
            ],
            [
              -79.4191951,
              43.6279463
            ],
            [
              -79.4191434,
              43.6279283
            ],
            [
              -79.4190846,
              43.6279181
            ],
            [
              -79.4189925,
              43.6279037
            ],
            [
              -79.4189549,
              43.6279034
            ],
            [
              -79.4188954,
              43.6279108
            ],
            [
              -79.418813,
              43.6279313
            ],
            [
              -79.4187437,
              43.6279683
            ],
            [
              -79.418712,
              43.6279943
            ],
            [
              -79.4186829,
              43.6280236
            ],
            [
              -79.4186575,
              43.6280667
            ],
            [
              -79.4186432,
              43.6281123
            ],
            [
              -79.4186411,
              43.6281545
            ],
            [
              -79.4186428,
              43.6281973
            ],
            [
              -79.418639,
              43.628222
            ],
            [
              -79.4186276,
              43.6282428
            ],
            [
              -79.4186123,
              43.6282538
            ],
            [
              -79.418584,
              43.6282636
            ],
            [
              -79.4185401,
              43.6282584
            ],
            [
              -79.4184328,
              43.6282156
            ],
            [
              -79.4184033,
              43.6281624
            ],
            [
              -79.418039,
              43.6282253
            ],
            [
              -79.4184484,
              43.6294928
            ],
            [
              -79.4186904,
              43.6294598
            ],
            [
              -79.4187075,
              43.6295043
            ],
            [
              -79.4201352,
              43.6301027
            ],
            [
              -79.4219041,
              43.6299649
            ],
            [
              -79.4239292,
              43.6298057
            ],
            [
              -79.4257142,
              43.6296853
            ],
            [
              -79.4260106,
              43.6296513
            ],
            [
              -79.4262949,
              43.629663
            ],
            [
              -79.427007,
              43.6297028
            ],
            [
              -79.427007,
              43.6297028
            ],
            [
              -79.4276869,
              43.6307793
            ],
            [
              -79.4279927,
              43.6315597
            ],
            [
              -79.4286525,
              43.6329264
            ],
            [
              -79.4286525,
              43.6329264
            ],
            [
              -79.4287717,
              43.6330533
            ],
            [
              -79.4289399,
              43.6334384
            ]
          ]
        ]
      }
    },
    {
      "type": "Feature",
      "properties": {
        "name": "York University Heights"
      },
      "geometry": {
        "type": "Polygon",
        "coordinates": [
          [
            [
              -79.5217056,
              43.7754557
            ],
            [
              -79.5191456,
              43.7759588
            ],
            [
              -79.5139046,
              43.777056
            ],
            [
              -79.5091806,
              43.7781031
            ],
            [
              -79.4946323,
              43.7814805
            ],
            [
              -79.4944922,
              43.7815153
            ],
            [
              -79.5052889,
              43.7598724
            ],
            [
              -79.5048849,
              43.7599627
            ],
            [
              -79.504903,
              43.7601123
            ],
            [
              -79.5049486,
              43.7602692
            ],
            [
              -79.5049379,
              43.760415
            ],
            [
              -79.5049751,
              43.7605553
            ],
            [
              -79.5051602,
              43.7606162
            ],
            [
              -79.5053503,
              43.7606023
            ],
            [
              -79.5055374,
              43.7606627
            ],
            [
              -79.5057308,
              43.7606015
            ],
            [
              -79.5059162,
              43.7605523
            ],
            [
              -79.5060564,
              43.7606225
            ],
            [
              -79.5059018,
              43.760694
            ],
            [
              -79.505998,
              43.7608003
            ],
            [
              -79.5062126,
              43.7608424
            ],
            [
              -79.5063454,
              43.7607574
            ],
            [
              -79.5065338,
              43.7607284
            ],
            [
              -79.5067041,
              43.7606623
            ],
            [
              -79.5068409,
              43.7607429
            ],
            [
              -79.5070019,
              43.7608453
            ],
            [
              -79.5072041,
              43.760791
            ],
            [
              -79.5073961,
              43.7608102
            ],
            [
              -79.507447,
              43.7609616
            ],
            [
              -79.5074246,
              43.7611318
            ],
            [
              -79.5074431,
              43.7613119
            ],
            [
              -79.507598,
              43.7614495
            ],
            [
              -79.5077815,
              43.7615808
            ],
            [
              -79.5080151,
              43.7616451
            ],
            [
              -79.508177,
              43.7616773
            ],
            [
              -79.5082561,
              43.7618284
            ],
            [
              -79.5082367,
              43.7619301
            ],
            [
              -79.5082238,
              43.7619627
            ],
            [
              -79.5082208,
              43.7620026
            ],
            [
              -79.5082374,
              43.7620604
            ],
            [
              -79.5082992,
              43.7621715
            ],
            [
              -79.5083275,
              43.7622129
            ],
            [
              -79.5083611,
              43.7622194
            ],
            [
              -79.5084148,
              43.7622039
            ],
            [
              -79.5084677,
              43.7621827
            ],
            [
              -79.5084965,
              43.7621955
            ],
            [
              -79.5086306,
              43.7622071
            ],
            [
              -79.5086979,
              43.7622817
            ],
            [
              -79.5087614,
              43.7624289
            ],
            [
              -79.5086873,
              43.7625546
            ],
            [
              -79.5085002,
              43.7626217
            ],
            [
              -79.5082779,
              43.7626551
            ],
            [
              -79.5081307,
              43.7627144
            ],
            [
              -79.5081943,
              43.7627915
            ],
            [
              -79.5083829,
              43.7627689
            ],
            [
              -79.508466,
              43.7628425
            ],
            [
              -79.5084529,
              43.7629936
            ],
            [
              -79.5084023,
              43.7631493
            ],
            [
              -79.5082233,
              43.7632776
            ],
            [
              -79.5080318,
              43.7633353
            ],
            [
              -79.507832,
              43.7632953
            ],
            [
              -79.5076312,
              43.7632401
            ],
            [
              -79.5074485,
              43.7632377
            ],
            [
              -79.5073794,
              43.7633319
            ],
            [
              -79.5073616,
              43.7634919
            ],
            [
              -79.50731,
              43.763636
            ],
            [
              -79.507312,
              43.7637847
            ],
            [
              -79.5073036,
              43.7639302
            ],
            [
              -79.507255,
              43.7640639
            ],
            [
              -79.5071709,
              43.7642062
            ],
            [
              -79.5072136,
              43.7644011
            ],
            [
              -79.5072117,
              43.7645958
            ],
            [
              -79.5073822,
              43.7647478
            ],
            [
              -79.5074615,
              43.7649423
            ],
            [
              -79.5076127,
              43.7650675
            ],
            [
              -79.5079715,
              43.7653053
            ],
            [
              -79.5081713,
              43.7654263
            ],
            [
              -79.5083852,
              43.7655179
            ],
            [
              -79.5085857,
              43.7656258
            ],
            [
              -79.508699,
              43.7657309
            ],
            [
              -79.5088896,
              43.7657553
            ],
            [
              -79.5090204,
              43.7658518
            ],
            [
              -79.5091148,
              43.7661566
            ],
            [
              -79.5092556,
              43.7663038
            ],
            [
              -79.5093304,
              43.7664726
            ],
            [
              -79.5092921,
              43.7666147
            ],
            [
              -79.5093334,
              43.7667711
            ],
            [
              -79.5094983,
              43.7668541
            ],
            [
              -79.5099124,
              43.7667532
            ],
            [
              -79.5098487,
              43.7669554
            ],
            [
              -79.5098551,
              43.7670759
            ],
            [
              -79.5100073,
              43.7671537
            ],
            [
              -79.5103523,
              43.7671541
            ],
            [
              -79.5103345,
              43.7672721
            ],
            [
              -79.5101592,
              43.7672759
            ],
            [
              -79.510053,
              43.7673419
            ],
            [
              -79.5101323,
              43.767505
            ],
            [
              -79.510302,
              43.7675839
            ],
            [
              -79.5103902,
              43.7675067
            ],
            [
              -79.5105152,
              43.7675013
            ],
            [
              -79.5106527,
              43.7676108
            ],
            [
              -79.510769,
              43.7677599
            ],
            [
              -79.510934,
              43.7678812
            ],
            [
              -79.5109853,
              43.7680197
            ],
            [
              -79.5109631,
              43.7681677
            ],
            [
              -79.5111717,
              43.7682132
            ],
            [
              -79.5113361,
              43.768312
            ],
            [
              -79.5113558,
              43.7684766
            ],
            [
              -79.5112659,
              43.7686345
            ],
            [
              -79.5112337,
              43.7687836
            ],
            [
              -79.5114443,
              43.7688301
            ],
            [
              -79.5116446,
              43.7688498
            ],
            [
              -79.5117423,
              43.7689325
            ],
            [
              -79.5118412,
              43.7690724
            ],
            [
              -79.5119016,
              43.7692092
            ],
            [
              -79.5119894,
              43.769156
            ],
            [
              -79.512208,
              43.7691942
            ],
            [
              -79.5123214,
              43.7693409
            ],
            [
              -79.5121846,
              43.7696416
            ],
            [
              -79.5122509,
              43.7697981
            ],
            [
              -79.5124602,
              43.7699046
            ],
            [
              -79.5129228,
              43.7700092
            ],
            [
              -79.5131652,
              43.7700289
            ],
            [
              -79.5133989,
              43.7700682
            ],
            [
              -79.5136289,
              43.7701196
            ],
            [
              -79.5138824,
              43.7701336
            ],
            [
              -79.5143094,
              43.7699944
            ],
            [
              -79.5144852,
              43.7698537
            ],
            [
              -79.5146227,
              43.7696775
            ],
            [
              -79.5149553,
              43.7694659
            ],
            [
              -79.5151662,
              43.7696099
            ],
            [
              -79.5151417,
              43.7697298
            ],
            [
              -79.5152181,
              43.7698569
            ],
            [
              -79.5153643,
              43.7700017
            ],
            [
              -79.5155383,
              43.7700147
            ],
            [
              -79.5156004,
              43.7699213
            ],
            [
              -79.5157418,
              43.7699489
            ],
            [
              -79.5158771,
              43.770025
            ],
            [
              -79.5160148,
              43.769984
            ],
            [
              -79.5161925,
              43.7700912
            ],
            [
              -79.5163246,
              43.7702532
            ],
            [
              -79.5167021,
              43.7705891
            ],
            [
              -79.5168469,
              43.7709316
            ],
            [
              -79.5167299,
              43.770995
            ],
            [
              -79.5168275,
              43.7711246
            ],
            [
              -79.5169884,
              43.7712599
            ],
            [
              -79.5170585,
              43.7714354
            ],
            [
              -79.5170172,
              43.7716487
            ],
            [
              -79.517027,
              43.7718434
            ],
            [
              -79.5171812,
              43.7719591
            ],
            [
              -79.5173589,
              43.7720668
            ],
            [
              -79.5175872,
              43.772184
            ],
            [
              -79.5178239,
              43.7722721
            ],
            [
              -79.5180804,
              43.7724126
            ],
            [
              -79.518192,
              43.7726261
            ],
            [
              -79.5181464,
              43.7728234
            ],
            [
              -79.51836,
              43.7728633
            ],
            [
              -79.5187023,
              43.7730895
            ],
            [
              -79.5188267,
              43.7732282
            ],
            [
              -79.5188944,
              43.7733989
            ],
            [
              -79.5189296,
              43.7735739
            ],
            [
              -79.5186906,
              43.7737741
            ],
            [
              -79.5185887,
              43.7738366
            ],
            [
              -79.5185478,
              43.7739523
            ],
            [
              -79.5186202,
              43.7740898
            ],
            [
              -79.5187325,
              43.77413
            ],
            [
              -79.5188234,
              43.7740249
            ],
            [
              -79.5190078,
              43.7739625
            ],
            [
              -79.5191482,
              43.773992
            ],
            [
              -79.5192693,
              43.7740552
            ],
            [
              -79.5194275,
              43.7741237
            ],
            [
              -79.5196337,
              43.7742605
            ],
            [
              -79.5198614,
              43.7743442
            ],
            [
              -79.5203786,
              43.7744252
            ],
            [
              -79.5205363,
              43.7745094
            ],
            [
              -79.5207204,
              43.7746147
            ],
            [
              -79.5208571,
              43.7747442
            ],
            [
              -79.5212112,
              43.7749855
            ],
            [
              -79.5213534,
              43.7750429
            ],
            [
              -79.5217056,
              43.7754557
            ],
            [
              -79.5047267,
              43.7491472
            ],
            [
              -79.5053999,
              43.7494975
            ],
            [
              -79.5056024,
              43.7496452
            ],
            [
              -79.5058452,
              43.7496931
            ],
            [
              -79.5060879,
              43.7496864
            ],
            [
              -79.506332,
              43.749635
            ],
            [
              -79.5065774,
              43.7496651
            ],
            [
              -79.5067652,
              43.7497803
            ],
            [
              -79.5068423,
              43.7499557
            ],
            [
              -79.5070495,
              43.7500143
            ],
            [
              -79.5072868,
              43.7500012
            ],
            [
              -79.5074887,
              43.7501044
            ],
            [
              -79.5075068,
              43.7501301
            ],
            [
              -79.5075168,
              43.7501615
            ],
            [
              -79.5075356,
              43.7502637
            ],
            [
              -79.5075356,
              43.7503044
            ],
            [
              -79.5075209,
              43.7503732
            ],
            [
              -79.5075403,
              43.7504953
            ],
            [
              -79.5075524,
              43.7505553
            ],
            [
              -79.5075443,
              43.7505926
            ],
            [
              -79.5075296,
              43.7506164
            ],
            [
              -79.5075152,
              43.750629
            ],
            [
              -79.5074773,
              43.7506365
            ],
            [
              -79.5074263,
              43.7506408
            ],
            [
              -79.5073278,
              43.7506781
            ],
            [
              -79.507264,
              43.7507864
            ],
            [
              -79.507427,
              43.7508881
            ],
            [
              -79.5076778,
              43.7508627
            ],
            [
              -79.5079014,
              43.7508096
            ],
            [
              -79.5081079,
              43.7508256
            ],
            [
              -79.5083544,
              43.7509041
            ],
            [
              -79.5088747,
              43.7509782
            ],
            [
              -79.5091181,
              43.7510228
            ],
            [
              -79.5092516,
              43.7510237
            ],
            [
              -79.5093716,
              43.751078
            ],
            [
              -79.5095372,
              43.7511632
            ],
            [
              -79.5096572,
              43.751279
            ],
            [
              -79.5097357,
              43.7514679
            ],
            [
              -79.5098457,
              43.7516897
            ],
            [
              -79.509908,
              43.7518879
            ],
            [
              -79.5099335,
              43.7520768
            ],
            [
              -79.510024,
              43.7524851
            ],
            [
              -79.509959,
              43.7526594
            ],
            [
              -79.509851,
              43.752798
            ],
            [
              -79.5097511,
              43.7529535
            ],
            [
              -79.5096117,
              43.7529849
            ],
            [
              -79.5094574,
              43.752999
            ],
            [
              -79.5093501,
              43.7531017
            ],
            [
              -79.5094614,
              43.7532145
            ],
            [
              -79.5094943,
              43.7533225
            ],
            [
              -79.5096251,
              43.7534291
            ],
            [
              -79.5096063,
              43.7535419
            ],
            [
              -79.5096827,
              43.7536684
            ],
            [
              -79.5096559,
              43.7538069
            ],
            [
              -79.509444,
              43.7538636
            ],
            [
              -79.5092314,
              43.753897
            ],
            [
              -79.5088238,
              43.7538781
            ],
            [
              -79.5086554,
              43.753927
            ],
            [
              -79.5084831,
              43.7540084
            ],
            [
              -79.5082545,
              43.754065
            ],
            [
              -79.5080794,
              43.7541028
            ],
            [
              -79.5080003,
              43.7541919
            ],
            [
              -79.5079628,
              43.7543353
            ],
            [
              -79.5078903,
              43.7546511
            ],
            [
              -79.50783,
              43.7547979
            ],
            [
              -79.5076382,
              43.755118
            ],
            [
              -79.507545,
              43.7553108
            ],
            [
              -79.5074485,
              43.7554726
            ],
            [
              -79.5073177,
              43.7556275
            ],
            [
              -79.5071521,
              43.7557845
            ],
            [
              -79.506914,
              43.7558489
            ],
            [
              -79.5068148,
              43.7560014
            ],
            [
              -79.5066646,
              43.7562814
            ],
            [
              -79.5064922,
              43.756341
            ],
            [
              -79.5062589,
              43.7563284
            ],
            [
              -79.5060738,
              43.7564262
            ],
            [
              -79.5062368,
              43.7565095
            ],
            [
              -79.5066713,
              43.7566703
            ],
            [
              -79.5067497,
              43.7567899
            ],
            [
              -79.5065311,
              43.7570529
            ],
            [
              -79.5064815,
              43.7571028
            ],
            [
              -79.5063896,
              43.7571701
            ],
            [
              -79.5062911,
              43.7572253
            ],
            [
              -79.5062059,
              43.7572626
            ],
            [
              -79.5061523,
              43.7572801
            ],
            [
              -79.5060322,
              43.7573106
            ],
            [
              -79.5059216,
              43.7573464
            ],
            [
              -79.5058559,
              43.7573784
            ],
            [
              -79.5057117,
              43.7574607
            ],
            [
              -79.5056346,
              43.7575348
            ],
            [
              -79.5055595,
              43.7576186
            ],
            [
              -79.5054998,
              43.7576951
            ],
            [
              -79.5054408,
              43.7577867
            ],
            [
              -79.5054006,
              43.7578574
            ],
            [
              -79.5053275,
              43.7580032
            ],
            [
              -79.5052222,
              43.7581969
            ],
            [
              -79.5051853,
              43.7582526
            ],
            [
              -79.505135,
              43.7583122
            ],
            [
              -79.5050848,
              43.7583756
            ],
            [
              -79.5049983,
              43.7584899
            ],
            [
              -79.5049942,
              43.7585151
            ],
            [
              -79.5049929,
              43.7585514
            ],
            [
              -79.5051357,
              43.7592464
            ],
            [
              -79.5051987,
              43.7594469
            ],
            [
              -79.5052477,
              43.7596193
            ],
            [
              -79.5052893,
              43.7597428
            ],
            [
              -79.5052889,
              43.7598724
            ],
            [
              -79.4970207,
              43.7425185
            ],
            [
              -79.4970549,
              43.7425795
            ],
            [
              -79.4971763,
              43.7427457
            ],
            [
              -79.4973191,
              43.7429022
            ],
            [
              -79.4972245,
              43.7431148
            ],
            [
              -79.4972225,
              43.743329
            ],
            [
              -79.4974022,
              43.7434908
            ],
            [
              -79.4976638,
              43.7434845
            ],
            [
              -79.4978817,
              43.7435964
            ],
            [
              -79.497877,
              43.7437969
            ],
            [
              -79.4979011,
              43.7440256
            ],
            [
              -79.4978455,
              43.7442213
            ],
            [
              -79.4978361,
              43.7443976
            ],
            [
              -79.4978475,
              43.7446229
            ],
            [
              -79.4979052,
              43.7448225
            ],
            [
              -79.4979957,
              43.7450211
            ],
            [
              -79.4980594,
              43.7452589
            ],
            [
              -79.4980191,
              43.7454992
            ],
            [
              -79.4979367,
              43.7457036
            ],
            [
              -79.4979212,
              43.7457525
            ],
            [
              -79.4979152,
              43.7457898
            ],
            [
              -79.4979166,
              43.745864
            ],
            [
              -79.4979226,
              43.7459177
            ],
            [
              -79.497932,
              43.745955
            ],
            [
              -79.4979467,
              43.7459812
            ],
            [
              -79.4979843,
              43.7460078
            ],
            [
              -79.4980252,
              43.7460243
            ],
            [
              -79.4981546,
              43.7460587
            ],
            [
              -79.4983008,
              43.7460907
            ],
            [
              -79.4984845,
              43.7461687
            ],
            [
              -79.4987621,
              43.7462423
            ],
            [
              -79.4993448,
              43.7464472
            ],
            [
              -79.4996305,
              43.7465383
            ],
            [
              -79.4999061,
              43.7465736
            ],
            [
              -79.5002072,
              43.7466298
            ],
            [
              -79.5004801,
              43.7466899
            ],
            [
              -79.5008911,
              43.7468241
            ],
            [
              -79.5014128,
              43.7469849
            ],
            [
              -79.5019251,
              43.7471234
            ],
            [
              -79.5020968,
              43.7472988
            ],
            [
              -79.5021159,
              43.7475044
            ],
            [
              -79.5022124,
              43.7476744
            ],
            [
              -79.5024515,
              43.747805
            ],
            [
              -79.5027157,
              43.7479149
            ],
            [
              -79.5029564,
              43.7479997
            ],
            [
              -79.5031904,
              43.7480549
            ],
            [
              -79.5034513,
              43.748132
            ],
            [
              -79.5036209,
              43.748285
            ],
            [
              -79.5037014,
              43.7484783
            ],
            [
              -79.5038583,
              43.7486285
            ],
            [
              -79.5040669,
              43.7487544
            ],
            [
              -79.5042922,
              43.7488716
            ],
            [
              -79.5045248,
              43.7490252
            ],
            [
              -79.5047267,
              43.7491472
            ],
            [
              -79.4970207,
              43.7425185
            ],
            [
              -79.494774,
              43.7429954
            ],
            [
              -79.4925405,
              43.7434822
            ],
            [
              -79.4918221,
              43.743656
            ],
            [
              -79.4872148,
              43.7446672
            ],
            [
              -79.4867203,
              43.7447321
            ],
            [
              -79.4863619,
              43.7447937
            ],
            [
              -79.4857983,
              43.7448946
            ],
            [
              -79.4850133,
              43.7450358
            ],
            [
              -79.4848208,
              43.7450877
            ],
            [
              -79.4845964,
              43.7451585
            ],
            [
              -79.4843465,
              43.7452762
            ],
            [
              -79.4841772,
              43.7453399
            ],
            [
              -79.4839139,
              43.7454882
            ],
            [
              -79.4838153,
              43.7455674
            ],
            [
              -79.4836275,
              43.7456721
            ],
            [
              -79.4834628,
              43.7458275
            ],
            [
              -79.4832883,
              43.7459829
            ],
            [
              -79.4831659,
              43.7461282
            ],
            [
              -79.4830767,
              43.746235
            ],
            [
              -79.4829746,
              43.7463754
            ],
            [
              -79.4829021,
              43.7465785
            ],
            [
              -79.4828105,
              43.7468219
            ],
            [
              -79.4827717,
              43.7469823
            ],
            [
              -79.4827404,
              43.7471875
            ],
            [
              -79.4827235,
              43.7475143
            ],
            [
              -79.4827212,
              43.7477061
            ],
            [
              -79.482785,
              43.7482967
            ],
            [
              -79.4829155,
              43.7522103
            ],
            [
              -79.4828992,
              43.7524005
            ],
            [
              -79.4827949,
              43.7527313
            ],
            [
              -79.4826383,
              43.753022
            ],
            [
              -79.4824435,
              43.7532457
            ],
            [
              -79.4822498,
              43.753445
            ],
            [
              -79.4819889,
              43.7536519
            ],
            [
              -79.4816955,
              43.753837
            ],
            [
              -79.4812815,
              43.754054
            ],
            [
              -79.4810832,
              43.7541227
            ],
            [
              -79.4809638,
              43.754157
            ],
            [
              -79.4802448,
              43.7543312
            ],
            [
              -79.4794835,
              43.754495
            ],
            [
              -79.4785164,
              43.7547149
            ],
            [
              -79.475183,
              43.7554746
            ],
            [
              -79.4749383,
              43.7555135
            ],
            [
              -79.4747116,
              43.7555319
            ],
            [
              -79.4745318,
              43.7555361
            ],
            [
              -79.4742854,
              43.7555353
            ],
            [
              -79.473763,
              43.7555169
            ],
            [
              -79.4732869,
              43.7554511
            ],
            [
              -79.4730915,
              43.7554105
            ],
            [
              -79.4729593,
              43.7553745
            ],
            [
              -79.4724456,
              43.7551894
            ],
            [
              -79.4713956,
              43.7547802
            ],
            [
              -79.4698962,
              43.7541771
            ],
            [
              -79.4691957,
              43.7537317
            ],
            [
              -79.4688577,
              43.7534764
            ],
            [
              -79.4685353,
              43.7531983
            ],
            [
              -79.4681602,
              43.7528226
            ],
            [
              -79.465718,
              43.7505124
            ],
            [
              -79.4656339,
              43.7504562
            ],
            [
              -79.4654286,
              43.7503641
            ],
            [
              -79.4652558,
              43.7502946
            ],
            [
              -79.4651225,
              43.7502565
            ],
            [
              -79.4649839,
              43.75021
            ],
            [
              -79.464825,
              43.7501811
            ],
            [
              -79.4642974,
              43.7501149
            ],
            [
              -79.4640295,
              43.7501367
            ],
            [
              -79.4639559,
              43.7501388
            ],
            [
              -79.4627713,
              43.7503767
            ],
            [
              -79.4627713,
              43.7503767
            ],
            [
              -79.4639259,
              43.7552921
            ],
            [
              -79.4646053,
              43.7583988
            ],
            [
              -79.4646175,
              43.7584932
            ],
            [
              -79.4646096,
              43.7585371
            ],
            [
              -79.4647129,
              43.7589549
            ],
            [
              -79.4649523,
              43.7594733
            ],
            [
              -79.4649669,
              43.7597213
            ],
            [
              -79.4649961,
              43.7600272
            ],
            [
              -79.4650301,
              43.7602835
            ],
            [
              -79.4651243,
              43.76079
            ],
            [
              -79.4652069,
              43.7610226
            ],
            [
              -79.4653358,
              43.7616248
            ],
            [
              -79.4669285,
              43.7688626
            ],
            [
              -79.4700418,
              43.7817815
            ],
            [
              -79.4701487,
              43.7823852
            ],
            [
              -79.4701779,
              43.7827379
            ],
            [
              -79.4701244,
              43.7847403
            ],
            [
              -79.4700734,
              43.7861705
            ],
            [
              -79.4700709,
              43.7868005
            ],
            [
              -79.4700891,
              43.7872688
            ],
            [
              -79.4944922,
              43.7815153
            ],
            [
              -79.4934327,
              43.7817749
            ],
            [
              -79.4907833,
              43.7824072
            ],
            [
              -79.4906964,
              43.782428
            ],
            [
              -79.4891963,
              43.7827773
            ],
            [
              -79.4890151,
              43.7828168
            ],
            [
              -79.4884194,
              43.7829584
            ],
            [
              -79.4878561,
              43.7830922
            ],
            [
              -79.4875255,
              43.7831412
            ],
            [
              -79.4832373,
              43.7841677
            ],
            [
              -79.4830056,
              43.7842216
            ],
            [
              -79.4829926,
              43.7842246
            ],
            [
              -79.4825637,
              43.7843243
            ],
            [
              -79.482491,
              43.7843412
            ],
            [
              -79.4823669,
              43.7843697
            ],
            [
              -79.4822559,
              43.7843953
            ],
            [
              -79.4821915,
              43.7844092
            ],
            [
              -79.4820728,
              43.7844374
            ],
            [
              -79.4815659,
              43.784554
            ],
            [
              -79.4808651,
              43.7847027
            ],
            [
              -79.4799454,
              43.7849333
            ],
            [
              -79.4783577,
              43.7853091
            ],
            [
              -79.4778102,
              43.7854415
            ],
            [
              -79.4774128,
              43.7855376
            ],
            [
              -79.4770034,
              43.7856366
            ],
            [
              -79.4769985,
              43.7856378
            ],
            [
              -79.4763807,
              43.7857872
            ],
            [
              -79.4763686,
              43.7857901
            ],
            [
              -79.4758368,
              43.7859187
            ],
            [
              -79.4752938,
              43.7860501
            ],
            [
              -79.4750629,
              43.7860969
            ],
            [
              -79.4729784,
              43.7866003
            ],
            [
              -79.4728935,
              43.7866183
            ],
            [
              -79.4727378,
              43.7866433
            ],
            [
              -79.4722374,
              43.786752
            ],
            [
              -79.471881,
              43.7868395
            ],
            [
              -79.4710807,
              43.7870411
            ],
            [
              -79.4709552,
              43.7870726
            ],
            [
              -79.4703165,
              43.7872247
            ],
            [
              -79.4700891,
              43.7872688
            ]
          ]
        ]
      }
    },
    {
      "type": "Feature",
      "properties": {
        "name": "Downsview"
      },
      "geometry": {
        "type": "Polygon",
        "coordinates": [
          [
            [
              -79.49816,
              43.7345489
            ],
            [
              -79.4980352,
              43.7345615
            ],
            [
              -79.4979461,
              43.7346244
            ],
            [
              -79.497942,
              43.734717
            ],
            [
              -79.4979534,
              43.7348764
            ],
            [
              -79.4977824,
              43.7349762
            ],
            [
              -79.4976302,
              43.7349074
            ],
            [
              -79.4975913,
              43.7348803
            ],
            [
              -79.4975732,
              43.7348575
            ],
            [
              -79.4975337,
              43.7347887
            ],
            [
              -79.4975135,
              43.734764
            ],
            [
              -79.4974894,
              43.7347451
            ],
            [
              -79.4974566,
              43.7347257
            ],
            [
              -79.4974136,
              43.7347184
            ],
            [
              -79.497362,
              43.7347184
            ],
            [
              -79.497299,
              43.7347146
            ],
            [
              -79.4972051,
              43.7347243
            ],
            [
              -79.4971461,
              43.7347378
            ],
            [
              -79.4971166,
              43.7347499
            ],
            [
              -79.4970864,
              43.7347814
            ],
            [
              -79.4970629,
              43.7348124
            ],
            [
              -79.4970287,
              43.7348284
            ],
            [
              -79.4969677,
              43.7348338
            ],
            [
              -79.4969134,
              43.7348308
            ],
            [
              -79.4967739,
              43.7347683
            ],
            [
              -79.4964682,
              43.7348434
            ],
            [
              -79.4962046,
              43.7348807
            ],
            [
              -79.4960316,
              43.7350024
            ],
            [
              -79.4958861,
              43.7351438
            ],
            [
              -79.495699,
              43.7352839
            ],
            [
              -79.4954603,
              43.7353434
            ],
            [
              -79.495231,
              43.7352737
            ],
            [
              -79.4950157,
              43.7352679
            ],
            [
              -79.4950882,
              43.7354093
            ],
            [
              -79.4952082,
              43.7355334
            ],
            [
              -79.4952008,
              43.7356453
            ],
            [
              -79.4952055,
              43.7357514
            ],
            [
              -79.4951572,
              43.7358449
            ],
            [
              -79.4950929,
              43.7359781
            ],
            [
              -79.4950466,
              43.7361094
            ],
            [
              -79.4948622,
              43.7361937
            ],
            [
              -79.494659,
              43.7362926
            ],
            [
              -79.4945457,
              43.7364772
            ],
            [
              -79.4943915,
              43.7366652
            ],
            [
              -79.494376,
              43.7368231
            ],
            [
              -79.4945329,
              43.7370004
            ],
            [
              -79.494549,
              43.7372335
            ],
            [
              -79.4944873,
              43.7374311
            ],
            [
              -79.4943801,
              43.73756
            ],
            [
              -79.4943029,
              43.7376869
            ],
            [
              -79.4942755,
              43.737764
            ],
            [
              -79.4942299,
              43.737827
            ],
            [
              -79.494368,
              43.7381162
            ],
            [
              -79.4945578,
              43.7382489
            ],
            [
              -79.4946624,
              43.7384703
            ],
            [
              -79.49471,
              43.7386733
            ],
            [
              -79.49472,
              43.7388681
            ],
            [
              -79.494653,
              43.7390817
            ],
            [
              -79.4947737,
              43.7392746
            ],
            [
              -79.495284,
              43.7394984
            ],
            [
              -79.4954288,
              43.739666
            ],
            [
              -79.4956353,
              43.7397004
            ],
            [
              -79.4958258,
              43.7398021
            ],
            [
              -79.4961463,
              43.7400764
            ],
            [
              -79.4962355,
              43.7402566
            ],
            [
              -79.4963119,
              43.7404567
            ],
            [
              -79.4964138,
              43.7408229
            ],
            [
              -79.4965815,
              43.7409818
            ],
            [
              -79.4967639,
              43.7410986
            ],
            [
              -79.4969221,
              43.7412647
            ],
            [
              -79.497008,
              43.7414638
            ],
            [
              -79.4970126,
              43.7417153
            ],
            [
              -79.4968604,
              43.7421503
            ],
            [
              -79.4969375,
              43.7423523
            ],
            [
              -79.4970207,
              43.7425185
            ],
            [
              -79.4970207,
              43.7425185
            ],
            [
              -79.494774,
              43.7429954
            ],
            [
              -79.4925405,
              43.7434822
            ],
            [
              -79.4918221,
              43.743656
            ],
            [
              -79.4872148,
              43.7446672
            ],
            [
              -79.4867203,
              43.7447321
            ],
            [
              -79.4863619,
              43.7447937
            ],
            [
              -79.4857983,
              43.7448946
            ],
            [
              -79.4850133,
              43.7450358
            ],
            [
              -79.4848208,
              43.7450877
            ],
            [
              -79.4845964,
              43.7451585
            ],
            [
              -79.4843465,
              43.7452762
            ],
            [
              -79.4841772,
              43.7453399
            ],
            [
              -79.4839139,
              43.7454882
            ],
            [
              -79.4838153,
              43.7455674
            ],
            [
              -79.4836275,
              43.7456721
            ],
            [
              -79.4834628,
              43.7458275
            ],
            [
              -79.4832883,
              43.7459829
            ],
            [
              -79.4831659,
              43.7461282
            ],
            [
              -79.4830767,
              43.746235
            ],
            [
              -79.4829746,
              43.7463754
            ],
            [
              -79.4829021,
              43.7465785
            ],
            [
              -79.4828105,
              43.7468219
            ],
            [
              -79.4827717,
              43.7469823
            ],
            [
              -79.4827404,
              43.7471875
            ],
            [
              -79.4827235,
              43.7475143
            ],
            [
              -79.4827212,
              43.7477061
            ],
            [
              -79.482785,
              43.7482967
            ],
            [
              -79.4829155,
              43.7522103
            ],
            [
              -79.4828992,
              43.7524005
            ],
            [
              -79.4827949,
              43.7527313
            ],
            [
              -79.4826383,
              43.753022
            ],
            [
              -79.4824435,
              43.7532457
            ],
            [
              -79.4822498,
              43.753445
            ],
            [
              -79.4819889,
              43.7536519
            ],
            [
              -79.4816955,
              43.753837
            ],
            [
              -79.4812815,
              43.754054
            ],
            [
              -79.4810832,
              43.7541227
            ],
            [
              -79.4809638,
              43.754157
            ],
            [
              -79.4802448,
              43.7543312
            ],
            [
              -79.4794835,
              43.754495
            ],
            [
              -79.4785164,
              43.7547149
            ],
            [
              -79.475183,
              43.7554746
            ],
            [
              -79.4749383,
              43.7555135
            ],
            [
              -79.4747116,
              43.7555319
            ],
            [
              -79.4745318,
              43.7555361
            ],
            [
              -79.4742854,
              43.7555353
            ],
            [
              -79.473763,
              43.7555169
            ],
            [
              -79.4732869,
              43.7554511
            ],
            [
              -79.4730915,
              43.7554105
            ],
            [
              -79.4729593,
              43.7553745
            ],
            [
              -79.4724456,
              43.7551894
            ],
            [
              -79.4713956,
              43.7547802
            ],
            [
              -79.4698962,
              43.7541771
            ],
            [
              -79.4691957,
              43.7537317
            ],
            [
              -79.4688577,
              43.7534764
            ],
            [
              -79.4685353,
              43.7531983
            ],
            [
              -79.4681602,
              43.7528226
            ],
            [
              -79.465718,
              43.7505124
            ],
            [
              -79.4656339,
              43.7504562
            ],
            [
              -79.4654286,
              43.7503641
            ],
            [
              -79.4652558,
              43.7502946
            ],
            [
              -79.4651225,
              43.7502565
            ],
            [
              -79.4649839,
              43.75021
            ],
            [
              -79.464825,
              43.7501811
            ],
            [
              -79.4642974,
              43.7501149
            ],
            [
              -79.4640295,
              43.7501367
            ],
            [
              -79.4639559,
              43.7501388
            ],
            [
              -79.4627713,
              43.7503767
            ],
            [
              -79.4627713,
              43.7503767
            ],
            [
              -79.4595133,
              43.751084
            ],
            [
              -79.4595133,
              43.751084
            ],
            [
              -79.45832,
              43.7480882
            ],
            [
              -79.4582667,
              43.748018
            ],
            [
              -79.4582296,
              43.7479969
            ],
            [
              -79.4581335,
              43.7479958
            ],
            [
              -79.4548974,
              43.7487019
            ],
            [
              -79.4528043,
              43.7435237
            ],
            [
              -79.4554932,
              43.7428795
            ],
            [
              -79.4596657,
              43.7420124
            ],
            [
              -79.4587728,
              43.73986
            ],
            [
              -79.4565034,
              43.7403055
            ],
            [
              -79.4560594,
              43.7385642
            ],
            [
              -79.4557916,
              43.7382702
            ],
            [
              -79.4555019,
              43.7369064
            ],
            [
              -79.45273,
              43.7343599
            ],
            [
              -79.4532658,
              43.7340139
            ],
            [
              -79.4530413,
              43.7335536
            ],
            [
              -79.4528632,
              43.7333832
            ],
            [
              -79.4577155,
              43.7323347
            ],
            [
              -79.4589189,
              43.7320919
            ],
            [
              -79.4578878,
              43.7280651
            ],
            [
              -79.4724799,
              43.7249016
            ],
            [
              -79.4578878,
              43.7280651
            ],
            [
              -79.4724799,
              43.7249016
            ],
            [
              -79.4807626,
              43.7228547
            ],
            [
              -79.4813089,
              43.7227205
            ],
            [
              -79.49816,
              43.7345489
            ],
            [
              -79.4968816,
              43.7340652
            ],
            [
              -79.4951187,
              43.7333998
            ],
            [
              -79.4949822,
              43.7334071
            ],
            [
              -79.4949058,
              43.7334168
            ],
            [
              -79.4947988,
              43.733435
            ],
            [
              -79.4946508,
              43.7334675
            ],
            [
              -79.4944629,
              43.73352
            ],
            [
              -79.4943381,
              43.7335542
            ],
            [
              -79.494198,
              43.7335878
            ],
            [
              -79.4941333,
              43.7336145
            ],
            [
              -79.4940847,
              43.7336542
            ],
            [
              -79.4939838,
              43.733545
            ],
            [
              -79.4937605,
              43.7330183
            ],
            [
              -79.4934426,
              43.7322234
            ],
            [
              -79.4917294,
              43.7283059
            ],
            [
              -79.491673,
              43.7281952
            ],
            [
              -79.4916214,
              43.7281215
            ],
            [
              -79.4915118,
              43.7279987
            ],
            [
              -79.491493,
              43.727988
            ],
            [
              -79.4914365,
              43.7279344
            ],
            [
              -79.4912184,
              43.7280299
            ],
            [
              -79.490623,
              43.7282359
            ],
            [
              -79.4903789,
              43.7282984
            ],
            [
              -79.4901814,
              43.7278213
            ],
            [
              -79.4901583,
              43.7277382
            ],
            [
              -79.4901284,
              43.7276772
            ],
            [
              -79.490077,
              43.7276404
            ],
            [
              -79.4900159,
              43.7276251
            ],
            [
              -79.4899448,
              43.727629
            ],
            [
              -79.4898803,
              43.7276473
            ],
            [
              -79.4898136,
              43.7276699
            ],
            [
              -79.4884946,
              43.7279676
            ],
            [
              -79.4883954,
              43.7279952
            ],
            [
              -79.4883179,
              43.7279936
            ],
            [
              -79.488281,
              43.7279592
            ],
            [
              -79.4880648,
              43.7274063
            ],
            [
              -79.4880562,
              43.727301
            ],
            [
              -79.4862825,
              43.7277007
            ],
            [
              -79.4854751,
              43.7258738
            ],
            [
              -79.4837619,
              43.7262671
            ],
            [
              -79.4820701,
              43.7266421
            ],
            [
              -79.4818793,
              43.7258848
            ],
            [
              -79.4817076,
              43.725202
            ],
            [
              -79.4815886,
              43.7244465
            ],
            [
              -79.4815899,
              43.7243913
            ],
            [
              -79.4815712,
              43.7241262
            ],
            [
              -79.4815564,
              43.7239944
            ],
            [
              -79.4815095,
              43.7236397
            ],
            [
              -79.4814692,
              43.7234245
            ],
            [
              -79.4813089,
              43.7227205
            ]
          ]
        ]
      }
    },
    {
      "type": "Feature",
      "properties": {
        "name": "Clanton Park"
      },
      "geometry": {
        "type": "Polygon",
        "coordinates": [
          [
            [
              -79.4595133,
              43.751084
            ],
            [
              -79.45832,
              43.7480882
            ],
            [
              -79.4582667,
              43.748018
            ],
            [
              -79.4582296,
              43.7479969
            ],
            [
              -79.4581335,
              43.7479958
            ],
            [
              -79.4548974,
              43.7487019
            ],
            [
              -79.4528043,
              43.7435237
            ],
            [
              -79.4554932,
              43.7428795
            ],
            [
              -79.4596657,
              43.7420124
            ],
            [
              -79.4587728,
              43.73986
            ],
            [
              -79.4565034,
              43.7403055
            ],
            [
              -79.4560594,
              43.7385642
            ],
            [
              -79.4557916,
              43.7382702
            ],
            [
              -79.4555019,
              43.7369064
            ],
            [
              -79.45273,
              43.7343599
            ],
            [
              -79.4532658,
              43.7340139
            ],
            [
              -79.4530413,
              43.7335536
            ],
            [
              -79.4528632,
              43.7333832
            ],
            [
              -79.4577155,
              43.7323347
            ],
            [
              -79.4589189,
              43.7320919
            ],
            [
              -79.4578878,
              43.7280651
            ],
            [
              -79.4578878,
              43.7280651
            ],
            [
              -79.4566012,
              43.728344
            ],
            [
              -79.4485404,
              43.730056
            ],
            [
              -79.4485404,
              43.730056
            ],
            [
              -79.4446278,
              43.7308869
            ],
            [
              -79.4412375,
              43.7318172
            ],
            [
              -79.4354868,
              43.7350731
            ],
            [
              -79.4337072,
              43.7361583
            ],
            [
              -79.4384805,
              43.7554588
            ],
            [
              -79.4380653,
              43.7537798
            ],
            [
              -79.43647,
              43.7472232
            ],
            [
              -79.4360335,
              43.7452683
            ],
            [
              -79.4357892,
              43.7444186
            ],
            [
              -79.4355956,
              43.7435641
            ],
            [
              -79.4355622,
              43.7434494
            ],
            [
              -79.4353166,
              43.7426546
            ],
            [
              -79.4350883,
              43.7417934
            ],
            [
              -79.434872,
              43.7408694
            ],
            [
              -79.434828,
              43.7406022
            ],
            [
              -79.4342499,
              43.7384156
            ],
            [
              -79.4338814,
              43.7368405
            ],
            [
              -79.4337947,
              43.7364778
            ],
            [
              -79.4337546,
              43.7363495
            ],
            [
              -79.4337072,
              43.7361583
            ],
            [
              -79.4595133,
              43.751084
            ],
            [
              -79.4519904,
              43.7526745
            ],
            [
              -79.4405538,
              43.7551197
            ],
            [
              -79.4401279,
              43.7552003
            ],
            [
              -79.4393122,
              43.7553651
            ],
            [
              -79.4390776,
              43.7554133
            ],
            [
              -79.4387732,
              43.7554477
            ],
            [
              -79.4384805,
              43.7554588
            ]
          ]
        ]
      }
    },
    {
      "type": "Feature",
      "properties": {
        "name": "Dufferin Grove"
      },
      "geometry": {
        "type": "Polygon",
        "coordinates": [
          [
            [
              -79.4264062,
              43.6536008
            ],
            [
              -79.4298676,
              43.6528774
            ],
            [
              -79.4299604,
              43.6528675
            ],
            [
              -79.4300322,
              43.6528658
            ],
            [
              -79.4301509,
              43.6528794
            ],
            [
              -79.4302702,
              43.6529027
            ],
            [
              -79.4304164,
              43.652924
            ],
            [
              -79.430517,
              43.6529303
            ],
            [
              -79.4306186,
              43.6529305
            ],
            [
              -79.4307658,
              43.6529174
            ],
            [
              -79.4309478,
              43.6528857
            ],
            [
              -79.4325617,
              43.6525581
            ],
            [
              -79.4353339,
              43.6598601
            ],
            [
              -79.4326034,
              43.6526664
            ],
            [
              -79.4325617,
              43.6525581
            ],
            [
              -79.4353339,
              43.6598601
            ],
            [
              -79.4341125,
              43.6601453
            ],
            [
              -79.4338352,
              43.660186
            ],
            [
              -79.4329169,
              43.6603922
            ],
            [
              -79.4324351,
              43.6604885
            ],
            [
              -79.4316727,
              43.660661
            ],
            [
              -79.4311319,
              43.6607907
            ],
            [
              -79.4304208,
              43.6609452
            ],
            [
              -79.430237,
              43.6609835
            ],
            [
              -79.4294381,
              43.6611512
            ],
            [
              -79.4294381,
              43.6611512
            ],
            [
              -79.4264062,
              43.6536008
            ]
          ]
        ]
      }
    },
    {
      "type": "Feature",
      "properties": {
        "name": "Lansing-Westgate"
      },
      "geometry": {
        "type": "Polygon",
        "coordinates": [
          [
            [
              -79.4384805,
              43.7554588
            ],
            [
              -79.4380653,
              43.7537798
            ],
            [
              -79.43647,
              43.7472232
            ],
            [
              -79.4360335,
              43.7452683
            ],
            [
              -79.4357892,
              43.7444186
            ],
            [
              -79.4355956,
              43.7435641
            ],
            [
              -79.4355622,
              43.7434494
            ],
            [
              -79.4353166,
              43.7426546
            ],
            [
              -79.4350883,
              43.7417934
            ],
            [
              -79.434872,
              43.7408694
            ],
            [
              -79.434828,
              43.7406022
            ],
            [
              -79.4342499,
              43.7384156
            ],
            [
              -79.4338814,
              43.7368405
            ],
            [
              -79.4337947,
              43.7364778
            ],
            [
              -79.4337546,
              43.7363495
            ],
            [
              -79.4337072,
              43.7361583
            ],
            [
              -79.4337072,
              43.7361583
            ],
            [
              -79.4220114,
              43.7432897
            ],
            [
              -79.4176341,
              43.746235
            ],
            [
              -79.4155312,
              43.7487152
            ],
            [
              -79.4136858,
              43.7502032
            ],
            [
              -79.4117117,
              43.7517997
            ],
            [
              -79.4083761,
              43.7536039
            ],
            [
              -79.4117117,
              43.7517997
            ],
            [
              -79.4109375,
              43.7615088
            ],
            [
              -79.4108021,
              43.7609632
            ],
            [
              -79.4107518,
              43.7607247
            ],
            [
              -79.4105634,
              43.7599666
            ],
            [
              -79.410384,
              43.7592353
            ],
            [
              -79.4102284,
              43.7586304
            ],
            [
              -79.4101228,
              43.7582221
            ],
            [
              -79.4099347,
              43.75756
            ],
            [
              -79.4098797,
              43.7573353
            ],
            [
              -79.409698,
              43.7566558
            ],
            [
              -79.4095887,
              43.7563318
            ],
            [
              -79.4093661,
              43.7558392
            ],
            [
              -79.4092011,
              43.7555253
            ],
            [
              -79.4090865,
              43.755273
            ],
            [
              -79.4089732,
              43.7550531
            ],
            [
              -79.4088511,
              43.7548327
            ],
            [
              -79.408778,
              43.7547087
            ],
            [
              -79.4087271,
              43.7546104
            ],
            [
              -79.4086728,
              43.7544966
            ],
            [
              -79.408603,
              43.7543411
            ],
            [
              -79.40855,
              43.7542007
            ],
            [
              -79.4085165,
              43.7541052
            ],
            [
              -79.4084723,
              43.7539556
            ],
            [
              -79.4084407,
              43.7538112
            ],
            [
              -79.4083761,
              43.7536039
            ],
            [
              -79.4122471,
              43.7666885
            ],
            [
              -79.411762,
              43.7648041
            ],
            [
              -79.411428,
              43.7634602
            ],
            [
              -79.4111618,
              43.7623757
            ],
            [
              -79.4111095,
              43.7621703
            ],
            [
              -79.4109375,
              43.7615088
            ],
            [
              -79.4404145,
              43.7634029
            ],
            [
              -79.4399574,
              43.763512
            ],
            [
              -79.438916,
              43.7637309
            ],
            [
              -79.4376386,
              43.7633372
            ],
            [
              -79.4343237,
              43.7640376
            ],
            [
              -79.4325216,
              43.7644055
            ],
            [
              -79.4303349,
              43.7649165
            ],
            [
              -79.4288483,
              43.7652457
            ],
            [
              -79.4277077,
              43.765498
            ],
            [
              -79.4255291,
              43.7659861
            ],
            [
              -79.4236884,
              43.7663973
            ],
            [
              -79.4161326,
              43.7680858
            ],
            [
              -79.4153717,
              43.7663319
            ],
            [
              -79.414312,
              43.7665811
            ],
            [
              -79.4141766,
              43.7665988
            ],
            [
              -79.4139321,
              43.7666034
            ],
            [
              -79.4138409,
              43.766593
            ],
            [
              -79.4135001,
              43.7665207
            ],
            [
              -79.4134035,
              43.7665171
            ],
            [
              -79.4133029,
              43.766522
            ],
            [
              -79.4127075,
              43.7666508
            ],
            [
              -79.4126012,
              43.7666672
            ],
            [
              -79.4124235,
              43.7666651
            ],
            [
              -79.4122471,
              43.7666885
            ],
            [
              -79.4404145,
              43.7634029
            ],
            [
              -79.4399527,
              43.7615551
            ],
            [
              -79.4399527,
              43.7615551
            ],
            [
              -79.4396079,
              43.7616043
            ],
            [
              -79.4394337,
              43.7615772
            ],
            [
              -79.4391963,
              43.761522
            ],
            [
              -79.4390697,
              43.7614686
            ],
            [
              -79.4389167,
              43.7614606
            ],
            [
              -79.438735,
              43.7613756
            ],
            [
              -79.4386063,
              43.7612578
            ],
            [
              -79.4385841,
              43.7611734
            ],
            [
              -79.4385271,
              43.7610984
            ],
            [
              -79.4384996,
              43.7609105
            ],
            [
              -79.4384307,
              43.7607973
            ],
            [
              -79.4382715,
              43.7606999
            ],
            [
              -79.4380913,
              43.7606689
            ],
            [
              -79.437911,
              43.7606689
            ],
            [
              -79.4377565,
              43.7606007
            ],
            [
              -79.4376621,
              43.7604644
            ],
            [
              -79.4376106,
              43.7603156
            ],
            [
              -79.4376345,
              43.7601401
            ],
            [
              -79.4377221,
              43.7599919
            ],
            [
              -79.4378124,
              43.7599196
            ],
            [
              -79.4379964,
              43.7598438
            ],
            [
              -79.4380815,
              43.7597889
            ],
            [
              -79.438159,
              43.7597092
            ],
            [
              -79.4382079,
              43.7595796
            ],
            [
              -79.4381751,
              43.759451
            ],
            [
              -79.4380827,
              43.7593113
            ],
            [
              -79.4379454,
              43.7591626
            ],
            [
              -79.4377995,
              43.7590634
            ],
            [
              -79.43765,
              43.7590364
            ],
            [
              -79.4374561,
              43.7590014
            ],
            [
              -79.4372002,
              43.7590111
            ],
            [
              -79.4371058,
              43.7590251
            ],
            [
              -79.4369125,
              43.7591156
            ],
            [
              -79.4365863,
              43.7591536
            ],
            [
              -79.4363498,
              43.7591364
            ],
            [
              -79.4358683,
              43.7590311
            ],
            [
              -79.4356521,
              43.7590475
            ],
            [
              -79.4354537,
              43.7590164
            ],
            [
              -79.4353008,
              43.7589396
            ],
            [
              -79.4352566,
              43.758885
            ],
            [
              -79.4352047,
              43.758821
            ],
            [
              -79.4351008,
              43.7586637
            ],
            [
              -79.4346554,
              43.7582755
            ],
            [
              -79.4343439,
              43.7581764
            ],
            [
              -79.4339009,
              43.7580666
            ],
            [
              -79.4338218,
              43.7580632
            ],
            [
              -79.4337661,
              43.7580533
            ],
            [
              -79.433734,
              43.7580317
            ],
            [
              -79.4337184,
              43.7580053
            ],
            [
              -79.4337192,
              43.7579746
            ],
            [
              -79.4337407,
              43.757945
            ],
            [
              -79.4337995,
              43.7578717
            ],
            [
              -79.433813,
              43.7577161
            ],
            [
              -79.4337555,
              43.7575281
            ],
            [
              -79.433677,
              43.7574506
            ],
            [
              -79.4335715,
              43.7574045
            ],
            [
              -79.4333551,
              43.7572749
            ],
            [
              -79.4331975,
              43.7572278
            ],
            [
              -79.4330246,
              43.7571968
            ],
            [
              -79.432875,
              43.75719
            ],
            [
              -79.432569,
              43.7572089
            ],
            [
              -79.4322239,
              43.7572757
            ],
            [
              -79.431823,
              43.7573642
            ],
            [
              -79.4309652,
              43.757565
            ],
            [
              -79.4307382,
              43.7576064
            ],
            [
              -79.4305888,
              43.7576038
            ],
            [
              -79.4304068,
              43.7575749
            ],
            [
              -79.4302717,
              43.7575164
            ],
            [
              -79.4301984,
              43.7574784
            ],
            [
              -79.4300942,
              43.7574002
            ],
            [
              -79.4300102,
              43.7572847
            ],
            [
              -79.4384805,
              43.7554588
            ],
            [
              -79.4384265,
              43.7554595
            ],
            [
              -79.4381992,
              43.7554716
            ],
            [
              -79.4379015,
              43.755506
            ],
            [
              -79.4372524,
              43.7556387
            ],
            [
              -79.4369962,
              43.75569
            ],
            [
              -79.4359052,
              43.7559375
            ],
            [
              -79.4355954,
              43.7560087
            ],
            [
              -79.4308633,
              43.757074
            ],
            [
              -79.4300102,
              43.7572847
            ]
          ]
        ]
      }
    },
    {
      "type": "Feature",
      "properties": {
        "name": "Little Portugal"
      },
      "geometry": {
        "type": "Polygon",
        "coordinates": [
          [
            [
              -79.4290371,
              43.6427467
            ],
            [
              -79.4281054,
              43.6423333
            ],
            [
              -79.4281054,
              43.6423333
            ],
            [
              -79.4267321,
              43.6416967
            ],
            [
              -79.4254446,
              43.6412774
            ],
            [
              -79.4235778,
              43.6408426
            ],
            [
              -79.4225049,
              43.6407339
            ],
            [
              -79.4214101,
              43.6406677
            ],
            [
              -79.4214101,
              43.6406677
            ],
            [
              -79.4224668,
              43.6434749
            ],
            [
              -79.4224668,
              43.6434749
            ],
            [
              -79.4247365,
              43.6494758
            ],
            [
              -79.4247365,
              43.6494758
            ],
            [
              -79.4248974,
              43.6498038
            ],
            [
              -79.4255593,
              43.6514549
            ],
            [
              -79.4258805,
              43.6522389
            ],
            [
              -79.4260655,
              43.6527265
            ],
            [
              -79.4262779,
              43.6532744
            ],
            [
              -79.4264062,
              43.6536008
            ],
            [
              -79.4264062,
              43.6536008
            ],
            [
              -79.4298676,
              43.6528774
            ],
            [
              -79.4299604,
              43.6528675
            ],
            [
              -79.4300322,
              43.6528658
            ],
            [
              -79.4301509,
              43.6528794
            ],
            [
              -79.4302702,
              43.6529027
            ],
            [
              -79.4304164,
              43.652924
            ],
            [
              -79.430517,
              43.6529303
            ],
            [
              -79.4306186,
              43.6529305
            ],
            [
              -79.4307658,
              43.6529174
            ],
            [
              -79.4309478,
              43.6528857
            ],
            [
              -79.4325617,
              43.6525581
            ],
            [
              -79.4325617,
              43.6525581
            ],
            [
              -79.4363642,
              43.6517929
            ],
            [
              -79.4356129,
              43.6498931
            ],
            [
              -79.4421656,
              43.6504926
            ],
            [
              -79.4418078,
              43.6504115
            ],
            [
              -79.4414835,
              43.6503408
            ],
            [
              -79.441138,
              43.6502729
            ],
            [
              -79.4400473,
              43.6501971
            ],
            [
              -79.436614,
              43.6499603
            ],
            [
              -79.4356129,
              43.6498931
            ],
            [
              -79.4407976,
              43.648684
            ],
            [
              -79.4414493,
              43.6494118
            ],
            [
              -79.4418839,
              43.6500173
            ],
            [
              -79.4421656,
              43.6504926
            ],
            [
              -79.4410189,
              43.6485355
            ],
            [
              -79.4407976,
              43.648684
            ],
            [
              -79.4410189,
              43.6485355
            ],
            [
              -79.4401431,
              43.6480474
            ],
            [
              -79.4367528,
              43.6463239
            ],
            [
              -79.4310451,
              43.6436377
            ],
            [
              -79.4290371,
              43.6427467
            ]
          ]
        ]
      }
    },
    {
      "type": "Feature",
      "properties": {
        "name": "Willowdale West"
      },
      "geometry": {
        "type": "Polygon",
        "coordinates": [
          [
            [
              -79.4430278,
              43.7738576
            ],
            [
              -79.4404145,
              43.7634029
            ],
            [
              -79.4155779,
              43.7797695
            ],
            [
              -79.4174402,
              43.7793687
            ],
            [
              -79.4176813,
              43.7793094
            ],
            [
              -79.4185007,
              43.7791392
            ],
            [
              -79.4193888,
              43.778925
            ],
            [
              -79.4203122,
              43.7787136
            ],
            [
              -79.4206408,
              43.7786468
            ],
            [
              -79.421623,
              43.7784179
            ],
            [
              -79.422983,
              43.7781232
            ],
            [
              -79.4254661,
              43.7775737
            ],
            [
              -79.4270647,
              43.7772077
            ],
            [
              -79.4302404,
              43.7764979
            ],
            [
              -79.4317297,
              43.776187
            ],
            [
              -79.4327872,
              43.775942
            ],
            [
              -79.4338899,
              43.7757072
            ],
            [
              -79.4357845,
              43.7752799
            ],
            [
              -79.4364717,
              43.7751281
            ],
            [
              -79.4373756,
              43.7749277
            ],
            [
              -79.4388426,
              43.7745989
            ],
            [
              -79.441038,
              43.7741055
            ],
            [
              -79.4414809,
              43.7740373
            ],
            [
              -79.4418245,
              43.7739898
            ],
            [
              -79.4420844,
              43.7739528
            ],
            [
              -79.442663,
              43.7738927
            ],
            [
              -79.4430278,
              43.7738576
            ],
            [
              -79.4122471,
              43.7666885
            ],
            [
              -79.4123286,
              43.7669827
            ],
            [
              -79.4126773,
              43.7684219
            ],
            [
              -79.4129059,
              43.7692809
            ],
            [
              -79.4133713,
              43.7712083
            ],
            [
              -79.4135061,
              43.7717262
            ],
            [
              -79.4135799,
              43.7720092
            ],
            [
              -79.4136395,
              43.772268
            ],
            [
              -79.4138339,
              43.7729839
            ],
            [
              -79.4140353,
              43.7737957
            ],
            [
              -79.4143899,
              43.7751751
            ],
            [
              -79.4148579,
              43.7769757
            ],
            [
              -79.4150899,
              43.7779061
            ],
            [
              -79.4153018,
              43.7787381
            ],
            [
              -79.4153991,
              43.7791041
            ],
            [
              -79.4154366,
              43.779244
            ],
            [
              -79.4155779,
              43.7797695
            ],
            [
              -79.4404145,
              43.7634029
            ],
            [
              -79.4399574,
              43.763512
            ],
            [
              -79.438916,
              43.7637309
            ],
            [
              -79.4376386,
              43.7633372
            ],
            [
              -79.4343237,
              43.7640376
            ],
            [
              -79.4325216,
              43.7644055
            ],
            [
              -79.4303349,
              43.7649165
            ],
            [
              -79.4288483,
              43.7652457
            ],
            [
              -79.4277077,
              43.765498
            ],
            [
              -79.4255291,
              43.7659861
            ],
            [
              -79.4236884,
              43.7663973
            ],
            [
              -79.4161326,
              43.7680858
            ],
            [
              -79.4153717,
              43.7663319
            ],
            [
              -79.414312,
              43.7665811
            ],
            [
              -79.4141766,
              43.7665988
            ],
            [
              -79.4139321,
              43.7666034
            ],
            [
              -79.4138409,
              43.766593
            ],
            [
              -79.4135001,
              43.7665207
            ],
            [
              -79.4134035,
              43.7665171
            ],
            [
              -79.4133029,
              43.766522
            ],
            [
              -79.4127075,
              43.7666508
            ],
            [
              -79.4126012,
              43.7666672
            ],
            [
              -79.4124235,
              43.7666651
            ],
            [
              -79.4122471,
              43.7666885
            ]
          ]
        ]
      }
    },
    {
      "type": "Feature",
      "properties": {
        "name": "Wallace Emerson"
      },
      "geometry": {
        "type": "Polygon",
        "coordinates": [
          [
            [
              -79.445207,
              43.6578158
            ],
            [
              -79.4490239,
              43.6672609
            ],
            [
              -79.445207,
              43.6578158
            ],
            [
              -79.4353339,
              43.6598601
            ],
            [
              -79.4392898,
              43.6690069
            ],
            [
              -79.4353339,
              43.6598601
            ],
            [
              -79.4330098,
              43.670273
            ],
            [
              -79.4333846,
              43.670209
            ],
            [
              -79.4338808,
              43.6701149
            ],
            [
              -79.4342121,
              43.6700485
            ],
            [
              -79.4345433,
              43.6699772
            ],
            [
              -79.4348706,
              43.6699044
            ],
            [
              -79.4359501,
              43.6696667
            ],
            [
              -79.4362861,
              43.6696032
            ],
            [
              -79.4366197,
              43.6695314
            ],
            [
              -79.4366344,
              43.6695207
            ],
            [
              -79.4392898,
              43.6690069
            ],
            [
              -79.4330098,
              43.670273
            ],
            [
              -79.4331771,
              43.6707151
            ],
            [
              -79.4333383,
              43.6711065
            ],
            [
              -79.4346506,
              43.6742906
            ],
            [
              -79.4513722,
              43.6710323
            ],
            [
              -79.4457181,
              43.6719808
            ],
            [
              -79.4442898,
              43.6722563
            ],
            [
              -79.4423237,
              43.6726763
            ],
            [
              -79.4409779,
              43.6729712
            ],
            [
              -79.4397508,
              43.6732414
            ],
            [
              -79.4394985,
              43.6733164
            ],
            [
              -79.4381478,
              43.6737614
            ],
            [
              -79.4376949,
              43.6738654
            ],
            [
              -79.4373468,
              43.6739351
            ],
            [
              -79.4370961,
              43.6739709
            ],
            [
              -79.4366475,
              43.6740386
            ],
            [
              -79.435682,
              43.674166
            ],
            [
              -79.4346506,
              43.6742906
            ],
            [
              -79.4490239,
              43.6672609
            ],
            [
              -79.4491445,
              43.6675837
            ],
            [
              -79.4493245,
              43.667973
            ],
            [
              -79.449469,
              43.6682681
            ],
            [
              -79.4497283,
              43.6687448
            ],
            [
              -79.4499818,
              43.6691732
            ],
            [
              -79.4502902,
              43.6696303
            ],
            [
              -79.4512284,
              43.6708539
            ],
            [
              -79.4513722,
              43.6710323
            ]
          ]
        ]
      }
    },
    {
      "type": "Feature",
      "properties": {
        "name": "Yonge-Doris"
      },
      "geometry": {
        "type": "Polygon",
        "coordinates": [
          [
            [
              -79.4122471,
              43.7666885
            ],
            [
              -79.411762,
              43.7648041
            ],
            [
              -79.411428,
              43.7634602
            ],
            [
              -79.4111618,
              43.7623757
            ],
            [
              -79.4111095,
              43.7621703
            ],
            [
              -79.4109375,
              43.7615088
            ],
            [
              -79.4082635,
              43.7621014
            ],
            [
              -79.4109375,
              43.7615088
            ],
            [
              -79.4123172,
              43.7804769
            ],
            [
              -79.4118894,
              43.7794328
            ],
            [
              -79.4114602,
              43.7784277
            ],
            [
              -79.4110666,
              43.7774236
            ],
            [
              -79.4110499,
              43.777379
            ],
            [
              -79.4109097,
              43.7770513
            ],
            [
              -79.4108373,
              43.7768779
            ],
            [
              -79.4104816,
              43.7760449
            ],
            [
              -79.4098985,
              43.7746754
            ],
            [
              -79.4124734,
              43.7740997
            ],
            [
              -79.4124466,
              43.7737966
            ],
            [
              -79.4123279,
              43.7732277
            ],
            [
              -79.4120429,
              43.7724719
            ],
            [
              -79.4115843,
              43.7713931
            ],
            [
              -79.4112007,
              43.7705467
            ],
            [
              -79.4110794,
              43.770292
            ],
            [
              -79.4108051,
              43.7697191
            ],
            [
              -79.4105637,
              43.7691439
            ],
            [
              -79.4093057,
              43.7661613
            ],
            [
              -79.4090868,
              43.7657784
            ],
            [
              -79.4086255,
              43.7649693
            ],
            [
              -79.4083878,
              43.7643978
            ],
            [
              -79.4083764,
              43.7643077
            ],
            [
              -79.4083817,
              43.7642413
            ],
            [
              -79.4084072,
              43.7641808
            ],
            [
              -79.4084539,
              43.7641092
            ],
            [
              -79.4085403,
              43.7640462
            ],
            [
              -79.4085903,
              43.7639893
            ],
            [
              -79.4086239,
              43.7639343
            ],
            [
              -79.4086489,
              43.7638866
            ],
            [
              -79.4086728,
              43.7638329
            ],
            [
              -79.4086768,
              43.7637709
            ],
            [
              -79.4086624,
              43.7636835
            ],
            [
              -79.4084573,
              43.762871
            ],
            [
              -79.4084048,
              43.7626469
            ],
            [
              -79.4083174,
              43.7622665
            ],
            [
              -79.4082635,
              43.7621014
            ],
            [
              -79.4155779,
              43.7797695
            ],
            [
              -79.415438,
              43.7797996
            ],
            [
              -79.4151841,
              43.7798543
            ],
            [
              -79.4134902,
              43.7802214
            ],
            [
              -79.4123172,
              43.7804769
            ],
            [
              -79.4122471,
              43.7666885
            ],
            [
              -79.4123286,
              43.7669827
            ],
            [
              -79.4126773,
              43.7684219
            ],
            [
              -79.4129059,
              43.7692809
            ],
            [
              -79.4133713,
              43.7712083
            ],
            [
              -79.4135061,
              43.7717262
            ],
            [
              -79.4135799,
              43.7720092
            ],
            [
              -79.4136395,
              43.772268
            ],
            [
              -79.4138339,
              43.7729839
            ],
            [
              -79.4140353,
              43.7737957
            ],
            [
              -79.4143899,
              43.7751751
            ],
            [
              -79.4148579,
              43.7769757
            ],
            [
              -79.4150899,
              43.7779061
            ],
            [
              -79.4153018,
              43.7787381
            ],
            [
              -79.4153991,
              43.7791041
            ],
            [
              -79.4154366,
              43.779244
            ],
            [
              -79.4155779,
              43.7797695
            ]
          ]
        ]
      }
    },
    {
      "type": "Feature",
      "properties": {
        "name": "Weston-Pelham Park"
      },
      "geometry": {
        "type": "Polygon",
        "coordinates": [
          [
            [
              -79.4490239,
              43.6672609
            ],
            [
              -79.4502121,
              43.6671693
            ],
            [
              -79.4508451,
              43.6671246
            ],
            [
              -79.4516364,
              43.6671149
            ],
            [
              -79.4596501,
              43.6671746
            ],
            [
              -79.4597906,
              43.6670597
            ],
            [
              -79.4599593,
              43.6672352
            ],
            [
              -79.4597906,
              43.6670597
            ],
            [
              -79.4695294,
              43.6768346
            ],
            [
              -79.467609,
              43.674918
            ],
            [
              -79.4599593,
              43.6672352
            ],
            [
              -79.4724917,
              43.6792257
            ],
            [
              -79.4713398,
              43.6783776
            ],
            [
              -79.4709667,
              43.6780896
            ],
            [
              -79.4695294,
              43.6768346
            ],
            [
              -79.4604432,
              43.68191
            ],
            [
              -79.4605121,
              43.681895
            ],
            [
              -79.4605608,
              43.6818927
            ],
            [
              -79.4608351,
              43.6818317
            ],
            [
              -79.4608879,
              43.6818207
            ],
            [
              -79.4609863,
              43.6817987
            ],
            [
              -79.4610663,
              43.681781
            ],
            [
              -79.4610975,
              43.6817743
            ],
            [
              -79.4611606,
              43.6817608
            ],
            [
              -79.4611505,
              43.6817358
            ],
            [
              -79.4611339,
              43.6816928
            ],
            [
              -79.461126,
              43.6816723
            ],
            [
              -79.4611829,
              43.6816608
            ],
            [
              -79.4616595,
              43.6815511
            ],
            [
              -79.4627094,
              43.6813233
            ],
            [
              -79.4637881,
              43.681091
            ],
            [
              -79.4642365,
              43.6809946
            ],
            [
              -79.4648685,
              43.6808586
            ],
            [
              -79.4654802,
              43.6807284
            ],
            [
              -79.4653322,
              43.6803651
            ],
            [
              -79.4660128,
              43.6802103
            ],
            [
              -79.4660907,
              43.6802047
            ],
            [
              -79.4683353,
              43.6797289
            ],
            [
              -79.4703882,
              43.6792941
            ],
            [
              -79.4704297,
              43.6792863
            ],
            [
              -79.4704809,
              43.6792767
            ],
            [
              -79.4705694,
              43.6794993
            ],
            [
              -79.4717824,
              43.6792441
            ],
            [
              -79.4724229,
              43.6792278
            ],
            [
              -79.4724917,
              43.6792257
            ],
            [
              -79.4602133,
              43.681567
            ],
            [
              -79.4604432,
              43.68191
            ],
            [
              -79.4602133,
              43.681567
            ],
            [
              -79.4569565,
              43.6766571
            ],
            [
              -79.4566682,
              43.6761818
            ],
            [
              -79.4562504,
              43.6754883
            ],
            [
              -79.4559936,
              43.6751347
            ],
            [
              -79.4558139,
              43.6749005
            ],
            [
              -79.4555705,
              43.6746294
            ],
            [
              -79.4553948,
              43.6744446
            ],
            [
              -79.4551367,
              43.6742118
            ],
            [
              -79.4549295,
              43.6740309
            ],
            [
              -79.4545432,
              43.6737428
            ],
            [
              -79.4540034,
              43.673381
            ],
            [
              -79.4532517,
              43.6728839
            ],
            [
              -79.4528092,
              43.6725584
            ],
            [
              -79.4523492,
              43.6722053
            ],
            [
              -79.4519549,
              43.6717533
            ],
            [
              -79.4513722,
              43.6710323
            ],
            [
              -79.4490239,
              43.6672609
            ],
            [
              -79.4491445,
              43.6675837
            ],
            [
              -79.4493245,
              43.667973
            ],
            [
              -79.449469,
              43.6682681
            ],
            [
              -79.4497283,
              43.6687448
            ],
            [
              -79.4499818,
              43.6691732
            ],
            [
              -79.4502902,
              43.6696303
            ],
            [
              -79.4512284,
              43.6708539
            ],
            [
              -79.4513722,
              43.6710323
            ]
          ]
        ]
      }
    },
    {
      "type": "Feature",
      "properties": {
        "name": "Corso Italia-Davenport"
      },
      "geometry": {
        "type": "Polygon",
        "coordinates": [
          [
            [
              -79.4513722,
              43.6710323
            ],
            [
              -79.4457181,
              43.6719808
            ],
            [
              -79.4442898,
              43.6722563
            ],
            [
              -79.4423237,
              43.6726763
            ],
            [
              -79.4409779,
              43.6729712
            ],
            [
              -79.4397508,
              43.6732414
            ],
            [
              -79.4394985,
              43.6733164
            ],
            [
              -79.4381478,
              43.6737614
            ],
            [
              -79.4376949,
              43.6738654
            ],
            [
              -79.4373468,
              43.6739351
            ],
            [
              -79.4370961,
              43.6739709
            ],
            [
              -79.4366475,
              43.6740386
            ],
            [
              -79.435682,
              43.674166
            ],
            [
              -79.4346506,
              43.6742906
            ],
            [
              -79.4346506,
              43.6742906
            ],
            [
              -79.4337819,
              43.6744077
            ],
            [
              -79.4339257,
              43.6747545
            ],
            [
              -79.4340988,
              43.6751672
            ],
            [
              -79.4345145,
              43.676176
            ],
            [
              -79.4352655,
              43.6779888
            ],
            [
              -79.4359118,
              43.6795475
            ],
            [
              -79.4356895,
              43.6795921
            ],
            [
              -79.435919,
              43.680162
            ],
            [
              -79.435919,
              43.680162
            ],
            [
              -79.4368147,
              43.6799704
            ],
            [
              -79.437785,
              43.6797648
            ],
            [
              -79.4388607,
              43.6795317
            ],
            [
              -79.4399619,
              43.6792934
            ],
            [
              -79.4410558,
              43.679063
            ],
            [
              -79.4421862,
              43.678822
            ],
            [
              -79.4424533,
              43.6787664
            ],
            [
              -79.443252,
              43.6807109
            ],
            [
              -79.4435592,
              43.6814588
            ],
            [
              -79.4444315,
              43.6836201
            ],
            [
              -79.4449384,
              43.6848633
            ],
            [
              -79.4449525,
              43.6848962
            ],
            [
              -79.4457735,
              43.6847168
            ],
            [
              -79.4457735,
              43.6847168
            ],
            [
              -79.4461745,
              43.6846289
            ],
            [
              -79.4467974,
              43.6844923
            ],
            [
              -79.447835,
              43.6842664
            ],
            [
              -79.4490052,
              43.6840122
            ],
            [
              -79.4502007,
              43.6837523
            ],
            [
              -79.451406,
              43.6834876
            ],
            [
              -79.4525997,
              43.6832268
            ],
            [
              -79.4563483,
              43.6824112
            ],
            [
              -79.4576327,
              43.6821312
            ],
            [
              -79.4589292,
              43.6818469
            ],
            [
              -79.4602133,
              43.681567
            ],
            [
              -79.4602133,
              43.681567
            ],
            [
              -79.4569565,
              43.6766571
            ],
            [
              -79.4566682,
              43.6761818
            ],
            [
              -79.4562504,
              43.6754883
            ],
            [
              -79.4559936,
              43.6751347
            ],
            [
              -79.4558139,
              43.6749005
            ],
            [
              -79.4555705,
              43.6746294
            ],
            [
              -79.4553948,
              43.6744446
            ],
            [
              -79.4551367,
              43.6742118
            ],
            [
              -79.4549295,
              43.6740309
            ],
            [
              -79.4545432,
              43.6737428
            ],
            [
              -79.4540034,
              43.673381
            ],
            [
              -79.4532517,
              43.6728839
            ],
            [
              -79.4528092,
              43.6725584
            ],
            [
              -79.4523492,
              43.6722053
            ],
            [
              -79.4519549,
              43.6717533
            ],
            [
              -79.4513722,
              43.6710323
            ]
          ]
        ]
      }
    },
    {
      "type": "Feature",
      "properties": {
        "name": "Newtonbrook West"
      },
      "geometry": {
        "type": "Polygon",
        "coordinates": [
          [
            [
              -79.435304,
              43.794695
            ],
            [
              -79.435032,
              43.7947575
            ],
            [
              -79.4348348,
              43.7948029
            ],
            [
              -79.4348348,
              43.7948029
            ],
            [
              -79.4347402,
              43.7948248
            ],
            [
              -79.4347357,
              43.7948258
            ],
            [
              -79.4346197,
              43.7948526
            ],
            [
              -79.4346197,
              43.7948526
            ],
            [
              -79.4344004,
              43.7949033
            ],
            [
              -79.4341224,
              43.7949618
            ],
            [
              -79.4341224,
              43.7949618
            ],
            [
              -79.4339018,
              43.7950125
            ],
            [
              -79.4338929,
              43.7950145
            ],
            [
              -79.4337836,
              43.7950396
            ],
            [
              -79.4337836,
              43.7950396
            ],
            [
              -79.4319712,
              43.7954401
            ],
            [
              -79.4297472,
              43.7959316
            ],
            [
              -79.4285957,
              43.7961797
            ],
            [
              -79.428462,
              43.796211
            ],
            [
              -79.4283303,
              43.7962471
            ],
            [
              -79.4279654,
              43.7963273
            ],
            [
              -79.4277801,
              43.7963673
            ],
            [
              -79.4268639,
              43.7965583
            ],
            [
              -79.4266601,
              43.7966036
            ],
            [
              -79.4263774,
              43.7966718
            ],
            [
              -79.4254222,
              43.7968846
            ],
            [
              -79.4253766,
              43.7968948
            ],
            [
              -79.4248432,
              43.7970053
            ],
            [
              -79.4240001,
              43.7971568
            ],
            [
              -79.423399,
              43.7972956
            ],
            [
              -79.4231832,
              43.7973455
            ],
            [
              -79.4223844,
              43.797518
            ],
            [
              -79.4223583,
              43.7975236
            ],
            [
              -79.4219056,
              43.797628
            ],
            [
              -79.4219056,
              43.797628
            ],
            [
              -79.4216513,
              43.7976843
            ],
            [
              -79.4210627,
              43.7978224
            ],
            [
              -79.4208476,
              43.7978705
            ],
            [
              -79.4207708,
              43.7978877
            ],
            [
              -79.4200471,
              43.7980391
            ],
            [
              -79.4200471,
              43.7980391
            ],
            [
              -79.4198173,
              43.7971596
            ],
            [
              -79.4192085,
              43.7946093
            ],
            [
              -79.4190153,
              43.7938116
            ],
            [
              -79.4187914,
              43.7929491
            ],
            [
              -79.4184709,
              43.7916373
            ],
            [
              -79.4181316,
              43.7902433
            ],
            [
              -79.4178231,
              43.7889799
            ],
            [
              -79.4175562,
              43.7879062
            ],
            [
              -79.417343,
              43.7870445
            ],
            [
              -79.4171271,
              43.7861829
            ],
            [
              -79.4169487,
              43.7854228
            ],
            [
              -79.4167261,
              43.7845185
            ],
            [
              -79.4165558,
              43.7838398
            ],
            [
              -79.4163425,
              43.7830091
            ],
            [
              -79.4163278,
              43.7829239
            ],
            [
              -79.4161628,
              43.7822713
            ],
            [
              -79.4159536,
              43.7814405
            ],
            [
              -79.4157283,
              43.7804558
            ],
            [
              -79.4155779,
              43.7797695
            ],
            [
              -79.4155779,
              43.7797695
            ],
            [
              -79.4174402,
              43.7793687
            ],
            [
              -79.4176813,
              43.7793094
            ],
            [
              -79.4185007,
              43.7791392
            ],
            [
              -79.4193888,
              43.778925
            ],
            [
              -79.4203122,
              43.7787136
            ],
            [
              -79.4206408,
              43.7786468
            ],
            [
              -79.421623,
              43.7784179
            ],
            [
              -79.422983,
              43.7781232
            ],
            [
              -79.4254661,
              43.7775737
            ],
            [
              -79.4270647,
              43.7772077
            ],
            [
              -79.4302404,
              43.7764979
            ],
            [
              -79.4317297,
              43.776187
            ],
            [
              -79.4327872,
              43.775942
            ],
            [
              -79.4338899,
              43.7757072
            ],
            [
              -79.4357845,
              43.7752799
            ],
            [
              -79.4364717,
              43.7751281
            ],
            [
              -79.4373756,
              43.7749277
            ],
            [
              -79.4388426,
              43.7745989
            ],
            [
              -79.441038,
              43.7741055
            ],
            [
              -79.4414809,
              43.7740373
            ],
            [
              -79.4418245,
              43.7739898
            ],
            [
              -79.4420844,
              43.7739528
            ],
            [
              -79.442663,
              43.7738927
            ],
            [
              -79.4430278,
              43.7738576
            ],
            [
              -79.4457565,
              43.7924485
            ],
            [
              -79.4455129,
              43.7915705
            ],
            [
              -79.4453788,
              43.7909703
            ],
            [
              -79.4453788,
              43.7907535
            ],
            [
              -79.4454163,
              43.7905676
            ],
            [
              -79.4457114,
              43.7901339
            ],
            [
              -79.4463015,
              43.7894213
            ],
            [
              -79.446559,
              43.7890109
            ],
            [
              -79.4466716,
              43.7887359
            ],
            [
              -79.4466662,
              43.7884222
            ],
            [
              -79.4466072,
              43.7880582
            ],
            [
              -79.4460815,
              43.7860715
            ],
            [
              -79.4430278,
              43.7738576
            ],
            [
              -79.4457565,
              43.7924485
            ],
            [
              -79.4450004,
              43.7926014
            ],
            [
              -79.4444444,
              43.7927223
            ],
            [
              -79.4424928,
              43.7931251
            ],
            [
              -79.4411314,
              43.7934082
            ],
            [
              -79.441018,
              43.7934298
            ],
            [
              -79.4409079,
              43.7934576
            ],
            [
              -79.4405507,
              43.7935357
            ],
            [
              -79.4405061,
              43.7935455
            ],
            [
              -79.4395528,
              43.7937539
            ],
            [
              -79.4386555,
              43.7939699
            ],
            [
              -79.4382415,
              43.7940589
            ],
            [
              -79.4366898,
              43.794376
            ],
            [
              -79.4365438,
              43.7944059
            ],
            [
              -79.4363798,
              43.7944457
            ],
            [
              -79.4361855,
              43.7944906
            ],
            [
              -79.4360032,
              43.7945328
            ],
            [
              -79.4356531,
              43.7946137
            ],
            [
              -79.4355627,
              43.7946348
            ],
            [
              -79.4355627,
              43.7946348
            ],
            [
              -79.4354496,
              43.7946611
            ],
            [
              -79.435304,
              43.794695
            ]
          ]
        ]
      }
    },
    {
      "type": "Feature",
      "properties": {
        "name": "Oakwood Village"
      },
      "geometry": {
        "type": "Polygon",
        "coordinates": [
          [
            [
              -79.4461325,
              43.685564
            ],
            [
              -79.4457735,
              43.6847168
            ],
            [
              -79.435919,
              43.680162
            ],
            [
              -79.4368147,
              43.6799704
            ],
            [
              -79.437785,
              43.6797648
            ],
            [
              -79.4388607,
              43.6795317
            ],
            [
              -79.4399619,
              43.6792934
            ],
            [
              -79.4410558,
              43.679063
            ],
            [
              -79.4421862,
              43.678822
            ],
            [
              -79.4424533,
              43.6787664
            ],
            [
              -79.443252,
              43.6807109
            ],
            [
              -79.4435592,
              43.6814588
            ],
            [
              -79.4444315,
              43.6836201
            ],
            [
              -79.4449384,
              43.6848633
            ],
            [
              -79.4449525,
              43.6848962
            ],
            [
              -79.4457735,
              43.6847168
            ],
            [
              -79.4290961,
              43.6816037
            ],
            [
              -79.4309509,
              43.6812138
            ],
            [
              -79.4320014,
              43.6809933
            ],
            [
              -79.4324146,
              43.6809065
            ],
            [
              -79.4324627,
              43.6808674
            ],
            [
              -79.4325339,
              43.6808364
            ],
            [
              -79.4327004,
              43.6808052
            ],
            [
              -79.4328187,
              43.6808166
            ],
            [
              -79.4338849,
              43.6805986
            ],
            [
              -79.4339505,
              43.6805871
            ],
            [
              -79.4339647,
              43.680584
            ],
            [
              -79.4349183,
              43.6803775
            ],
            [
              -79.435919,
              43.680162
            ],
            [
              -79.4371946,
              43.6984954
            ],
            [
              -79.4365798,
              43.6969383
            ],
            [
              -79.435979,
              43.6955081
            ],
            [
              -79.4357429,
              43.6948797
            ],
            [
              -79.4346855,
              43.6922703
            ],
            [
              -79.4345346,
              43.6920439
            ],
            [
              -79.4343274,
              43.6917806
            ],
            [
              -79.4342711,
              43.6917079
            ],
            [
              -79.4342335,
              43.6916415
            ],
            [
              -79.4341551,
              43.6914635
            ],
            [
              -79.4333561,
              43.6894591
            ],
            [
              -79.4333326,
              43.6893216
            ],
            [
              -79.4333259,
              43.6891725
            ],
            [
              -79.4333471,
              43.6890479
            ],
            [
              -79.4330001,
              43.6889495
            ],
            [
              -79.432526,
              43.6888591
            ],
            [
              -79.4321786,
              43.6888171
            ],
            [
              -79.4319731,
              43.6888188
            ],
            [
              -79.4318423,
              43.6888133
            ],
            [
              -79.4317022,
              43.6884438
            ],
            [
              -79.4312737,
              43.6873222
            ],
            [
              -79.4312536,
              43.6872287
            ],
            [
              -79.4309512,
              43.6864858
            ],
            [
              -79.4307433,
              43.6859616
            ],
            [
              -79.4305857,
              43.6855165
            ],
            [
              -79.4303316,
              43.6848934
            ],
            [
              -79.4299561,
              43.6839551
            ],
            [
              -79.4299393,
              43.6838901
            ],
            [
              -79.4299366,
              43.683811
            ],
            [
              -79.4299514,
              43.6837194
            ],
            [
              -79.4298562,
              43.6834745
            ],
            [
              -79.4295564,
              43.6827481
            ],
            [
              -79.4290961,
              43.6816037
            ],
            [
              -79.4380186,
              43.698322
            ],
            [
              -79.4374238,
              43.698447
            ],
            [
              -79.4372919,
              43.698474
            ],
            [
              -79.4371946,
              43.6984954
            ],
            [
              -79.4392473,
              43.6980677
            ],
            [
              -79.4390459,
              43.6981084
            ],
            [
              -79.4383915,
              43.6982483
            ],
            [
              -79.4383113,
              43.6982656
            ],
            [
              -79.4380186,
              43.698322
            ],
            [
              -79.4502712,
              43.6956952
            ],
            [
              -79.4412773,
              43.6976168
            ],
            [
              -79.4404169,
              43.6977888
            ],
            [
              -79.4392473,
              43.6980677
            ],
            [
              -79.4461325,
              43.685564
            ],
            [
              -79.4502712,
              43.6956952
            ]
          ]
        ]
      }
    },
    {
      "type": "Feature",
      "properties": {
        "name": "Caledonia-Fairbank"
      },
      "geometry": {
        "type": "Polygon",
        "coordinates": [
          [
            [
              -79.4502712,
              43.6956952
            ],
            [
              -79.4584787,
              43.693849
            ],
            [
              -79.4632959,
              43.6927862
            ],
            [
              -79.4639933,
              43.6923828
            ],
            [
              -79.4646274,
              43.6921732
            ],
            [
              -79.4646274,
              43.6921732
            ],
            [
              -79.4630814,
              43.6893806
            ],
            [
              -79.4622016,
              43.6860135
            ],
            [
              -79.4616866,
              43.6840429
            ],
            [
              -79.4612789,
              43.6832204
            ],
            [
              -79.4612789,
              43.6832204
            ],
            [
              -79.4604432,
              43.68191
            ],
            [
              -79.4602133,
              43.681567
            ],
            [
              -79.4604432,
              43.68191
            ],
            [
              -79.4457735,
              43.6847168
            ],
            [
              -79.4461745,
              43.6846289
            ],
            [
              -79.4467974,
              43.6844923
            ],
            [
              -79.447835,
              43.6842664
            ],
            [
              -79.4490052,
              43.6840122
            ],
            [
              -79.4502007,
              43.6837523
            ],
            [
              -79.451406,
              43.6834876
            ],
            [
              -79.4525997,
              43.6832268
            ],
            [
              -79.4563483,
              43.6824112
            ],
            [
              -79.4576327,
              43.6821312
            ],
            [
              -79.4589292,
              43.6818469
            ],
            [
              -79.4602133,
              43.681567
            ],
            [
              -79.4461325,
              43.685564
            ],
            [
              -79.4457735,
              43.6847168
            ],
            [
              -79.4461325,
              43.685564
            ],
            [
              -79.4502712,
              43.6956952
            ]
          ]
        ]
      }
    },
    {
      "type": "Feature",
      "properties": {
        "name": "Avondale"
      },
      "geometry": {
        "type": "Polygon",
        "coordinates": [
          [
            [
              -79.4109375,
              43.7615088
            ],
            [
              -79.4108021,
              43.7609632
            ],
            [
              -79.4107518,
              43.7607247
            ],
            [
              -79.4105634,
              43.7599666
            ],
            [
              -79.410384,
              43.7592353
            ],
            [
              -79.4102284,
              43.7586304
            ],
            [
              -79.4101228,
              43.7582221
            ],
            [
              -79.4099347,
              43.75756
            ],
            [
              -79.4098797,
              43.7573353
            ],
            [
              -79.409698,
              43.7566558
            ],
            [
              -79.4095887,
              43.7563318
            ],
            [
              -79.4093661,
              43.7558392
            ],
            [
              -79.4092011,
              43.7555253
            ],
            [
              -79.4090865,
              43.755273
            ],
            [
              -79.4089732,
              43.7550531
            ],
            [
              -79.4088511,
              43.7548327
            ],
            [
              -79.408778,
              43.7547087
            ],
            [
              -79.4087271,
              43.7546104
            ],
            [
              -79.4086728,
              43.7544966
            ],
            [
              -79.408603,
              43.7543411
            ],
            [
              -79.40855,
              43.7542007
            ],
            [
              -79.4085165,
              43.7541052
            ],
            [
              -79.4084723,
              43.7539556
            ],
            [
              -79.4084407,
              43.7538112
            ],
            [
              -79.4083761,
              43.7536039
            ],
            [
              -79.4083761,
              43.7536039
            ],
            [
              -79.4082833,
              43.7536683
            ],
            [
              -79.3988589,
              43.7595961
            ],
            [
              -79.3973846,
              43.7603768
            ],
            [
              -79.3959511,
              43.7610229
            ],
            [
              -79.394483,
              43.7615696
            ],
            [
              -79.3928425,
              43.7620597
            ],
            [
              -79.3871501,
              43.7633121
            ],
            [
              -79.3880542,
              43.766585
            ],
            [
              -79.3876999,
              43.7652307
            ],
            [
              -79.3875893,
              43.7648157
            ],
            [
              -79.3873224,
              43.7639551
            ],
            [
              -79.3871501,
              43.7633121
            ],
            [
              -79.3880542,
              43.766585
            ],
            [
              -79.3889234,
              43.7663715
            ],
            [
              -79.3919519,
              43.7657169
            ],
            [
              -79.3996511,
              43.7640048
            ],
            [
              -79.4022976,
              43.7634331
            ],
            [
              -79.4028674,
              43.7632985
            ],
            [
              -79.4038268,
              43.7630894
            ],
            [
              -79.4047386,
              43.7628934
            ],
            [
              -79.4071719,
              43.7623331
            ],
            [
              -79.4078734,
              43.7621842
            ],
            [
              -79.4082635,
              43.7621014
            ],
            [
              -79.4082635,
              43.7621014
            ],
            [
              -79.4109375,
              43.7615088
            ]
          ]
        ]
      }
    },
    {
      "type": "Feature",
      "properties": {
        "name": "Keelesdale-Eglinton West"
      },
      "geometry": {
        "type": "Polygon",
        "coordinates": [
          [
            [
              -79.4830705,
              43.6852396
            ],
            [
              -79.4870751,
              43.6874631
            ],
            [
              -79.4646274,
              43.6921732
            ],
            [
              -79.4648944,
              43.6920878
            ],
            [
              -79.4655618,
              43.6919369
            ],
            [
              -79.4664453,
              43.6918199
            ],
            [
              -79.467432,
              43.6917245
            ],
            [
              -79.4678631,
              43.6917129
            ],
            [
              -79.4681769,
              43.6916992
            ],
            [
              -79.4688528,
              43.6915489
            ],
            [
              -79.4696601,
              43.691352
            ],
            [
              -79.4716349,
              43.6909118
            ],
            [
              -79.4751097,
              43.6901224
            ],
            [
              -79.4776122,
              43.6896123
            ],
            [
              -79.4781353,
              43.6894785
            ],
            [
              -79.4789962,
              43.6891585
            ],
            [
              -79.4794697,
              43.689015
            ],
            [
              -79.4799095,
              43.6889287
            ],
            [
              -79.4810227,
              43.6888133
            ],
            [
              -79.4823021,
              43.6885146
            ],
            [
              -79.4852659,
              43.6878377
            ],
            [
              -79.4870751,
              43.6874631
            ],
            [
              -79.4646274,
              43.6921732
            ],
            [
              -79.4630814,
              43.6893806
            ],
            [
              -79.4622016,
              43.6860135
            ],
            [
              -79.4616866,
              43.6840429
            ],
            [
              -79.4612789,
              43.6832204
            ],
            [
              -79.4612789,
              43.6832204
            ],
            [
              -79.4604432,
              43.68191
            ],
            [
              -79.4604432,
              43.68191
            ],
            [
              -79.4605121,
              43.681895
            ],
            [
              -79.4605608,
              43.6818927
            ],
            [
              -79.4608351,
              43.6818317
            ],
            [
              -79.4608879,
              43.6818207
            ],
            [
              -79.4609863,
              43.6817987
            ],
            [
              -79.4610663,
              43.681781
            ],
            [
              -79.4610975,
              43.6817743
            ],
            [
              -79.4611606,
              43.6817608
            ],
            [
              -79.4611505,
              43.6817358
            ],
            [
              -79.4611339,
              43.6816928
            ],
            [
              -79.461126,
              43.6816723
            ],
            [
              -79.4611829,
              43.6816608
            ],
            [
              -79.4616595,
              43.6815511
            ],
            [
              -79.4627094,
              43.6813233
            ],
            [
              -79.4637881,
              43.681091
            ],
            [
              -79.4642365,
              43.6809946
            ],
            [
              -79.4648685,
              43.6808586
            ],
            [
              -79.4654802,
              43.6807284
            ],
            [
              -79.4653322,
              43.6803651
            ],
            [
              -79.4660128,
              43.6802103
            ],
            [
              -79.4660907,
              43.6802047
            ],
            [
              -79.4683353,
              43.6797289
            ],
            [
              -79.4703882,
              43.6792941
            ],
            [
              -79.4704297,
              43.6792863
            ],
            [
              -79.4704809,
              43.6792767
            ],
            [
              -79.4705694,
              43.6794993
            ],
            [
              -79.4717824,
              43.6792441
            ],
            [
              -79.4724229,
              43.6792278
            ],
            [
              -79.4724917,
              43.6792257
            ],
            [
              -79.4830705,
              43.6852396
            ],
            [
              -79.4814585,
              43.6844405
            ],
            [
              -79.4800356,
              43.6837441
            ],
            [
              -79.4792242,
              43.6833446
            ],
            [
              -79.4783954,
              43.6829062
            ],
            [
              -79.4777477,
              43.6825658
            ],
            [
              -79.4772233,
              43.6822535
            ],
            [
              -79.4766761,
              43.6819441
            ],
            [
              -79.475724,
              43.6813864
            ],
            [
              -79.4748455,
              43.6808472
            ],
            [
              -79.4743579,
              43.6805113
            ],
            [
              -79.4734498,
              43.6798857
            ],
            [
              -79.4726166,
              43.6793118
            ],
            [
              -79.4724917,
              43.6792257
            ]
          ]
        ]
      }
    },
    {
      "type": "Feature",
      "properties": {
        "name": "Mount Dennis"
      },
      "geometry": {
        "type": "Polygon",
        "coordinates": [
          [
            [
              -79.5132924,
              43.6933926
            ],
            [
              -79.512887,
              43.6934243
            ],
            [
              -79.5115499,
              43.6935566
            ],
            [
              -79.5094924,
              43.6939951
            ],
            [
              -79.5091701,
              43.693279
            ],
            [
              -79.5091499,
              43.6932655
            ],
            [
              -79.5091251,
              43.6932565
            ],
            [
              -79.5091014,
              43.6932563
            ],
            [
              -79.5090551,
              43.6932601
            ],
            [
              -79.5056149,
              43.6940527
            ],
            [
              -79.5063788,
              43.6947108
            ],
            [
              -79.5036547,
              43.6953418
            ],
            [
              -79.5033514,
              43.6954765
            ],
            [
              -79.5031326,
              43.6955749
            ],
            [
              -79.5029602,
              43.6957457
            ],
            [
              -79.5132924,
              43.6933926
            ],
            [
              -79.5132974,
              43.6929062
            ],
            [
              -79.5132999,
              43.6926601
            ],
            [
              -79.5133026,
              43.6923929
            ],
            [
              -79.5133165,
              43.6919914
            ],
            [
              -79.5132771,
              43.6915819
            ],
            [
              -79.5132052,
              43.6911707
            ],
            [
              -79.5131161,
              43.6907925
            ],
            [
              -79.513013,
              43.6905251
            ],
            [
              -79.5129741,
              43.6904243
            ],
            [
              -79.5129646,
              43.6903998
            ],
            [
              -79.5128764,
              43.6900214
            ],
            [
              -79.5127461,
              43.6896223
            ],
            [
              -79.5127392,
              43.6896011
            ],
            [
              -79.5126394,
              43.68923
            ],
            [
              -79.5127541,
              43.6888673
            ],
            [
              -79.5126309,
              43.6884249
            ],
            [
              -79.512395,
              43.6880988
            ],
            [
              -79.5122275,
              43.6879026
            ],
            [
              -79.512017,
              43.6876999
            ],
            [
              -79.5118614,
              43.6875506
            ],
            [
              -79.511693,
              43.687425
            ],
            [
              -79.5115086,
              43.6873247
            ],
            [
              -79.5113831,
              43.6871661
            ],
            [
              -79.511268,
              43.686811
            ],
            [
              -79.5111152,
              43.6864646
            ],
            [
              -79.5109779,
              43.6860844
            ],
            [
              -79.5108826,
              43.6857095
            ],
            [
              -79.5108685,
              43.6856635
            ],
            [
              -79.5107682,
              43.6853378
            ],
            [
              -79.5106507,
              43.6849836
            ],
            [
              -79.5104775,
              43.6846667
            ],
            [
              -79.5103677,
              43.6844538
            ],
            [
              -79.5102881,
              43.6842761
            ],
            [
              -79.5102363,
              43.6841329
            ],
            [
              -79.5102363,
              43.6841329
            ],
            [
              -79.5088036,
              43.6843939
            ],
            [
              -79.5079239,
              43.684553
            ],
            [
              -79.5071514,
              43.6846752
            ],
            [
              -79.5067893,
              43.6846955
            ],
            [
              -79.5063977,
              43.6847033
            ],
            [
              -79.505986,
              43.68468
            ],
            [
              -79.5057607,
              43.684647
            ],
            [
              -79.5053275,
              43.6845927
            ],
            [
              -79.5047347,
              43.6845006
            ],
            [
              -79.5041918,
              43.6843842
            ],
            [
              -79.5041918,
              43.6843842
            ],
            [
              -79.5029296,
              43.6841136
            ],
            [
              -79.5025796,
              43.6840671
            ],
            [
              -79.502133,
              43.6840234
            ],
            [
              -79.5017092,
              43.6840157
            ],
            [
              -79.501331,
              43.6840399
            ],
            [
              -79.5005076,
              43.6841418
            ],
            [
              -79.4998021,
              43.6842892
            ],
            [
              -79.4988231,
              43.6845045
            ],
            [
              -79.4981995,
              43.6825435
            ],
            [
              -79.4979541,
              43.6817947
            ],
            [
              -79.4976966,
              43.6810217
            ],
            [
              -79.4975442,
              43.6810474
            ],
            [
              -79.4971736,
              43.68111
            ],
            [
              -79.4971014,
              43.6811131
            ],
            [
              -79.4967458,
              43.6811284
            ],
            [
              -79.4962871,
              43.6811595
            ],
            [
              -79.4957963,
              43.6812846
            ],
            [
              -79.4954583,
              43.681464
            ],
            [
              -79.4950144,
              43.6817084
            ],
            [
              -79.4945142,
              43.6818355
            ],
            [
              -79.493698,
              43.6820219
            ],
            [
              -79.493389,
              43.6820925
            ],
            [
              -79.4922725,
              43.6823481
            ],
            [
              -79.4912875,
              43.6825735
            ],
            [
              -79.4887877,
              43.6831419
            ],
            [
              -79.4872722,
              43.6834832
            ],
            [
              -79.4857085,
              43.6838421
            ],
            [
              -79.4843593,
              43.684166
            ],
            [
              -79.4839355,
              43.6842775
            ],
            [
              -79.483391,
              43.6848914
            ],
            [
              -79.4830705,
              43.6852396
            ],
            [
              -79.4830705,
              43.6852396
            ],
            [
              -79.4870751,
              43.6874631
            ],
            [
              -79.4870751,
              43.6874631
            ],
            [
              -79.4979849,
              43.6928221
            ],
            [
              -79.4976474,
              43.6929935
            ],
            [
              -79.5029602,
              43.6957457
            ],
            [
              -79.5017864,
              43.6951186
            ],
            [
              -79.5000684,
              43.6942448
            ],
            [
              -79.4976474,
              43.6929935
            ]
          ]
        ]
      }
    },
    {
      "type": "Feature",
      "properties": {
        "name": "Beechborough-Greenbrook"
      },
      "geometry": {
        "type": "Polygon",
        "coordinates": [
          [
            [
              -79.4646274,
              43.6921732
            ],
            [
              -79.4648944,
              43.6920878
            ],
            [
              -79.4655618,
              43.6919369
            ],
            [
              -79.4664453,
              43.6918199
            ],
            [
              -79.467432,
              43.6917245
            ],
            [
              -79.4678631,
              43.6917129
            ],
            [
              -79.4681769,
              43.6916992
            ],
            [
              -79.4688528,
              43.6915489
            ],
            [
              -79.4696601,
              43.691352
            ],
            [
              -79.4716349,
              43.6909118
            ],
            [
              -79.4751097,
              43.6901224
            ],
            [
              -79.4776122,
              43.6896123
            ],
            [
              -79.4781353,
              43.6894785
            ],
            [
              -79.4789962,
              43.6891585
            ],
            [
              -79.4794697,
              43.689015
            ],
            [
              -79.4799095,
              43.6889287
            ],
            [
              -79.4810227,
              43.6888133
            ],
            [
              -79.4823021,
              43.6885146
            ],
            [
              -79.4852659,
              43.6878377
            ],
            [
              -79.4870751,
              43.6874631
            ],
            [
              -79.4646274,
              43.6921732
            ],
            [
              -79.465152,
              43.6931431
            ],
            [
              -79.4655383,
              43.6940972
            ],
            [
              -79.4670873,
              43.6996861
            ],
            [
              -79.4976474,
              43.6929935
            ],
            [
              -79.493844,
              43.6938063
            ],
            [
              -79.4898142,
              43.6946387
            ],
            [
              -79.4887212,
              43.6948634
            ],
            [
              -79.487739,
              43.6950652
            ],
            [
              -79.487338,
              43.6951453
            ],
            [
              -79.4865552,
              43.6952772
            ],
            [
              -79.4854659,
              43.6954766
            ],
            [
              -79.483518,
              43.6959142
            ],
            [
              -79.4804392,
              43.6966172
            ],
            [
              -79.4755573,
              43.6976979
            ],
            [
              -79.4746067,
              43.6978742
            ],
            [
              -79.4743736,
              43.6979305
            ],
            [
              -79.4742875,
              43.6979513
            ],
            [
              -79.4688056,
              43.6992748
            ],
            [
              -79.4671057,
              43.6996821
            ],
            [
              -79.4670873,
              43.6996861
            ],
            [
              -79.4870751,
              43.6874631
            ],
            [
              -79.4979849,
              43.6928221
            ],
            [
              -79.4976474,
              43.6929935
            ]
          ]
        ]
      }
    },
    {
      "type": "Feature",
      "properties": {
        "name": "East Willowdale"
      },
      "geometry": {
        "type": "Polygon",
        "coordinates": [
          [
            [
              -79.4123172,
              43.7804769
            ],
            [
              -79.4118894,
              43.7794328
            ],
            [
              -79.4114602,
              43.7784277
            ],
            [
              -79.4110666,
              43.7774236
            ],
            [
              -79.4110499,
              43.777379
            ],
            [
              -79.4109097,
              43.7770513
            ],
            [
              -79.4108373,
              43.7768779
            ],
            [
              -79.4104816,
              43.7760449
            ],
            [
              -79.4098985,
              43.7746754
            ],
            [
              -79.4124734,
              43.7740997
            ],
            [
              -79.4124466,
              43.7737966
            ],
            [
              -79.4123279,
              43.7732277
            ],
            [
              -79.4120429,
              43.7724719
            ],
            [
              -79.4115843,
              43.7713931
            ],
            [
              -79.4112007,
              43.7705467
            ],
            [
              -79.4110794,
              43.770292
            ],
            [
              -79.4108051,
              43.7697191
            ],
            [
              -79.4105637,
              43.7691439
            ],
            [
              -79.4093057,
              43.7661613
            ],
            [
              -79.4090868,
              43.7657784
            ],
            [
              -79.4086255,
              43.7649693
            ],
            [
              -79.4083878,
              43.7643978
            ],
            [
              -79.4083764,
              43.7643077
            ],
            [
              -79.4083817,
              43.7642413
            ],
            [
              -79.4084072,
              43.7641808
            ],
            [
              -79.4084539,
              43.7641092
            ],
            [
              -79.4085403,
              43.7640462
            ],
            [
              -79.4085903,
              43.7639893
            ],
            [
              -79.4086239,
              43.7639343
            ],
            [
              -79.4086489,
              43.7638866
            ],
            [
              -79.4086728,
              43.7638329
            ],
            [
              -79.4086768,
              43.7637709
            ],
            [
              -79.4086624,
              43.7636835
            ],
            [
              -79.4084573,
              43.762871
            ],
            [
              -79.4084048,
              43.7626469
            ],
            [
              -79.4083174,
              43.7622665
            ],
            [
              -79.4082635,
              43.7621014
            ],
            [
              -79.3880542,
              43.766585
            ],
            [
              -79.3889234,
              43.7663715
            ],
            [
              -79.3919519,
              43.7657169
            ],
            [
              -79.3996511,
              43.7640048
            ],
            [
              -79.4022976,
              43.7634331
            ],
            [
              -79.4028674,
              43.7632985
            ],
            [
              -79.4038268,
              43.7630894
            ],
            [
              -79.4047386,
              43.7628934
            ],
            [
              -79.4071719,
              43.7623331
            ],
            [
              -79.4078734,
              43.7621842
            ],
            [
              -79.4082635,
              43.7621014
            ],
            [
              -79.3921476,
              43.7849956
            ],
            [
              -79.3920474,
              43.7844942
            ],
            [
              -79.3920048,
              43.7843063
            ],
            [
              -79.3919086,
              43.7838825
            ],
            [
              -79.3880542,
              43.766585
            ],
            [
              -79.3921476,
              43.7849956
            ],
            [
              -79.3924088,
              43.7848913
            ],
            [
              -79.3933207,
              43.7846515
            ],
            [
              -79.394675,
              43.784352
            ],
            [
              -79.3959718,
              43.7840766
            ],
            [
              -79.3963292,
              43.7839834
            ],
            [
              -79.4123172,
              43.7804769
            ]
          ]
        ]
      }
    },
    {
      "type": "Feature",
      "properties": {
        "name": "Briar Hill-Belgravia"
      },
      "geometry": {
        "type": "Polygon",
        "coordinates": [
          [
            [
              -79.4502712,
              43.6956952
            ],
            [
              -79.4584787,
              43.693849
            ],
            [
              -79.4632959,
              43.6927862
            ],
            [
              -79.4639933,
              43.6923828
            ],
            [
              -79.4646274,
              43.6921732
            ],
            [
              -79.4646274,
              43.6921732
            ],
            [
              -79.465152,
              43.6931431
            ],
            [
              -79.4655383,
              43.6940972
            ],
            [
              -79.4670873,
              43.6996861
            ],
            [
              -79.4670873,
              43.6996861
            ],
            [
              -79.4639607,
              43.7003689
            ],
            [
              -79.4603761,
              43.7011622
            ],
            [
              -79.4600178,
              43.7012428
            ],
            [
              -79.4571473,
              43.7018932
            ],
            [
              -79.4563544,
              43.7020785
            ],
            [
              -79.4560218,
              43.7021551
            ],
            [
              -79.4559051,
              43.7021818
            ],
            [
              -79.4555341,
              43.7022616
            ],
            [
              -79.4491811,
              43.7036609
            ],
            [
              -79.447277,
              43.7040823
            ],
            [
              -79.445664,
              43.704442
            ],
            [
              -79.4448548,
              43.7046224
            ],
            [
              -79.4422825,
              43.7051903
            ],
            [
              -79.4410189,
              43.7054194
            ],
            [
              -79.4401135,
              43.705594
            ],
            [
              -79.4396906,
              43.7056184
            ],
            [
              -79.4396906,
              43.7056184
            ],
            [
              -79.4396069,
              43.7052617
            ],
            [
              -79.4393979,
              43.7043704
            ],
            [
              -79.4389977,
              43.7026877
            ],
            [
              -79.4389019,
              43.7023089
            ],
            [
              -79.4388369,
              43.7020522
            ],
            [
              -79.4406887,
              43.7016221
            ],
            [
              -79.4400116,
              43.6999524
            ],
            [
              -79.4392473,
              43.6980677
            ],
            [
              -79.4502712,
              43.6956952
            ],
            [
              -79.4412773,
              43.6976168
            ],
            [
              -79.4404169,
              43.6977888
            ],
            [
              -79.4392473,
              43.6980677
            ]
          ]
        ]
      }
    },
    {
      "type": "Feature",
      "properties": {
        "name": "Yorkdale-Glen Park"
      },
      "geometry": {
        "type": "Polygon",
        "coordinates": [
          [
            [
              -79.4485404,
              43.730056
            ],
            [
              -79.4485062,
              43.7298412
            ],
            [
              -79.4484593,
              43.7295757
            ],
            [
              -79.4480999,
              43.7274068
            ],
            [
              -79.4480154,
              43.7269503
            ],
            [
              -79.4479282,
              43.7265695
            ],
            [
              -79.4478397,
              43.726271
            ],
            [
              -79.4478169,
              43.7261973
            ],
            [
              -79.4477861,
              43.7260296
            ],
            [
              -79.4477391,
              43.7258348
            ],
            [
              -79.4476613,
              43.7255809
            ],
            [
              -79.4475809,
              43.7253638
            ],
            [
              -79.4474119,
              43.7249897
            ],
            [
              -79.4472402,
              43.724511
            ],
            [
              -79.4470632,
              43.724038
            ],
            [
              -79.4469103,
              43.7236649
            ],
            [
              -79.4462679,
              43.7221277
            ],
            [
              -79.4451843,
              43.7192142
            ],
            [
              -79.4440209,
              43.7161449
            ],
            [
              -79.443803,
              43.7156045
            ],
            [
              -79.4434007,
              43.7146449
            ],
            [
              -79.4428012,
              43.7130076
            ],
            [
              -79.44271,
              43.7127944
            ],
            [
              -79.442423,
              43.7121149
            ],
            [
              -79.4422621,
              43.7117785
            ],
            [
              -79.4420381,
              43.7113248
            ],
            [
              -79.441798,
              43.7108653
            ],
            [
              -79.441684,
              43.710653
            ],
            [
              -79.4392888,
              43.7070225
            ],
            [
              -79.439026,
              43.7066105
            ],
            [
              -79.4387564,
              43.7062004
            ],
            [
              -79.4386263,
              43.7060007
            ],
            [
              -79.438547,
              43.7058697
            ],
            [
              -79.438547,
              43.7058697
            ],
            [
              -79.4387826,
              43.705818
            ],
            [
              -79.43903,
              43.7057638
            ],
            [
              -79.4396906,
              43.7056184
            ],
            [
              -79.4670873,
              43.6996861
            ],
            [
              -79.4639607,
              43.7003689
            ],
            [
              -79.4603761,
              43.7011622
            ],
            [
              -79.4600178,
              43.7012428
            ],
            [
              -79.4571473,
              43.7018932
            ],
            [
              -79.4563544,
              43.7020785
            ],
            [
              -79.4560218,
              43.7021551
            ],
            [
              -79.4559051,
              43.7021818
            ],
            [
              -79.4555341,
              43.7022616
            ],
            [
              -79.4491811,
              43.7036609
            ],
            [
              -79.447277,
              43.7040823
            ],
            [
              -79.445664,
              43.704442
            ],
            [
              -79.4448548,
              43.7046224
            ],
            [
              -79.4422825,
              43.7051903
            ],
            [
              -79.4410189,
              43.7054194
            ],
            [
              -79.4401135,
              43.705594
            ],
            [
              -79.4396906,
              43.7056184
            ],
            [
              -79.4670873,
              43.6996861
            ],
            [
              -79.4689179,
              43.7062906
            ],
            [
              -79.469811,
              43.7107964
            ],
            [
              -79.469811,
              43.7107964
            ],
            [
              -79.4709778,
              43.7166824
            ],
            [
              -79.471879,
              43.7213039
            ],
            [
              -79.4724799,
              43.7249016
            ],
            [
              -79.4724799,
              43.7249016
            ],
            [
              -79.4578878,
              43.7280651
            ],
            [
              -79.4578878,
              43.7280651
            ],
            [
              -79.4566012,
              43.728344
            ],
            [
              -79.4485404,
              43.730056
            ]
          ]
        ]
      }
    },
    {
      "type": "Feature",
      "properties": {
        "name": "Maple Leaf"
      },
      "geometry": {
        "type": "Polygon",
        "coordinates": [
          [
            [
              -79.4813089,
              43.7227205
            ],
            [
              -79.4893456,
              43.7207456
            ],
            [
              -79.4924863,
              43.7200836
            ],
            [
              -79.487646,
              43.7063833
            ],
            [
              -79.4883377,
              43.7079503
            ],
            [
              -79.4884819,
              43.7081645
            ],
            [
              -79.4885764,
              43.7083167
            ],
            [
              -79.4888125,
              43.7086386
            ],
            [
              -79.4890244,
              43.7089876
            ],
            [
              -79.489196,
              43.709259
            ],
            [
              -79.4895273,
              43.7098911
            ],
            [
              -79.4895642,
              43.7101068
            ],
            [
              -79.4896855,
              43.7107616
            ],
            [
              -79.4897874,
              43.7112763
            ],
            [
              -79.4898867,
              43.7117203
            ],
            [
              -79.4899792,
              43.7120058
            ],
            [
              -79.4901502,
              43.7124549
            ],
            [
              -79.4905955,
              43.7142009
            ],
            [
              -79.4908637,
              43.7152129
            ],
            [
              -79.4912016,
              43.7163964
            ],
            [
              -79.4915114,
              43.7174036
            ],
            [
              -79.4922674,
              43.7193973
            ],
            [
              -79.4924863,
              43.7200836
            ],
            [
              -79.469811,
              43.7107964
            ],
            [
              -79.4733381,
              43.7099376
            ],
            [
              -79.4763824,
              43.7093424
            ],
            [
              -79.4768572,
              43.7091931
            ],
            [
              -79.4772515,
              43.7090322
            ],
            [
              -79.4777074,
              43.7088344
            ],
            [
              -79.4781929,
              43.7086211
            ],
            [
              -79.4786945,
              43.7084272
            ],
            [
              -79.4790888,
              43.7083012
            ],
            [
              -79.4794965,
              43.7081897
            ],
            [
              -79.487646,
              43.7063833
            ],
            [
              -79.469811,
              43.7107964
            ],
            [
              -79.4709778,
              43.7166824
            ],
            [
              -79.471879,
              43.7213039
            ],
            [
              -79.4724799,
              43.7249016
            ],
            [
              -79.4724799,
              43.7249016
            ],
            [
              -79.4807626,
              43.7228547
            ],
            [
              -79.4813089,
              43.7227205
            ]
          ]
        ]
      }
    },
    {
      "type": "Feature",
      "properties": {
        "name": "Rustic"
      },
      "geometry": {
        "type": "Polygon",
        "coordinates": [
          [
            [
              -79.4924863,
              43.7200836
            ],
            [
              -79.4955254,
              43.719443
            ],
            [
              -79.5021344,
              43.7184504
            ],
            [
              -79.5078206,
              43.717737
            ],
            [
              -79.5057916,
              43.7102098
            ],
            [
              -79.5078206,
              43.717737
            ],
            [
              -79.5057916,
              43.7102098
            ],
            [
              -79.5055699,
              43.709254
            ],
            [
              -79.5053484,
              43.7084232
            ],
            [
              -79.5051182,
              43.7075598
            ],
            [
              -79.5050608,
              43.7073756
            ],
            [
              -79.5045056,
              43.7055048
            ],
            [
              -79.5042522,
              43.704482
            ],
            [
              -79.5037858,
              43.7028967
            ],
            [
              -79.5037858,
              43.7028967
            ],
            [
              -79.5031804,
              43.7029661
            ],
            [
              -79.5027311,
              43.7030292
            ],
            [
              -79.4949219,
              43.7047607
            ],
            [
              -79.4906625,
              43.7057011
            ],
            [
              -79.487646,
              43.7063833
            ],
            [
              -79.487646,
              43.7063833
            ],
            [
              -79.4883377,
              43.7079503
            ],
            [
              -79.4884819,
              43.7081645
            ],
            [
              -79.4885764,
              43.7083167
            ],
            [
              -79.4888125,
              43.7086386
            ],
            [
              -79.4890244,
              43.7089876
            ],
            [
              -79.489196,
              43.709259
            ],
            [
              -79.4895273,
              43.7098911
            ],
            [
              -79.4895642,
              43.7101068
            ],
            [
              -79.4896855,
              43.7107616
            ],
            [
              -79.4897874,
              43.7112763
            ],
            [
              -79.4898867,
              43.7117203
            ],
            [
              -79.4899792,
              43.7120058
            ],
            [
              -79.4901502,
              43.7124549
            ],
            [
              -79.4905955,
              43.7142009
            ],
            [
              -79.4908637,
              43.7152129
            ],
            [
              -79.4912016,
              43.7163964
            ],
            [
              -79.4915114,
              43.7174036
            ],
            [
              -79.4922674,
              43.7193973
            ],
            [
              -79.4924863,
              43.7200836
            ]
          ]
        ]
      }
    },
    {
      "type": "Feature",
      "properties": {
        "name": "Brookhaven-Amesbury"
      },
      "geometry": {
        "type": "Polygon",
        "coordinates": [
          [
            [
              -79.469811,
              43.7107964
            ],
            [
              -79.4733381,
              43.7099376
            ],
            [
              -79.4763824,
              43.7093424
            ],
            [
              -79.4768572,
              43.7091931
            ],
            [
              -79.4772515,
              43.7090322
            ],
            [
              -79.4777074,
              43.7088344
            ],
            [
              -79.4781929,
              43.7086211
            ],
            [
              -79.4786945,
              43.7084272
            ],
            [
              -79.4790888,
              43.7083012
            ],
            [
              -79.4794965,
              43.7081897
            ],
            [
              -79.487646,
              43.7063833
            ],
            [
              -79.4670873,
              43.6996861
            ],
            [
              -79.4689179,
              43.7062906
            ],
            [
              -79.469811,
              43.7107964
            ],
            [
              -79.4976474,
              43.6929935
            ],
            [
              -79.493844,
              43.6938063
            ],
            [
              -79.4898142,
              43.6946387
            ],
            [
              -79.4887212,
              43.6948634
            ],
            [
              -79.487739,
              43.6950652
            ],
            [
              -79.487338,
              43.6951453
            ],
            [
              -79.4865552,
              43.6952772
            ],
            [
              -79.4854659,
              43.6954766
            ],
            [
              -79.483518,
              43.6959142
            ],
            [
              -79.4804392,
              43.6966172
            ],
            [
              -79.4755573,
              43.6976979
            ],
            [
              -79.4746067,
              43.6978742
            ],
            [
              -79.4743736,
              43.6979305
            ],
            [
              -79.4742875,
              43.6979513
            ],
            [
              -79.4688056,
              43.6992748
            ],
            [
              -79.4671057,
              43.6996821
            ],
            [
              -79.4670873,
              43.6996861
            ],
            [
              -79.5029602,
              43.6957457
            ],
            [
              -79.5017864,
              43.6951186
            ],
            [
              -79.5000684,
              43.6942448
            ],
            [
              -79.4976474,
              43.6929935
            ],
            [
              -79.5037858,
              43.7028967
            ],
            [
              -79.5036452,
              43.7022877
            ],
            [
              -79.5034585,
              43.7015807
            ],
            [
              -79.5032512,
              43.7008567
            ],
            [
              -79.5028972,
              43.6995619
            ],
            [
              -79.5048237,
              43.6991001
            ],
            [
              -79.5050037,
              43.6990607
            ],
            [
              -79.5052686,
              43.6990027
            ],
            [
              -79.5080395,
              43.6983959
            ],
            [
              -79.5082498,
              43.6983499
            ],
            [
              -79.5053581,
              43.6969253
            ],
            [
              -79.5038174,
              43.6972563
            ],
            [
              -79.5031403,
              43.6974303
            ],
            [
              -79.5029261,
              43.6974787
            ],
            [
              -79.5023828,
              43.6976023
            ],
            [
              -79.5021961,
              43.6967717
            ],
            [
              -79.5029476,
              43.6966141
            ],
            [
              -79.5041543,
              43.6963612
            ],
            [
              -79.5029691,
              43.6957503
            ],
            [
              -79.5029602,
              43.6957457
            ],
            [
              -79.5037858,
              43.7028967
            ],
            [
              -79.5031804,
              43.7029661
            ],
            [
              -79.5027311,
              43.7030292
            ],
            [
              -79.4949219,
              43.7047607
            ],
            [
              -79.4906625,
              43.7057011
            ],
            [
              -79.487646,
              43.7063833
            ]
          ]
        ]
      }
    },
    {
      "type": "Feature",
      "properties": {
        "name": "Newtonbrook East"
      },
      "geometry": {
        "type": "Polygon",
        "coordinates": [
          [
            [
              -79.3962919,
              43.8032482
            ],
            [
              -79.3960027,
              43.8026895
            ],
            [
              -79.3959424,
              43.8024455
            ],
            [
              -79.3958535,
              43.8020756
            ],
            [
              -79.3958404,
              43.8020223
            ],
            [
              -79.3956478,
              43.8012167
            ],
            [
              -79.3953535,
              43.7999522
            ],
            [
              -79.3953068,
              43.7997493
            ],
            [
              -79.3951854,
              43.7992494
            ],
            [
              -79.3951878,
              43.7991633
            ],
            [
              -79.3951753,
              43.7991232
            ],
            [
              -79.3951627,
              43.799083
            ],
            [
              -79.395058,
              43.7986952
            ],
            [
              -79.3949533,
              43.7983073
            ],
            [
              -79.3948786,
              43.7979894
            ],
            [
              -79.3947688,
              43.7975217
            ],
            [
              -79.3946,
              43.7967871
            ],
            [
              -79.3945589,
              43.7965271
            ],
            [
              -79.3944811,
              43.7961997
            ],
            [
              -79.3944496,
              43.796073
            ],
            [
              -79.3944424,
              43.7960459
            ],
            [
              -79.3944211,
              43.7959661
            ],
            [
              -79.3943731,
              43.7957868
            ],
            [
              -79.3942905,
              43.7954603
            ],
            [
              -79.394287,
              43.7954448
            ],
            [
              -79.3942063,
              43.7950931
            ],
            [
              -79.3942052,
              43.7950885
            ],
            [
              -79.3939906,
              43.7941378
            ],
            [
              -79.3938254,
              43.7934083
            ],
            [
              -79.3937362,
              43.7930177
            ],
            [
              -79.3936753,
              43.7927559
            ],
            [
              -79.3936596,
              43.7926887
            ],
            [
              -79.3935829,
              43.7923997
            ],
            [
              -79.3935677,
              43.7922939
            ],
            [
              -79.3935629,
              43.7921541
            ],
            [
              -79.3935008,
              43.7918715
            ],
            [
              -79.3934974,
              43.7918584
            ],
            [
              -79.3934607,
              43.7916888
            ],
            [
              -79.3933555,
              43.7910943
            ],
            [
              -79.3933059,
              43.7908577
            ],
            [
              -79.3931883,
              43.7902963
            ],
            [
              -79.3931407,
              43.7900587
            ],
            [
              -79.3930856,
              43.7898059
            ],
            [
              -79.3929107,
              43.7888956
            ],
            [
              -79.3928357,
              43.7886125
            ],
            [
              -79.3928267,
              43.7885476
            ],
            [
              -79.3927501,
              43.7881266
            ],
            [
              -79.3927308,
              43.7880173
            ],
            [
              -79.3927136,
              43.7879297
            ],
            [
              -79.3925938,
              43.7873203
            ],
            [
              -79.3925642,
              43.787156
            ],
            [
              -79.3925069,
              43.7868382
            ],
            [
              -79.3924937,
              43.7867646
            ],
            [
              -79.3924168,
              43.786339
            ],
            [
              -79.3923748,
              43.7861071
            ],
            [
              -79.392317,
              43.7858112
            ],
            [
              -79.392311,
              43.7857807
            ],
            [
              -79.3922448,
              43.7854423
            ],
            [
              -79.3921476,
              43.7849956
            ],
            [
              -79.4180129,
              43.7984871
            ],
            [
              -79.4176865,
              43.7985568
            ],
            [
              -79.4170831,
              43.7986857
            ],
            [
              -79.4157435,
              43.7989659
            ],
            [
              -79.4145889,
              43.7992327
            ],
            [
              -79.4144686,
              43.7992607
            ],
            [
              -79.4143507,
              43.7992899
            ],
            [
              -79.4132711,
              43.7995312
            ],
            [
              -79.4118226,
              43.7998404
            ],
            [
              -79.4093305,
              43.8003888
            ],
            [
              -79.4092437,
              43.8004076
            ],
            [
              -79.4063531,
              43.8010436
            ],
            [
              -79.4062515,
              43.8010685
            ],
            [
              -79.4061532,
              43.8010864
            ],
            [
              -79.4028856,
              43.8018106
            ],
            [
              -79.4025524,
              43.8018796
            ],
            [
              -79.4020572,
              43.8019798
            ],
            [
              -79.4016609,
              43.8020696
            ],
            [
              -79.40097,
              43.8022162
            ],
            [
              -79.4008678,
              43.8022355
            ],
            [
              -79.4007618,
              43.8022595
            ],
            [
              -79.4003372,
              43.8023545
            ],
            [
              -79.400003,
              43.8024314
            ],
            [
              -79.3994527,
              43.8025488
            ],
            [
              -79.3986397,
              43.8027456
            ],
            [
              -79.3983148,
              43.8028093
            ],
            [
              -79.3973504,
              43.8030344
            ],
            [
              -79.3972709,
              43.8030529
            ],
            [
              -79.3972181,
              43.8030654
            ],
            [
              -79.3971324,
              43.8030857
            ],
            [
              -79.3962919,
              43.8032482
            ],
            [
              -79.4200471,
              43.7980391
            ],
            [
              -79.4199052,
              43.7980722
            ],
            [
              -79.4192262,
              43.7982217
            ],
            [
              -79.4180129,
              43.7984871
            ],
            [
              -79.4200471,
              43.7980391
            ],
            [
              -79.4198173,
              43.7971596
            ],
            [
              -79.4192085,
              43.7946093
            ],
            [
              -79.4190153,
              43.7938116
            ],
            [
              -79.4187914,
              43.7929491
            ],
            [
              -79.4184709,
              43.7916373
            ],
            [
              -79.4181316,
              43.7902433
            ],
            [
              -79.4178231,
              43.7889799
            ],
            [
              -79.4175562,
              43.7879062
            ],
            [
              -79.417343,
              43.7870445
            ],
            [
              -79.4171271,
              43.7861829
            ],
            [
              -79.4169487,
              43.7854228
            ],
            [
              -79.4167261,
              43.7845185
            ],
            [
              -79.4165558,
              43.7838398
            ],
            [
              -79.4163425,
              43.7830091
            ],
            [
              -79.4163278,
              43.7829239
            ],
            [
              -79.4161628,
              43.7822713
            ],
            [
              -79.4159536,
              43.7814405
            ],
            [
              -79.4157283,
              43.7804558
            ],
            [
              -79.4155779,
              43.7797695
            ],
            [
              -79.4155779,
              43.7797695
            ],
            [
              -79.415438,
              43.7797996
            ],
            [
              -79.4151841,
              43.7798543
            ],
            [
              -79.4134902,
              43.7802214
            ],
            [
              -79.4123172,
              43.7804769
            ],
            [
              -79.3921476,
              43.7849956
            ],
            [
              -79.3924088,
              43.7848913
            ],
            [
              -79.3933207,
              43.7846515
            ],
            [
              -79.394675,
              43.784352
            ],
            [
              -79.3959718,
              43.7840766
            ],
            [
              -79.3963292,
              43.7839834
            ],
            [
              -79.4123172,
              43.7804769
            ]
          ]
        ]
      }
    },
    {
      "type": "Feature",
      "properties": {
        "name": "Bayview Village"
      },
      "geometry": {
        "type": "Polygon",
        "coordinates": [
          [
            [
              -79.3921476,
              43.7849956
            ],
            [
              -79.3920727,
              43.7850171
            ],
            [
              -79.3914909,
              43.7851659
            ],
            [
              -79.3913634,
              43.7851957
            ],
            [
              -79.3908075,
              43.7853259
            ],
            [
              -79.390796,
              43.7853284
            ],
            [
              -79.390558,
              43.7853845
            ],
            [
              -79.3900325,
              43.7855095
            ],
            [
              -79.3894597,
              43.7856367
            ],
            [
              -79.3890554,
              43.7857265
            ],
            [
              -79.3890539,
              43.7857268
            ],
            [
              -79.3870294,
              43.7861623
            ],
            [
              -79.386105,
              43.7863646
            ],
            [
              -79.3843696,
              43.786749
            ],
            [
              -79.3816266,
              43.7873492
            ],
            [
              -79.3812866,
              43.7874236
            ],
            [
              -79.3811266,
              43.7874586
            ],
            [
              -79.3810783,
              43.7874692
            ],
            [
              -79.3809506,
              43.7874954
            ],
            [
              -79.3807866,
              43.7875264
            ],
            [
              -79.3806799,
              43.7875564
            ],
            [
              -79.3805768,
              43.7875847
            ],
            [
              -79.3803641,
              43.7876341
            ],
            [
              -79.3802302,
              43.7876652
            ],
            [
              -79.3802077,
              43.7876699
            ],
            [
              -79.3781897,
              43.7880948
            ],
            [
              -79.376247,
              43.7885137
            ],
            [
              -79.3753861,
              43.7887025
            ],
            [
              -79.3748706,
              43.7888186
            ],
            [
              -79.3745231,
              43.7888968
            ],
            [
              -79.3734189,
              43.7891454
            ],
            [
              -79.3732788,
              43.7891755
            ],
            [
              -79.3731423,
              43.7892064
            ],
            [
              -79.371709,
              43.7895149
            ],
            [
              -79.371031,
              43.7896609
            ],
            [
              -79.3693219,
              43.7900153
            ],
            [
              -79.3688093,
              43.7900648
            ],
            [
              -79.3680777,
              43.7900405
            ],
            [
              -79.3921476,
              43.7849956
            ],
            [
              -79.3920474,
              43.7844942
            ],
            [
              -79.3920048,
              43.7843063
            ],
            [
              -79.3919086,
              43.7838825
            ],
            [
              -79.3880542,
              43.766585
            ],
            [
              -79.3880542,
              43.766585
            ],
            [
              -79.3876999,
              43.7652307
            ],
            [
              -79.3875893,
              43.7648157
            ],
            [
              -79.3873224,
              43.7639551
            ],
            [
              -79.3871501,
              43.7633121
            ],
            [
              -79.3871501,
              43.7633121
            ],
            [
              -79.3795351,
              43.764906
            ],
            [
              -79.3771382,
              43.7653312
            ],
            [
              -79.3755291,
              43.7655694
            ],
            [
              -79.37178,
              43.7659212
            ],
            [
              -79.3629664,
              43.7663321
            ],
            [
              -79.3596613,
              43.766486
            ],
            [
              -79.3629664,
              43.7663321
            ],
            [
              -79.3641353,
              43.7716453
            ],
            [
              -79.3638752,
              43.7714702
            ],
            [
              -79.3637744,
              43.7714147
            ],
            [
              -79.3635617,
              43.7712684
            ],
            [
              -79.3634832,
              43.7712103
            ],
            [
              -79.3631791,
              43.7710393
            ],
            [
              -79.363038,
              43.770966
            ],
            [
              -79.3629143,
              43.770888
            ],
            [
              -79.3625624,
              43.770715
            ],
            [
              -79.3624405,
              43.7706671
            ],
            [
              -79.3623175,
              43.7706387
            ],
            [
              -79.3621954,
              43.7706045
            ],
            [
              -79.362122,
              43.7705733
            ],
            [
              -79.3620254,
              43.770506
            ],
            [
              -79.3617629,
              43.7702927
            ],
            [
              -79.3616446,
              43.7701755
            ],
            [
              -79.3615259,
              43.7700847
            ],
            [
              -79.3613787,
              43.769998
            ],
            [
              -79.3612741,
              43.7699324
            ],
            [
              -79.3611678,
              43.7698441
            ],
            [
              -79.3610796,
              43.7697477
            ],
            [
              -79.3609791,
              43.7696199
            ],
            [
              -79.3609046,
              43.7694523
            ],
            [
              -79.3608939,
              43.7693206
            ],
            [
              -79.3609036,
              43.769194
            ],
            [
              -79.3608922,
              43.7690356
            ],
            [
              -79.3608449,
              43.7686986
            ],
            [
              -79.3608443,
              43.7684071
            ],
            [
              -79.3608225,
              43.7682719
            ],
            [
              -79.3607896,
              43.7681662
            ],
            [
              -79.3607133,
              43.7680419
            ],
            [
              -79.3606255,
              43.7679369
            ],
            [
              -79.3605258,
              43.767833
            ],
            [
              -79.3601972,
              43.7675662
            ],
            [
              -79.3600684,
              43.7674631
            ],
            [
              -79.3599216,
              43.767359
            ],
            [
              -79.3598646,
              43.7672907
            ],
            [
              -79.3598348,
              43.7672382
            ],
            [
              -79.3597429,
              43.7670469
            ],
            [
              -79.3597104,
              43.7669429
            ],
            [
              -79.3596829,
              43.7668094
            ],
            [
              -79.3596675,
              43.7666709
            ],
            [
              -79.3596619,
              43.766583
            ],
            [
              -79.3596613,
              43.766486
            ],
            [
              -79.3680777,
              43.7900405
            ],
            [
              -79.3676537,
              43.7884544
            ],
            [
              -79.367585,
              43.7881349
            ],
            [
              -79.3675302,
              43.7878776
            ],
            [
              -79.3672574,
              43.786697
            ],
            [
              -79.3669557,
              43.7854683
            ],
            [
              -79.3668289,
              43.7848719
            ],
            [
              -79.366558,
              43.7837314
            ],
            [
              -79.3663944,
              43.782995
            ],
            [
              -79.3661966,
              43.7821798
            ],
            [
              -79.3660665,
              43.7816056
            ],
            [
              -79.3658634,
              43.7806863
            ],
            [
              -79.3653229,
              43.7782956
            ],
            [
              -79.3651485,
              43.7774822
            ],
            [
              -79.3649621,
              43.7766107
            ],
            [
              -79.3647864,
              43.7757556
            ],
            [
              -79.3646309,
              43.7749664
            ],
            [
              -79.3645947,
              43.7748396
            ],
            [
              -79.3641695,
              43.7725997
            ],
            [
              -79.3641149,
              43.7718584
            ],
            [
              -79.3641353,
              43.7716453
            ]
          ]
        ]
      }
    },
    {
      "type": "Feature",
      "properties": {
        "name": "Bayview Woods-Steeles"
      },
      "geometry": {
        "type": "Polygon",
        "coordinates": [
          [
            [
              -79.3717653,
              43.8086802
            ],
            [
              -79.3716361,
              43.8084425
            ],
            [
              -79.3715537,
              43.8082126
            ],
            [
              -79.3715369,
              43.8081509
            ],
            [
              -79.3715081,
              43.8080868
            ],
            [
              -79.3714957,
              43.8080125
            ],
            [
              -79.3714876,
              43.8079066
            ],
            [
              -79.3714973,
              43.8078081
            ],
            [
              -79.3715191,
              43.8077113
            ],
            [
              -79.3715627,
              43.8076133
            ],
            [
              -79.3716267,
              43.8075052
            ],
            [
              -79.3716811,
              43.8073943
            ],
            [
              -79.3717404,
              43.807308
            ],
            [
              -79.3717712,
              43.8072278
            ],
            [
              -79.3717553,
              43.8071046
            ],
            [
              -79.3716985,
              43.8068586
            ],
            [
              -79.371656,
              43.8067315
            ],
            [
              -79.3716006,
              43.8064957
            ],
            [
              -79.3715604,
              43.8063558
            ],
            [
              -79.3715342,
              43.806232
            ],
            [
              -79.3715282,
              43.8061284
            ],
            [
              -79.3715372,
              43.8060887
            ],
            [
              -79.371604,
              43.8060406
            ],
            [
              -79.3718275,
              43.8059244
            ],
            [
              -79.3725229,
              43.8085069
            ],
            [
              -79.3717653,
              43.8086802
            ],
            [
              -79.3962919,
              43.8032482
            ],
            [
              -79.3946365,
              43.8036282
            ],
            [
              -79.3942766,
              43.8037109
            ],
            [
              -79.39289,
              43.804023
            ],
            [
              -79.392732,
              43.8040512
            ],
            [
              -79.3925621,
              43.8040912
            ],
            [
              -79.3918525,
              43.8042403
            ],
            [
              -79.3915574,
              43.8043058
            ],
            [
              -79.3912441,
              43.8043774
            ],
            [
              -79.3910612,
              43.8044156
            ],
            [
              -79.3909614,
              43.8044364
            ],
            [
              -79.3906979,
              43.804496
            ],
            [
              -79.3906021,
              43.8045176
            ],
            [
              -79.3904247,
              43.8045577
            ],
            [
              -79.3902236,
              43.8046032
            ],
            [
              -79.3899984,
              43.8046542
            ],
            [
              -79.3897702,
              43.8047058
            ],
            [
              -79.3897002,
              43.8047216
            ],
            [
              -79.3892072,
              43.804833
            ],
            [
              -79.3888164,
              43.8049214
            ],
            [
              -79.3882298,
              43.8050487
            ],
            [
              -79.3871454,
              43.8052674
            ],
            [
              -79.3864946,
              43.8054114
            ],
            [
              -79.3858696,
              43.8055497
            ],
            [
              -79.3857614,
              43.8055737
            ],
            [
              -79.3856359,
              43.805602
            ],
            [
              -79.3853083,
              43.8056713
            ],
            [
              -79.3846838,
              43.8058239
            ],
            [
              -79.3844593,
              43.8058723
            ],
            [
              -79.384087,
              43.8059527
            ],
            [
              -79.383676,
              43.8060414
            ],
            [
              -79.3835968,
              43.8060591
            ],
            [
              -79.3833889,
              43.8061057
            ],
            [
              -79.3829028,
              43.8062104
            ],
            [
              -79.3764976,
              43.8076326
            ],
            [
              -79.3762402,
              43.8076948
            ],
            [
              -79.376084,
              43.8077303
            ],
            [
              -79.3759598,
              43.8077557
            ],
            [
              -79.3745077,
              43.8080658
            ],
            [
              -79.3742001,
              43.8081269
            ],
            [
              -79.374044,
              43.8081591
            ],
            [
              -79.3725229,
              43.8085069
            ],
            [
              -79.3962919,
              43.8032482
            ],
            [
              -79.3960027,
              43.8026895
            ],
            [
              -79.3959424,
              43.8024455
            ],
            [
              -79.3958535,
              43.8020756
            ],
            [
              -79.3958404,
              43.8020223
            ],
            [
              -79.3956478,
              43.8012167
            ],
            [
              -79.3953535,
              43.7999522
            ],
            [
              -79.3953068,
              43.7997493
            ],
            [
              -79.3951854,
              43.7992494
            ],
            [
              -79.3951878,
              43.7991633
            ],
            [
              -79.3951753,
              43.7991232
            ],
            [
              -79.3951627,
              43.799083
            ],
            [
              -79.395058,
              43.7986952
            ],
            [
              -79.3949533,
              43.7983073
            ],
            [
              -79.3948786,
              43.7979894
            ],
            [
              -79.3947688,
              43.7975217
            ],
            [
              -79.3946,
              43.7967871
            ],
            [
              -79.3945589,
              43.7965271
            ],
            [
              -79.3944811,
              43.7961997
            ],
            [
              -79.3944496,
              43.796073
            ],
            [
              -79.3944424,
              43.7960459
            ],
            [
              -79.3944211,
              43.7959661
            ],
            [
              -79.3943731,
              43.7957868
            ],
            [
              -79.3942905,
              43.7954603
            ],
            [
              -79.394287,
              43.7954448
            ],
            [
              -79.3942063,
              43.7950931
            ],
            [
              -79.3942052,
              43.7950885
            ],
            [
              -79.3939906,
              43.7941378
            ],
            [
              -79.3938254,
              43.7934083
            ],
            [
              -79.3937362,
              43.7930177
            ],
            [
              -79.3936753,
              43.7927559
            ],
            [
              -79.3936596,
              43.7926887
            ],
            [
              -79.3935829,
              43.7923997
            ],
            [
              -79.3935677,
              43.7922939
            ],
            [
              -79.3935629,
              43.7921541
            ],
            [
              -79.3935008,
              43.7918715
            ],
            [
              -79.3934974,
              43.7918584
            ],
            [
              -79.3934607,
              43.7916888
            ],
            [
              -79.3933555,
              43.7910943
            ],
            [
              -79.3933059,
              43.7908577
            ],
            [
              -79.3931883,
              43.7902963
            ],
            [
              -79.3931407,
              43.7900587
            ],
            [
              -79.3930856,
              43.7898059
            ],
            [
              -79.3929107,
              43.7888956
            ],
            [
              -79.3928357,
              43.7886125
            ],
            [
              -79.3928267,
              43.7885476
            ],
            [
              -79.3927501,
              43.7881266
            ],
            [
              -79.3927308,
              43.7880173
            ],
            [
              -79.3927136,
              43.7879297
            ],
            [
              -79.3925938,
              43.7873203
            ],
            [
              -79.3925642,
              43.787156
            ],
            [
              -79.3925069,
              43.7868382
            ],
            [
              -79.3924937,
              43.7867646
            ],
            [
              -79.3924168,
              43.786339
            ],
            [
              -79.3923748,
              43.7861071
            ],
            [
              -79.392317,
              43.7858112
            ],
            [
              -79.392311,
              43.7857807
            ],
            [
              -79.3922448,
              43.7854423
            ],
            [
              -79.3921476,
              43.7849956
            ],
            [
              -79.3921476,
              43.7849956
            ],
            [
              -79.3920727,
              43.7850171
            ],
            [
              -79.3914909,
              43.7851659
            ],
            [
              -79.3913634,
              43.7851957
            ],
            [
              -79.3908075,
              43.7853259
            ],
            [
              -79.390796,
              43.7853284
            ],
            [
              -79.390558,
              43.7853845
            ],
            [
              -79.3900325,
              43.7855095
            ],
            [
              -79.3894597,
              43.7856367
            ],
            [
              -79.3890554,
              43.7857265
            ],
            [
              -79.3890539,
              43.7857268
            ],
            [
              -79.3870294,
              43.7861623
            ],
            [
              -79.386105,
              43.7863646
            ],
            [
              -79.3843696,
              43.786749
            ],
            [
              -79.3816266,
              43.7873492
            ],
            [
              -79.3812866,
              43.7874236
            ],
            [
              -79.3811266,
              43.7874586
            ],
            [
              -79.3810783,
              43.7874692
            ],
            [
              -79.3809506,
              43.7874954
            ],
            [
              -79.3807866,
              43.7875264
            ],
            [
              -79.3806799,
              43.7875564
            ],
            [
              -79.3805768,
              43.7875847
            ],
            [
              -79.3803641,
              43.7876341
            ],
            [
              -79.3802302,
              43.7876652
            ],
            [
              -79.3802077,
              43.7876699
            ],
            [
              -79.3781897,
              43.7880948
            ],
            [
              -79.376247,
              43.7885137
            ],
            [
              -79.3753861,
              43.7887025
            ],
            [
              -79.3748706,
              43.7888186
            ],
            [
              -79.3745231,
              43.7888968
            ],
            [
              -79.3734189,
              43.7891454
            ],
            [
              -79.3732788,
              43.7891755
            ],
            [
              -79.3731423,
              43.7892064
            ],
            [
              -79.371709,
              43.7895149
            ],
            [
              -79.371031,
              43.7896609
            ],
            [
              -79.3693219,
              43.7900153
            ],
            [
              -79.3688093,
              43.7900648
            ],
            [
              -79.3680777,
              43.7900405
            ],
            [
              -79.3680777,
              43.7900405
            ],
            [
              -79.3682032,
              43.790804
            ],
            [
              -79.3718275,
              43.8059244
            ]
          ]
        ]
      }
    },
    {
      "type": "Feature",
      "properties": {
        "name": "Henry Farm"
      },
      "geometry": {
        "type": "Polygon",
        "coordinates": [
          [
            [
              -79.3372538,
              43.7677355
            ],
            [
              -79.3380795,
              43.7676892
            ],
            [
              -79.3384338,
              43.7676694
            ],
            [
              -79.3474674,
              43.7670651
            ],
            [
              -79.3581427,
              43.7665615
            ],
            [
              -79.3596613,
              43.766486
            ],
            [
              -79.3197723,
              43.768329
            ],
            [
              -79.3237567,
              43.7683667
            ],
            [
              -79.3306875,
              43.7681033
            ],
            [
              -79.3372538,
              43.7677355
            ],
            [
              -79.3230179,
              43.7752475
            ],
            [
              -79.3211108,
              43.7710635
            ],
            [
              -79.3197723,
              43.768329
            ],
            [
              -79.3396296,
              43.776036
            ],
            [
              -79.3395341,
              43.7760282
            ],
            [
              -79.3377303,
              43.7758302
            ],
            [
              -79.3358675,
              43.7755968
            ],
            [
              -79.3350796,
              43.7755164
            ],
            [
              -79.3347135,
              43.7754787
            ],
            [
              -79.334401,
              43.775453
            ],
            [
              -79.3338309,
              43.7754054
            ],
            [
              -79.331798,
              43.775178
            ],
            [
              -79.3312307,
              43.7750991
            ],
            [
              -79.329337,
              43.7748798
            ],
            [
              -79.3277257,
              43.774703
            ],
            [
              -79.3267038,
              43.7746672
            ],
            [
              -79.3260574,
              43.7746914
            ],
            [
              -79.3253124,
              43.7747621
            ],
            [
              -79.3248752,
              43.7748468
            ],
            [
              -79.3230179,
              43.7752475
            ],
            [
              -79.3641353,
              43.7716453
            ],
            [
              -79.3636432,
              43.771687
            ],
            [
              -79.3617931,
              43.7719102
            ],
            [
              -79.3610837,
              43.7720216
            ],
            [
              -79.36069,
              43.7721015
            ],
            [
              -79.3603018,
              43.772192
            ],
            [
              -79.359996,
              43.7722637
            ],
            [
              -79.3586757,
              43.7725702
            ],
            [
              -79.3533247,
              43.7737293
            ],
            [
              -79.3512907,
              43.7741773
            ],
            [
              -79.3470446,
              43.7751063
            ],
            [
              -79.3447862,
              43.7755874
            ],
            [
              -79.3436936,
              43.7758414
            ],
            [
              -79.3426006,
              43.7760781
            ],
            [
              -79.3418971,
              43.7761938
            ],
            [
              -79.341649,
              43.7762161
            ],
            [
              -79.341411,
              43.7762209
            ],
            [
              -79.3410362,
              43.7762108
            ],
            [
              -79.3405145,
              43.7761609
            ],
            [
              -79.3399063,
              43.7760573
            ],
            [
              -79.3396296,
              43.776036
            ],
            [
              -79.3641353,
              43.7716453
            ],
            [
              -79.3638752,
              43.7714702
            ],
            [
              -79.3637744,
              43.7714147
            ],
            [
              -79.3635617,
              43.7712684
            ],
            [
              -79.3634832,
              43.7712103
            ],
            [
              -79.3631791,
              43.7710393
            ],
            [
              -79.363038,
              43.770966
            ],
            [
              -79.3629143,
              43.770888
            ],
            [
              -79.3625624,
              43.770715
            ],
            [
              -79.3624405,
              43.7706671
            ],
            [
              -79.3623175,
              43.7706387
            ],
            [
              -79.3621954,
              43.7706045
            ],
            [
              -79.362122,
              43.7705733
            ],
            [
              -79.3620254,
              43.770506
            ],
            [
              -79.3617629,
              43.7702927
            ],
            [
              -79.3616446,
              43.7701755
            ],
            [
              -79.3615259,
              43.7700847
            ],
            [
              -79.3613787,
              43.769998
            ],
            [
              -79.3612741,
              43.7699324
            ],
            [
              -79.3611678,
              43.7698441
            ],
            [
              -79.3610796,
              43.7697477
            ],
            [
              -79.3609791,
              43.7696199
            ],
            [
              -79.3609046,
              43.7694523
            ],
            [
              -79.3608939,
              43.7693206
            ],
            [
              -79.3609036,
              43.769194
            ],
            [
              -79.3608922,
              43.7690356
            ],
            [
              -79.3608449,
              43.7686986
            ],
            [
              -79.3608443,
              43.7684071
            ],
            [
              -79.3608225,
              43.7682719
            ],
            [
              -79.3607896,
              43.7681662
            ],
            [
              -79.3607133,
              43.7680419
            ],
            [
              -79.3606255,
              43.7679369
            ],
            [
              -79.3605258,
              43.767833
            ],
            [
              -79.3601972,
              43.7675662
            ],
            [
              -79.3600684,
              43.7674631
            ],
            [
              -79.3599216,
              43.767359
            ],
            [
              -79.3598646,
              43.7672907
            ],
            [
              -79.3598348,
              43.7672382
            ],
            [
              -79.3597429,
              43.7670469
            ],
            [
              -79.3597104,
              43.7669429
            ],
            [
              -79.3596829,
              43.7668094
            ],
            [
              -79.3596675,
              43.7666709
            ],
            [
              -79.3596619,
              43.766583
            ],
            [
              -79.3596613,
              43.766486
            ]
          ]
        ]
      }
    },
    {
      "type": "Feature",
      "properties": {
        "name": "Pleasant View"
      },
      "geometry": {
        "type": "Polygon",
        "coordinates": [
          [
            [
              -79.3434567,
              43.7951654
            ],
            [
              -79.3430954,
              43.7934065
            ],
            [
              -79.3424552,
              43.7905623
            ],
            [
              -79.3422196,
              43.7895277
            ],
            [
              -79.3421104,
              43.789081
            ],
            [
              -79.3418148,
              43.7877529
            ],
            [
              -79.3415659,
              43.7865906
            ],
            [
              -79.3405306,
              43.7819179
            ],
            [
              -79.3398935,
              43.778466
            ],
            [
              -79.3398178,
              43.7778114
            ],
            [
              -79.3397118,
              43.7771181
            ],
            [
              -79.3396296,
              43.776036
            ],
            [
              -79.3355345,
              43.8023294
            ],
            [
              -79.3432845,
              43.7997654
            ],
            [
              -79.344402,
              43.7994861
            ],
            [
              -79.3442582,
              43.7988134
            ],
            [
              -79.3436131,
              43.7959532
            ],
            [
              -79.3434567,
              43.7951654
            ],
            [
              -79.3355345,
              43.8023294
            ],
            [
              -79.3346746,
              43.800426
            ],
            [
              -79.3345875,
              43.8002291
            ],
            [
              -79.3338113,
              43.7984669
            ],
            [
              -79.3337966,
              43.7984357
            ],
            [
              -79.3336528,
              43.7981277
            ],
            [
              -79.3336161,
              43.7980454
            ],
            [
              -79.3335841,
              43.7979766
            ],
            [
              -79.3334628,
              43.7976768
            ],
            [
              -79.332908,
              43.7964693
            ],
            [
              -79.3326936,
              43.7959933
            ],
            [
              -79.3325965,
              43.7957754
            ],
            [
              -79.3324367,
              43.7954187
            ],
            [
              -79.3318582,
              43.7941276
            ],
            [
              -79.3317915,
              43.7939787
            ],
            [
              -79.3317205,
              43.7938201
            ],
            [
              -79.3316885,
              43.7937487
            ],
            [
              -79.3310436,
              43.7922779
            ],
            [
              -79.3307856,
              43.7917493
            ],
            [
              -79.3298269,
              43.7897422
            ],
            [
              -79.3296364,
              43.7893434
            ],
            [
              -79.329584,
              43.7892337
            ],
            [
              -79.3295536,
              43.7891687
            ],
            [
              -79.3294172,
              43.7888774
            ],
            [
              -79.3293386,
              43.7887096
            ],
            [
              -79.3291779,
              43.7883671
            ],
            [
              -79.328804,
              43.7875685
            ],
            [
              -79.3287242,
              43.7873982
            ],
            [
              -79.328482,
              43.7868811
            ],
            [
              -79.3283998,
              43.7867057
            ],
            [
              -79.3281334,
              43.7861371
            ],
            [
              -79.3279426,
              43.7857298
            ],
            [
              -79.3273033,
              43.7843763
            ],
            [
              -79.3272363,
              43.7842218
            ],
            [
              -79.3271032,
              43.7839647
            ],
            [
              -79.3270652,
              43.7838866
            ],
            [
              -79.3270309,
              43.7838171
            ],
            [
              -79.3267781,
              43.7832822
            ],
            [
              -79.326436,
              43.7825112
            ],
            [
              -79.3257821,
              43.7811758
            ],
            [
              -79.3256298,
              43.7808684
            ],
            [
              -79.3254338,
              43.7804548
            ],
            [
              -79.3254008,
              43.7803866
            ],
            [
              -79.3253527,
              43.7802687
            ],
            [
              -79.3250134,
              43.7794665
            ],
            [
              -79.3249361,
              43.7793063
            ],
            [
              -79.324578,
              43.778564
            ],
            [
              -79.3244474,
              43.7783045
            ],
            [
              -79.3242061,
              43.7778211
            ],
            [
              -79.3241713,
              43.7777515
            ],
            [
              -79.3241348,
              43.7776723
            ],
            [
              -79.323756,
              43.7768921
            ],
            [
              -79.3236658,
              43.7767042
            ],
            [
              -79.3235102,
              43.7763801
            ],
            [
              -79.3234013,
              43.7761532
            ],
            [
              -79.323298,
              43.7759349
            ],
            [
              -79.3232517,
              43.7758415
            ],
            [
              -79.3230179,
              43.7752475
            ],
            [
              -79.3396296,
              43.776036
            ],
            [
              -79.3395341,
              43.7760282
            ],
            [
              -79.3377303,
              43.7758302
            ],
            [
              -79.3358675,
              43.7755968
            ],
            [
              -79.3350796,
              43.7755164
            ],
            [
              -79.3347135,
              43.7754787
            ],
            [
              -79.334401,
              43.775453
            ],
            [
              -79.3338309,
              43.7754054
            ],
            [
              -79.331798,
              43.775178
            ],
            [
              -79.3312307,
              43.7750991
            ],
            [
              -79.329337,
              43.7748798
            ],
            [
              -79.3277257,
              43.774703
            ],
            [
              -79.3267038,
              43.7746672
            ],
            [
              -79.3260574,
              43.7746914
            ],
            [
              -79.3253124,
              43.7747621
            ],
            [
              -79.3248752,
              43.7748468
            ],
            [
              -79.3230179,
              43.7752475
            ]
          ]
        ]
      }
    },
    {
      "type": "Feature",
      "properties": {
        "name": "Don Valley Village"
      },
      "geometry": {
        "type": "Polygon",
        "coordinates": [
          [
            [
              -79.3641353,
              43.7716453
            ],
            [
              -79.3636432,
              43.771687
            ],
            [
              -79.3617931,
              43.7719102
            ],
            [
              -79.3610837,
              43.7720216
            ],
            [
              -79.36069,
              43.7721015
            ],
            [
              -79.3603018,
              43.772192
            ],
            [
              -79.359996,
              43.7722637
            ],
            [
              -79.3586757,
              43.7725702
            ],
            [
              -79.3533247,
              43.7737293
            ],
            [
              -79.3512907,
              43.7741773
            ],
            [
              -79.3470446,
              43.7751063
            ],
            [
              -79.3447862,
              43.7755874
            ],
            [
              -79.3436936,
              43.7758414
            ],
            [
              -79.3426006,
              43.7760781
            ],
            [
              -79.3418971,
              43.7761938
            ],
            [
              -79.341649,
              43.7762161
            ],
            [
              -79.341411,
              43.7762209
            ],
            [
              -79.3410362,
              43.7762108
            ],
            [
              -79.3405145,
              43.7761609
            ],
            [
              -79.3399063,
              43.7760573
            ],
            [
              -79.3396296,
              43.776036
            ],
            [
              -79.3434567,
              43.7951654
            ],
            [
              -79.3430954,
              43.7934065
            ],
            [
              -79.3424552,
              43.7905623
            ],
            [
              -79.3422196,
              43.7895277
            ],
            [
              -79.3421104,
              43.789081
            ],
            [
              -79.3418148,
              43.7877529
            ],
            [
              -79.3415659,
              43.7865906
            ],
            [
              -79.3405306,
              43.7819179
            ],
            [
              -79.3398935,
              43.778466
            ],
            [
              -79.3398178,
              43.7778114
            ],
            [
              -79.3397118,
              43.7771181
            ],
            [
              -79.3396296,
              43.776036
            ],
            [
              -79.3669199,
              43.7900398
            ],
            [
              -79.3668038,
              43.7900528
            ],
            [
              -79.3665795,
              43.7900852
            ],
            [
              -79.366261,
              43.7901421
            ],
            [
              -79.3654617,
              43.7903156
            ],
            [
              -79.3634148,
              43.7907638
            ],
            [
              -79.3630364,
              43.7908437
            ],
            [
              -79.3605579,
              43.7913837
            ],
            [
              -79.3580571,
              43.7919667
            ],
            [
              -79.3571945,
              43.7921461
            ],
            [
              -79.3564944,
              43.7922932
            ],
            [
              -79.3555127,
              43.7924989
            ],
            [
              -79.3545055,
              43.7927042
            ],
            [
              -79.3536774,
              43.79286
            ],
            [
              -79.3528345,
              43.7930338
            ],
            [
              -79.352463,
              43.7931166
            ],
            [
              -79.3522806,
              43.7931645
            ],
            [
              -79.3515974,
              43.7933281
            ],
            [
              -79.3508966,
              43.7935081
            ],
            [
              -79.3504353,
              43.7936325
            ],
            [
              -79.3484994,
              43.7940958
            ],
            [
              -79.3480475,
              43.7941984
            ],
            [
              -79.3474473,
              43.7943455
            ],
            [
              -79.3452868,
              43.7948257
            ],
            [
              -79.3444137,
              43.7950217
            ],
            [
              -79.3437519,
              43.7951287
            ],
            [
              -79.3436553,
              43.7951466
            ],
            [
              -79.3435668,
              43.7951553
            ],
            [
              -79.3435045,
              43.7951587
            ],
            [
              -79.3434567,
              43.7951654
            ],
            [
              -79.3680777,
              43.7900405
            ],
            [
              -79.3676157,
              43.7900119
            ],
            [
              -79.3672489,
              43.79001
            ],
            [
              -79.3669199,
              43.7900398
            ],
            [
              -79.3680777,
              43.7900405
            ],
            [
              -79.3676537,
              43.7884544
            ],
            [
              -79.367585,
              43.7881349
            ],
            [
              -79.3675302,
              43.7878776
            ],
            [
              -79.3672574,
              43.786697
            ],
            [
              -79.3669557,
              43.7854683
            ],
            [
              -79.3668289,
              43.7848719
            ],
            [
              -79.366558,
              43.7837314
            ],
            [
              -79.3663944,
              43.782995
            ],
            [
              -79.3661966,
              43.7821798
            ],
            [
              -79.3660665,
              43.7816056
            ],
            [
              -79.3658634,
              43.7806863
            ],
            [
              -79.3653229,
              43.7782956
            ],
            [
              -79.3651485,
              43.7774822
            ],
            [
              -79.3649621,
              43.7766107
            ],
            [
              -79.3647864,
              43.7757556
            ],
            [
              -79.3646309,
              43.7749664
            ],
            [
              -79.3645947,
              43.7748396
            ],
            [
              -79.3641695,
              43.7725997
            ],
            [
              -79.3641149,
              43.7718584
            ],
            [
              -79.3641353,
              43.7716453
            ]
          ]
        ]
      }
    },
    {
      "type": "Feature",
      "properties": {
        "name": "Hillcrest Village"
      },
      "geometry": {
        "type": "Polygon",
        "coordinates": [
          [
            [
              -79.3717653,
              43.8086802
            ],
            [
              -79.3716361,
              43.8084425
            ],
            [
              -79.3715537,
              43.8082126
            ],
            [
              -79.3715369,
              43.8081509
            ],
            [
              -79.3715081,
              43.8080868
            ],
            [
              -79.3714957,
              43.8080125
            ],
            [
              -79.3714876,
              43.8079066
            ],
            [
              -79.3714973,
              43.8078081
            ],
            [
              -79.3715191,
              43.8077113
            ],
            [
              -79.3715627,
              43.8076133
            ],
            [
              -79.3716267,
              43.8075052
            ],
            [
              -79.3716811,
              43.8073943
            ],
            [
              -79.3717404,
              43.807308
            ],
            [
              -79.3717712,
              43.8072278
            ],
            [
              -79.3717553,
              43.8071046
            ],
            [
              -79.3716985,
              43.8068586
            ],
            [
              -79.371656,
              43.8067315
            ],
            [
              -79.3716006,
              43.8064957
            ],
            [
              -79.3715604,
              43.8063558
            ],
            [
              -79.3715342,
              43.806232
            ],
            [
              -79.3715282,
              43.8061284
            ],
            [
              -79.3715372,
              43.8060887
            ],
            [
              -79.371604,
              43.8060406
            ],
            [
              -79.3718275,
              43.8059244
            ],
            [
              -79.3680777,
              43.7900405
            ],
            [
              -79.3682032,
              43.790804
            ],
            [
              -79.3718275,
              43.8059244
            ],
            [
              -79.3680777,
              43.7900405
            ],
            [
              -79.3676157,
              43.7900119
            ],
            [
              -79.3672489,
              43.79001
            ],
            [
              -79.3669199,
              43.7900398
            ],
            [
              -79.3669199,
              43.7900398
            ],
            [
              -79.3668038,
              43.7900528
            ],
            [
              -79.3665795,
              43.7900852
            ],
            [
              -79.366261,
              43.7901421
            ],
            [
              -79.3654617,
              43.7903156
            ],
            [
              -79.3634148,
              43.7907638
            ],
            [
              -79.3630364,
              43.7908437
            ],
            [
              -79.3605579,
              43.7913837
            ],
            [
              -79.3580571,
              43.7919667
            ],
            [
              -79.3571945,
              43.7921461
            ],
            [
              -79.3564944,
              43.7922932
            ],
            [
              -79.3555127,
              43.7924989
            ],
            [
              -79.3545055,
              43.7927042
            ],
            [
              -79.3536774,
              43.79286
            ],
            [
              -79.3528345,
              43.7930338
            ],
            [
              -79.352463,
              43.7931166
            ],
            [
              -79.3522806,
              43.7931645
            ],
            [
              -79.3515974,
              43.7933281
            ],
            [
              -79.3508966,
              43.7935081
            ],
            [
              -79.3504353,
              43.7936325
            ],
            [
              -79.3484994,
              43.7940958
            ],
            [
              -79.3480475,
              43.7941984
            ],
            [
              -79.3474473,
              43.7943455
            ],
            [
              -79.3452868,
              43.7948257
            ],
            [
              -79.3444137,
              43.7950217
            ],
            [
              -79.3437519,
              43.7951287
            ],
            [
              -79.3436553,
              43.7951466
            ],
            [
              -79.3435668,
              43.7951553
            ],
            [
              -79.3435045,
              43.7951587
            ],
            [
              -79.3434567,
              43.7951654
            ],
            [
              -79.3355345,
              43.8023294
            ],
            [
              -79.3432845,
              43.7997654
            ],
            [
              -79.344402,
              43.7994861
            ],
            [
              -79.3442582,
              43.7988134
            ],
            [
              -79.3436131,
              43.7959532
            ],
            [
              -79.3434567,
              43.7951654
            ],
            [
              -79.3413434,
              43.8156447
            ],
            [
              -79.3413165,
              43.8155866
            ],
            [
              -79.3400291,
              43.8126769
            ],
            [
              -79.3399498,
              43.8125051
            ],
            [
              -79.3398094,
              43.8121691
            ],
            [
              -79.3393339,
              43.8110088
            ],
            [
              -79.3392388,
              43.810758
            ],
            [
              -79.3391851,
              43.8106372
            ],
            [
              -79.3391279,
              43.810504
            ],
            [
              -79.3390611,
              43.8103403
            ],
            [
              -79.3389641,
              43.8101082
            ],
            [
              -79.3388794,
              43.8099053
            ],
            [
              -79.3387815,
              43.8096712
            ],
            [
              -79.3386998,
              43.8094754
            ],
            [
              -79.3386611,
              43.8093829
            ],
            [
              -79.3384639,
              43.8089108
            ],
            [
              -79.3384499,
              43.8088774
            ],
            [
              -79.338334,
              43.8085998
            ],
            [
              -79.338297,
              43.8085112
            ],
            [
              -79.3382705,
              43.8084421
            ],
            [
              -79.3381647,
              43.8082088
            ],
            [
              -79.3380721,
              43.8080045
            ],
            [
              -79.3380562,
              43.8079695
            ],
            [
              -79.3378566,
              43.8075294
            ],
            [
              -79.3377459,
              43.8072852
            ],
            [
              -79.3375522,
              43.8068583
            ],
            [
              -79.3375237,
              43.8067907
            ],
            [
              -79.3374767,
              43.8066791
            ],
            [
              -79.3373903,
              43.806474
            ],
            [
              -79.3373349,
              43.8063534
            ],
            [
              -79.3373113,
              43.8063036
            ],
            [
              -79.3372766,
              43.8062303
            ],
            [
              -79.3372066,
              43.8060727
            ],
            [
              -79.3369954,
              43.8055805
            ],
            [
              -79.3368864,
              43.8053287
            ],
            [
              -79.3368167,
              43.8051676
            ],
            [
              -79.3355345,
              43.8023294
            ],
            [
              -79.3462652,
              43.8144819
            ],
            [
              -79.3457564,
              43.814593
            ],
            [
              -79.3451968,
              43.8147152
            ],
            [
              -79.3447765,
              43.814815
            ],
            [
              -79.3437856,
              43.8150516
            ],
            [
              -79.3431896,
              43.8151897
            ],
            [
              -79.3430852,
              43.8152143
            ],
            [
              -79.3428327,
              43.815274
            ],
            [
              -79.3425556,
              43.8153423
            ],
            [
              -79.3422849,
              43.815409
            ],
            [
              -79.3414202,
              43.8156267
            ],
            [
              -79.3413434,
              43.8156447
            ],
            [
              -79.3463922,
              43.8144513
            ],
            [
              -79.34636,
              43.8144591
            ],
            [
              -79.3462652,
              43.8144819
            ],
            [
              -79.3519448,
              43.8131911
            ],
            [
              -79.3509332,
              43.8134484
            ],
            [
              -79.3504282,
              43.8135529
            ],
            [
              -79.3487455,
              43.8139401
            ],
            [
              -79.3484962,
              43.8139985
            ],
            [
              -79.346959,
              43.8143358
            ],
            [
              -79.3464296,
              43.8144437
            ],
            [
              -79.3463922,
              43.8144513
            ],
            [
              -79.3717653,
              43.8086802
            ],
            [
              -79.3705644,
              43.8089548
            ],
            [
              -79.3704108,
              43.8089908
            ],
            [
              -79.3690657,
              43.8092993
            ],
            [
              -79.3677108,
              43.8096222
            ],
            [
              -79.3674137,
              43.8096853
            ],
            [
              -79.3669147,
              43.8097985
            ],
            [
              -79.3663917,
              43.8099157
            ],
            [
              -79.3659198,
              43.8100174
            ],
            [
              -79.3650079,
              43.8102172
            ],
            [
              -79.364783,
              43.8102672
            ],
            [
              -79.3627808,
              43.8107237
            ],
            [
              -79.3615733,
              43.811002
            ],
            [
              -79.3607585,
              43.811183
            ],
            [
              -79.357568,
              43.8119376
            ],
            [
              -79.3566656,
              43.812141
            ],
            [
              -79.3552899,
              43.8124353
            ],
            [
              -79.3550305,
              43.812489
            ],
            [
              -79.3549064,
              43.8125147
            ],
            [
              -79.3537025,
              43.8128065
            ],
            [
              -79.3522993,
              43.8131009
            ],
            [
              -79.3519448,
              43.8131911
            ]
          ]
        ]
      }
    },
    {
      "type": "Feature",
      "properties": {
        "name": "Harbourfront-CityPlace"
      },
      "geometry": {
        "type": "Polygon",
        "coordinates": [
          [
            [
              -79.3834332,
              43.6451086
            ],
            [
              -79.3827445,
              43.6452514
            ],
            [
              -79.3825323,
              43.6452892
            ],
            [
              -79.3825323,
              43.6452892
            ],
            [
              -79.3824718,
              43.6452919
            ],
            [
              -79.3822684,
              43.6448158
            ],
            [
              -79.3807999,
              43.6412468
            ],
            [
              -79.3805263,
              43.640534
            ],
            [
              -79.3804378,
              43.640335
            ],
            [
              -79.3803178,
              43.6401448
            ],
            [
              -79.3801998,
              43.6399657
            ],
            [
              -79.3800488,
              43.6395964
            ],
            [
              -79.3800883,
              43.6395838
            ],
            [
              -79.3801766,
              43.6397075
            ],
            [
              -79.3802611,
              43.6396815
            ],
            [
              -79.3795522,
              43.6380422
            ],
            [
              -79.3836656,
              43.6376605
            ],
            [
              -79.3842198,
              43.6389921
            ],
            [
              -79.3849236,
              43.6388306
            ],
            [
              -79.384386,
              43.6375791
            ],
            [
              -79.3854468,
              43.6374823
            ],
            [
              -79.3854649,
              43.637596
            ],
            [
              -79.3850552,
              43.6376342
            ],
            [
              -79.3851756,
              43.6379145
            ],
            [
              -79.3851498,
              43.6379344
            ],
            [
              -79.3852478,
              43.6381661
            ],
            [
              -79.3857577,
              43.6380656
            ],
            [
              -79.3857235,
              43.6379742
            ],
            [
              -79.3857522,
              43.6379604
            ],
            [
              -79.3856914,
              43.6375795
            ],
            [
              -79.3855866,
              43.6375807
            ],
            [
              -79.3855638,
              43.6374691
            ],
            [
              -79.3865987,
              43.6373756
            ],
            [
              -79.387041,
              43.6384989
            ],
            [
              -79.3875435,
              43.6383884
            ],
            [
              -79.3871182,
              43.6373196
            ],
            [
              -79.3888426,
              43.6371663
            ],
            [
              -79.3892038,
              43.6380857
            ],
            [
              -79.3894573,
              43.6380307
            ],
            [
              -79.3894999,
              43.6380592
            ],
            [
              -79.3896191,
              43.6380341
            ],
            [
              -79.3896329,
              43.638001
            ],
            [
              -79.3898586,
              43.637954
            ],
            [
              -79.3898842,
              43.6379309
            ],
            [
              -79.389558,
              43.6371244
            ],
            [
              -79.3910453,
              43.6369933
            ],
            [
              -79.391292,
              43.637533
            ],
            [
              -79.3919358,
              43.6373923
            ],
            [
              -79.3917677,
              43.6369406
            ],
            [
              -79.3917671,
              43.636894
            ],
            [
              -79.3915574,
              43.6363887
            ],
            [
              -79.391559,
              43.6363786
            ],
            [
              -79.3915649,
              43.6363682
            ],
            [
              -79.3915777,
              43.6363632
            ],
            [
              -79.391591,
              43.636359
            ],
            [
              -79.3916037,
              43.6363586
            ],
            [
              -79.3916144,
              43.6363605
            ],
            [
              -79.3916229,
              43.6363682
            ],
            [
              -79.3916293,
              43.6363775
            ],
            [
              -79.3918395,
              43.6369322
            ],
            [
              -79.3931315,
              43.6367993
            ],
            [
              -79.3931855,
              43.6367767
            ],
            [
              -79.393251,
              43.6367543
            ],
            [
              -79.3932958,
              43.6367467
            ],
            [
              -79.3933608,
              43.636744
            ],
            [
              -79.3934166,
              43.6367467
            ],
            [
              -79.393466,
              43.6367547
            ],
            [
              -79.3935024,
              43.6367553
            ],
            [
              -79.3935201,
              43.6367617
            ],
            [
              -79.3951373,
              43.636617
            ],
            [
              -79.395254,
              43.6364435
            ],
            [
              -79.3944883,
              43.6355382
            ],
            [
              -79.3929268,
              43.6363071
            ],
            [
              -79.3918922,
              43.636396
            ],
            [
              -79.3918757,
              43.6363917
            ],
            [
              -79.3918608,
              43.6363752
            ],
            [
              -79.3918496,
              43.636344
            ],
            [
              -79.3918534,
              43.6363236
            ],
            [
              -79.3918624,
              43.6363116
            ],
            [
              -79.3918826,
              43.6363062
            ],
            [
              -79.3928679,
              43.6362138
            ],
            [
              -79.3944477,
              43.6354434
            ],
            [
              -79.3949851,
              43.6353309
            ],
            [
              -79.3959733,
              43.6365316
            ],
            [
              -79.3968194,
              43.6364551
            ],
            [
              -79.3969361,
              43.6364178
            ],
            [
              -79.395424,
              43.6347207
            ],
            [
              -79.3968665,
              43.6339586
            ],
            [
              -79.4012732,
              43.6403704
            ],
            [
              -79.3996501,
              43.6364843
            ],
            [
              -79.3996049,
              43.6364309
            ],
            [
              -79.3994426,
              43.6363018
            ],
            [
              -79.3986963,
              43.6359242
            ],
            [
              -79.3984059,
              43.6357151
            ],
            [
              -79.3981209,
              43.6353967
            ],
            [
              -79.3973344,
              43.6344693
            ],
            [
              -79.3968665,
              43.6339586
            ],
            [
              -79.4014217,
              43.6407494
            ],
            [
              -79.401349,
              43.6405553
            ],
            [
              -79.4012732,
              43.6403704
            ],
            [
              -79.3834332,
              43.6451086
            ],
            [
              -79.3834812,
              43.6450926
            ],
            [
              -79.3921253,
              43.6432249
            ],
            [
              -79.3942627,
              43.6426526
            ],
            [
              -79.3969837,
              43.6419262
            ],
            [
              -79.4014217,
              43.6407494
            ]
          ]
        ]
      }
    },
    {
      "type": "Feature",
      "properties": {
        "name": "Milliken"
      },
      "geometry": {
        "type": "Polygon",
        "coordinates": [
          [
            [
              -79.2862755,
              43.8037673
            ],
            [
              -79.2865115,
              43.8042396
            ],
            [
              -79.2865974,
              43.8044603
            ],
            [
              -79.287107,
              43.8051378
            ],
            [
              -79.2878634,
              43.8058734
            ],
            [
              -79.2886037,
              43.8066941
            ],
            [
              -79.2888238,
              43.807139
            ],
            [
              -79.2890757,
              43.8076465
            ],
            [
              -79.2900038,
              43.8097292
            ],
            [
              -79.2902966,
              43.8104024
            ],
            [
              -79.2905455,
              43.8109473
            ],
            [
              -79.2907987,
              43.8115015
            ],
            [
              -79.2909276,
              43.8117819
            ],
            [
              -79.2912569,
              43.8124982
            ],
            [
              -79.2430778,
              43.8129752
            ],
            [
              -79.2451418,
              43.8125411
            ],
            [
              -79.2462347,
              43.8123063
            ],
            [
              -79.2466699,
              43.8122127
            ],
            [
              -79.2475894,
              43.8120307
            ],
            [
              -79.2498358,
              43.8115614
            ],
            [
              -79.2515876,
              43.8111464
            ],
            [
              -79.2529157,
              43.810855
            ],
            [
              -79.2533987,
              43.810754
            ],
            [
              -79.2554851,
              43.8103297
            ],
            [
              -79.2561775,
              43.8101989
            ],
            [
              -79.2567902,
              43.8100881
            ],
            [
              -79.2576992,
              43.8098881
            ],
            [
              -79.257714,
              43.809922
            ],
            [
              -79.2580742,
              43.8107424
            ],
            [
              -79.258537,
              43.8118303
            ],
            [
              -79.2587559,
              43.8122864
            ],
            [
              -79.2591568,
              43.8132609
            ],
            [
              -79.259589,
              43.8142186
            ],
            [
              -79.2603574,
              43.8160159
            ],
            [
              -79.2606388,
              43.8166396
            ],
            [
              -79.2608786,
              43.817171
            ],
            [
              -79.2616518,
              43.8190068
            ],
            [
              -79.2628437,
              43.8187382
            ],
            [
              -79.2670034,
              43.8178782
            ],
            [
              -79.2715172,
              43.8169449
            ],
            [
              -79.2757521,
              43.8160469
            ],
            [
              -79.2794335,
              43.8152487
            ],
            [
              -79.2808707,
              43.8149201
            ],
            [
              -79.2856662,
              43.813797
            ],
            [
              -79.2912569,
              43.8124982
            ],
            [
              -79.2511968,
              43.836602
            ],
            [
              -79.2509929,
              43.8331022
            ],
            [
              -79.2509333,
              43.8317692
            ],
            [
              -79.2508822,
              43.8313576
            ],
            [
              -79.2507204,
              43.8305345
            ],
            [
              -79.2504735,
              43.8299509
            ],
            [
              -79.2495197,
              43.8277762
            ],
            [
              -79.2483105,
              43.8250301
            ],
            [
              -79.2477826,
              43.8239488
            ],
            [
              -79.2469481,
              43.8219214
            ],
            [
              -79.2460539,
              43.8199491
            ],
            [
              -79.2448447,
              43.8172088
            ],
            [
              -79.2442912,
              43.8158755
            ],
            [
              -79.2438229,
              43.814751
            ],
            [
              -79.2430778,
              43.8129752
            ],
            [
              -79.2651158,
              43.8333657
            ],
            [
              -79.2649512,
              43.833407
            ],
            [
              -79.2574775,
              43.8351294
            ],
            [
              -79.2564737,
              43.8353687
            ],
            [
              -79.2530181,
              43.83618
            ],
            [
              -79.2522188,
              43.8363701
            ],
            [
              -79.2511968,
              43.836602
            ],
            [
              -79.2972772,
              43.8259606
            ],
            [
              -79.2971219,
              43.8259977
            ],
            [
              -79.2930988,
              43.8269262
            ],
            [
              -79.2927631,
              43.8270055
            ],
            [
              -79.292314,
              43.8271116
            ],
            [
              -79.2910869,
              43.8273919
            ],
            [
              -79.290818,
              43.8274497
            ],
            [
              -79.2882911,
              43.8280228
            ],
            [
              -79.2877576,
              43.8281418
            ],
            [
              -79.2864396,
              43.8284388
            ],
            [
              -79.2811873,
              43.82966
            ],
            [
              -79.2795313,
              43.830028
            ],
            [
              -79.2764978,
              43.8307293
            ],
            [
              -79.2762438,
              43.8307825
            ],
            [
              -79.2742093,
              43.8312431
            ],
            [
              -79.2732826,
              43.8314801
            ],
            [
              -79.2726262,
              43.8316389
            ],
            [
              -79.2711071,
              43.8319752
            ],
            [
              -79.269204,
              43.8324311
            ],
            [
              -79.2688426,
              43.8325282
            ],
            [
              -79.2671718,
              43.832878
            ],
            [
              -79.2669349,
              43.8329341
            ],
            [
              -79.2661227,
              43.8331266
            ],
            [
              -79.2651158,
              43.8333657
            ],
            [
              -79.3070501,
              43.8236906
            ],
            [
              -79.3044224,
              43.8243052
            ],
            [
              -79.3032208,
              43.8245558
            ],
            [
              -79.3022346,
              43.8248225
            ],
            [
              -79.3014982,
              43.8250022
            ],
            [
              -79.300514,
              43.825208
            ],
            [
              -79.2994068,
              43.8254735
            ],
            [
              -79.2993339,
              43.8254907
            ],
            [
              -79.2992602,
              43.8255082
            ],
            [
              -79.299089,
              43.8255486
            ],
            [
              -79.2987527,
              43.8256281
            ],
            [
              -79.2987063,
              43.8256391
            ],
            [
              -79.2984647,
              43.8256962
            ],
            [
              -79.2982949,
              43.8257363
            ],
            [
              -79.2980458,
              43.8257952
            ],
            [
              -79.2972772,
              43.8259606
            ],
            [
              -79.3070501,
              43.8236906
            ],
            [
              -79.3068745,
              43.8231859
            ],
            [
              -79.305279,
              43.8196473
            ],
            [
              -79.3042845,
              43.8173825
            ],
            [
              -79.3031909,
              43.8148883
            ],
            [
              -79.3025002,
              43.8133617
            ],
            [
              -79.3022313,
              43.812769
            ],
            [
              -79.3019188,
              43.8120809
            ],
            [
              -79.3015789,
              43.8113304
            ],
            [
              -79.3010156,
              43.8100839
            ],
            [
              -79.3010156,
              43.8100839
            ],
            [
              -79.3003149,
              43.8085867
            ],
            [
              -79.3000098,
              43.8079049
            ],
            [
              -79.299307,
              43.8063229
            ],
            [
              -79.2985339,
              43.8046132
            ],
            [
              -79.298208,
              43.8038786
            ],
            [
              -79.2978492,
              43.8031018
            ],
            [
              -79.2974529,
              43.8022839
            ],
            [
              -79.2973389,
              43.8020792
            ],
            [
              -79.2970855,
              43.8017114
            ],
            [
              -79.2968897,
              43.8014859
            ],
            [
              -79.2965973,
              43.8012691
            ],
            [
              -79.2965973,
              43.8012691
            ],
            [
              -79.2915977,
              43.8024526
            ],
            [
              -79.2915977,
              43.8024526
            ],
            [
              -79.2862755,
              43.8037673
            ]
          ]
        ]
      }
    },
    {
      "type": "Feature",
      "properties": {
        "name": "Westminster-Branson"
      },
      "geometry": {
        "type": "Polygon",
        "coordinates": [
          [
            [
              -79.4668788,
              43.787923
            ],
            [
              -79.4667282,
              43.7879567
            ],
            [
              -79.4659522,
              43.788109
            ],
            [
              -79.4647621,
              43.7883493
            ],
            [
              -79.4571698,
              43.7899606
            ],
            [
              -79.4492516,
              43.791674
            ],
            [
              -79.4491091,
              43.7917053
            ],
            [
              -79.448928,
              43.791745
            ],
            [
              -79.4486897,
              43.7917971
            ],
            [
              -79.4483932,
              43.7918622
            ],
            [
              -79.4481327,
              43.7919195
            ],
            [
              -79.4476572,
              43.7920142
            ],
            [
              -79.4469851,
              43.7921745
            ],
            [
              -79.4467618,
              43.7922246
            ],
            [
              -79.4465072,
              43.7922818
            ],
            [
              -79.4457565,
              43.7924485
            ],
            [
              -79.4668788,
              43.787923
            ],
            [
              -79.4667966,
              43.7877726
            ],
            [
              -79.4667198,
              43.7875886
            ],
            [
              -79.4666668,
              43.7873989
            ],
            [
              -79.466587,
              43.7872367
            ],
            [
              -79.4665012,
              43.7871123
            ],
            [
              -79.4663951,
              43.7869821
            ],
            [
              -79.4663211,
              43.7869016
            ],
            [
              -79.466181,
              43.7868899
            ],
            [
              -79.4660335,
              43.7868555
            ],
            [
              -79.4659721,
              43.7867243
            ],
            [
              -79.4660683,
              43.7866055
            ],
            [
              -79.4662317,
              43.7864752
            ],
            [
              -79.466269,
              43.7863279
            ],
            [
              -79.4662522,
              43.7861555
            ],
            [
              -79.466246,
              43.7859846
            ],
            [
              -79.4663111,
              43.785858
            ],
            [
              -79.4663272,
              43.7857491
            ],
            [
              -79.4663751,
              43.7855983
            ],
            [
              -79.4664901,
              43.7854875
            ],
            [
              -79.46664,
              43.785402
            ],
            [
              -79.4668774,
              43.7853468
            ],
            [
              -79.4670792,
              43.785295
            ],
            [
              -79.4671764,
              43.7851989
            ],
            [
              -79.4671895,
              43.7850484
            ],
            [
              -79.4672981,
              43.7849705
            ],
            [
              -79.4675109,
              43.7849608
            ],
            [
              -79.4676669,
              43.7849496
            ],
            [
              -79.4677836,
              43.7849872
            ],
            [
              -79.4680206,
              43.784993
            ],
            [
              -79.468251,
              43.784968
            ],
            [
              -79.4684555,
              43.7848797
            ],
            [
              -79.4685477,
              43.7847461
            ],
            [
              -79.4685316,
              43.7846142
            ],
            [
              -79.4684535,
              43.7844721
            ],
            [
              -79.4683308,
              43.7843445
            ],
            [
              -79.468029,
              43.7841564
            ],
            [
              -79.4678658,
              43.784101
            ],
            [
              -79.4676626,
              43.7840456
            ],
            [
              -79.4674436,
              43.7840037
            ],
            [
              -79.4672587,
              43.7839847
            ],
            [
              -79.4670648,
              43.7839838
            ],
            [
              -79.4666935,
              43.7840419
            ],
            [
              -79.4664811,
              43.7840894
            ],
            [
              -79.4662809,
              43.7841422
            ],
            [
              -79.4659356,
              43.7842768
            ],
            [
              -79.4657414,
              43.7843055
            ],
            [
              -79.4655185,
              43.7843026
            ],
            [
              -79.4653408,
              43.7842828
            ],
            [
              -79.4647359,
              43.784222
            ],
            [
              -79.4645311,
              43.7842174
            ],
            [
              -79.4643437,
              43.7841918
            ],
            [
              -79.4641693,
              43.784163
            ],
            [
              -79.4640194,
              43.7841401
            ],
            [
              -79.4638057,
              43.7841131
            ],
            [
              -79.4635833,
              43.7840923
            ],
            [
              -79.4633895,
              43.7840097
            ],
            [
              -79.4632262,
              43.7839064
            ],
            [
              -79.4631471,
              43.7837766
            ],
            [
              -79.4631276,
              43.7836181
            ],
            [
              -79.4631149,
              43.7834821
            ],
            [
              -79.4630656,
              43.7833487
            ],
            [
              -79.4630093,
              43.7832252
            ],
            [
              -79.4629436,
              43.7831074
            ],
            [
              -79.4628376,
              43.7829912
            ],
            [
              -79.4627018,
              43.7829166
            ],
            [
              -79.4625218,
              43.7828706
            ],
            [
              -79.4624118,
              43.7827489
            ],
            [
              -79.4623545,
              43.7826194
            ],
            [
              -79.4623374,
              43.7824795
            ],
            [
              -79.462267,
              43.7823432
            ],
            [
              -79.462151,
              43.782236
            ],
            [
              -79.4620159,
              43.7821604
            ],
            [
              -79.4617265,
              43.7820193
            ],
            [
              -79.4615845,
              43.7819167
            ],
            [
              -79.461474,
              43.7817971
            ],
            [
              -79.4613255,
              43.7816814
            ],
            [
              -79.4612008,
              43.7815877
            ],
            [
              -79.4610208,
              43.7814612
            ],
            [
              -79.4608841,
              43.78134
            ],
            [
              -79.460808,
              43.781157
            ],
            [
              -79.4607941,
              43.7811069
            ],
            [
              -79.4607696,
              43.7810561
            ],
            [
              -79.460658,
              43.7809746
            ],
            [
              -79.460489,
              43.7810035
            ],
            [
              -79.4603616,
              43.7809474
            ],
            [
              -79.4602329,
              43.7808564
            ],
            [
              -79.4600743,
              43.780754
            ],
            [
              -79.4599169,
              43.7806607
            ],
            [
              -79.4597189,
              43.7805684
            ],
            [
              -79.4595294,
              43.7805003
            ],
            [
              -79.4593397,
              43.7804882
            ],
            [
              -79.4591556,
              43.7805091
            ],
            [
              -79.4590269,
              43.7805902
            ],
            [
              -79.4590208,
              43.7806018
            ],
            [
              -79.4589065,
              43.7807151
            ],
            [
              -79.4587731,
              43.780908
            ],
            [
              -79.4587224,
              43.7809535
            ],
            [
              -79.4585997,
              43.7810452
            ],
            [
              -79.4584435,
              43.7811251
            ],
            [
              -79.4582883,
              43.7811583
            ],
            [
              -79.4582182,
              43.7811157
            ],
            [
              -79.4582557,
              43.7810443
            ],
            [
              -79.4583161,
              43.7809501
            ],
            [
              -79.4583335,
              43.780862
            ],
            [
              -79.4582822,
              43.7808192
            ],
            [
              -79.4581722,
              43.7808274
            ],
            [
              -79.4580334,
              43.7808618
            ],
            [
              -79.4579091,
              43.780833
            ],
            [
              -79.457893,
              43.7807221
            ],
            [
              -79.4579295,
              43.780595
            ],
            [
              -79.457839,
              43.7804655
            ],
            [
              -79.4578115,
              43.7803222
            ],
            [
              -79.4578635,
              43.7802735
            ],
            [
              -79.4578482,
              43.7801788
            ],
            [
              -79.4579136,
              43.7800513
            ],
            [
              -79.4579091,
              43.7799246
            ],
            [
              -79.4577485,
              43.7797444
            ],
            [
              -79.4575929,
              43.7797451
            ],
            [
              -79.4574249,
              43.7797737
            ],
            [
              -79.4573049,
              43.7797248
            ],
            [
              -79.4573012,
              43.7795703
            ],
            [
              -79.4572895,
              43.7794316
            ],
            [
              -79.4572338,
              43.7791576
            ],
            [
              -79.4571654,
              43.7790651
            ],
            [
              -79.4568689,
              43.7788959
            ],
            [
              -79.456733,
              43.7788415
            ],
            [
              -79.4566307,
              43.7786772
            ],
            [
              -79.4566719,
              43.7785943
            ],
            [
              -79.4567068,
              43.7784548
            ],
            [
              -79.4568124,
              43.7783457
            ],
            [
              -79.4569857,
              43.778296
            ],
            [
              -79.4571545,
              43.7782885
            ],
            [
              -79.4573274,
              43.7783085
            ],
            [
              -79.4574764,
              43.7782169
            ],
            [
              -79.4575431,
              43.7780686
            ],
            [
              -79.4575934,
              43.777927
            ],
            [
              -79.4577726,
              43.7778175
            ],
            [
              -79.4578888,
              43.7777483
            ],
            [
              -79.4580039,
              43.7776337
            ],
            [
              -79.4580774,
              43.7775015
            ],
            [
              -79.4580814,
              43.7773604
            ],
            [
              -79.4581488,
              43.7772396
            ],
            [
              -79.4582551,
              43.7771002
            ],
            [
              -79.4583526,
              43.7769353
            ],
            [
              -79.4584669,
              43.7767992
            ],
            [
              -79.4586355,
              43.7766771
            ],
            [
              -79.4595093,
              43.7764175
            ],
            [
              -79.4599495,
              43.7763165
            ],
            [
              -79.4603308,
              43.7762783
            ],
            [
              -79.4605688,
              43.7762502
            ],
            [
              -79.4606623,
              43.7762374
            ],
            [
              -79.4609631,
              43.776205
            ],
            [
              -79.4612598,
              43.7761246
            ],
            [
              -79.4614164,
              43.7759597
            ],
            [
              -79.4615273,
              43.7757315
            ],
            [
              -79.4616487,
              43.7755591
            ],
            [
              -79.4617855,
              43.7754114
            ],
            [
              -79.4620289,
              43.7752572
            ],
            [
              -79.462726,
              43.7748352
            ],
            [
              -79.4630237,
              43.7747176
            ],
            [
              -79.4633382,
              43.7746173
            ],
            [
              -79.4636714,
              43.7745321
            ],
            [
              -79.4640081,
              43.7744546
            ],
            [
              -79.4642937,
              43.7744319
            ],
            [
              -79.4646149,
              43.7744304
            ],
            [
              -79.4649824,
              43.7743975
            ],
            [
              -79.4653237,
              43.7743239
            ],
            [
              -79.4656596,
              43.7742135
            ],
            [
              -79.4659191,
              43.7740227
            ],
            [
              -79.4660197,
              43.773769
            ],
            [
              -79.4659902,
              43.7735216
            ],
            [
              -79.4658863,
              43.773279
            ],
            [
              -79.465779,
              43.7730505
            ],
            [
              -79.4656516,
              43.7728326
            ],
            [
              -79.4655161,
              43.7726365
            ],
            [
              -79.4653411,
              43.7724777
            ],
            [
              -79.4648825,
              43.7722758
            ],
            [
              -79.4646632,
              43.7722027
            ],
            [
              -79.4644111,
              43.7721489
            ],
            [
              -79.4641422,
              43.7721005
            ],
            [
              -79.4638103,
              43.7719978
            ],
            [
              -79.4635279,
              43.7718763
            ],
            [
              -79.4627964,
              43.7715863
            ],
            [
              -79.4625322,
              43.7715228
            ],
            [
              -79.4622754,
              43.7714831
            ],
            [
              -79.4620293,
              43.7714671
            ],
            [
              -79.4618368,
              43.7714463
            ],
            [
              -79.4616846,
              43.7714391
            ],
            [
              -79.4615304,
              43.7714633
            ],
            [
              -79.4609658,
              43.7715955
            ],
            [
              -79.4607525,
              43.7716003
            ],
            [
              -79.4605349,
              43.7716315
            ],
            [
              -79.4603053,
              43.7716342
            ],
            [
              -79.4601229,
              43.7716294
            ],
            [
              -79.459848,
              43.7716323
            ],
            [
              -79.4593363,
              43.7716763
            ],
            [
              -79.4590279,
              43.7716841
            ],
            [
              -79.4585377,
              43.7715165
            ],
            [
              -79.4583345,
              43.7713722
            ],
            [
              -79.4581166,
              43.7712977
            ],
            [
              -79.4578752,
              43.7713422
            ],
            [
              -79.4576901,
              43.771472
            ],
            [
              -79.4575493,
              43.7716013
            ],
            [
              -79.4573595,
              43.7716836
            ],
            [
              -79.4571919,
              43.7717431
            ],
            [
              -79.4568083,
              43.7719097
            ],
            [
              -79.456658,
              43.7719815
            ],
            [
              -79.456465,
              43.7720574
            ],
            [
              -79.4562429,
              43.7720296
            ],
            [
              -79.4561023,
              43.7718872
            ],
            [
              -79.4560265,
              43.7717034
            ],
            [
              -79.4561237,
              43.7713863
            ],
            [
              -79.4561183,
              43.771333
            ],
            [
              -79.4560556,
              43.7712483
            ],
            [
              -79.4560297,
              43.7711698
            ],
            [
              -79.4559195,
              43.7710149
            ],
            [
              -79.4557473,
              43.7708802
            ],
            [
              -79.4555839,
              43.7707204
            ],
            [
              -79.4555003,
              43.7705525
            ],
            [
              -79.4554736,
              43.7703789
            ],
            [
              -79.4555504,
              43.7700513
            ],
            [
              -79.4555242,
              43.7698649
            ],
            [
              -79.4555028,
              43.7696736
            ],
            [
              -79.4554552,
              43.769494
            ],
            [
              -79.4553606,
              43.76934
            ],
            [
              -79.4551789,
              43.7693253
            ],
            [
              -79.4549726,
              43.7693784
            ],
            [
              -79.4547819,
              43.7694346
            ],
            [
              -79.4543367,
              43.7694661
            ],
            [
              -79.4538237,
              43.7694603
            ],
            [
              -79.4535991,
              43.7694719
            ],
            [
              -79.453382,
              43.7695065
            ],
            [
              -79.4531354,
              43.769558
            ],
            [
              -79.452895,
              43.7695702
            ],
            [
              -79.452661,
              43.7695496
            ],
            [
              -79.4525044,
              43.7694337
            ],
            [
              -79.452459,
              43.7692966
            ],
            [
              -79.4524008,
              43.7691456
            ],
            [
              -79.4522975,
              43.7689073
            ],
            [
              -79.4521708,
              43.7688269
            ],
            [
              -79.4519455,
              43.768849
            ],
            [
              -79.4517249,
              43.768925
            ],
            [
              -79.4515428,
              43.7690342
            ],
            [
              -79.4513856,
              43.7691581
            ],
            [
              -79.451232,
              43.7692904
            ],
            [
              -79.4510141,
              43.7693948
            ],
            [
              -79.4507771,
              43.7694497
            ],
            [
              -79.4505304,
              43.7694282
            ],
            [
              -79.4504391,
              43.769286
            ],
            [
              -79.4504294,
              43.7690664
            ],
            [
              -79.4503828,
              43.7688872
            ],
            [
              -79.4503059,
              43.7687157
            ],
            [
              -79.4501974,
              43.7685584
            ],
            [
              -79.4500089,
              43.7684667
            ],
            [
              -79.4497525,
              43.7684566
            ],
            [
              -79.449507,
              43.7684425
            ],
            [
              -79.4492656,
              43.7683742
            ],
            [
              -79.4490366,
              43.768281
            ],
            [
              -79.4487979,
              43.7681725
            ],
            [
              -79.4485756,
              43.7680505
            ],
            [
              -79.4483399,
              43.7679638
            ],
            [
              -79.4481086,
              43.7679263
            ],
            [
              -79.4478913,
              43.7678488
            ],
            [
              -79.4476898,
              43.7677401
            ],
            [
              -79.4474783,
              43.7676367
            ],
            [
              -79.4472671,
              43.7675512
            ],
            [
              -79.4471125,
              43.7674176
            ],
            [
              -79.4471115,
              43.767242
            ],
            [
              -79.4470424,
              43.767051
            ],
            [
              -79.4468886,
              43.7668914
            ],
            [
              -79.4466599,
              43.7668132
            ],
            [
              -79.4461697,
              43.7667561
            ],
            [
              -79.4459432,
              43.7667391
            ],
            [
              -79.4459119,
              43.7666822
            ],
            [
              -79.4458975,
              43.7665159
            ],
            [
              -79.4460011,
              43.7663643
            ],
            [
              -79.4459122,
              43.7661697
            ],
            [
              -79.4458802,
              43.7660065
            ],
            [
              -79.445883,
              43.7658278
            ],
            [
              -79.445766,
              43.7656375
            ],
            [
              -79.4456222,
              43.765453
            ],
            [
              -79.4454862,
              43.765053
            ],
            [
              -79.4454907,
              43.7648769
            ],
            [
              -79.4455062,
              43.7647522
            ],
            [
              -79.4454619,
              43.7646645
            ],
            [
              -79.4453818,
              43.7645452
            ],
            [
              -79.445242,
              43.7643765
            ],
            [
              -79.4450412,
              43.7641727
            ],
            [
              -79.4448081,
              43.7640152
            ],
            [
              -79.444443,
              43.7638912
            ],
            [
              -79.4441969,
              43.7637164
            ],
            [
              -79.4440115,
              43.7635919
            ],
            [
              -79.4437888,
              43.7634187
            ],
            [
              -79.4436079,
              43.7632349
            ],
            [
              -79.4434245,
              43.7629994
            ],
            [
              -79.4432522,
              43.7627527
            ],
            [
              -79.4430991,
              43.762423
            ],
            [
              -79.4430231,
              43.7622747
            ],
            [
              -79.4428578,
              43.7620715
            ],
            [
              -79.4426791,
              43.7618783
            ],
            [
              -79.4425487,
              43.7617241
            ],
            [
              -79.4424823,
              43.7616432
            ],
            [
              -79.4423305,
              43.7614441
            ],
            [
              -79.4421216,
              43.7612875
            ],
            [
              -79.4418477,
              43.7612078
            ],
            [
              -79.4415597,
              43.7612037
            ],
            [
              -79.4413055,
              43.761216
            ],
            [
              -79.4409806,
              43.7613129
            ],
            [
              -79.4406668,
              43.7614257
            ],
            [
              -79.4403858,
              43.7615119
            ],
            [
              -79.4399527,
              43.7615551
            ],
            [
              -79.4404145,
              43.7634029
            ],
            [
              -79.4399527,
              43.7615551
            ],
            [
              -79.4430278,
              43.7738576
            ],
            [
              -79.4404145,
              43.7634029
            ],
            [
              -79.4457565,
              43.7924485
            ],
            [
              -79.4455129,
              43.7915705
            ],
            [
              -79.4453788,
              43.7909703
            ],
            [
              -79.4453788,
              43.7907535
            ],
            [
              -79.4454163,
              43.7905676
            ],
            [
              -79.4457114,
              43.7901339
            ],
            [
              -79.4463015,
              43.7894213
            ],
            [
              -79.446559,
              43.7890109
            ],
            [
              -79.4466716,
              43.7887359
            ],
            [
              -79.4466662,
              43.7884222
            ],
            [
              -79.4466072,
              43.7880582
            ],
            [
              -79.4460815,
              43.7860715
            ],
            [
              -79.4430278,
              43.7738576
            ]
          ]
        ]
      }
    },
    {
      "type": "Feature",
      "properties": {
        "name": "Bathurst Manor"
      },
      "geometry": {
        "type": "Polygon",
        "coordinates": [
          [
            [
              -79.4627713,
              43.7503767
            ],
            [
              -79.4639259,
              43.7552921
            ],
            [
              -79.4646053,
              43.7583988
            ],
            [
              -79.4646175,
              43.7584932
            ],
            [
              -79.4646096,
              43.7585371
            ],
            [
              -79.4647129,
              43.7589549
            ],
            [
              -79.4649523,
              43.7594733
            ],
            [
              -79.4649669,
              43.7597213
            ],
            [
              -79.4649961,
              43.7600272
            ],
            [
              -79.4650301,
              43.7602835
            ],
            [
              -79.4651243,
              43.76079
            ],
            [
              -79.4652069,
              43.7610226
            ],
            [
              -79.4653358,
              43.7616248
            ],
            [
              -79.4669285,
              43.7688626
            ],
            [
              -79.4700418,
              43.7817815
            ],
            [
              -79.4701487,
              43.7823852
            ],
            [
              -79.4701779,
              43.7827379
            ],
            [
              -79.4701244,
              43.7847403
            ],
            [
              -79.4700734,
              43.7861705
            ],
            [
              -79.4700709,
              43.7868005
            ],
            [
              -79.4700891,
              43.7872688
            ],
            [
              -79.4700891,
              43.7872688
            ],
            [
              -79.4691809,
              43.787445
            ],
            [
              -79.4690392,
              43.7874741
            ],
            [
              -79.468612,
              43.787562
            ],
            [
              -79.4685834,
              43.7875679
            ],
            [
              -79.4684849,
              43.7875882
            ],
            [
              -79.4683122,
              43.7876237
            ],
            [
              -79.467449,
              43.7878014
            ],
            [
              -79.4670179,
              43.7878918
            ],
            [
              -79.4668788,
              43.787923
            ],
            [
              -79.4668788,
              43.787923
            ],
            [
              -79.4667966,
              43.7877726
            ],
            [
              -79.4667198,
              43.7875886
            ],
            [
              -79.4666668,
              43.7873989
            ],
            [
              -79.466587,
              43.7872367
            ],
            [
              -79.4665012,
              43.7871123
            ],
            [
              -79.4663951,
              43.7869821
            ],
            [
              -79.4663211,
              43.7869016
            ],
            [
              -79.466181,
              43.7868899
            ],
            [
              -79.4660335,
              43.7868555
            ],
            [
              -79.4659721,
              43.7867243
            ],
            [
              -79.4660683,
              43.7866055
            ],
            [
              -79.4662317,
              43.7864752
            ],
            [
              -79.466269,
              43.7863279
            ],
            [
              -79.4662522,
              43.7861555
            ],
            [
              -79.466246,
              43.7859846
            ],
            [
              -79.4663111,
              43.785858
            ],
            [
              -79.4663272,
              43.7857491
            ],
            [
              -79.4663751,
              43.7855983
            ],
            [
              -79.4664901,
              43.7854875
            ],
            [
              -79.46664,
              43.785402
            ],
            [
              -79.4668774,
              43.7853468
            ],
            [
              -79.4670792,
              43.785295
            ],
            [
              -79.4671764,
              43.7851989
            ],
            [
              -79.4671895,
              43.7850484
            ],
            [
              -79.4672981,
              43.7849705
            ],
            [
              -79.4675109,
              43.7849608
            ],
            [
              -79.4676669,
              43.7849496
            ],
            [
              -79.4677836,
              43.7849872
            ],
            [
              -79.4680206,
              43.784993
            ],
            [
              -79.468251,
              43.784968
            ],
            [
              -79.4684555,
              43.7848797
            ],
            [
              -79.4685477,
              43.7847461
            ],
            [
              -79.4685316,
              43.7846142
            ],
            [
              -79.4684535,
              43.7844721
            ],
            [
              -79.4683308,
              43.7843445
            ],
            [
              -79.468029,
              43.7841564
            ],
            [
              -79.4678658,
              43.784101
            ],
            [
              -79.4676626,
              43.7840456
            ],
            [
              -79.4674436,
              43.7840037
            ],
            [
              -79.4672587,
              43.7839847
            ],
            [
              -79.4670648,
              43.7839838
            ],
            [
              -79.4666935,
              43.7840419
            ],
            [
              -79.4664811,
              43.7840894
            ],
            [
              -79.4662809,
              43.7841422
            ],
            [
              -79.4659356,
              43.7842768
            ],
            [
              -79.4657414,
              43.7843055
            ],
            [
              -79.4655185,
              43.7843026
            ],
            [
              -79.4653408,
              43.7842828
            ],
            [
              -79.4647359,
              43.784222
            ],
            [
              -79.4645311,
              43.7842174
            ],
            [
              -79.4643437,
              43.7841918
            ],
            [
              -79.4641693,
              43.784163
            ],
            [
              -79.4640194,
              43.7841401
            ],
            [
              -79.4638057,
              43.7841131
            ],
            [
              -79.4635833,
              43.7840923
            ],
            [
              -79.4633895,
              43.7840097
            ],
            [
              -79.4632262,
              43.7839064
            ],
            [
              -79.4631471,
              43.7837766
            ],
            [
              -79.4631276,
              43.7836181
            ],
            [
              -79.4631149,
              43.7834821
            ],
            [
              -79.4630656,
              43.7833487
            ],
            [
              -79.4630093,
              43.7832252
            ],
            [
              -79.4629436,
              43.7831074
            ],
            [
              -79.4628376,
              43.7829912
            ],
            [
              -79.4627018,
              43.7829166
            ],
            [
              -79.4625218,
              43.7828706
            ],
            [
              -79.4624118,
              43.7827489
            ],
            [
              -79.4623545,
              43.7826194
            ],
            [
              -79.4623374,
              43.7824795
            ],
            [
              -79.462267,
              43.7823432
            ],
            [
              -79.462151,
              43.782236
            ],
            [
              -79.4620159,
              43.7821604
            ],
            [
              -79.4617265,
              43.7820193
            ],
            [
              -79.4615845,
              43.7819167
            ],
            [
              -79.461474,
              43.7817971
            ],
            [
              -79.4613255,
              43.7816814
            ],
            [
              -79.4612008,
              43.7815877
            ],
            [
              -79.4610208,
              43.7814612
            ],
            [
              -79.4608841,
              43.78134
            ],
            [
              -79.460808,
              43.781157
            ],
            [
              -79.4607941,
              43.7811069
            ],
            [
              -79.4607696,
              43.7810561
            ],
            [
              -79.460658,
              43.7809746
            ],
            [
              -79.460489,
              43.7810035
            ],
            [
              -79.4603616,
              43.7809474
            ],
            [
              -79.4602329,
              43.7808564
            ],
            [
              -79.4600743,
              43.780754
            ],
            [
              -79.4599169,
              43.7806607
            ],
            [
              -79.4597189,
              43.7805684
            ],
            [
              -79.4595294,
              43.7805003
            ],
            [
              -79.4593397,
              43.7804882
            ],
            [
              -79.4591556,
              43.7805091
            ],
            [
              -79.4590269,
              43.7805902
            ],
            [
              -79.4590208,
              43.7806018
            ],
            [
              -79.4589065,
              43.7807151
            ],
            [
              -79.4587731,
              43.780908
            ],
            [
              -79.4587224,
              43.7809535
            ],
            [
              -79.4585997,
              43.7810452
            ],
            [
              -79.4584435,
              43.7811251
            ],
            [
              -79.4582883,
              43.7811583
            ],
            [
              -79.4582182,
              43.7811157
            ],
            [
              -79.4582557,
              43.7810443
            ],
            [
              -79.4583161,
              43.7809501
            ],
            [
              -79.4583335,
              43.780862
            ],
            [
              -79.4582822,
              43.7808192
            ],
            [
              -79.4581722,
              43.7808274
            ],
            [
              -79.4580334,
              43.7808618
            ],
            [
              -79.4579091,
              43.780833
            ],
            [
              -79.457893,
              43.7807221
            ],
            [
              -79.4579295,
              43.780595
            ],
            [
              -79.457839,
              43.7804655
            ],
            [
              -79.4578115,
              43.7803222
            ],
            [
              -79.4578635,
              43.7802735
            ],
            [
              -79.4578482,
              43.7801788
            ],
            [
              -79.4579136,
              43.7800513
            ],
            [
              -79.4579091,
              43.7799246
            ],
            [
              -79.4577485,
              43.7797444
            ],
            [
              -79.4575929,
              43.7797451
            ],
            [
              -79.4574249,
              43.7797737
            ],
            [
              -79.4573049,
              43.7797248
            ],
            [
              -79.4573012,
              43.7795703
            ],
            [
              -79.4572895,
              43.7794316
            ],
            [
              -79.4572338,
              43.7791576
            ],
            [
              -79.4571654,
              43.7790651
            ],
            [
              -79.4568689,
              43.7788959
            ],
            [
              -79.456733,
              43.7788415
            ],
            [
              -79.4566307,
              43.7786772
            ],
            [
              -79.4566719,
              43.7785943
            ],
            [
              -79.4567068,
              43.7784548
            ],
            [
              -79.4568124,
              43.7783457
            ],
            [
              -79.4569857,
              43.778296
            ],
            [
              -79.4571545,
              43.7782885
            ],
            [
              -79.4573274,
              43.7783085
            ],
            [
              -79.4574764,
              43.7782169
            ],
            [
              -79.4575431,
              43.7780686
            ],
            [
              -79.4575934,
              43.777927
            ],
            [
              -79.4577726,
              43.7778175
            ],
            [
              -79.4578888,
              43.7777483
            ],
            [
              -79.4580039,
              43.7776337
            ],
            [
              -79.4580774,
              43.7775015
            ],
            [
              -79.4580814,
              43.7773604
            ],
            [
              -79.4581488,
              43.7772396
            ],
            [
              -79.4582551,
              43.7771002
            ],
            [
              -79.4583526,
              43.7769353
            ],
            [
              -79.4584669,
              43.7767992
            ],
            [
              -79.4586355,
              43.7766771
            ],
            [
              -79.4595093,
              43.7764175
            ],
            [
              -79.4599495,
              43.7763165
            ],
            [
              -79.4603308,
              43.7762783
            ],
            [
              -79.4605688,
              43.7762502
            ],
            [
              -79.4606623,
              43.7762374
            ],
            [
              -79.4609631,
              43.776205
            ],
            [
              -79.4612598,
              43.7761246
            ],
            [
              -79.4614164,
              43.7759597
            ],
            [
              -79.4615273,
              43.7757315
            ],
            [
              -79.4616487,
              43.7755591
            ],
            [
              -79.4617855,
              43.7754114
            ],
            [
              -79.4620289,
              43.7752572
            ],
            [
              -79.462726,
              43.7748352
            ],
            [
              -79.4630237,
              43.7747176
            ],
            [
              -79.4633382,
              43.7746173
            ],
            [
              -79.4636714,
              43.7745321
            ],
            [
              -79.4640081,
              43.7744546
            ],
            [
              -79.4642937,
              43.7744319
            ],
            [
              -79.4646149,
              43.7744304
            ],
            [
              -79.4649824,
              43.7743975
            ],
            [
              -79.4653237,
              43.7743239
            ],
            [
              -79.4656596,
              43.7742135
            ],
            [
              -79.4659191,
              43.7740227
            ],
            [
              -79.4660197,
              43.773769
            ],
            [
              -79.4659902,
              43.7735216
            ],
            [
              -79.4658863,
              43.773279
            ],
            [
              -79.465779,
              43.7730505
            ],
            [
              -79.4656516,
              43.7728326
            ],
            [
              -79.4655161,
              43.7726365
            ],
            [
              -79.4653411,
              43.7724777
            ],
            [
              -79.4648825,
              43.7722758
            ],
            [
              -79.4646632,
              43.7722027
            ],
            [
              -79.4644111,
              43.7721489
            ],
            [
              -79.4641422,
              43.7721005
            ],
            [
              -79.4638103,
              43.7719978
            ],
            [
              -79.4635279,
              43.7718763
            ],
            [
              -79.4627964,
              43.7715863
            ],
            [
              -79.4625322,
              43.7715228
            ],
            [
              -79.4622754,
              43.7714831
            ],
            [
              -79.4620293,
              43.7714671
            ],
            [
              -79.4618368,
              43.7714463
            ],
            [
              -79.4616846,
              43.7714391
            ],
            [
              -79.4615304,
              43.7714633
            ],
            [
              -79.4609658,
              43.7715955
            ],
            [
              -79.4607525,
              43.7716003
            ],
            [
              -79.4605349,
              43.7716315
            ],
            [
              -79.4603053,
              43.7716342
            ],
            [
              -79.4601229,
              43.7716294
            ],
            [
              -79.459848,
              43.7716323
            ],
            [
              -79.4593363,
              43.7716763
            ],
            [
              -79.4590279,
              43.7716841
            ],
            [
              -79.4585377,
              43.7715165
            ],
            [
              -79.4583345,
              43.7713722
            ],
            [
              -79.4581166,
              43.7712977
            ],
            [
              -79.4578752,
              43.7713422
            ],
            [
              -79.4576901,
              43.771472
            ],
            [
              -79.4575493,
              43.7716013
            ],
            [
              -79.4573595,
              43.7716836
            ],
            [
              -79.4571919,
              43.7717431
            ],
            [
              -79.4568083,
              43.7719097
            ],
            [
              -79.456658,
              43.7719815
            ],
            [
              -79.456465,
              43.7720574
            ],
            [
              -79.4562429,
              43.7720296
            ],
            [
              -79.4561023,
              43.7718872
            ],
            [
              -79.4560265,
              43.7717034
            ],
            [
              -79.4561237,
              43.7713863
            ],
            [
              -79.4561183,
              43.771333
            ],
            [
              -79.4560556,
              43.7712483
            ],
            [
              -79.4560297,
              43.7711698
            ],
            [
              -79.4559195,
              43.7710149
            ],
            [
              -79.4557473,
              43.7708802
            ],
            [
              -79.4555839,
              43.7707204
            ],
            [
              -79.4555003,
              43.7705525
            ],
            [
              -79.4554736,
              43.7703789
            ],
            [
              -79.4555504,
              43.7700513
            ],
            [
              -79.4555242,
              43.7698649
            ],
            [
              -79.4555028,
              43.7696736
            ],
            [
              -79.4554552,
              43.769494
            ],
            [
              -79.4553606,
              43.76934
            ],
            [
              -79.4551789,
              43.7693253
            ],
            [
              -79.4549726,
              43.7693784
            ],
            [
              -79.4547819,
              43.7694346
            ],
            [
              -79.4543367,
              43.7694661
            ],
            [
              -79.4538237,
              43.7694603
            ],
            [
              -79.4535991,
              43.7694719
            ],
            [
              -79.453382,
              43.7695065
            ],
            [
              -79.4531354,
              43.769558
            ],
            [
              -79.452895,
              43.7695702
            ],
            [
              -79.452661,
              43.7695496
            ],
            [
              -79.4525044,
              43.7694337
            ],
            [
              -79.452459,
              43.7692966
            ],
            [
              -79.4524008,
              43.7691456
            ],
            [
              -79.4522975,
              43.7689073
            ],
            [
              -79.4521708,
              43.7688269
            ],
            [
              -79.4519455,
              43.768849
            ],
            [
              -79.4517249,
              43.768925
            ],
            [
              -79.4515428,
              43.7690342
            ],
            [
              -79.4513856,
              43.7691581
            ],
            [
              -79.451232,
              43.7692904
            ],
            [
              -79.4510141,
              43.7693948
            ],
            [
              -79.4507771,
              43.7694497
            ],
            [
              -79.4505304,
              43.7694282
            ],
            [
              -79.4504391,
              43.769286
            ],
            [
              -79.4504294,
              43.7690664
            ],
            [
              -79.4503828,
              43.7688872
            ],
            [
              -79.4503059,
              43.7687157
            ],
            [
              -79.4501974,
              43.7685584
            ],
            [
              -79.4500089,
              43.7684667
            ],
            [
              -79.4497525,
              43.7684566
            ],
            [
              -79.449507,
              43.7684425
            ],
            [
              -79.4492656,
              43.7683742
            ],
            [
              -79.4490366,
              43.768281
            ],
            [
              -79.4487979,
              43.7681725
            ],
            [
              -79.4485756,
              43.7680505
            ],
            [
              -79.4483399,
              43.7679638
            ],
            [
              -79.4481086,
              43.7679263
            ],
            [
              -79.4478913,
              43.7678488
            ],
            [
              -79.4476898,
              43.7677401
            ],
            [
              -79.4474783,
              43.7676367
            ],
            [
              -79.4472671,
              43.7675512
            ],
            [
              -79.4471125,
              43.7674176
            ],
            [
              -79.4471115,
              43.767242
            ],
            [
              -79.4470424,
              43.767051
            ],
            [
              -79.4468886,
              43.7668914
            ],
            [
              -79.4466599,
              43.7668132
            ],
            [
              -79.4461697,
              43.7667561
            ],
            [
              -79.4459432,
              43.7667391
            ],
            [
              -79.4459119,
              43.7666822
            ],
            [
              -79.4458975,
              43.7665159
            ],
            [
              -79.4460011,
              43.7663643
            ],
            [
              -79.4459122,
              43.7661697
            ],
            [
              -79.4458802,
              43.7660065
            ],
            [
              -79.445883,
              43.7658278
            ],
            [
              -79.445766,
              43.7656375
            ],
            [
              -79.4456222,
              43.765453
            ],
            [
              -79.4454862,
              43.765053
            ],
            [
              -79.4454907,
              43.7648769
            ],
            [
              -79.4455062,
              43.7647522
            ],
            [
              -79.4454619,
              43.7646645
            ],
            [
              -79.4453818,
              43.7645452
            ],
            [
              -79.445242,
              43.7643765
            ],
            [
              -79.4450412,
              43.7641727
            ],
            [
              -79.4448081,
              43.7640152
            ],
            [
              -79.444443,
              43.7638912
            ],
            [
              -79.4441969,
              43.7637164
            ],
            [
              -79.4440115,
              43.7635919
            ],
            [
              -79.4437888,
              43.7634187
            ],
            [
              -79.4436079,
              43.7632349
            ],
            [
              -79.4434245,
              43.7629994
            ],
            [
              -79.4432522,
              43.7627527
            ],
            [
              -79.4430991,
              43.762423
            ],
            [
              -79.4430231,
              43.7622747
            ],
            [
              -79.4428578,
              43.7620715
            ],
            [
              -79.4426791,
              43.7618783
            ],
            [
              -79.4425487,
              43.7617241
            ],
            [
              -79.4424823,
              43.7616432
            ],
            [
              -79.4423305,
              43.7614441
            ],
            [
              -79.4421216,
              43.7612875
            ],
            [
              -79.4418477,
              43.7612078
            ],
            [
              -79.4415597,
              43.7612037
            ],
            [
              -79.4413055,
              43.761216
            ],
            [
              -79.4409806,
              43.7613129
            ],
            [
              -79.4406668,
              43.7614257
            ],
            [
              -79.4403858,
              43.7615119
            ],
            [
              -79.4399527,
              43.7615551
            ],
            [
              -79.4399527,
              43.7615551
            ],
            [
              -79.4396079,
              43.7616043
            ],
            [
              -79.4394337,
              43.7615772
            ],
            [
              -79.4391963,
              43.761522
            ],
            [
              -79.4390697,
              43.7614686
            ],
            [
              -79.4389167,
              43.7614606
            ],
            [
              -79.438735,
              43.7613756
            ],
            [
              -79.4386063,
              43.7612578
            ],
            [
              -79.4385841,
              43.7611734
            ],
            [
              -79.4385271,
              43.7610984
            ],
            [
              -79.4384996,
              43.7609105
            ],
            [
              -79.4384307,
              43.7607973
            ],
            [
              -79.4382715,
              43.7606999
            ],
            [
              -79.4380913,
              43.7606689
            ],
            [
              -79.437911,
              43.7606689
            ],
            [
              -79.4377565,
              43.7606007
            ],
            [
              -79.4376621,
              43.7604644
            ],
            [
              -79.4376106,
              43.7603156
            ],
            [
              -79.4376345,
              43.7601401
            ],
            [
              -79.4377221,
              43.7599919
            ],
            [
              -79.4378124,
              43.7599196
            ],
            [
              -79.4379964,
              43.7598438
            ],
            [
              -79.4380815,
              43.7597889
            ],
            [
              -79.438159,
              43.7597092
            ],
            [
              -79.4382079,
              43.7595796
            ],
            [
              -79.4381751,
              43.759451
            ],
            [
              -79.4380827,
              43.7593113
            ],
            [
              -79.4379454,
              43.7591626
            ],
            [
              -79.4377995,
              43.7590634
            ],
            [
              -79.43765,
              43.7590364
            ],
            [
              -79.4374561,
              43.7590014
            ],
            [
              -79.4372002,
              43.7590111
            ],
            [
              -79.4371058,
              43.7590251
            ],
            [
              -79.4369125,
              43.7591156
            ],
            [
              -79.4365863,
              43.7591536
            ],
            [
              -79.4363498,
              43.7591364
            ],
            [
              -79.4358683,
              43.7590311
            ],
            [
              -79.4356521,
              43.7590475
            ],
            [
              -79.4354537,
              43.7590164
            ],
            [
              -79.4353008,
              43.7589396
            ],
            [
              -79.4352566,
              43.758885
            ],
            [
              -79.4352047,
              43.758821
            ],
            [
              -79.4351008,
              43.7586637
            ],
            [
              -79.4346554,
              43.7582755
            ],
            [
              -79.4343439,
              43.7581764
            ],
            [
              -79.4339009,
              43.7580666
            ],
            [
              -79.4338218,
              43.7580632
            ],
            [
              -79.4337661,
              43.7580533
            ],
            [
              -79.433734,
              43.7580317
            ],
            [
              -79.4337184,
              43.7580053
            ],
            [
              -79.4337192,
              43.7579746
            ],
            [
              -79.4337407,
              43.757945
            ],
            [
              -79.4337995,
              43.7578717
            ],
            [
              -79.433813,
              43.7577161
            ],
            [
              -79.4337555,
              43.7575281
            ],
            [
              -79.433677,
              43.7574506
            ],
            [
              -79.4335715,
              43.7574045
            ],
            [
              -79.4333551,
              43.7572749
            ],
            [
              -79.4331975,
              43.7572278
            ],
            [
              -79.4330246,
              43.7571968
            ],
            [
              -79.432875,
              43.75719
            ],
            [
              -79.432569,
              43.7572089
            ],
            [
              -79.4322239,
              43.7572757
            ],
            [
              -79.431823,
              43.7573642
            ],
            [
              -79.4309652,
              43.757565
            ],
            [
              -79.4307382,
              43.7576064
            ],
            [
              -79.4305888,
              43.7576038
            ],
            [
              -79.4304068,
              43.7575749
            ],
            [
              -79.4302717,
              43.7575164
            ],
            [
              -79.4301984,
              43.7574784
            ],
            [
              -79.4300942,
              43.7574002
            ],
            [
              -79.4300102,
              43.7572847
            ],
            [
              -79.4384805,
              43.7554588
            ],
            [
              -79.4384265,
              43.7554595
            ],
            [
              -79.4381992,
              43.7554716
            ],
            [
              -79.4379015,
              43.755506
            ],
            [
              -79.4372524,
              43.7556387
            ],
            [
              -79.4369962,
              43.75569
            ],
            [
              -79.4359052,
              43.7559375
            ],
            [
              -79.4355954,
              43.7560087
            ],
            [
              -79.4308633,
              43.757074
            ],
            [
              -79.4300102,
              43.7572847
            ],
            [
              -79.4595133,
              43.751084
            ],
            [
              -79.4519904,
              43.7526745
            ],
            [
              -79.4405538,
              43.7551197
            ],
            [
              -79.4401279,
              43.7552003
            ],
            [
              -79.4393122,
              43.7553651
            ],
            [
              -79.4390776,
              43.7554133
            ],
            [
              -79.4387732,
              43.7554477
            ],
            [
              -79.4384805,
              43.7554588
            ],
            [
              -79.4627713,
              43.7503767
            ],
            [
              -79.4595133,
              43.751084
            ]
          ]
        ]
      }
    },
    {
      "type": "Feature",
      "properties": {
        "name": "Tam O'Shanter-Sullivan"
      },
      "geometry": {
        "type": "Polygon",
        "coordinates": [
          [
            [
              -79.3230179,
              43.7752475
            ],
            [
              -79.3211108,
              43.7710635
            ],
            [
              -79.3197723,
              43.768329
            ],
            [
              -79.2944198,
              43.7727172
            ],
            [
              -79.3090153,
              43.7692654
            ],
            [
              -79.312706,
              43.7686456
            ],
            [
              -79.3158818,
              43.7683977
            ],
            [
              -79.3197723,
              43.768329
            ],
            [
              -79.2846151,
              43.77501
            ],
            [
              -79.2918492,
              43.7733251
            ],
            [
              -79.2944198,
              43.7727172
            ],
            [
              -79.2885738,
              43.7960691
            ],
            [
              -79.2880128,
              43.7947807
            ],
            [
              -79.2879143,
              43.7945449
            ],
            [
              -79.2871508,
              43.792718
            ],
            [
              -79.2869006,
              43.7921503
            ],
            [
              -79.287827,
              43.7919632
            ],
            [
              -79.2890637,
              43.7916857
            ],
            [
              -79.2905074,
              43.7913735
            ],
            [
              -79.2917056,
              43.7910971
            ],
            [
              -79.2915447,
              43.7906944
            ],
            [
              -79.2910264,
              43.7894567
            ],
            [
              -79.290669,
              43.7886265
            ],
            [
              -79.2904276,
              43.7880321
            ],
            [
              -79.2900816,
              43.7872527
            ],
            [
              -79.2899233,
              43.786877
            ],
            [
              -79.2896658,
              43.7863
            ],
            [
              -79.2894678,
              43.7857733
            ],
            [
              -79.2894626,
              43.785761
            ],
            [
              -79.2892102,
              43.7851873
            ],
            [
              -79.2887752,
              43.7842238
            ],
            [
              -79.2886143,
              43.7838636
            ],
            [
              -79.2883958,
              43.783494
            ],
            [
              -79.2882637,
              43.7832869
            ],
            [
              -79.288199,
              43.7831489
            ],
            [
              -79.2880953,
              43.7829739
            ],
            [
              -79.2879752,
              43.7827702
            ],
            [
              -79.2878583,
              43.7825789
            ],
            [
              -79.2877379,
              43.7823908
            ],
            [
              -79.2876604,
              43.7822317
            ],
            [
              -79.2875596,
              43.7820108
            ],
            [
              -79.2874277,
              43.7817342
            ],
            [
              -79.2872773,
              43.7813824
            ],
            [
              -79.2870922,
              43.7809583
            ],
            [
              -79.2869876,
              43.7807327
            ],
            [
              -79.2869005,
              43.7805149
            ],
            [
              -79.2868535,
              43.7804229
            ],
            [
              -79.2868027,
              43.7802527
            ],
            [
              -79.2867296,
              43.7800553
            ],
            [
              -79.2866672,
              43.7798802
            ],
            [
              -79.2865241,
              43.7795622
            ],
            [
              -79.2863098,
              43.7790442
            ],
            [
              -79.2860585,
              43.7784713
            ],
            [
              -79.2851714,
              43.7763158
            ],
            [
              -79.2846151,
              43.77501
            ],
            [
              -79.3109508,
              43.7854783
            ],
            [
              -79.3107272,
              43.7855325
            ],
            [
              -79.3099354,
              43.78572
            ],
            [
              -79.3092191,
              43.7858992
            ],
            [
              -79.3090253,
              43.7859628
            ],
            [
              -79.3088916,
              43.7860137
            ],
            [
              -79.3087695,
              43.7860761
            ],
            [
              -79.3086331,
              43.7861487
            ],
            [
              -79.3085063,
              43.7862201
            ],
            [
              -79.3084319,
              43.7862676
            ],
            [
              -79.3083394,
              43.7863629
            ],
            [
              -79.3081335,
              43.7866447
            ],
            [
              -79.3080606,
              43.7867704
            ],
            [
              -79.3080299,
              43.7868684
            ],
            [
              -79.3080105,
              43.786997
            ],
            [
              -79.3079638,
              43.7871675
            ],
            [
              -79.3078872,
              43.7876596
            ],
            [
              -79.3078874,
              43.7877869
            ],
            [
              -79.3078398,
              43.7879147
            ],
            [
              -79.307813,
              43.7880379
            ],
            [
              -79.307809,
              43.7881657
            ],
            [
              -79.3077543,
              43.7883068
            ],
            [
              -79.3077121,
              43.7884004
            ],
            [
              -79.3076443,
              43.7885418
            ],
            [
              -79.3075783,
              43.7886427
            ],
            [
              -79.3074277,
              43.7888393
            ],
            [
              -79.3073171,
              43.7889571
            ],
            [
              -79.30725,
              43.7890376
            ],
            [
              -79.3071102,
              43.7891079
            ],
            [
              -79.3070056,
              43.7891989
            ],
            [
              -79.306896,
              43.789271
            ],
            [
              -79.3067237,
              43.7893325
            ],
            [
              -79.3066794,
              43.7893548
            ],
            [
              -79.3065949,
              43.7893964
            ],
            [
              -79.3064363,
              43.7894668
            ],
            [
              -79.3062321,
              43.7895218
            ],
            [
              -79.3059716,
              43.7895956
            ],
            [
              -79.3057594,
              43.7896418
            ],
            [
              -79.3045145,
              43.7899248
            ],
            [
              -79.3037853,
              43.7900915
            ],
            [
              -79.3030291,
              43.7902687
            ],
            [
              -79.3023081,
              43.7904376
            ],
            [
              -79.3014756,
              43.7906397
            ],
            [
              -79.3005402,
              43.7908343
            ],
            [
              -79.2993576,
              43.7911177
            ],
            [
              -79.2988376,
              43.7912351
            ],
            [
              -79.2986013,
              43.7912985
            ],
            [
              -79.2984688,
              43.7913534
            ],
            [
              -79.29811,
              43.7915125
            ],
            [
              -79.2978928,
              43.7916845
            ],
            [
              -79.2976917,
              43.7919021
            ],
            [
              -79.2974928,
              43.7921814
            ],
            [
              -79.2965889,
              43.7936175
            ],
            [
              -79.2963821,
              43.793914
            ],
            [
              -79.2962295,
              43.7940931
            ],
            [
              -79.2960364,
              43.7942745
            ],
            [
              -79.2955648,
              43.7945781
            ],
            [
              -79.2952579,
              43.7946887
            ],
            [
              -79.2948827,
              43.7947961
            ],
            [
              -79.294708,
              43.7948341
            ],
            [
              -79.2934518,
              43.7951504
            ],
            [
              -79.2933138,
              43.7951595
            ],
            [
              -79.2931487,
              43.7951772
            ],
            [
              -79.2919876,
              43.7952022
            ],
            [
              -79.2913502,
              43.7953177
            ],
            [
              -79.290647,
              43.7954705
            ],
            [
              -79.2902259,
              43.7955737
            ],
            [
              -79.2898053,
              43.7956998
            ],
            [
              -79.28921,
              43.7959162
            ],
            [
              -79.2885738,
              43.7960691
            ],
            [
              -79.3230179,
              43.7752475
            ],
            [
              -79.3204039,
              43.7758912
            ],
            [
              -79.3203194,
              43.7759058
            ],
            [
              -79.318805,
              43.7762609
            ],
            [
              -79.317764,
              43.7765148
            ],
            [
              -79.3180744,
              43.7770058
            ],
            [
              -79.3181898,
              43.7772064
            ],
            [
              -79.3182367,
              43.7772861
            ],
            [
              -79.3183876,
              43.7775746
            ],
            [
              -79.3185319,
              43.7778893
            ],
            [
              -79.3186258,
              43.7781038
            ],
            [
              -79.3194665,
              43.7800022
            ],
            [
              -79.3198936,
              43.7810373
            ],
            [
              -79.3201639,
              43.7816753
            ],
            [
              -79.3196965,
              43.7817915
            ],
            [
              -79.3194937,
              43.7818528
            ],
            [
              -79.3193505,
              43.7819084
            ],
            [
              -79.3192535,
              43.7819725
            ],
            [
              -79.3190905,
              43.7820434
            ],
            [
              -79.3188444,
              43.7822276
            ],
            [
              -79.3185939,
              43.7824278
            ],
            [
              -79.3184292,
              43.782566
            ],
            [
              -79.3182888,
              43.7826931
            ],
            [
              -79.318193,
              43.7827644
            ],
            [
              -79.3180748,
              43.7828612
            ],
            [
              -79.3174139,
              43.7833981
            ],
            [
              -79.3173093,
              43.7834886
            ],
            [
              -79.3170408,
              43.7836912
            ],
            [
              -79.3168778,
              43.7837953
            ],
            [
              -79.3166884,
              43.7839253
            ],
            [
              -79.3164879,
              43.7840277
            ],
            [
              -79.3162472,
              43.784146
            ],
            [
              -79.3159719,
              43.7842595
            ],
            [
              -79.3158593,
              43.7843026
            ],
            [
              -79.3156729,
              43.7843675
            ],
            [
              -79.3154962,
              43.7844229
            ],
            [
              -79.3149061,
              43.7845686
            ],
            [
              -79.3129504,
              43.7850133
            ],
            [
              -79.3123949,
              43.7851508
            ],
            [
              -79.3111235,
              43.7854391
            ],
            [
              -79.3109508,
              43.7854783
            ]
          ]
        ]
      }
    },
    {
      "type": "Feature",
      "properties": {
        "name": "East L'Amoreaux"
      },
      "geometry": {
        "type": "Polygon",
        "coordinates": [
          [
            [
              -79.3109508,
              43.7854783
            ],
            [
              -79.3138821,
              43.7921774
            ],
            [
              -79.3150388,
              43.7948794
            ],
            [
              -79.3152844,
              43.7956037
            ],
            [
              -79.3154848,
              43.7960807
            ],
            [
              -79.3156122,
              43.7964258
            ],
            [
              -79.3161617,
              43.797665
            ],
            [
              -79.3166153,
              43.7986193
            ],
            [
              -79.3166716,
              43.7987263
            ],
            [
              -79.3168547,
              43.799005
            ],
            [
              -79.3170775,
              43.7992833
            ],
            [
              -79.3172067,
              43.7994099
            ],
            [
              -79.3174351,
              43.7996347
            ],
            [
              -79.3175983,
              43.7997813
            ],
            [
              -79.3179132,
              43.8000894
            ],
            [
              -79.3181757,
              43.8003979
            ],
            [
              -79.3182387,
              43.8005083
            ],
            [
              -79.3183383,
              43.8006641
            ],
            [
              -79.3183974,
              43.800769
            ],
            [
              -79.3184805,
              43.8009356
            ],
            [
              -79.3185509,
              43.8011023
            ],
            [
              -79.3187591,
              43.8015205
            ],
            [
              -79.3188833,
              43.801789
            ],
            [
              -79.3190152,
              43.8020754
            ],
            [
              -79.3195054,
              43.8031285
            ],
            [
              -79.3197693,
              43.8037174
            ],
            [
              -79.3201771,
              43.8046258
            ],
            [
              -79.320677,
              43.8056914
            ],
            [
              -79.320677,
              43.8056914
            ],
            [
              -79.3205768,
              43.8057134
            ],
            [
              -79.3106829,
              43.8078884
            ],
            [
              -79.3093472,
              43.8082015
            ],
            [
              -79.3093948,
              43.8083513
            ],
            [
              -79.3090273,
              43.8082751
            ],
            [
              -79.3063949,
              43.8088924
            ],
            [
              -79.3010156,
              43.8100839
            ],
            [
              -79.3010156,
              43.8100839
            ],
            [
              -79.3003149,
              43.8085867
            ],
            [
              -79.3000098,
              43.8079049
            ],
            [
              -79.299307,
              43.8063229
            ],
            [
              -79.2985339,
              43.8046132
            ],
            [
              -79.298208,
              43.8038786
            ],
            [
              -79.2978492,
              43.8031018
            ],
            [
              -79.2974529,
              43.8022839
            ],
            [
              -79.2973389,
              43.8020792
            ],
            [
              -79.2970855,
              43.8017114
            ],
            [
              -79.2968897,
              43.8014859
            ],
            [
              -79.2965973,
              43.8012691
            ],
            [
              -79.2965973,
              43.8012691
            ],
            [
              -79.2915977,
              43.8024526
            ],
            [
              -79.2915977,
              43.8024526
            ],
            [
              -79.2913898,
              43.802148
            ],
            [
              -79.2911984,
              43.8018525
            ],
            [
              -79.2910757,
              43.8016364
            ],
            [
              -79.2908817,
              43.8013209
            ],
            [
              -79.2905541,
              43.8006183
            ],
            [
              -79.29005,
              43.7994291
            ],
            [
              -79.2892157,
              43.7975194
            ],
            [
              -79.2885738,
              43.7960691
            ],
            [
              -79.3109508,
              43.7854783
            ],
            [
              -79.3107272,
              43.7855325
            ],
            [
              -79.3099354,
              43.78572
            ],
            [
              -79.3092191,
              43.7858992
            ],
            [
              -79.3090253,
              43.7859628
            ],
            [
              -79.3088916,
              43.7860137
            ],
            [
              -79.3087695,
              43.7860761
            ],
            [
              -79.3086331,
              43.7861487
            ],
            [
              -79.3085063,
              43.7862201
            ],
            [
              -79.3084319,
              43.7862676
            ],
            [
              -79.3083394,
              43.7863629
            ],
            [
              -79.3081335,
              43.7866447
            ],
            [
              -79.3080606,
              43.7867704
            ],
            [
              -79.3080299,
              43.7868684
            ],
            [
              -79.3080105,
              43.786997
            ],
            [
              -79.3079638,
              43.7871675
            ],
            [
              -79.3078872,
              43.7876596
            ],
            [
              -79.3078874,
              43.7877869
            ],
            [
              -79.3078398,
              43.7879147
            ],
            [
              -79.307813,
              43.7880379
            ],
            [
              -79.307809,
              43.7881657
            ],
            [
              -79.3077543,
              43.7883068
            ],
            [
              -79.3077121,
              43.7884004
            ],
            [
              -79.3076443,
              43.7885418
            ],
            [
              -79.3075783,
              43.7886427
            ],
            [
              -79.3074277,
              43.7888393
            ],
            [
              -79.3073171,
              43.7889571
            ],
            [
              -79.30725,
              43.7890376
            ],
            [
              -79.3071102,
              43.7891079
            ],
            [
              -79.3070056,
              43.7891989
            ],
            [
              -79.306896,
              43.789271
            ],
            [
              -79.3067237,
              43.7893325
            ],
            [
              -79.3066794,
              43.7893548
            ],
            [
              -79.3065949,
              43.7893964
            ],
            [
              -79.3064363,
              43.7894668
            ],
            [
              -79.3062321,
              43.7895218
            ],
            [
              -79.3059716,
              43.7895956
            ],
            [
              -79.3057594,
              43.7896418
            ],
            [
              -79.3045145,
              43.7899248
            ],
            [
              -79.3037853,
              43.7900915
            ],
            [
              -79.3030291,
              43.7902687
            ],
            [
              -79.3023081,
              43.7904376
            ],
            [
              -79.3014756,
              43.7906397
            ],
            [
              -79.3005402,
              43.7908343
            ],
            [
              -79.2993576,
              43.7911177
            ],
            [
              -79.2988376,
              43.7912351
            ],
            [
              -79.2986013,
              43.7912985
            ],
            [
              -79.2984688,
              43.7913534
            ],
            [
              -79.29811,
              43.7915125
            ],
            [
              -79.2978928,
              43.7916845
            ],
            [
              -79.2976917,
              43.7919021
            ],
            [
              -79.2974928,
              43.7921814
            ],
            [
              -79.2965889,
              43.7936175
            ],
            [
              -79.2963821,
              43.793914
            ],
            [
              -79.2962295,
              43.7940931
            ],
            [
              -79.2960364,
              43.7942745
            ],
            [
              -79.2955648,
              43.7945781
            ],
            [
              -79.2952579,
              43.7946887
            ],
            [
              -79.2948827,
              43.7947961
            ],
            [
              -79.294708,
              43.7948341
            ],
            [
              -79.2934518,
              43.7951504
            ],
            [
              -79.2933138,
              43.7951595
            ],
            [
              -79.2931487,
              43.7951772
            ],
            [
              -79.2919876,
              43.7952022
            ],
            [
              -79.2913502,
              43.7953177
            ],
            [
              -79.290647,
              43.7954705
            ],
            [
              -79.2902259,
              43.7955737
            ],
            [
              -79.2898053,
              43.7956998
            ],
            [
              -79.28921,
              43.7959162
            ],
            [
              -79.2885738,
              43.7960691
            ]
          ]
        ]
      }
    },
    {
      "type": "Feature",
      "properties": {
        "name": "L'Amoreaux West"
      },
      "geometry": {
        "type": "Polygon",
        "coordinates": [
          [
            [
              -79.3230179,
              43.7752475
            ],
            [
              -79.3204039,
              43.7758912
            ],
            [
              -79.3203194,
              43.7759058
            ],
            [
              -79.318805,
              43.7762609
            ],
            [
              -79.317764,
              43.7765148
            ],
            [
              -79.3180744,
              43.7770058
            ],
            [
              -79.3181898,
              43.7772064
            ],
            [
              -79.3182367,
              43.7772861
            ],
            [
              -79.3183876,
              43.7775746
            ],
            [
              -79.3185319,
              43.7778893
            ],
            [
              -79.3186258,
              43.7781038
            ],
            [
              -79.3194665,
              43.7800022
            ],
            [
              -79.3198936,
              43.7810373
            ],
            [
              -79.3201639,
              43.7816753
            ],
            [
              -79.3196965,
              43.7817915
            ],
            [
              -79.3194937,
              43.7818528
            ],
            [
              -79.3193505,
              43.7819084
            ],
            [
              -79.3192535,
              43.7819725
            ],
            [
              -79.3190905,
              43.7820434
            ],
            [
              -79.3188444,
              43.7822276
            ],
            [
              -79.3185939,
              43.7824278
            ],
            [
              -79.3184292,
              43.782566
            ],
            [
              -79.3182888,
              43.7826931
            ],
            [
              -79.318193,
              43.7827644
            ],
            [
              -79.3180748,
              43.7828612
            ],
            [
              -79.3174139,
              43.7833981
            ],
            [
              -79.3173093,
              43.7834886
            ],
            [
              -79.3170408,
              43.7836912
            ],
            [
              -79.3168778,
              43.7837953
            ],
            [
              -79.3166884,
              43.7839253
            ],
            [
              -79.3164879,
              43.7840277
            ],
            [
              -79.3162472,
              43.784146
            ],
            [
              -79.3159719,
              43.7842595
            ],
            [
              -79.3158593,
              43.7843026
            ],
            [
              -79.3156729,
              43.7843675
            ],
            [
              -79.3154962,
              43.7844229
            ],
            [
              -79.3149061,
              43.7845686
            ],
            [
              -79.3129504,
              43.7850133
            ],
            [
              -79.3123949,
              43.7851508
            ],
            [
              -79.3111235,
              43.7854391
            ],
            [
              -79.3109508,
              43.7854783
            ],
            [
              -79.3355345,
              43.8023294
            ],
            [
              -79.3346746,
              43.800426
            ],
            [
              -79.3345875,
              43.8002291
            ],
            [
              -79.3338113,
              43.7984669
            ],
            [
              -79.3337966,
              43.7984357
            ],
            [
              -79.3336528,
              43.7981277
            ],
            [
              -79.3336161,
              43.7980454
            ],
            [
              -79.3335841,
              43.7979766
            ],
            [
              -79.3334628,
              43.7976768
            ],
            [
              -79.332908,
              43.7964693
            ],
            [
              -79.3326936,
              43.7959933
            ],
            [
              -79.3325965,
              43.7957754
            ],
            [
              -79.3324367,
              43.7954187
            ],
            [
              -79.3318582,
              43.7941276
            ],
            [
              -79.3317915,
              43.7939787
            ],
            [
              -79.3317205,
              43.7938201
            ],
            [
              -79.3316885,
              43.7937487
            ],
            [
              -79.3310436,
              43.7922779
            ],
            [
              -79.3307856,
              43.7917493
            ],
            [
              -79.3298269,
              43.7897422
            ],
            [
              -79.3296364,
              43.7893434
            ],
            [
              -79.329584,
              43.7892337
            ],
            [
              -79.3295536,
              43.7891687
            ],
            [
              -79.3294172,
              43.7888774
            ],
            [
              -79.3293386,
              43.7887096
            ],
            [
              -79.3291779,
              43.7883671
            ],
            [
              -79.328804,
              43.7875685
            ],
            [
              -79.3287242,
              43.7873982
            ],
            [
              -79.328482,
              43.7868811
            ],
            [
              -79.3283998,
              43.7867057
            ],
            [
              -79.3281334,
              43.7861371
            ],
            [
              -79.3279426,
              43.7857298
            ],
            [
              -79.3273033,
              43.7843763
            ],
            [
              -79.3272363,
              43.7842218
            ],
            [
              -79.3271032,
              43.7839647
            ],
            [
              -79.3270652,
              43.7838866
            ],
            [
              -79.3270309,
              43.7838171
            ],
            [
              -79.3267781,
              43.7832822
            ],
            [
              -79.326436,
              43.7825112
            ],
            [
              -79.3257821,
              43.7811758
            ],
            [
              -79.3256298,
              43.7808684
            ],
            [
              -79.3254338,
              43.7804548
            ],
            [
              -79.3254008,
              43.7803866
            ],
            [
              -79.3253527,
              43.7802687
            ],
            [
              -79.3250134,
              43.7794665
            ],
            [
              -79.3249361,
              43.7793063
            ],
            [
              -79.324578,
              43.778564
            ],
            [
              -79.3244474,
              43.7783045
            ],
            [
              -79.3242061,
              43.7778211
            ],
            [
              -79.3241713,
              43.7777515
            ],
            [
              -79.3241348,
              43.7776723
            ],
            [
              -79.323756,
              43.7768921
            ],
            [
              -79.3236658,
              43.7767042
            ],
            [
              -79.3235102,
              43.7763801
            ],
            [
              -79.3234013,
              43.7761532
            ],
            [
              -79.323298,
              43.7759349
            ],
            [
              -79.3232517,
              43.7758415
            ],
            [
              -79.3230179,
              43.7752475
            ],
            [
              -79.3355345,
              43.8023294
            ],
            [
              -79.3306701,
              43.8034411
            ],
            [
              -79.3291821,
              43.8037823
            ],
            [
              -79.3272268,
              43.8042304
            ],
            [
              -79.3260835,
              43.8044922
            ],
            [
              -79.3254666,
              43.8046342
            ],
            [
              -79.3235864,
              43.8050509
            ],
            [
              -79.3228159,
              43.8052203
            ],
            [
              -79.3207338,
              43.8056785
            ],
            [
              -79.320677,
              43.8056914
            ],
            [
              -79.3109508,
              43.7854783
            ],
            [
              -79.3138821,
              43.7921774
            ],
            [
              -79.3150388,
              43.7948794
            ],
            [
              -79.3152844,
              43.7956037
            ],
            [
              -79.3154848,
              43.7960807
            ],
            [
              -79.3156122,
              43.7964258
            ],
            [
              -79.3161617,
              43.797665
            ],
            [
              -79.3166153,
              43.7986193
            ],
            [
              -79.3166716,
              43.7987263
            ],
            [
              -79.3168547,
              43.799005
            ],
            [
              -79.3170775,
              43.7992833
            ],
            [
              -79.3172067,
              43.7994099
            ],
            [
              -79.3174351,
              43.7996347
            ],
            [
              -79.3175983,
              43.7997813
            ],
            [
              -79.3179132,
              43.8000894
            ],
            [
              -79.3181757,
              43.8003979
            ],
            [
              -79.3182387,
              43.8005083
            ],
            [
              -79.3183383,
              43.8006641
            ],
            [
              -79.3183974,
              43.800769
            ],
            [
              -79.3184805,
              43.8009356
            ],
            [
              -79.3185509,
              43.8011023
            ],
            [
              -79.3187591,
              43.8015205
            ],
            [
              -79.3188833,
              43.801789
            ],
            [
              -79.3190152,
              43.8020754
            ],
            [
              -79.3195054,
              43.8031285
            ],
            [
              -79.3197693,
              43.8037174
            ],
            [
              -79.3201771,
              43.8046258
            ],
            [
              -79.320677,
              43.8056914
            ]
          ]
        ]
      }
    },
    {
      "type": "Feature",
      "properties": {
        "name": "Steeles"
      },
      "geometry": {
        "type": "Polygon",
        "coordinates": [
          [
            [
              -79.320677,
              43.8056914
            ],
            [
              -79.3205768,
              43.8057134
            ],
            [
              -79.3106829,
              43.8078884
            ],
            [
              -79.3093472,
              43.8082015
            ],
            [
              -79.3093948,
              43.8083513
            ],
            [
              -79.3090273,
              43.8082751
            ],
            [
              -79.3063949,
              43.8088924
            ],
            [
              -79.3010156,
              43.8100839
            ],
            [
              -79.3070501,
              43.8236906
            ],
            [
              -79.3068745,
              43.8231859
            ],
            [
              -79.305279,
              43.8196473
            ],
            [
              -79.3042845,
              43.8173825
            ],
            [
              -79.3031909,
              43.8148883
            ],
            [
              -79.3025002,
              43.8133617
            ],
            [
              -79.3022313,
              43.812769
            ],
            [
              -79.3019188,
              43.8120809
            ],
            [
              -79.3015789,
              43.8113304
            ],
            [
              -79.3010156,
              43.8100839
            ],
            [
              -79.3413434,
              43.8156447
            ],
            [
              -79.3412575,
              43.8156648
            ],
            [
              -79.3401642,
              43.8159481
            ],
            [
              -79.3377151,
              43.816572
            ],
            [
              -79.3373623,
              43.8166658
            ],
            [
              -79.336408,
              43.8168765
            ],
            [
              -79.3315092,
              43.8180011
            ],
            [
              -79.3311911,
              43.8180757
            ],
            [
              -79.3306057,
              43.8182057
            ],
            [
              -79.329129,
              43.8185442
            ],
            [
              -79.3284532,
              43.8186964
            ],
            [
              -79.3266815,
              43.8191257
            ],
            [
              -79.3265641,
              43.819152
            ],
            [
              -79.3233852,
              43.8198745
            ],
            [
              -79.3229209,
              43.8199813
            ],
            [
              -79.3228145,
              43.8199973
            ],
            [
              -79.3218592,
              43.8202247
            ],
            [
              -79.3209241,
              43.8204475
            ],
            [
              -79.3199044,
              43.8206869
            ],
            [
              -79.3185529,
              43.8209911
            ],
            [
              -79.3176406,
              43.8212155
            ],
            [
              -79.3161744,
              43.8215503
            ],
            [
              -79.3135694,
              43.8221723
            ],
            [
              -79.3127696,
              43.8223465
            ],
            [
              -79.3117807,
              43.8225749
            ],
            [
              -79.3097901,
              43.8230497
            ],
            [
              -79.3081251,
              43.8234392
            ],
            [
              -79.3070501,
              43.8236906
            ],
            [
              -79.3413434,
              43.8156447
            ],
            [
              -79.3413165,
              43.8155866
            ],
            [
              -79.3400291,
              43.8126769
            ],
            [
              -79.3399498,
              43.8125051
            ],
            [
              -79.3398094,
              43.8121691
            ],
            [
              -79.3393339,
              43.8110088
            ],
            [
              -79.3392388,
              43.810758
            ],
            [
              -79.3391851,
              43.8106372
            ],
            [
              -79.3391279,
              43.810504
            ],
            [
              -79.3390611,
              43.8103403
            ],
            [
              -79.3389641,
              43.8101082
            ],
            [
              -79.3388794,
              43.8099053
            ],
            [
              -79.3387815,
              43.8096712
            ],
            [
              -79.3386998,
              43.8094754
            ],
            [
              -79.3386611,
              43.8093829
            ],
            [
              -79.3384639,
              43.8089108
            ],
            [
              -79.3384499,
              43.8088774
            ],
            [
              -79.338334,
              43.8085998
            ],
            [
              -79.338297,
              43.8085112
            ],
            [
              -79.3382705,
              43.8084421
            ],
            [
              -79.3381647,
              43.8082088
            ],
            [
              -79.3380721,
              43.8080045
            ],
            [
              -79.3380562,
              43.8079695
            ],
            [
              -79.3378566,
              43.8075294
            ],
            [
              -79.3377459,
              43.8072852
            ],
            [
              -79.3375522,
              43.8068583
            ],
            [
              -79.3375237,
              43.8067907
            ],
            [
              -79.3374767,
              43.8066791
            ],
            [
              -79.3373903,
              43.806474
            ],
            [
              -79.3373349,
              43.8063534
            ],
            [
              -79.3373113,
              43.8063036
            ],
            [
              -79.3372766,
              43.8062303
            ],
            [
              -79.3372066,
              43.8060727
            ],
            [
              -79.3369954,
              43.8055805
            ],
            [
              -79.3368864,
              43.8053287
            ],
            [
              -79.3368167,
              43.8051676
            ],
            [
              -79.3355345,
              43.8023294
            ],
            [
              -79.3355345,
              43.8023294
            ],
            [
              -79.3306701,
              43.8034411
            ],
            [
              -79.3291821,
              43.8037823
            ],
            [
              -79.3272268,
              43.8042304
            ],
            [
              -79.3260835,
              43.8044922
            ],
            [
              -79.3254666,
              43.8046342
            ],
            [
              -79.3235864,
              43.8050509
            ],
            [
              -79.3228159,
              43.8052203
            ],
            [
              -79.3207338,
              43.8056785
            ],
            [
              -79.320677,
              43.8056914
            ]
          ]
        ]
      }
    }
  ]
}