{
  "type": "FeatureCollection",
  "features": [
    {
      "type": "Feature",
      "id": "node/26132060",
      "properties": {
        "type": "Railway Node"
      },
      "geometry": {
        "type": "Point",
        "coordinates": [
          -79.1964835,
          43.7551713
        ]
      }
    },
    {
      "type": "Feature",
      "id": "node/26132092",
      "properties": {
        "type": "Railway Node"
      },
      "geometry": {
        "type": "Point",
        "coordinates": [
          -79.38032,
          43.6445236
        ]
      }
    },
    {
      "type": "Feature",
      "id": "node/26132132",
      "properties": {
        "type": "Railway Node"
      },
      "geometry": {
        "type": "Point",
        "coordinates": [
          -79.3561775,
          43.6500576
        ]
      }
    },
    {
      "type": "Feature",
      "id": "node/26241048",
      "properties": {
        "type": "Railway Node"
      },
      "geometry": {
        "type": "Point",
        "coordinates": [
          -79.303082,
          43.6853938
        ]
      }
    },
    {
      "type": "Feature",
      "id": "node/26241049",
      "properties": {
        "type": "Railway Node"
      },
      "geometry": {
        "type": "Point",
        "coordinates": [
          -79.2973823,
          43.6870859
        ]
      }
    },
    {
      "type": "Feature",
      "id": "node/26241051",
      "properties": {
        "type": "Railway Node"
      },
      "geometry": {
        "type": "Point",
        "coordinates": [
          -79.2817069,
          43.6906308
        ]
      }
    },
    {
      "type": "Feature",
      "id": "node/26241284",
      "properties": {
        "type": "Railway Node"
      },
      "geometry": {
        "type": "Point",
        "coordinates": [
          -79.2793298,
          43.6911899
        ]
      }
    },
    {
      "type": "Feature",
      "id": "node/26241286",
      "properties": {
        "type": "Railway Node"
      },
      "geometry": {
        "type": "Point",
        "coordinates": [
          -79.274477,
          43.6929391
        ]
      }
    },
    {
      "type": "Feature",
      "id": "node/26241288",
      "properties": {
        "type": "Railway Node"
      },
      "geometry": {
        "type": "Point",
        "coordinates": [
          -79.2713601,
          43.6947482
        ]
      }
    },
    {
      "type": "Feature",
      "id": "node/26241290",
      "properties": {
        "type": "Railway Node"
      },
      "geometry": {
        "type": "Point",
        "coordinates": [
          -79.268266,
          43.697438
        ]
      }
    },
    {
      "type": "Feature",
      "id": "node/26241293",
      "properties": {
        "type": "Railway Node"
      },
      "geometry": {
        "type": "Point",
        "coordinates": [
          -79.2647198,
          43.7024333
        ]
      }
    },
    {
      "type": "Feature",
      "id": "node/26241295",
      "properties": {
        "type": "Railway Node"
      },
      "geometry": {
        "type": "Point",
        "coordinates": [
          -79.2614271,
          43.7073946
        ]
      }
    },
    {
      "type": "Feature",
      "id": "node/26241297",
      "properties": {
        "type": "Railway Node"
      },
      "geometry": {
        "type": "Point",
        "coordinates": [
          -79.2577708,
          43.7129174
        ]
      }
    },
    {
      "type": "Feature",
      "id": "node/26241299",
      "properties": {
        "type": "Railway Node"
      },
      "geometry": {
        "type": "Point",
        "coordinates": [
          -79.2549008,
          43.7172177
        ]
      }
    },
    {
      "type": "Feature",
      "id": "node/26241302",
      "properties": {
        "type": "Railway Node"
      },
      "geometry": {
        "type": "Point",
        "coordinates": [
          -79.2521373,
          43.7213863
        ]
      }
    },
    {
      "type": "Feature",
      "id": "node/26241303",
      "properties": {
        "type": "Railway Node"
      },
      "geometry": {
        "type": "Point",
        "coordinates": [
          -79.2497289,
          43.7249899
        ]
      }
    },
    {
      "type": "Feature",
      "id": "node/26241306",
      "properties": {
        "type": "Railway Node"
      },
      "geometry": {
        "type": "Point",
        "coordinates": [
          -79.2473438,
          43.7285555
        ]
      }
    },
    {
      "type": "Feature",
      "id": "node/26241308",
      "properties": {
        "type": "Railway Node"
      },
      "geometry": {
        "type": "Point",
        "coordinates": [
          -79.2453732,
          43.7307692
        ]
      }
    },
    {
      "type": "Feature",
      "id": "node/26241310",
      "properties": {
        "type": "Railway Node"
      },
      "geometry": {
        "type": "Point",
        "coordinates": [
          -79.2429373,
          43.7327135
        ]
      }
    },
    {
      "type": "Feature",
      "id": "node/26241312",
      "properties": {
        "type": "Railway Node"
      },
      "geometry": {
        "type": "Point",
        "coordinates": [
          -79.2412924,
          43.733756
        ]
      }
    },
    {
      "type": "Feature",
      "id": "node/26241313",
      "properties": {
        "type": "Railway Node"
      },
      "geometry": {
        "type": "Point",
        "coordinates": [
          -79.2373014,
          43.7362594
        ]
      }
    },
    {
      "type": "Feature",
      "id": "node/26241316",
      "properties": {
        "type": "Railway Node"
      },
      "geometry": {
        "type": "Point",
        "coordinates": [
          -79.2345815,
          43.7379626
        ]
      }
    },
    {
      "type": "Feature",
      "id": "node/26241318",
      "properties": {
        "type": "Railway Node"
      },
      "geometry": {
        "type": "Point",
        "coordinates": [
          -79.2322223,
          43.7394069
        ]
      }
    },
    {
      "type": "Feature",
      "id": "node/26241319",
      "properties": {
        "type": "Railway Node"
      },
      "geometry": {
        "type": "Point",
        "coordinates": [
          -79.2298394,
          43.7409389
        ]
      }
    },
    {
      "type": "Feature",
      "id": "node/26241320",
      "properties": {
        "type": "Railway Node"
      },
      "geometry": {
        "type": "Point",
        "coordinates": [
          -79.2277298,
          43.7423056
        ]
      }
    },
    {
      "type": "Feature",
      "id": "node/26241321",
      "properties": {
        "type": "Railway Node"
      },
      "geometry": {
        "type": "Point",
        "coordinates": [
          -79.2243604,
          43.7448931
        ]
      }
    },
    {
      "type": "Feature",
      "id": "node/26241322",
      "properties": {
        "type": "Railway Node"
      },
      "geometry": {
        "type": "Point",
        "coordinates": [
          -79.2227,
          43.7464116
        ]
      }
    },
    {
      "type": "Feature",
      "id": "node/26241323",
      "properties": {
        "type": "Railway Node"
      },
      "geometry": {
        "type": "Point",
        "coordinates": [
          -79.2209225,
          43.7478708
        ]
      }
    },
    {
      "type": "Feature",
      "id": "node/26241324",
      "properties": {
        "type": "Railway Node"
      },
      "geometry": {
        "type": "Point",
        "coordinates": [
          -79.2190642,
          43.7488432
        ]
      }
    },
    {
      "type": "Feature",
      "id": "node/26241325",
      "properties": {
        "type": "Railway Node"
      },
      "geometry": {
        "type": "Point",
        "coordinates": [
          -79.2174589,
          43.7493854
        ]
      }
    },
    {
      "type": "Feature",
      "id": "node/26241326",
      "properties": {
        "type": "Railway Node"
      },
      "geometry": {
        "type": "Point",
        "coordinates": [
          -79.2146071,
          43.7501192
        ]
      }
    },
    {
      "type": "Feature",
      "id": "node/26241327",
      "properties": {
        "type": "Railway Node"
      },
      "geometry": {
        "type": "Point",
        "coordinates": [
          -79.212805,
          43.750631
        ]
      }
    },
    {
      "type": "Feature",
      "id": "node/26241328",
      "properties": {
        "type": "Railway Node"
      },
      "geometry": {
        "type": "Point",
        "coordinates": [
          -79.2106445,
          43.7514641
        ]
      }
    },
    {
      "type": "Feature",
      "id": "node/26241329",
      "properties": {
        "type": "Railway Node"
      },
      "geometry": {
        "type": "Point",
        "coordinates": [
          -79.2089092,
          43.7522383
        ]
      }
    },
    {
      "type": "Feature",
      "id": "node/26241330",
      "properties": {
        "type": "Railway Node"
      },
      "geometry": {
        "type": "Point",
        "coordinates": [
          -79.20719,
          43.7529303
        ]
      }
    },
    {
      "type": "Feature",
      "id": "node/26241331",
      "properties": {
        "type": "Railway Node"
      },
      "geometry": {
        "type": "Point",
        "coordinates": [
          -79.2047508,
          43.7536661
        ]
      }
    },
    {
      "type": "Feature",
      "id": "node/26241334",
      "properties": {
        "type": "Railway Node"
      },
      "geometry": {
        "type": "Point",
        "coordinates": [
          -79.2012687,
          43.7543847
        ]
      }
    },
    {
      "type": "Feature",
      "id": "node/26241336",
      "properties": {
        "type": "Railway Node"
      },
      "geometry": {
        "type": "Point",
        "coordinates": [
          -79.195038,
          43.7554805
        ]
      }
    },
    {
      "type": "Feature",
      "id": "node/26241368",
      "properties": {
        "type": "Railway Node"
      },
      "geometry": {
        "type": "Point",
        "coordinates": [
          -79.1914786,
          43.7562021
        ]
      }
    },
    {
      "type": "Feature",
      "id": "node/26241369",
      "properties": {
        "type": "Railway Node"
      },
      "geometry": {
        "type": "Point",
        "coordinates": [
          -79.1848179,
          43.7575255
        ]
      }
    },
    {
      "type": "Feature",
      "id": "node/26241370",
      "properties": {
        "type": "Railway Node"
      },
      "geometry": {
        "type": "Point",
        "coordinates": [
          -79.1786797,
          43.758712
        ]
      }
    },
    {
      "type": "Feature",
      "id": "node/26241371",
      "properties": {
        "type": "Railway Node"
      },
      "geometry": {
        "type": "Point",
        "coordinates": [
          -79.1734389,
          43.7597261
        ]
      }
    },
    {
      "type": "Feature",
      "id": "node/26241372",
      "properties": {
        "type": "Railway Node"
      },
      "geometry": {
        "type": "Point",
        "coordinates": [
          -79.1668674,
          43.7609775
        ]
      }
    },
    {
      "type": "Feature",
      "id": "node/26241373",
      "properties": {
        "type": "Railway Node"
      },
      "geometry": {
        "type": "Point",
        "coordinates": [
          -79.1633293,
          43.7617118
        ]
      }
    },
    {
      "type": "Feature",
      "id": "node/26241374",
      "properties": {
        "type": "Railway Node"
      },
      "geometry": {
        "type": "Point",
        "coordinates": [
          -79.1583179,
          43.7629735
        ]
      }
    },
    {
      "type": "Feature",
      "id": "node/26241375",
      "properties": {
        "type": "Railway Node"
      },
      "geometry": {
        "type": "Point",
        "coordinates": [
          -79.1529067,
          43.76436
        ]
      }
    },
    {
      "type": "Feature",
      "id": "node/26241376",
      "properties": {
        "type": "Railway Node"
      },
      "geometry": {
        "type": "Point",
        "coordinates": [
          -79.1491733,
          43.7653407
        ]
      }
    },
    {
      "type": "Feature",
      "id": "node/26241378",
      "properties": {
        "type": "Railway Node"
      },
      "geometry": {
        "type": "Point",
        "coordinates": [
          -79.1445427,
          43.7676888
        ]
      }
    },
    {
      "type": "Feature",
      "id": "node/26241379",
      "properties": {
        "type": "Railway Node"
      },
      "geometry": {
        "type": "Point",
        "coordinates": [
          -79.1426841,
          43.7688495
        ]
      }
    },
    {
      "type": "Feature",
      "id": "node/26241380",
      "properties": {
        "type": "Railway Node"
      },
      "geometry": {
        "type": "Point",
        "coordinates": [
          -79.1405445,
          43.7702011
        ]
      }
    },
    {
      "type": "Feature",
      "id": "node/26241418",
      "properties": {
        "type": "Railway Node"
      },
      "geometry": {
        "type": "Point",
        "coordinates": [
          -79.1383933,
          43.7717621
        ]
      }
    },
    {
      "type": "Feature",
      "id": "node/26241419",
      "properties": {
        "type": "Railway Node"
      },
      "geometry": {
        "type": "Point",
        "coordinates": [
          -79.1363833,
          43.7736267
        ]
      }
    },
    {
      "type": "Feature",
      "id": "node/26241420",
      "properties": {
        "type": "Railway Node"
      },
      "geometry": {
        "type": "Point",
        "coordinates": [
          -79.1341983,
          43.7759467
        ]
      }
    },
    {
      "type": "Feature",
      "id": "node/26241421",
      "properties": {
        "type": "Railway Node"
      },
      "geometry": {
        "type": "Point",
        "coordinates": [
          -79.1330549,
          43.7771783
        ]
      }
    },
    {
      "type": "Feature",
      "id": "node/26241423",
      "properties": {
        "type": "Railway Node"
      },
      "geometry": {
        "type": "Point",
        "coordinates": [
          -79.1277516,
          43.7828444
        ]
      }
    },
    {
      "type": "Feature",
      "id": "node/26241424",
      "properties": {
        "type": "Railway Node"
      },
      "geometry": {
        "type": "Point",
        "coordinates": [
          -79.1250029,
          43.7857672
        ]
      }
    },
    {
      "type": "Feature",
      "id": "node/26241425",
      "properties": {
        "type": "Railway Node"
      },
      "geometry": {
        "type": "Point",
        "coordinates": [
          -79.1220397,
          43.7891267
        ]
      }
    },
    {
      "type": "Feature",
      "id": "node/26241426",
      "properties": {
        "type": "Railway Node"
      },
      "geometry": {
        "type": "Point",
        "coordinates": [
          -79.1197708,
          43.7922645
        ]
      }
    },
    {
      "type": "Feature",
      "id": "node/26241427",
      "properties": {
        "type": "Railway Node"
      },
      "geometry": {
        "type": "Point",
        "coordinates": [
          -79.1174688,
          43.795475
        ]
      }
    },
    {
      "type": "Feature",
      "id": "node/26241428",
      "properties": {
        "type": "Railway Node"
      },
      "geometry": {
        "type": "Point",
        "coordinates": [
          -79.116267,
          43.797831
        ]
      }
    },
    {
      "type": "Feature",
      "id": "node/26241429",
      "properties": {
        "type": "Railway Node"
      },
      "geometry": {
        "type": "Point",
        "coordinates": [
          -79.1155059,
          43.8005834
        ]
      }
    },
    {
      "type": "Feature",
      "id": "node/26241430",
      "properties": {
        "type": "Railway Node"
      },
      "geometry": {
        "type": "Point",
        "coordinates": [
          -79.1152385,
          43.8038658
        ]
      }
    },
    {
      "type": "Feature",
      "id": "node/26241431",
      "properties": {
        "type": "Railway Node"
      },
      "geometry": {
        "type": "Point",
        "coordinates": [
          -79.1149212,
          43.8083671
        ]
      }
    },
    {
      "type": "Feature",
      "id": "node/26241432",
      "properties": {
        "type": "Railway Node"
      },
      "geometry": {
        "type": "Point",
        "coordinates": [
          -79.1144639,
          43.8114993
        ]
      }
    },
    {
      "type": "Feature",
      "id": "node/26241433",
      "properties": {
        "type": "Railway Node"
      },
      "geometry": {
        "type": "Point",
        "coordinates": [
          -79.1133631,
          43.8144024
        ]
      }
    },
    {
      "type": "Feature",
      "id": "node/26241434",
      "properties": {
        "type": "Railway Node"
      },
      "geometry": {
        "type": "Point",
        "coordinates": [
          -79.111757,
          43.8168217
        ]
      }
    },
    {
      "type": "Feature",
      "id": "node/26241435",
      "properties": {
        "type": "Railway Node"
      },
      "geometry": {
        "type": "Point",
        "coordinates": [
          -79.1092795,
          43.8192544
        ]
      }
    },
    {
      "type": "Feature",
      "id": "node/26241436",
      "properties": {
        "type": "Railway Node"
      },
      "geometry": {
        "type": "Point",
        "coordinates": [
          -79.1061592,
          43.8213428
        ]
      }
    },
    {
      "type": "Feature",
      "id": "node/26241437",
      "properties": {
        "type": "Railway Node"
      },
      "geometry": {
        "type": "Point",
        "coordinates": [
          -79.1021918,
          43.8232516
        ]
      }
    },
    {
      "type": "Feature",
      "id": "node/26241439",
      "properties": {
        "type": "Railway Node"
      },
      "geometry": {
        "type": "Point",
        "coordinates": [
          -79.0958076,
          43.8261356
        ]
      }
    },
    {
      "type": "Feature",
      "id": "node/26241443",
      "properties": {
        "type": "Railway Node"
      },
      "geometry": {
        "type": "Point",
        "coordinates": [
          -79.0926478,
          43.8275627
        ]
      }
    },
    {
      "type": "Feature",
      "id": "node/26241446",
      "properties": {
        "type": "Railway Node"
      },
      "geometry": {
        "type": "Point",
        "coordinates": [
          -79.0863549,
          43.8304674
        ]
      }
    },
    {
      "type": "Feature",
      "id": "node/26241450",
      "properties": {
        "type": "Railway Node"
      },
      "geometry": {
        "type": "Point",
        "coordinates": [
          -79.0810366,
          43.8329705
        ]
      }
    },
    {
      "type": "Feature",
      "id": "node/26241464",
      "properties": {
        "type": "Railway Node"
      },
      "geometry": {
        "type": "Point",
        "coordinates": [
          -79.0745446,
          43.8359609
        ]
      }
    },
    {
      "type": "Feature",
      "id": "node/26241466",
      "properties": {
        "type": "Railway Node"
      },
      "geometry": {
        "type": "Point",
        "coordinates": [
          -79.0712468,
          43.8374988
        ]
      }
    },
    {
      "type": "Feature",
      "id": "node/26241467",
      "properties": {
        "type": "Railway Node"
      },
      "geometry": {
        "type": "Point",
        "coordinates": [
          -79.0661571,
          43.8398266
        ]
      }
    },
    {
      "type": "Feature",
      "id": "node/26241470",
      "properties": {
        "type": "Railway Node"
      },
      "geometry": {
        "type": "Point",
        "coordinates": [
          -79.060724,
          43.8423276
        ]
      }
    },
    {
      "type": "Feature",
      "id": "node/26241472",
      "properties": {
        "type": "Railway Node"
      },
      "geometry": {
        "type": "Point",
        "coordinates": [
          -79.0553767,
          43.8446986
        ]
      }
    },
    {
      "type": "Feature",
      "id": "node/26241474",
      "properties": {
        "type": "Railway Node"
      },
      "geometry": {
        "type": "Point",
        "coordinates": [
          -79.0579628,
          43.8436163
        ]
      }
    },
    {
      "type": "Feature",
      "id": "node/26241517",
      "properties": {
        "type": "Railway Node"
      },
      "geometry": {
        "type": "Point",
        "coordinates": [
          -79.0507593,
          43.8459485
        ]
      }
    },
    {
      "type": "Feature",
      "id": "node/26241518",
      "properties": {
        "type": "Railway Node"
      },
      "geometry": {
        "type": "Point",
        "coordinates": [
          -79.0457294,
          43.8470632
        ]
      }
    },
    {
      "type": "Feature",
      "id": "node/26241519",
      "properties": {
        "type": "Railway Node"
      },
      "geometry": {
        "type": "Point",
        "coordinates": [
          -79.041631,
          43.8480188
        ]
      }
    },
    {
      "type": "Feature",
      "id": "node/26241520",
      "properties": {
        "type": "Railway Node"
      },
      "geometry": {
        "type": "Point",
        "coordinates": [
          -79.0340118,
          43.8497403
        ]
      }
    },
    {
      "type": "Feature",
      "id": "node/26241521",
      "properties": {
        "type": "Railway Node"
      },
      "geometry": {
        "type": "Point",
        "coordinates": [
          -79.026698,
          43.8513779
        ]
      }
    },
    {
      "type": "Feature",
      "id": "node/26241522",
      "properties": {
        "type": "Railway Node"
      },
      "geometry": {
        "type": "Point",
        "coordinates": [
          -79.0211881,
          43.8526107
        ]
      }
    },
    {
      "type": "Feature",
      "id": "node/26241523",
      "properties": {
        "type": "Railway Node"
      },
      "geometry": {
        "type": "Point",
        "coordinates": [
          -79.0137771,
          43.8542471
        ]
      }
    },
    {
      "type": "Feature",
      "id": "node/26270789",
      "properties": {
        "type": "Railway Node"
      },
      "geometry": {
        "type": "Point",
        "coordinates": [
          -79.0044698,
          43.85634
        ]
      }
    },
    {
      "type": "Feature",
      "id": "node/26270790",
      "properties": {
        "type": "Railway Node"
      },
      "geometry": {
        "type": "Point",
        "coordinates": [
          -78.9887768,
          43.859836
        ]
      }
    },
    {
      "type": "Feature",
      "id": "node/26270791",
      "properties": {
        "type": "Railway Node"
      },
      "geometry": {
        "type": "Point",
        "coordinates": [
          -78.9730183,
          43.8633758
        ]
      }
    },
    {
      "type": "Feature",
      "id": "node/26270792",
      "properties": {
        "type": "Railway Node"
      },
      "geometry": {
        "type": "Point",
        "coordinates": [
          -78.958983,
          43.8663437
        ]
      }
    },
    {
      "type": "Feature",
      "id": "node/26270793",
      "properties": {
        "type": "Railway Node"
      },
      "geometry": {
        "type": "Point",
        "coordinates": [
          -78.9566495,
          43.8665168
        ]
      }
    },
    {
      "type": "Feature",
      "id": "node/26270795",
      "properties": {
        "type": "Railway Node"
      },
      "geometry": {
        "type": "Point",
        "coordinates": [
          -78.9408574,
          43.8648343
        ]
      }
    },
    {
      "type": "Feature",
      "id": "node/26270900",
      "properties": {
        "type": "Railway Node"
      },
      "geometry": {
        "type": "Point",
        "coordinates": [
          -78.4966466,
          43.9068161
        ]
      }
    },
    {
      "type": "Feature",
      "id": "node/26270901",
      "properties": {
        "type": "Railway Node"
      },
      "geometry": {
        "type": "Point",
        "coordinates": [
          -78.4893109,
          43.9093498
        ]
      }
    },
    {
      "type": "Feature",
      "id": "node/26270902",
      "properties": {
        "type": "Railway Node"
      },
      "geometry": {
        "type": "Point",
        "coordinates": [
          -78.4834197,
          43.9108524
        ]
      }
    },
    {
      "type": "Feature",
      "id": "node/26270903",
      "properties": {
        "type": "Railway Node"
      },
      "geometry": {
        "type": "Point",
        "coordinates": [
          -78.475882,
          43.912713
        ]
      }
    },
    {
      "type": "Feature",
      "id": "node/26270904",
      "properties": {
        "type": "Railway Node"
      },
      "geometry": {
        "type": "Point",
        "coordinates": [
          -78.4719697,
          43.9139994
        ]
      }
    },
    {
      "type": "Feature",
      "id": "node/26270906",
      "properties": {
        "type": "Railway Node"
      },
      "geometry": {
        "type": "Point",
        "coordinates": [
          -78.4590831,
          43.9187562
        ]
      }
    },
    {
      "type": "Feature",
      "id": "node/26270907",
      "properties": {
        "type": "Railway Node"
      },
      "geometry": {
        "type": "Point",
        "coordinates": [
          -78.453471,
          43.9206217
        ]
      }
    },
    {
      "type": "Feature",
      "id": "node/26270908",
      "properties": {
        "type": "Railway Node"
      },
      "geometry": {
        "type": "Point",
        "coordinates": [
          -78.4494838,
          43.9214339
        ]
      }
    },
    {
      "type": "Feature",
      "id": "node/26270909",
      "properties": {
        "type": "Railway Node"
      },
      "geometry": {
        "type": "Point",
        "coordinates": [
          -78.4456856,
          43.9218115
        ]
      }
    },
    {
      "type": "Feature",
      "id": "node/26270910",
      "properties": {
        "type": "Railway Node"
      },
      "geometry": {
        "type": "Point",
        "coordinates": [
          -78.4372168,
          43.9224161
        ]
      }
    },
    {
      "type": "Feature",
      "id": "node/26270911",
      "properties": {
        "type": "Railway Node"
      },
      "geometry": {
        "type": "Point",
        "coordinates": [
          -78.4339516,
          43.9226756
        ]
      }
    },
    {
      "type": "Feature",
      "id": "node/26270912",
      "properties": {
        "type": "Railway Node"
      },
      "geometry": {
        "type": "Point",
        "coordinates": [
          -78.4292077,
          43.9236261
        ]
      }
    },
    {
      "type": "Feature",
      "id": "node/26270913",
      "properties": {
        "type": "Railway Node"
      },
      "geometry": {
        "type": "Point",
        "coordinates": [
          -78.4225229,
          43.9258275
        ]
      }
    },
    {
      "type": "Feature",
      "id": "node/26270914",
      "properties": {
        "type": "Railway Node"
      },
      "geometry": {
        "type": "Point",
        "coordinates": [
          -78.4178377,
          43.9273872
        ]
      }
    },
    {
      "type": "Feature",
      "id": "node/26270936",
      "properties": {
        "type": "Railway Node"
      },
      "geometry": {
        "type": "Point",
        "coordinates": [
          -78.4138974,
          43.9286931
        ]
      }
    },
    {
      "type": "Feature",
      "id": "node/26270937",
      "properties": {
        "type": "Railway Node"
      },
      "geometry": {
        "type": "Point",
        "coordinates": [
          -78.4104175,
          43.9298567
        ]
      }
    },
    {
      "type": "Feature",
      "id": "node/26270938",
      "properties": {
        "type": "Railway Node"
      },
      "geometry": {
        "type": "Point",
        "coordinates": [
          -78.4068036,
          43.9314939
        ]
      }
    },
    {
      "type": "Feature",
      "id": "node/26270940",
      "properties": {
        "type": "Railway Node"
      },
      "geometry": {
        "type": "Point",
        "coordinates": [
          -78.3994419,
          43.9359219
        ]
      }
    },
    {
      "type": "Feature",
      "id": "node/26270941",
      "properties": {
        "type": "Railway Node"
      },
      "geometry": {
        "type": "Point",
        "coordinates": [
          -78.3949505,
          43.938626
        ]
      }
    },
    {
      "type": "Feature",
      "id": "node/26270942",
      "properties": {
        "type": "Railway Node"
      },
      "geometry": {
        "type": "Point",
        "coordinates": [
          -78.390218,
          43.9414762
        ]
      }
    },
    {
      "type": "Feature",
      "id": "node/26270943",
      "properties": {
        "type": "Railway Node"
      },
      "geometry": {
        "type": "Point",
        "coordinates": [
          -78.3864045,
          43.9433974
        ]
      }
    },
    {
      "type": "Feature",
      "id": "node/26270944",
      "properties": {
        "type": "Railway Node"
      },
      "geometry": {
        "type": "Point",
        "coordinates": [
          -78.3838617,
          43.9444308
        ]
      }
    },
    {
      "type": "Feature",
      "id": "node/26270945",
      "properties": {
        "type": "Railway Node"
      },
      "geometry": {
        "type": "Point",
        "coordinates": [
          -78.38069,
          43.9455193
        ]
      }
    },
    {
      "type": "Feature",
      "id": "node/26270946",
      "properties": {
        "type": "Railway Node"
      },
      "geometry": {
        "type": "Point",
        "coordinates": [
          -78.3770659,
          43.9464265
        ]
      }
    },
    {
      "type": "Feature",
      "id": "node/26288454",
      "properties": {
        "type": "Railway Node"
      },
      "geometry": {
        "type": "Point",
        "coordinates": [
          -78.3716695,
          43.9473455
        ]
      }
    },
    {
      "type": "Feature",
      "id": "node/26288456",
      "properties": {
        "type": "Railway Node"
      },
      "geometry": {
        "type": "Point",
        "coordinates": [
          -78.3660382,
          43.9477329
        ]
      }
    },
    {
      "type": "Feature",
      "id": "node/26288458",
      "properties": {
        "type": "Railway Node"
      },
      "geometry": {
        "type": "Point",
        "coordinates": [
          -78.3628053,
          43.9476919
        ]
      }
    },
    {
      "type": "Feature",
      "id": "node/26288460",
      "properties": {
        "type": "Railway Node"
      },
      "geometry": {
        "type": "Point",
        "coordinates": [
          -78.3592184,
          43.9474463
        ]
      }
    },
    {
      "type": "Feature",
      "id": "node/26288462",
      "properties": {
        "type": "Railway Node"
      },
      "geometry": {
        "type": "Point",
        "coordinates": [
          -78.354018,
          43.9466647
        ]
      }
    },
    {
      "type": "Feature",
      "id": "node/26288464",
      "properties": {
        "type": "Railway Node"
      },
      "geometry": {
        "type": "Point",
        "coordinates": [
          -78.3491011,
          43.9458986
        ]
      }
    },
    {
      "type": "Feature",
      "id": "node/26288466",
      "properties": {
        "type": "Railway Node"
      },
      "geometry": {
        "type": "Point",
        "coordinates": [
          -78.3361221,
          43.9438305
        ]
      }
    },
    {
      "type": "Feature",
      "id": "node/26288468",
      "properties": {
        "type": "Railway Node"
      },
      "geometry": {
        "type": "Point",
        "coordinates": [
          -78.3242362,
          43.9421298
        ]
      }
    },
    {
      "type": "Feature",
      "id": "node/26288469",
      "properties": {
        "type": "Railway Node"
      },
      "geometry": {
        "type": "Point",
        "coordinates": [
          -78.3192208,
          43.9416609
        ]
      }
    },
    {
      "type": "Feature",
      "id": "node/26288470",
      "properties": {
        "type": "Railway Node"
      },
      "geometry": {
        "type": "Point",
        "coordinates": [
          -78.3144428,
          43.9411848
        ]
      }
    },
    {
      "type": "Feature",
      "id": "node/26288471",
      "properties": {
        "type": "Railway Node"
      },
      "geometry": {
        "type": "Point",
        "coordinates": [
          -78.3117298,
          43.9409715
        ]
      }
    },
    {
      "type": "Feature",
      "id": "node/26288472",
      "properties": {
        "type": "Railway Node"
      },
      "geometry": {
        "type": "Point",
        "coordinates": [
          -78.3086506,
          43.9408146
        ]
      }
    },
    {
      "type": "Feature",
      "id": "node/26288473",
      "properties": {
        "type": "Railway Node"
      },
      "geometry": {
        "type": "Point",
        "coordinates": [
          -78.306458,
          43.9407252
        ]
      }
    },
    {
      "type": "Feature",
      "id": "node/26288474",
      "properties": {
        "type": "Railway Node"
      },
      "geometry": {
        "type": "Point",
        "coordinates": [
          -78.304367,
          43.9408656
        ]
      }
    },
    {
      "type": "Feature",
      "id": "node/26288475",
      "properties": {
        "type": "Railway Node"
      },
      "geometry": {
        "type": "Point",
        "coordinates": [
          -78.3026366,
          43.9413267
        ]
      }
    },
    {
      "type": "Feature",
      "id": "node/26288476",
      "properties": {
        "type": "Railway Node"
      },
      "geometry": {
        "type": "Point",
        "coordinates": [
          -78.3008833,
          43.9421857
        ]
      }
    },
    {
      "type": "Feature",
      "id": "node/26288477",
      "properties": {
        "type": "Railway Node"
      },
      "geometry": {
        "type": "Point",
        "coordinates": [
          -78.2989056,
          43.9435964
        ]
      }
    },
    {
      "type": "Feature",
      "id": "node/26288478",
      "properties": {
        "type": "Railway Node"
      },
      "geometry": {
        "type": "Point",
        "coordinates": [
          -78.2971931,
          43.9449797
        ]
      }
    },
    {
      "type": "Feature",
      "id": "node/26288479",
      "properties": {
        "type": "Railway Node"
      },
      "geometry": {
        "type": "Point",
        "coordinates": [
          -78.2959319,
          43.945651
        ]
      }
    },
    {
      "type": "Feature",
      "id": "node/26288480",
      "properties": {
        "type": "Railway Node"
      },
      "geometry": {
        "type": "Point",
        "coordinates": [
          -78.2928874,
          43.9466776
        ]
      }
    },
    {
      "type": "Feature",
      "id": "node/26288481",
      "properties": {
        "type": "Railway Node"
      },
      "geometry": {
        "type": "Point",
        "coordinates": [
          -78.2899715,
          43.9474575
        ]
      }
    },
    {
      "type": "Feature",
      "id": "node/26288482",
      "properties": {
        "type": "Railway Node"
      },
      "geometry": {
        "type": "Point",
        "coordinates": [
          -78.2865653,
          43.9483416
        ]
      }
    },
    {
      "type": "Feature",
      "id": "node/26288483",
      "properties": {
        "type": "Railway Node"
      },
      "geometry": {
        "type": "Point",
        "coordinates": [
          -78.2816149,
          43.9496651
        ]
      }
    },
    {
      "type": "Feature",
      "id": "node/26288484",
      "properties": {
        "type": "Railway Node"
      },
      "geometry": {
        "type": "Point",
        "coordinates": [
          -78.275613,
          43.9512512
        ]
      }
    },
    {
      "type": "Feature",
      "id": "node/26288485",
      "properties": {
        "type": "Railway Node"
      },
      "geometry": {
        "type": "Point",
        "coordinates": [
          -78.2706613,
          43.952522
        ]
      }
    },
    {
      "type": "Feature",
      "id": "node/26288486",
      "properties": {
        "type": "Railway Node"
      },
      "geometry": {
        "type": "Point",
        "coordinates": [
          -78.2677451,
          43.953149
        ]
      }
    },
    {
      "type": "Feature",
      "id": "node/26288487",
      "properties": {
        "type": "Railway Node"
      },
      "geometry": {
        "type": "Point",
        "coordinates": [
          -78.2617343,
          43.9539472
        ]
      }
    },
    {
      "type": "Feature",
      "id": "node/26288488",
      "properties": {
        "type": "Railway Node"
      },
      "geometry": {
        "type": "Point",
        "coordinates": [
          -78.2584824,
          43.9541088
        ]
      }
    },
    {
      "type": "Feature",
      "id": "node/26288492",
      "properties": {
        "type": "Railway Node"
      },
      "geometry": {
        "type": "Point",
        "coordinates": [
          -78.2388886,
          43.9538277
        ]
      }
    },
    {
      "type": "Feature",
      "id": "node/26288493",
      "properties": {
        "type": "Railway Node"
      },
      "geometry": {
        "type": "Point",
        "coordinates": [
          -78.2349987,
          43.9539012
        ]
      }
    },
    {
      "type": "Feature",
      "id": "node/26288494",
      "properties": {
        "type": "Railway Node"
      },
      "geometry": {
        "type": "Point",
        "coordinates": [
          -78.2279515,
          43.9548236
        ]
      }
    },
    {
      "type": "Feature",
      "id": "node/26288496",
      "properties": {
        "type": "Railway Node"
      },
      "geometry": {
        "type": "Point",
        "coordinates": [
          -78.2121471,
          43.9570532
        ]
      }
    },
    {
      "type": "Feature",
      "id": "node/26288498",
      "properties": {
        "type": "Railway Node"
      },
      "geometry": {
        "type": "Point",
        "coordinates": [
          -78.2037546,
          43.9582061
        ]
      }
    },
    {
      "type": "Feature",
      "id": "node/26288499",
      "properties": {
        "type": "Railway Node"
      },
      "geometry": {
        "type": "Point",
        "coordinates": [
          -78.2000128,
          43.9581617
        ]
      }
    },
    {
      "type": "Feature",
      "id": "node/26288500",
      "properties": {
        "type": "Railway Node"
      },
      "geometry": {
        "type": "Point",
        "coordinates": [
          -78.1961114,
          43.9578863
        ]
      }
    },
    {
      "type": "Feature",
      "id": "node/26288501",
      "properties": {
        "type": "Railway Node"
      },
      "geometry": {
        "type": "Point",
        "coordinates": [
          -78.1942815,
          43.9579636
        ]
      }
    },
    {
      "type": "Feature",
      "id": "node/26288503",
      "properties": {
        "type": "Railway Node"
      },
      "geometry": {
        "type": "Point",
        "coordinates": [
          -78.1925632,
          43.958196
        ]
      }
    },
    {
      "type": "Feature",
      "id": "node/26288504",
      "properties": {
        "type": "Railway Node"
      },
      "geometry": {
        "type": "Point",
        "coordinates": [
          -78.1890128,
          43.9590933
        ]
      }
    },
    {
      "type": "Feature",
      "id": "node/26288506",
      "properties": {
        "type": "Railway Node"
      },
      "geometry": {
        "type": "Point",
        "coordinates": [
          -78.1786625,
          43.9644786
        ]
      }
    },
    {
      "type": "Feature",
      "id": "node/26288507",
      "properties": {
        "type": "Railway Node"
      },
      "geometry": {
        "type": "Point",
        "coordinates": [
          -78.1746141,
          43.966618
        ]
      }
    },
    {
      "type": "Feature",
      "id": "node/26288509",
      "properties": {
        "type": "Railway Node"
      },
      "geometry": {
        "type": "Point",
        "coordinates": [
          -78.1683798,
          43.9685547
        ]
      }
    },
    {
      "type": "Feature",
      "id": "node/26288510",
      "properties": {
        "type": "Railway Node"
      },
      "geometry": {
        "type": "Point",
        "coordinates": [
          -78.1648975,
          43.968968
        ]
      }
    },
    {
      "type": "Feature",
      "id": "node/26288518",
      "properties": {
        "type": "Railway Node"
      },
      "geometry": {
        "type": "Point",
        "coordinates": [
          -78.1147304,
          43.96792
        ]
      }
    },
    {
      "type": "Feature",
      "id": "node/26288519",
      "properties": {
        "type": "Railway Node"
      },
      "geometry": {
        "type": "Point",
        "coordinates": [
          -78.1062589,
          43.9672838
        ]
      }
    },
    {
      "type": "Feature",
      "id": "node/26288520",
      "properties": {
        "type": "Railway Node"
      },
      "geometry": {
        "type": "Point",
        "coordinates": [
          -78.1019187,
          43.9672013
        ]
      }
    },
    {
      "type": "Feature",
      "id": "node/26288521",
      "properties": {
        "type": "Railway Node"
      },
      "geometry": {
        "type": "Point",
        "coordinates": [
          -78.0957637,
          43.9674271
        ]
      }
    },
    {
      "type": "Feature",
      "id": "node/26288522",
      "properties": {
        "type": "Railway Node"
      },
      "geometry": {
        "type": "Point",
        "coordinates": [
          -78.0916141,
          43.9678725
        ]
      }
    },
    {
      "type": "Feature",
      "id": "node/26288526",
      "properties": {
        "type": "Railway Node"
      },
      "geometry": {
        "type": "Point",
        "coordinates": [
          -78.0526125,
          43.9733852
        ]
      }
    },
    {
      "type": "Feature",
      "id": "node/26288528",
      "properties": {
        "type": "Railway Node"
      },
      "geometry": {
        "type": "Point",
        "coordinates": [
          -78.0320544,
          43.9762484
        ]
      }
    },
    {
      "type": "Feature",
      "id": "node/26288530",
      "properties": {
        "type": "Railway Node"
      },
      "geometry": {
        "type": "Point",
        "coordinates": [
          -78.0096451,
          43.9793611
        ]
      }
    },
    {
      "type": "Feature",
      "id": "node/26288531",
      "properties": {
        "type": "Railway Node"
      },
      "geometry": {
        "type": "Point",
        "coordinates": [
          -77.9994874,
          43.9807567
        ]
      }
    },
    {
      "type": "Feature",
      "id": "node/26288532",
      "properties": {
        "type": "Railway Node"
      },
      "geometry": {
        "type": "Point",
        "coordinates": [
          -77.9896169,
          43.9820969
        ]
      }
    },
    {
      "type": "Feature",
      "id": "node/26288533",
      "properties": {
        "type": "Railway Node"
      },
      "geometry": {
        "type": "Point",
        "coordinates": [
          -77.9818406,
          43.9832271
        ]
      }
    },
    {
      "type": "Feature",
      "id": "node/26288534",
      "properties": {
        "type": "Railway Node"
      },
      "geometry": {
        "type": "Point",
        "coordinates": [
          -77.9717114,
          43.9846306
        ]
      }
    },
    {
      "type": "Feature",
      "id": "node/26288535",
      "properties": {
        "type": "Railway Node"
      },
      "geometry": {
        "type": "Point",
        "coordinates": [
          -77.9613958,
          43.9860247
        ]
      }
    },
    {
      "type": "Feature",
      "id": "node/26288536",
      "properties": {
        "type": "Railway Node"
      },
      "geometry": {
        "type": "Point",
        "coordinates": [
          -77.9509244,
          43.9875192
        ]
      }
    },
    {
      "type": "Feature",
      "id": "node/26288537",
      "properties": {
        "type": "Railway Node"
      },
      "geometry": {
        "type": "Point",
        "coordinates": [
          -77.9406934,
          43.9889334
        ]
      }
    },
    {
      "type": "Feature",
      "id": "node/26288538",
      "properties": {
        "type": "Railway Node"
      },
      "geometry": {
        "type": "Point",
        "coordinates": [
          -77.9324537,
          43.9900634
        ]
      }
    },
    {
      "type": "Feature",
      "id": "node/26288539",
      "properties": {
        "type": "Railway Node"
      },
      "geometry": {
        "type": "Point",
        "coordinates": [
          -77.9222398,
          43.9915022
        ]
      }
    },
    {
      "type": "Feature",
      "id": "node/26288540",
      "properties": {
        "type": "Railway Node"
      },
      "geometry": {
        "type": "Point",
        "coordinates": [
          -77.9118715,
          43.9929225
        ]
      }
    },
    {
      "type": "Feature",
      "id": "node/26288541",
      "properties": {
        "type": "Railway Node"
      },
      "geometry": {
        "type": "Point",
        "coordinates": [
          -77.8973876,
          43.9950215
        ]
      }
    },
    {
      "type": "Feature",
      "id": "node/26288542",
      "properties": {
        "type": "Railway Node"
      },
      "geometry": {
        "type": "Point",
        "coordinates": [
          -77.8810458,
          43.9972978
        ]
      }
    },
    {
      "type": "Feature",
      "id": "node/26288543",
      "properties": {
        "type": "Railway Node"
      },
      "geometry": {
        "type": "Point",
        "coordinates": [
          -77.8753552,
          43.9981026
        ]
      }
    },
    {
      "type": "Feature",
      "id": "node/26288544",
      "properties": {
        "type": "Railway Node"
      },
      "geometry": {
        "type": "Point",
        "coordinates": [
          -77.8710782,
          43.9989585
        ]
      }
    },
    {
      "type": "Feature",
      "id": "node/26288545",
      "properties": {
        "type": "Railway Node"
      },
      "geometry": {
        "type": "Point",
        "coordinates": [
          -77.8594054,
          44.0022525
        ]
      }
    },
    {
      "type": "Feature",
      "id": "node/26288546",
      "properties": {
        "type": "Railway Node"
      },
      "geometry": {
        "type": "Point",
        "coordinates": [
          -77.8495801,
          44.005059
        ]
      }
    },
    {
      "type": "Feature",
      "id": "node/26288547",
      "properties": {
        "type": "Railway Node"
      },
      "geometry": {
        "type": "Point",
        "coordinates": [
          -77.8379699,
          44.0084155
        ]
      }
    },
    {
      "type": "Feature",
      "id": "node/26288548",
      "properties": {
        "type": "Railway Node"
      },
      "geometry": {
        "type": "Point",
        "coordinates": [
          -77.8249237,
          44.0121601
        ]
      }
    },
    {
      "type": "Feature",
      "id": "node/26288549",
      "properties": {
        "type": "Railway Node"
      },
      "geometry": {
        "type": "Point",
        "coordinates": [
          -77.8115573,
          44.0159839
        ]
      }
    },
    {
      "type": "Feature",
      "id": "node/26288550",
      "properties": {
        "type": "Railway Node"
      },
      "geometry": {
        "type": "Point",
        "coordinates": [
          -77.7966252,
          44.0202573
        ]
      }
    },
    {
      "type": "Feature",
      "id": "node/26288551",
      "properties": {
        "type": "Railway Node"
      },
      "geometry": {
        "type": "Point",
        "coordinates": [
          -77.4673599,
          44.1538492
        ]
      }
    },
    {
      "type": "Feature",
      "id": "node/26288552",
      "properties": {
        "type": "Railway Node"
      },
      "geometry": {
        "type": "Point",
        "coordinates": [
          -77.4888189,
          44.1483639
        ]
      }
    },
    {
      "type": "Feature",
      "id": "node/26288553",
      "properties": {
        "type": "Railway Node"
      },
      "geometry": {
        "type": "Point",
        "coordinates": [
          -77.5065476,
          44.143808
        ]
      }
    },
    {
      "type": "Feature",
      "id": "node/26288554",
      "properties": {
        "type": "Railway Node"
      },
      "geometry": {
        "type": "Point",
        "coordinates": [
          -77.5184684,
          44.1407749
        ]
      }
    },
    {
      "type": "Feature",
      "id": "node/26288555",
      "properties": {
        "type": "Railway Node"
      },
      "geometry": {
        "type": "Point",
        "coordinates": [
          -77.5261019,
          44.1388302
        ]
      }
    },
    {
      "type": "Feature",
      "id": "node/26288556",
      "properties": {
        "type": "Railway Node"
      },
      "geometry": {
        "type": "Point",
        "coordinates": [
          -77.5362299,
          44.137206
        ]
      }
    },
    {
      "type": "Feature",
      "id": "node/26288557",
      "properties": {
        "type": "Railway Node"
      },
      "geometry": {
        "type": "Point",
        "coordinates": [
          -77.5502227,
          44.135206
        ]
      }
    },
    {
      "type": "Feature",
      "id": "node/26288558",
      "properties": {
        "type": "Railway Node"
      },
      "geometry": {
        "type": "Point",
        "coordinates": [
          -77.562269,
          44.1334581
        ]
      }
    },
    {
      "type": "Feature",
      "id": "node/26288559",
      "properties": {
        "type": "Railway Node"
      },
      "geometry": {
        "type": "Point",
        "coordinates": [
          -77.5698944,
          44.1323239
        ]
      }
    },
    {
      "type": "Feature",
      "id": "node/26288560",
      "properties": {
        "type": "Railway Node"
      },
      "geometry": {
        "type": "Point",
        "coordinates": [
          -77.573759,
          44.1312592
        ]
      }
    },
    {
      "type": "Feature",
      "id": "node/26288562",
      "properties": {
        "type": "Railway Node"
      },
      "geometry": {
        "type": "Point",
        "coordinates": [
          -77.58789,
          44.1233325
        ]
      }
    },
    {
      "type": "Feature",
      "id": "node/26288563",
      "properties": {
        "type": "Railway Node"
      },
      "geometry": {
        "type": "Point",
        "coordinates": [
          -77.595532,
          44.118447
        ]
      }
    },
    {
      "type": "Feature",
      "id": "node/26288564",
      "properties": {
        "type": "Railway Node"
      },
      "geometry": {
        "type": "Point",
        "coordinates": [
          -77.5985069,
          44.1155891
        ]
      }
    },
    {
      "type": "Feature",
      "id": "node/26288565",
      "properties": {
        "type": "Railway Node"
      },
      "geometry": {
        "type": "Point",
        "coordinates": [
          -77.6038225,
          44.1094449
        ]
      }
    },
    {
      "type": "Feature",
      "id": "node/26288566",
      "properties": {
        "type": "Railway Node"
      },
      "geometry": {
        "type": "Point",
        "coordinates": [
          -77.6072231,
          44.105608
        ]
      }
    },
    {
      "type": "Feature",
      "id": "node/26288567",
      "properties": {
        "type": "Railway Node"
      },
      "geometry": {
        "type": "Point",
        "coordinates": [
          -77.6114011,
          44.1025413
        ]
      }
    },
    {
      "type": "Feature",
      "id": "node/26288568",
      "properties": {
        "type": "Railway Node"
      },
      "geometry": {
        "type": "Point",
        "coordinates": [
          -77.6261504,
          44.0930929
        ]
      }
    },
    {
      "type": "Feature",
      "id": "node/26288569",
      "properties": {
        "type": "Railway Node"
      },
      "geometry": {
        "type": "Point",
        "coordinates": [
          -77.6401617,
          44.0841244
        ]
      }
    },
    {
      "type": "Feature",
      "id": "node/26288570",
      "properties": {
        "type": "Railway Node"
      },
      "geometry": {
        "type": "Point",
        "coordinates": [
          -77.6506968,
          44.0773644
        ]
      }
    },
    {
      "type": "Feature",
      "id": "node/26288571",
      "properties": {
        "type": "Railway Node"
      },
      "geometry": {
        "type": "Point",
        "coordinates": [
          -77.65997,
          44.0713931
        ]
      }
    },
    {
      "type": "Feature",
      "id": "node/26288572",
      "properties": {
        "type": "Railway Node"
      },
      "geometry": {
        "type": "Point",
        "coordinates": [
          -77.6696959,
          44.0651502
        ]
      }
    },
    {
      "type": "Feature",
      "id": "node/26288573",
      "properties": {
        "type": "Railway Node"
      },
      "geometry": {
        "type": "Point",
        "coordinates": [
          -77.6789657,
          44.0592234
        ]
      }
    },
    {
      "type": "Feature",
      "id": "node/26288574",
      "properties": {
        "type": "Railway Node"
      },
      "geometry": {
        "type": "Point",
        "coordinates": [
          -77.6849472,
          44.0553565
        ]
      }
    },
    {
      "type": "Feature",
      "id": "node/26288575",
      "properties": {
        "type": "Railway Node"
      },
      "geometry": {
        "type": "Point",
        "coordinates": [
          -77.691871,
          44.0515694
        ]
      }
    },
    {
      "type": "Feature",
      "id": "node/26288576",
      "properties": {
        "type": "Railway Node"
      },
      "geometry": {
        "type": "Point",
        "coordinates": [
          -77.697324,
          44.0492924
        ]
      }
    },
    {
      "type": "Feature",
      "id": "node/26288577",
      "properties": {
        "type": "Railway Node"
      },
      "geometry": {
        "type": "Point",
        "coordinates": [
          -77.7069303,
          44.0460049
        ]
      }
    },
    {
      "type": "Feature",
      "id": "node/26288578",
      "properties": {
        "type": "Railway Node"
      },
      "geometry": {
        "type": "Point",
        "coordinates": [
          -77.7185758,
          44.0426325
        ]
      }
    },
    {
      "type": "Feature",
      "id": "node/26288579",
      "properties": {
        "type": "Railway Node"
      },
      "geometry": {
        "type": "Point",
        "coordinates": [
          -77.7323388,
          44.0386799
        ]
      }
    },
    {
      "type": "Feature",
      "id": "node/26288580",
      "properties": {
        "type": "Railway Node"
      },
      "geometry": {
        "type": "Point",
        "coordinates": [
          -77.7487072,
          44.0340145
        ]
      }
    },
    {
      "type": "Feature",
      "id": "node/26288581",
      "properties": {
        "type": "Railway Node"
      },
      "geometry": {
        "type": "Point",
        "coordinates": [
          -77.7600138,
          44.0307769
        ]
      }
    },
    {
      "type": "Feature",
      "id": "node/26288582",
      "properties": {
        "type": "Railway Node"
      },
      "geometry": {
        "type": "Point",
        "coordinates": [
          -77.7744234,
          44.0266371
        ]
      }
    },
    {
      "type": "Feature",
      "id": "node/26288583",
      "properties": {
        "type": "Railway Node"
      },
      "geometry": {
        "type": "Point",
        "coordinates": [
          -77.7845245,
          44.0237271
        ]
      }
    },
    {
      "type": "Feature",
      "id": "node/29824493",
      "properties": {
        "type": "Railway Node"
      },
      "geometry": {
        "type": "Point",
        "coordinates": [
          -79.4383135,
          43.6349281
        ]
      }
    },
    {
      "type": "Feature",
      "id": "node/29824494",
      "properties": {
        "type": "Railway Node"
      },
      "geometry": {
        "type": "Point",
        "coordinates": [
          -79.4349129,
          43.6337798
        ]
      }
    },
    {
      "type": "Feature",
      "id": "node/29824495",
      "properties": {
        "type": "Railway Node"
      },
      "geometry": {
        "type": "Point",
        "coordinates": [
          -79.4312412,
          43.6333883
        ]
      }
    },
    {
      "type": "Feature",
      "id": "node/29824496",
      "properties": {
        "type": "Railway Node"
      },
      "geometry": {
        "type": "Point",
        "coordinates": [
          -79.4285336,
          43.6335744
        ]
      }
    },
    {
      "type": "Feature",
      "id": "node/29824497",
      "properties": {
        "type": "Railway Node"
      },
      "geometry": {
        "type": "Point",
        "coordinates": [
          -79.4263047,
          43.6340232
        ]
      }
    },
    {
      "type": "Feature",
      "id": "node/29824498",
      "properties": {
        "type": "Railway Node"
      },
      "geometry": {
        "type": "Point",
        "coordinates": [
          -79.4130455,
          43.6376541
        ]
      }
    },
    {
      "type": "Feature",
      "id": "node/29824499",
      "properties": {
        "type": "Railway Node"
      },
      "geometry": {
        "type": "Point",
        "coordinates": [
          -79.410273,
          43.6384135
        ]
      }
    },
    {
      "type": "Feature",
      "id": "node/29824500",
      "properties": {
        "type": "Railway Node"
      },
      "geometry": {
        "type": "Point",
        "coordinates": [
          -79.4048433,
          43.6398734
        ]
      }
    },
    {
      "type": "Feature",
      "id": "node/29824501",
      "properties": {
        "type": "Railway Node"
      },
      "geometry": {
        "type": "Point",
        "coordinates": [
          -79.4016017,
          43.6403521
        ]
      }
    },
    {
      "type": "Feature",
      "id": "node/29824502",
      "properties": {
        "type": "Railway Node"
      },
      "geometry": {
        "type": "Point",
        "coordinates": [
          -79.3999293,
          43.64045
        ]
      }
    },
    {
      "type": "Feature",
      "id": "node/29824503",
      "properties": {
        "type": "Railway Node"
      },
      "geometry": {
        "type": "Point",
        "coordinates": [
          -79.3972516,
          43.6409365
        ]
      }
    },
    {
      "type": "Feature",
      "id": "node/29824504",
      "properties": {
        "type": "Railway Node"
      },
      "geometry": {
        "type": "Point",
        "coordinates": [
          -79.3922202,
          43.6420356
        ]
      }
    },
    {
      "type": "Feature",
      "id": "node/29824505",
      "properties": {
        "type": "Railway Node"
      },
      "geometry": {
        "type": "Point",
        "coordinates": [
          -79.3882935,
          43.6428576
        ]
      }
    },
    {
      "type": "Feature",
      "id": "node/32472250",
      "properties": {
        "type": "Railway Node"
      },
      "geometry": {
        "type": "Point",
        "coordinates": [
          -79.2532748,
          43.7196696
        ]
      }
    },
    {
      "type": "Feature",
      "id": "node/32472322",
      "properties": {
        "type": "Railway Node"
      },
      "geometry": {
        "type": "Point",
        "coordinates": [
          -79.2812919,
          43.7801666
        ]
      }
    },
    {
      "type": "Feature",
      "id": "node/32472323",
      "properties": {
        "type": "Railway Node"
      },
      "geometry": {
        "type": "Point",
        "coordinates": [
          -79.2826383,
          43.7832553
        ]
      }
    },
    {
      "type": "Feature",
      "id": "node/32472325",
      "properties": {
        "type": "Railway Node"
      },
      "geometry": {
        "type": "Point",
        "coordinates": [
          -79.2834903,
          43.7845622
        ]
      }
    },
    {
      "type": "Feature",
      "id": "node/32472327",
      "properties": {
        "type": "Railway Node"
      },
      "geometry": {
        "type": "Point",
        "coordinates": [
          -79.2839781,
          43.7854245
        ]
      }
    },
    {
      "type": "Feature",
      "id": "node/32472328",
      "properties": {
        "type": "Railway Node"
      },
      "geometry": {
        "type": "Point",
        "coordinates": [
          -79.2851748,
          43.7881726
        ]
      }
    },
    {
      "type": "Feature",
      "id": "node/32472329",
      "properties": {
        "type": "Railway Node"
      },
      "geometry": {
        "type": "Point",
        "coordinates": [
          -79.2864577,
          43.7912269
        ]
      }
    },
    {
      "type": "Feature",
      "id": "node/32472330",
      "properties": {
        "type": "Railway Node"
      },
      "geometry": {
        "type": "Point",
        "coordinates": [
          -79.2880239,
          43.7949599
        ]
      }
    },
    {
      "type": "Feature",
      "id": "node/32472331",
      "properties": {
        "type": "Railway Node"
      },
      "geometry": {
        "type": "Point",
        "coordinates": [
          -79.2896935,
          43.7988597
        ]
      }
    },
    {
      "type": "Feature",
      "id": "node/32497946",
      "properties": {
        "type": "Railway Node"
      },
      "geometry": {
        "type": "Point",
        "coordinates": [
          -79.2674541,
          43.7309753
        ]
      }
    },
    {
      "type": "Feature",
      "id": "node/32821213",
      "properties": {
        "type": "Railway Node"
      },
      "geometry": {
        "type": "Point",
        "coordinates": [
          -79.3013575,
          43.6860402
        ]
      }
    },
    {
      "type": "Feature",
      "id": "node/32931021",
      "properties": {
        "type": "Railway Node"
      },
      "geometry": {
        "type": "Point",
        "coordinates": [
          -79.1139837,
          43.8130685
        ]
      }
    },
    {
      "type": "Feature",
      "id": "node/32994634",
      "properties": {
        "type": "Railway Node"
      },
      "geometry": {
        "type": "Point",
        "coordinates": [
          -79.5230254,
          43.603058
        ]
      }
    },
    {
      "type": "Feature",
      "id": "node/32994635",
      "properties": {
        "type": "Railway Node"
      },
      "geometry": {
        "type": "Point",
        "coordinates": [
          -79.5132125,
          43.6080259
        ]
      }
    },
    {
      "type": "Feature",
      "id": "node/32994636",
      "properties": {
        "type": "Railway Node"
      },
      "geometry": {
        "type": "Point",
        "coordinates": [
          -79.5027553,
          43.6132209
        ]
      }
    },
    {
      "type": "Feature",
      "id": "node/32994637",
      "properties": {
        "type": "Railway Node"
      },
      "geometry": {
        "type": "Point",
        "coordinates": [
          -79.5007305,
          43.6142869
        ]
      }
    },
    {
      "type": "Feature",
      "id": "node/32994638",
      "properties": {
        "type": "Railway Node"
      },
      "geometry": {
        "type": "Point",
        "coordinates": [
          -79.4991278,
          43.6152544
        ]
      }
    },
    {
      "type": "Feature",
      "id": "node/32994639",
      "properties": {
        "type": "Railway Node"
      },
      "geometry": {
        "type": "Point",
        "coordinates": [
          -79.4955115,
          43.6175743
        ]
      }
    },
    {
      "type": "Feature",
      "id": "node/32994640",
      "properties": {
        "type": "Railway Node"
      },
      "geometry": {
        "type": "Point",
        "coordinates": [
          -79.485531,
          43.6250975
        ]
      }
    },
    {
      "type": "Feature",
      "id": "node/32994641",
      "properties": {
        "type": "Railway Node"
      },
      "geometry": {
        "type": "Point",
        "coordinates": [
          -79.4760195,
          43.6323139
        ]
      }
    },
    {
      "type": "Feature",
      "id": "node/32994643",
      "properties": {
        "type": "Railway Node"
      },
      "geometry": {
        "type": "Point",
        "coordinates": [
          -79.4731306,
          43.6341856
        ]
      }
    },
    {
      "type": "Feature",
      "id": "node/32994644",
      "properties": {
        "type": "Railway Node"
      },
      "geometry": {
        "type": "Point",
        "coordinates": [
          -79.4709541,
          43.6351976
        ]
      }
    },
    {
      "type": "Feature",
      "id": "node/32994645",
      "properties": {
        "type": "Railway Node"
      },
      "geometry": {
        "type": "Point",
        "coordinates": [
          -79.4668301,
          43.6370096
        ]
      }
    },
    {
      "type": "Feature",
      "id": "node/32994646",
      "properties": {
        "type": "Railway Node"
      },
      "geometry": {
        "type": "Point",
        "coordinates": [
          -79.4649426,
          43.6377365
        ]
      }
    },
    {
      "type": "Feature",
      "id": "node/32994647",
      "properties": {
        "type": "Railway Node"
      },
      "geometry": {
        "type": "Point",
        "coordinates": [
          -79.462925,
          43.6383651
        ]
      }
    },
    {
      "type": "Feature",
      "id": "node/32994648",
      "properties": {
        "type": "Railway Node"
      },
      "geometry": {
        "type": "Point",
        "coordinates": [
          -79.4607087,
          43.6388622
        ]
      }
    },
    {
      "type": "Feature",
      "id": "node/32994649",
      "properties": {
        "type": "Railway Node"
      },
      "geometry": {
        "type": "Point",
        "coordinates": [
          -79.4584209,
          43.6392008
        ]
      }
    },
    {
      "type": "Feature",
      "id": "node/32994650",
      "properties": {
        "type": "Railway Node"
      },
      "geometry": {
        "type": "Point",
        "coordinates": [
          -79.4559203,
          43.6393354
        ]
      }
    },
    {
      "type": "Feature",
      "id": "node/32994651",
      "properties": {
        "type": "Railway Node"
      },
      "geometry": {
        "type": "Point",
        "coordinates": [
          -79.4527385,
          43.639202
        ]
      }
    },
    {
      "type": "Feature",
      "id": "node/32994652",
      "properties": {
        "type": "Railway Node"
      },
      "geometry": {
        "type": "Point",
        "coordinates": [
          -79.4514536,
          43.6390706
        ]
      }
    },
    {
      "type": "Feature",
      "id": "node/32994653",
      "properties": {
        "type": "Railway Node"
      },
      "geometry": {
        "type": "Point",
        "coordinates": [
          -79.4481971,
          43.6385565
        ]
      }
    },
    {
      "type": "Feature",
      "id": "node/32994654",
      "properties": {
        "type": "Railway Node"
      },
      "geometry": {
        "type": "Point",
        "coordinates": [
          -79.4464087,
          43.6381572
        ]
      }
    },
    {
      "type": "Feature",
      "id": "node/32994655",
      "properties": {
        "type": "Railway Node"
      },
      "geometry": {
        "type": "Point",
        "coordinates": [
          -79.4429514,
          43.6369141
        ]
      }
    },
    {
      "type": "Feature",
      "id": "node/32994975",
      "properties": {
        "type": "Railway Node"
      },
      "geometry": {
        "type": "Point",
        "coordinates": [
          -79.4076221,
          43.6401103
        ]
      }
    },
    {
      "type": "Feature",
      "id": "node/32994980",
      "properties": {
        "type": "Railway Node"
      },
      "geometry": {
        "type": "Point",
        "coordinates": [
          -79.4245808,
          43.6409837
        ]
      }
    },
    {
      "type": "Feature",
      "id": "node/32994981",
      "properties": {
        "type": "Railway Node"
      },
      "geometry": {
        "type": "Point",
        "coordinates": [
          -79.4261954,
          43.6414305
        ]
      }
    },
    {
      "type": "Feature",
      "id": "node/32994983",
      "properties": {
        "type": "Railway Node"
      },
      "geometry": {
        "type": "Point",
        "coordinates": [
          -79.4322165,
          43.6440869
        ]
      }
    },
    {
      "type": "Feature",
      "id": "node/32994993",
      "properties": {
        "type": "Railway Node"
      },
      "geometry": {
        "type": "Point",
        "coordinates": [
          -79.4643796,
          43.6715763
        ]
      }
    },
    {
      "type": "Feature",
      "id": "node/32994994",
      "properties": {
        "type": "Railway Node"
      },
      "geometry": {
        "type": "Point",
        "coordinates": [
          -79.4692362,
          43.6765082
        ]
      }
    },
    {
      "type": "Feature",
      "id": "node/32994995",
      "properties": {
        "type": "Railway Node"
      },
      "geometry": {
        "type": "Point",
        "coordinates": [
          -79.4713372,
          43.6783904
        ]
      }
    },
    {
      "type": "Feature",
      "id": "node/32994996",
      "properties": {
        "type": "Railway Node"
      },
      "geometry": {
        "type": "Point",
        "coordinates": [
          -79.4747287,
          43.6808411
        ]
      }
    },
    {
      "type": "Feature",
      "id": "node/32994997",
      "properties": {
        "type": "Railway Node"
      },
      "geometry": {
        "type": "Point",
        "coordinates": [
          -79.4777249,
          43.6825852
        ]
      }
    },
    {
      "type": "Feature",
      "id": "node/32994999",
      "properties": {
        "type": "Railway Node"
      },
      "geometry": {
        "type": "Point",
        "coordinates": [
          -79.4832153,
          43.6853613
        ]
      }
    },
    {
      "type": "Feature",
      "id": "node/32995000",
      "properties": {
        "type": "Railway Node"
      },
      "geometry": {
        "type": "Point",
        "coordinates": [
          -79.4875834,
          43.6875143
        ]
      }
    },
    {
      "type": "Feature",
      "id": "node/37345055",
      "properties": {
        "type": "Railway Node"
      },
      "geometry": {
        "type": "Point",
        "coordinates": [
          -79.2904486,
          43.8006094
        ]
      }
    },
    {
      "type": "Feature",
      "id": "node/37345062",
      "properties": {
        "type": "Railway Node"
      },
      "geometry": {
        "type": "Point",
        "coordinates": [
          -79.2909474,
          43.8016104
        ]
      }
    },
    {
      "type": "Feature",
      "id": "node/37345064",
      "properties": {
        "type": "Railway Node"
      },
      "geometry": {
        "type": "Point",
        "coordinates": [
          -79.2922246,
          43.8033938
        ]
      }
    },
    {
      "type": "Feature",
      "id": "node/37345069",
      "properties": {
        "type": "Railway Node"
      },
      "geometry": {
        "type": "Point",
        "coordinates": [
          -79.2936577,
          43.8060674
        ]
      }
    },
    {
      "type": "Feature",
      "id": "node/37345071",
      "properties": {
        "type": "Railway Node"
      },
      "geometry": {
        "type": "Point",
        "coordinates": [
          -79.2948924,
          43.8087687
        ]
      }
    },
    {
      "type": "Feature",
      "id": "node/37345074",
      "properties": {
        "type": "Railway Node"
      },
      "geometry": {
        "type": "Point",
        "coordinates": [
          -79.2979276,
          43.8152951
        ]
      }
    },
    {
      "type": "Feature",
      "id": "node/37345077",
      "properties": {
        "type": "Railway Node"
      },
      "geometry": {
        "type": "Point",
        "coordinates": [
          -79.2991362,
          43.8179891
        ]
      }
    },
    {
      "type": "Feature",
      "id": "node/37345078",
      "properties": {
        "type": "Railway Node"
      },
      "geometry": {
        "type": "Point",
        "coordinates": [
          -79.3020733,
          43.8244501
        ]
      }
    },
    {
      "type": "Feature",
      "id": "node/37345365",
      "properties": {
        "type": "Railway Node"
      },
      "geometry": {
        "type": "Point",
        "coordinates": [
          -79.3026404,
          43.8256212
        ]
      }
    },
    {
      "type": "Feature",
      "id": "node/37345368",
      "properties": {
        "type": "Railway Node"
      },
      "geometry": {
        "type": "Point",
        "coordinates": [
          -79.3032571,
          43.8264281
        ]
      }
    },
    {
      "type": "Feature",
      "id": "node/37345370",
      "properties": {
        "type": "Railway Node"
      },
      "geometry": {
        "type": "Point",
        "coordinates": [
          -79.3048688,
          43.8281004
        ]
      }
    },
    {
      "type": "Feature",
      "id": "node/37345371",
      "properties": {
        "type": "Railway Node"
      },
      "geometry": {
        "type": "Point",
        "coordinates": [
          -79.3072415,
          43.8305703
        ]
      }
    },
    {
      "type": "Feature",
      "id": "node/37345375",
      "properties": {
        "type": "Railway Node"
      },
      "geometry": {
        "type": "Point",
        "coordinates": [
          -79.3131252,
          43.8365689
        ]
      }
    },
    {
      "type": "Feature",
      "id": "node/37345379",
      "properties": {
        "type": "Railway Node"
      },
      "geometry": {
        "type": "Point",
        "coordinates": [
          -79.3139642,
          43.8377157
        ]
      }
    },
    {
      "type": "Feature",
      "id": "node/37345383",
      "properties": {
        "type": "Railway Node"
      },
      "geometry": {
        "type": "Point",
        "coordinates": [
          -79.3144155,
          43.8387606
        ]
      }
    },
    {
      "type": "Feature",
      "id": "node/37345389",
      "properties": {
        "type": "Railway Node"
      },
      "geometry": {
        "type": "Point",
        "coordinates": [
          -79.3157243,
          43.8439896
        ]
      }
    },
    {
      "type": "Feature",
      "id": "node/37345393",
      "properties": {
        "type": "Railway Node"
      },
      "geometry": {
        "type": "Point",
        "coordinates": [
          -79.3157595,
          43.8455327
        ]
      }
    },
    {
      "type": "Feature",
      "id": "node/37345398",
      "properties": {
        "type": "Railway Node"
      },
      "geometry": {
        "type": "Point",
        "coordinates": [
          -79.3148585,
          43.8510727
        ]
      }
    },
    {
      "type": "Feature",
      "id": "node/37345399",
      "properties": {
        "type": "Railway Node"
      },
      "geometry": {
        "type": "Point",
        "coordinates": [
          -79.3145696,
          43.8531939
        ]
      }
    },
    {
      "type": "Feature",
      "id": "node/37345400",
      "properties": {
        "type": "Railway Node"
      },
      "geometry": {
        "type": "Point",
        "coordinates": [
          -79.3142949,
          43.8551915
        ]
      }
    },
    {
      "type": "Feature",
      "id": "node/37345402",
      "properties": {
        "type": "Railway Node"
      },
      "geometry": {
        "type": "Point",
        "coordinates": [
          -79.3140245,
          43.8569831
        ]
      }
    },
    {
      "type": "Feature",
      "id": "node/37345403",
      "properties": {
        "type": "Railway Node"
      },
      "geometry": {
        "type": "Point",
        "coordinates": [
          -79.3136587,
          43.8597342
        ]
      }
    },
    {
      "type": "Feature",
      "id": "node/37345404",
      "properties": {
        "type": "Railway Node"
      },
      "geometry": {
        "type": "Point",
        "coordinates": [
          -79.3134699,
          43.8611391
        ]
      }
    },
    {
      "type": "Feature",
      "id": "node/37345409",
      "properties": {
        "type": "Railway Node"
      },
      "geometry": {
        "type": "Point",
        "coordinates": [
          -79.3132296,
          43.862253
        ]
      }
    },
    {
      "type": "Feature",
      "id": "node/37345414",
      "properties": {
        "type": "Railway Node"
      },
      "geometry": {
        "type": "Point",
        "coordinates": [
          -79.3124657,
          43.8634474
        ]
      }
    },
    {
      "type": "Feature",
      "id": "node/37346848",
      "properties": {
        "type": "Railway Node"
      },
      "geometry": {
        "type": "Point",
        "coordinates": [
          -79.3112211,
          43.8643756
        ]
      }
    },
    {
      "type": "Feature",
      "id": "node/37346849",
      "properties": {
        "type": "Railway Node"
      },
      "geometry": {
        "type": "Point",
        "coordinates": [
          -79.3100967,
          43.8649016
        ]
      }
    },
    {
      "type": "Feature",
      "id": "node/37346850",
      "properties": {
        "type": "Railway Node"
      },
      "geometry": {
        "type": "Point",
        "coordinates": [
          -79.3083973,
          43.865607
        ]
      }
    },
    {
      "type": "Feature",
      "id": "node/37346853",
      "properties": {
        "type": "Railway Node"
      },
      "geometry": {
        "type": "Point",
        "coordinates": [
          -79.3047232,
          43.8671658
        ]
      }
    },
    {
      "type": "Feature",
      "id": "node/37346854",
      "properties": {
        "type": "Railway Node"
      },
      "geometry": {
        "type": "Point",
        "coordinates": [
          -79.3020973,
          43.8682802
        ]
      }
    },
    {
      "type": "Feature",
      "id": "node/37346857",
      "properties": {
        "type": "Railway Node"
      },
      "geometry": {
        "type": "Point",
        "coordinates": [
          -79.3002605,
          43.8693074
        ]
      }
    },
    {
      "type": "Feature",
      "id": "node/37346895",
      "properties": {
        "type": "Railway Node"
      },
      "geometry": {
        "type": "Point",
        "coordinates": [
          -79.2623169,
          43.8833863
        ]
      }
    },
    {
      "type": "Feature",
      "id": "node/37346899",
      "properties": {
        "type": "Railway Node"
      },
      "geometry": {
        "type": "Point",
        "coordinates": [
          -79.2613879,
          43.8845384
        ]
      }
    },
    {
      "type": "Feature",
      "id": "node/37346903",
      "properties": {
        "type": "Railway Node"
      },
      "geometry": {
        "type": "Point",
        "coordinates": [
          -79.2604847,
          43.8856587
        ]
      }
    },
    {
      "type": "Feature",
      "id": "node/37346905",
      "properties": {
        "type": "Railway Node"
      },
      "geometry": {
        "type": "Point",
        "coordinates": [
          -79.2601843,
          43.8866422
        ]
      }
    },
    {
      "type": "Feature",
      "id": "node/37346908",
      "properties": {
        "type": "Railway Node"
      },
      "geometry": {
        "type": "Point",
        "coordinates": [
          -79.2606134,
          43.8883681
        ]
      }
    },
    {
      "type": "Feature",
      "id": "node/37346910",
      "properties": {
        "type": "Railway Node"
      },
      "geometry": {
        "type": "Point",
        "coordinates": [
          -79.2615747,
          43.8913248
        ]
      }
    },
    {
      "type": "Feature",
      "id": "node/37346911",
      "properties": {
        "type": "Railway Node"
      },
      "geometry": {
        "type": "Point",
        "coordinates": [
          -79.2622013,
          43.8932299
        ]
      }
    },
    {
      "type": "Feature",
      "id": "node/37346912",
      "properties": {
        "type": "Railway Node"
      },
      "geometry": {
        "type": "Point",
        "coordinates": [
          -79.2626047,
          43.8943556
        ]
      }
    },
    {
      "type": "Feature",
      "id": "node/37346915",
      "properties": {
        "type": "Railway Node"
      },
      "geometry": {
        "type": "Point",
        "coordinates": [
          -79.2630853,
          43.8958029
        ]
      }
    },
    {
      "type": "Feature",
      "id": "node/37346917",
      "properties": {
        "type": "Railway Node"
      },
      "geometry": {
        "type": "Point",
        "coordinates": [
          -79.2632913,
          43.8968543
        ]
      }
    },
    {
      "type": "Feature",
      "id": "node/37346921",
      "properties": {
        "type": "Railway Node"
      },
      "geometry": {
        "type": "Point",
        "coordinates": [
          -79.2632484,
          43.8981902
        ]
      }
    },
    {
      "type": "Feature",
      "id": "node/37346922",
      "properties": {
        "type": "Railway Node"
      },
      "geometry": {
        "type": "Point",
        "coordinates": [
          -79.2629652,
          43.9003425
        ]
      }
    },
    {
      "type": "Feature",
      "id": "node/37346924",
      "properties": {
        "type": "Railway Node"
      },
      "geometry": {
        "type": "Point",
        "coordinates": [
          -79.2625446,
          43.9036016
        ]
      }
    },
    {
      "type": "Feature",
      "id": "node/37346926",
      "properties": {
        "type": "Railway Node"
      },
      "geometry": {
        "type": "Point",
        "coordinates": [
          -79.2623472,
          43.9052095
        ]
      }
    },
    {
      "type": "Feature",
      "id": "node/37346929",
      "properties": {
        "type": "Railway Node"
      },
      "geometry": {
        "type": "Point",
        "coordinates": [
          -79.2624502,
          43.9064772
        ]
      }
    },
    {
      "type": "Feature",
      "id": "node/37346932",
      "properties": {
        "type": "Railway Node"
      },
      "geometry": {
        "type": "Point",
        "coordinates": [
          -79.2628021,
          43.9078438
        ]
      }
    },
    {
      "type": "Feature",
      "id": "node/37346933",
      "properties": {
        "type": "Railway Node"
      },
      "geometry": {
        "type": "Point",
        "coordinates": [
          -79.2631197,
          43.9088827
        ]
      }
    },
    {
      "type": "Feature",
      "id": "node/37346937",
      "properties": {
        "type": "Railway Node"
      },
      "geometry": {
        "type": "Point",
        "coordinates": [
          -79.2630596,
          43.9100637
        ]
      }
    },
    {
      "type": "Feature",
      "id": "node/37346940",
      "properties": {
        "type": "Railway Node"
      },
      "geometry": {
        "type": "Point",
        "coordinates": [
          -79.262536,
          43.9111149
        ]
      }
    },
    {
      "type": "Feature",
      "id": "node/37346942",
      "properties": {
        "type": "Railway Node"
      },
      "geometry": {
        "type": "Point",
        "coordinates": [
          -79.2618666,
          43.9119497
        ]
      }
    },
    {
      "type": "Feature",
      "id": "node/37346943",
      "properties": {
        "type": "Railway Node"
      },
      "geometry": {
        "type": "Point",
        "coordinates": [
          -79.2606735,
          43.9131307
        ]
      }
    },
    {
      "type": "Feature",
      "id": "node/37346947",
      "properties": {
        "type": "Railway Node"
      },
      "geometry": {
        "type": "Point",
        "coordinates": [
          -79.2599182,
          43.9140519
        ]
      }
    },
    {
      "type": "Feature",
      "id": "node/37346948",
      "properties": {
        "type": "Railway Node"
      },
      "geometry": {
        "type": "Point",
        "coordinates": [
          -79.2589569,
          43.9152144
        ]
      }
    },
    {
      "type": "Feature",
      "id": "node/37346952",
      "properties": {
        "type": "Railway Node"
      },
      "geometry": {
        "type": "Point",
        "coordinates": [
          -79.2582187,
          43.9165128
        ]
      }
    },
    {
      "type": "Feature",
      "id": "node/37346955",
      "properties": {
        "type": "Railway Node"
      },
      "geometry": {
        "type": "Point",
        "coordinates": [
          -79.2577896,
          43.919635
        ]
      }
    },
    {
      "type": "Feature",
      "id": "node/37348552",
      "properties": {
        "type": "Railway Node"
      },
      "geometry": {
        "type": "Point",
        "coordinates": [
          -79.3121738,
          43.845579
        ]
      }
    },
    {
      "type": "Feature",
      "id": "node/37348553",
      "properties": {
        "type": "Railway Node"
      },
      "geometry": {
        "type": "Point",
        "coordinates": [
          -79.31886,
          43.8440314
        ]
      }
    },
    {
      "type": "Feature",
      "id": "node/37348554",
      "properties": {
        "type": "Railway Node"
      },
      "geometry": {
        "type": "Point",
        "coordinates": [
          -79.3222413,
          43.8432297
        ]
      }
    },
    {
      "type": "Feature",
      "id": "node/37348555",
      "properties": {
        "type": "Railway Node"
      },
      "geometry": {
        "type": "Point",
        "coordinates": [
          -79.3255988,
          43.8425
        ]
      }
    },
    {
      "type": "Feature",
      "id": "node/37348763",
      "properties": {
        "type": "Railway Node"
      },
      "geometry": {
        "type": "Point",
        "coordinates": [
          -79.3203278,
          43.8436785
        ]
      }
    },
    {
      "type": "Feature",
      "id": "node/37349427",
      "properties": {
        "type": "Railway Node"
      },
      "geometry": {
        "type": "Point",
        "coordinates": [
          -79.317601,
          43.844307
        ]
      }
    },
    {
      "type": "Feature",
      "id": "node/37351066",
      "properties": {
        "type": "Railway Node"
      },
      "geometry": {
        "type": "Point",
        "coordinates": [
          -79.2598438,
          43.8566673
        ]
      }
    },
    {
      "type": "Feature",
      "id": "node/37351069",
      "properties": {
        "type": "Railway Node"
      },
      "geometry": {
        "type": "Point",
        "coordinates": [
          -79.2615509,
          43.8567512
        ]
      }
    },
    {
      "type": "Feature",
      "id": "node/37351072",
      "properties": {
        "type": "Railway Node"
      },
      "geometry": {
        "type": "Point",
        "coordinates": [
          -79.2628667,
          43.8566575
        ]
      }
    },
    {
      "type": "Feature",
      "id": "node/37351076",
      "properties": {
        "type": "Railway Node"
      },
      "geometry": {
        "type": "Point",
        "coordinates": [
          -79.2742876,
          43.8540643
        ]
      }
    },
    {
      "type": "Feature",
      "id": "node/37351078",
      "properties": {
        "type": "Railway Node"
      },
      "geometry": {
        "type": "Point",
        "coordinates": [
          -79.2775766,
          43.8533003
        ]
      }
    },
    {
      "type": "Feature",
      "id": "node/37351080",
      "properties": {
        "type": "Railway Node"
      },
      "geometry": {
        "type": "Point",
        "coordinates": [
          -79.2816559,
          43.8523277
        ]
      }
    },
    {
      "type": "Feature",
      "id": "node/37351081",
      "properties": {
        "type": "Railway Node"
      },
      "geometry": {
        "type": "Point",
        "coordinates": [
          -79.2841553,
          43.851867
        ]
      }
    },
    {
      "type": "Feature",
      "id": "node/37351083",
      "properties": {
        "type": "Railway Node"
      },
      "geometry": {
        "type": "Point",
        "coordinates": [
          -79.2858328,
          43.8516369
        ]
      }
    },
    {
      "type": "Feature",
      "id": "node/37351085",
      "properties": {
        "type": "Railway Node"
      },
      "geometry": {
        "type": "Point",
        "coordinates": [
          -79.2882872,
          43.8511182
        ]
      }
    },
    {
      "type": "Feature",
      "id": "node/37351086",
      "properties": {
        "type": "Railway Node"
      },
      "geometry": {
        "type": "Point",
        "coordinates": [
          -79.2940793,
          43.8497824
        ]
      }
    },
    {
      "type": "Feature",
      "id": "node/37351089",
      "properties": {
        "type": "Railway Node"
      },
      "geometry": {
        "type": "Point",
        "coordinates": [
          -79.3003382,
          43.8483278
        ]
      }
    },
    {
      "type": "Feature",
      "id": "node/37351090",
      "properties": {
        "type": "Railway Node"
      },
      "geometry": {
        "type": "Point",
        "coordinates": [
          -79.3061115,
          43.846986
        ]
      }
    },
    {
      "type": "Feature",
      "id": "node/37363121",
      "properties": {
        "type": "Railway Node"
      },
      "geometry": {
        "type": "Point",
        "coordinates": [
          -79.3947625,
          43.820145
        ]
      }
    },
    {
      "type": "Feature",
      "id": "node/37363122",
      "properties": {
        "type": "Railway Node"
      },
      "geometry": {
        "type": "Point",
        "coordinates": [
          -79.3900846,
          43.8155605
        ]
      }
    },
    {
      "type": "Feature",
      "id": "node/37363129",
      "properties": {
        "type": "Railway Node"
      },
      "geometry": {
        "type": "Point",
        "coordinates": [
          -79.3939617,
          43.8172742
        ]
      }
    },
    {
      "type": "Feature",
      "id": "node/37363133",
      "properties": {
        "type": "Railway Node"
      },
      "geometry": {
        "type": "Point",
        "coordinates": [
          -79.3936489,
          43.8181742
        ]
      }
    },
    {
      "type": "Feature",
      "id": "node/37363139",
      "properties": {
        "type": "Railway Node"
      },
      "geometry": {
        "type": "Point",
        "coordinates": [
          -79.3940134,
          43.8193023
        ]
      }
    },
    {
      "type": "Feature",
      "id": "node/37363157",
      "properties": {
        "type": "Railway Node"
      },
      "geometry": {
        "type": "Point",
        "coordinates": [
          -79.3927515,
          43.8167645
        ]
      }
    },
    {
      "type": "Feature",
      "id": "node/37363162",
      "properties": {
        "type": "Railway Node"
      },
      "geometry": {
        "type": "Point",
        "coordinates": [
          -79.3914471,
          43.8164842
        ]
      }
    },
    {
      "type": "Feature",
      "id": "node/37363180",
      "properties": {
        "type": "Railway Node"
      },
      "geometry": {
        "type": "Point",
        "coordinates": [
          -79.3902941,
          43.8184342
        ]
      }
    },
    {
      "type": "Feature",
      "id": "node/37363185",
      "properties": {
        "type": "Railway Node"
      },
      "geometry": {
        "type": "Point",
        "coordinates": [
          -79.3918161,
          43.8182306
        ]
      }
    },
    {
      "type": "Feature",
      "id": "node/37574673",
      "properties": {
        "type": "Railway Node"
      },
      "geometry": {
        "type": "Point",
        "coordinates": [
          -79.3280532,
          43.8417249
        ]
      }
    },
    {
      "type": "Feature",
      "id": "node/37574681",
      "properties": {
        "type": "Railway Node"
      },
      "geometry": {
        "type": "Point",
        "coordinates": [
          -79.3304542,
          43.8404141
        ]
      }
    },
    {
      "type": "Feature",
      "id": "node/37574690",
      "properties": {
        "type": "Railway Node"
      },
      "geometry": {
        "type": "Point",
        "coordinates": [
          -79.3329528,
          43.8377609
        ]
      }
    },
    {
      "type": "Feature",
      "id": "node/37574692",
      "properties": {
        "type": "Railway Node"
      },
      "geometry": {
        "type": "Point",
        "coordinates": [
          -79.3351014,
          43.8350978
        ]
      }
    },
    {
      "type": "Feature",
      "id": "node/37574694",
      "properties": {
        "type": "Railway Node"
      },
      "geometry": {
        "type": "Point",
        "coordinates": [
          -79.3359918,
          43.8339931
        ]
      }
    },
    {
      "type": "Feature",
      "id": "node/37574698",
      "properties": {
        "type": "Railway Node"
      },
      "geometry": {
        "type": "Point",
        "coordinates": [
          -79.3371432,
          43.832834
        ]
      }
    },
    {
      "type": "Feature",
      "id": "node/37574701",
      "properties": {
        "type": "Railway Node"
      },
      "geometry": {
        "type": "Point",
        "coordinates": [
          -79.3382682,
          43.8320237
        ]
      }
    },
    {
      "type": "Feature",
      "id": "node/37574705",
      "properties": {
        "type": "Railway Node"
      },
      "geometry": {
        "type": "Point",
        "coordinates": [
          -79.3397822,
          43.8312172
        ]
      }
    },
    {
      "type": "Feature",
      "id": "node/37574709",
      "properties": {
        "type": "Railway Node"
      },
      "geometry": {
        "type": "Point",
        "coordinates": [
          -79.3424825,
          43.8303916
        ]
      }
    },
    {
      "type": "Feature",
      "id": "node/37574711",
      "properties": {
        "type": "Railway Node"
      },
      "geometry": {
        "type": "Point",
        "coordinates": [
          -79.350061,
          43.8286738
        ]
      }
    },
    {
      "type": "Feature",
      "id": "node/37574715",
      "properties": {
        "type": "Railway Node"
      },
      "geometry": {
        "type": "Point",
        "coordinates": [
          -79.360068,
          43.8263704
        ]
      }
    },
    {
      "type": "Feature",
      "id": "node/37574719",
      "properties": {
        "type": "Railway Node"
      },
      "geometry": {
        "type": "Point",
        "coordinates": [
          -79.3708386,
          43.8239142
        ]
      }
    },
    {
      "type": "Feature",
      "id": "node/37574724",
      "properties": {
        "type": "Railway Node"
      },
      "geometry": {
        "type": "Point",
        "coordinates": [
          -79.3785517,
          43.8221482
        ]
      }
    },
    {
      "type": "Feature",
      "id": "node/37574729",
      "properties": {
        "type": "Railway Node"
      },
      "geometry": {
        "type": "Point",
        "coordinates": [
          -79.3825694,
          43.8212257
        ]
      }
    },
    {
      "type": "Feature",
      "id": "node/37574732",
      "properties": {
        "type": "Railway Node"
      },
      "geometry": {
        "type": "Point",
        "coordinates": [
          -79.384864,
          43.8205702
        ]
      }
    },
    {
      "type": "Feature",
      "id": "node/37574736",
      "properties": {
        "type": "Railway Node"
      },
      "geometry": {
        "type": "Point",
        "coordinates": [
          -79.3867899,
          43.8199166
        ]
      }
    },
    {
      "type": "Feature",
      "id": "node/37574757",
      "properties": {
        "type": "Railway Node"
      },
      "geometry": {
        "type": "Point",
        "coordinates": [
          -79.4055923,
          43.8095236
        ]
      }
    },
    {
      "type": "Feature",
      "id": "node/37574761",
      "properties": {
        "type": "Railway Node"
      },
      "geometry": {
        "type": "Point",
        "coordinates": [
          -79.4092072,
          43.8077703
        ]
      }
    },
    {
      "type": "Feature",
      "id": "node/37574768",
      "properties": {
        "type": "Railway Node"
      },
      "geometry": {
        "type": "Point",
        "coordinates": [
          -79.4125407,
          43.8064152
        ]
      }
    },
    {
      "type": "Feature",
      "id": "node/37574772",
      "properties": {
        "type": "Railway Node"
      },
      "geometry": {
        "type": "Point",
        "coordinates": [
          -79.4146867,
          43.805684
        ]
      }
    },
    {
      "type": "Feature",
      "id": "node/37574776",
      "properties": {
        "type": "Railway Node"
      },
      "geometry": {
        "type": "Point",
        "coordinates": [
          -79.4173732,
          43.8050167
        ]
      }
    },
    {
      "type": "Feature",
      "id": "node/37574779",
      "properties": {
        "type": "Railway Node"
      },
      "geometry": {
        "type": "Point",
        "coordinates": [
          -79.4229019,
          43.8038658
        ]
      }
    },
    {
      "type": "Feature",
      "id": "node/37574782",
      "properties": {
        "type": "Railway Node"
      },
      "geometry": {
        "type": "Point",
        "coordinates": [
          -79.425454,
          43.8033213
        ]
      }
    },
    {
      "type": "Feature",
      "id": "node/37574784",
      "properties": {
        "type": "Railway Node"
      },
      "geometry": {
        "type": "Point",
        "coordinates": [
          -79.4280304,
          43.8025729
        ]
      }
    },
    {
      "type": "Feature",
      "id": "node/37574785",
      "properties": {
        "type": "Railway Node"
      },
      "geometry": {
        "type": "Point",
        "coordinates": [
          -79.4311011,
          43.8014543
        ]
      }
    },
    {
      "type": "Feature",
      "id": "node/37574789",
      "properties": {
        "type": "Railway Node"
      },
      "geometry": {
        "type": "Point",
        "coordinates": [
          -79.4354041,
          43.7998727
        ]
      }
    },
    {
      "type": "Feature",
      "id": "node/37574792",
      "properties": {
        "type": "Railway Node"
      },
      "geometry": {
        "type": "Point",
        "coordinates": [
          -79.4403672,
          43.7980659
        ]
      }
    },
    {
      "type": "Feature",
      "id": "node/37574795",
      "properties": {
        "type": "Railway Node"
      },
      "geometry": {
        "type": "Point",
        "coordinates": [
          -79.4422432,
          43.7974266
        ]
      }
    },
    {
      "type": "Feature",
      "id": "node/37574799",
      "properties": {
        "type": "Railway Node"
      },
      "geometry": {
        "type": "Point",
        "coordinates": [
          -79.4482758,
          43.7960323
        ]
      }
    },
    {
      "type": "Feature",
      "id": "node/37574803",
      "properties": {
        "type": "Railway Node"
      },
      "geometry": {
        "type": "Point",
        "coordinates": [
          -79.4584087,
          43.7937525
        ]
      }
    },
    {
      "type": "Feature",
      "id": "node/37574807",
      "properties": {
        "type": "Railway Node"
      },
      "geometry": {
        "type": "Point",
        "coordinates": [
          -79.4647043,
          43.7923701
        ]
      }
    },
    {
      "type": "Feature",
      "id": "node/37574812",
      "properties": {
        "type": "Railway Node"
      },
      "geometry": {
        "type": "Point",
        "coordinates": [
          -79.4713481,
          43.7908476
        ]
      }
    },
    {
      "type": "Feature",
      "id": "node/37574822",
      "properties": {
        "type": "Railway Node"
      },
      "geometry": {
        "type": "Point",
        "coordinates": [
          -79.4978867,
          43.7848682
        ]
      }
    },
    {
      "type": "Feature",
      "id": "node/37574825",
      "properties": {
        "type": "Railway Node"
      },
      "geometry": {
        "type": "Point",
        "coordinates": [
          -79.509657,
          43.7821671
        ]
      }
    },
    {
      "type": "Feature",
      "id": "node/37574860",
      "properties": {
        "type": "Railway Node"
      },
      "geometry": {
        "type": "Point",
        "coordinates": [
          -79.3861246,
          43.8117297
        ]
      }
    },
    {
      "type": "Feature",
      "id": "node/37574864",
      "properties": {
        "type": "Railway Node"
      },
      "geometry": {
        "type": "Point",
        "coordinates": [
          -79.383837,
          43.8096391
        ]
      }
    },
    {
      "type": "Feature",
      "id": "node/37574867",
      "properties": {
        "type": "Railway Node"
      },
      "geometry": {
        "type": "Point",
        "coordinates": [
          -79.3820675,
          43.8081269
        ]
      }
    },
    {
      "type": "Feature",
      "id": "node/37574870",
      "properties": {
        "type": "Railway Node"
      },
      "geometry": {
        "type": "Point",
        "coordinates": [
          -79.380294,
          43.8066081
        ]
      }
    },
    {
      "type": "Feature",
      "id": "node/37574873",
      "properties": {
        "type": "Railway Node"
      },
      "geometry": {
        "type": "Point",
        "coordinates": [
          -79.3782688,
          43.8049067
        ]
      }
    },
    {
      "type": "Feature",
      "id": "node/37574876",
      "properties": {
        "type": "Railway Node"
      },
      "geometry": {
        "type": "Point",
        "coordinates": [
          -79.376803,
          43.8035525
        ]
      }
    },
    {
      "type": "Feature",
      "id": "node/37574879",
      "properties": {
        "type": "Railway Node"
      },
      "geometry": {
        "type": "Point",
        "coordinates": [
          -79.3759379,
          43.8023679
        ]
      }
    },
    {
      "type": "Feature",
      "id": "node/37574882",
      "properties": {
        "type": "Railway Node"
      },
      "geometry": {
        "type": "Point",
        "coordinates": [
          -79.3739727,
          43.7995666
        ]
      }
    },
    {
      "type": "Feature",
      "id": "node/37575013",
      "properties": {
        "type": "Railway Node"
      },
      "geometry": {
        "type": "Point",
        "coordinates": [
          -79.3722896,
          43.7953591
        ]
      }
    },
    {
      "type": "Feature",
      "id": "node/37575017",
      "properties": {
        "type": "Railway Node"
      },
      "geometry": {
        "type": "Point",
        "coordinates": [
          -79.3707168,
          43.7909432
        ]
      }
    },
    {
      "type": "Feature",
      "id": "node/37575022",
      "properties": {
        "type": "Railway Node"
      },
      "geometry": {
        "type": "Point",
        "coordinates": [
          -79.3674185,
          43.7818483
        ]
      }
    },
    {
      "type": "Feature",
      "id": "node/37575025",
      "properties": {
        "type": "Railway Node"
      },
      "geometry": {
        "type": "Point",
        "coordinates": [
          -79.3670151,
          43.7802248
        ]
      }
    },
    {
      "type": "Feature",
      "id": "node/37575033",
      "properties": {
        "type": "Railway Node"
      },
      "geometry": {
        "type": "Point",
        "coordinates": [
          -79.3669959,
          43.7792028
        ]
      }
    },
    {
      "type": "Feature",
      "id": "node/37575039",
      "properties": {
        "type": "Railway Node"
      },
      "geometry": {
        "type": "Point",
        "coordinates": [
          -79.3671283,
          43.7780783
        ]
      }
    },
    {
      "type": "Feature",
      "id": "node/37575046",
      "properties": {
        "type": "Railway Node"
      },
      "geometry": {
        "type": "Point",
        "coordinates": [
          -79.3674871,
          43.7771634
        ]
      }
    },
    {
      "type": "Feature",
      "id": "node/37575050",
      "properties": {
        "type": "Railway Node"
      },
      "geometry": {
        "type": "Point",
        "coordinates": [
          -79.3679249,
          43.7761842
        ]
      }
    },
    {
      "type": "Feature",
      "id": "node/37575053",
      "properties": {
        "type": "Railway Node"
      },
      "geometry": {
        "type": "Point",
        "coordinates": [
          -79.3684682,
          43.7749523
        ]
      }
    },
    {
      "type": "Feature",
      "id": "node/37575064",
      "properties": {
        "type": "Railway Node"
      },
      "geometry": {
        "type": "Point",
        "coordinates": [
          -79.3687403,
          43.7733085
        ]
      }
    },
    {
      "type": "Feature",
      "id": "node/37575073",
      "properties": {
        "type": "Railway Node"
      },
      "geometry": {
        "type": "Point",
        "coordinates": [
          -79.3683927,
          43.7714595
        ]
      }
    },
    {
      "type": "Feature",
      "id": "node/37575077",
      "properties": {
        "type": "Railway Node"
      },
      "geometry": {
        "type": "Point",
        "coordinates": [
          -79.3681027,
          43.7702793
        ]
      }
    },
    {
      "type": "Feature",
      "id": "node/37575085",
      "properties": {
        "type": "Railway Node"
      },
      "geometry": {
        "type": "Point",
        "coordinates": [
          -79.366026,
          43.7672403
        ]
      }
    },
    {
      "type": "Feature",
      "id": "node/37575089",
      "properties": {
        "type": "Railway Node"
      },
      "geometry": {
        "type": "Point",
        "coordinates": [
          -79.3532644,
          43.7510409
        ]
      }
    },
    {
      "type": "Feature",
      "id": "node/37575094",
      "properties": {
        "type": "Railway Node"
      },
      "geometry": {
        "type": "Point",
        "coordinates": [
          -79.3494827,
          43.7462972
        ]
      }
    },
    {
      "type": "Feature",
      "id": "node/37575098",
      "properties": {
        "type": "Railway Node"
      },
      "geometry": {
        "type": "Point",
        "coordinates": [
          -79.3484613,
          43.7451067
        ]
      }
    },
    {
      "type": "Feature",
      "id": "node/37575103",
      "properties": {
        "type": "Railway Node"
      },
      "geometry": {
        "type": "Point",
        "coordinates": [
          -79.3468469,
          43.7439771
        ]
      }
    },
    {
      "type": "Feature",
      "id": "node/37575107",
      "properties": {
        "type": "Railway Node"
      },
      "geometry": {
        "type": "Point",
        "coordinates": [
          -79.3456004,
          43.7434186
        ]
      }
    },
    {
      "type": "Feature",
      "id": "node/37575110",
      "properties": {
        "type": "Railway Node"
      },
      "geometry": {
        "type": "Point",
        "coordinates": [
          -79.3437881,
          43.7429315
        ]
      }
    },
    {
      "type": "Feature",
      "id": "node/37575113",
      "properties": {
        "type": "Railway Node"
      },
      "geometry": {
        "type": "Point",
        "coordinates": [
          -79.3397822,
          43.7426473
        ]
      }
    },
    {
      "type": "Feature",
      "id": "node/37575118",
      "properties": {
        "type": "Railway Node"
      },
      "geometry": {
        "type": "Point",
        "coordinates": [
          -79.3380807,
          43.7424718
        ]
      }
    },
    {
      "type": "Feature",
      "id": "node/37575124",
      "properties": {
        "type": "Railway Node"
      },
      "geometry": {
        "type": "Point",
        "coordinates": [
          -79.3364793,
          43.7413428
        ]
      }
    },
    {
      "type": "Feature",
      "id": "node/37575128",
      "properties": {
        "type": "Railway Node"
      },
      "geometry": {
        "type": "Point",
        "coordinates": [
          -79.3356811,
          43.7402452
        ]
      }
    },
    {
      "type": "Feature",
      "id": "node/37575133",
      "properties": {
        "type": "Railway Node"
      },
      "geometry": {
        "type": "Point",
        "coordinates": [
          -79.3343336,
          43.7383663
        ]
      }
    },
    {
      "type": "Feature",
      "id": "node/37575143",
      "properties": {
        "type": "Railway Node"
      },
      "geometry": {
        "type": "Point",
        "coordinates": [
          -79.3339988,
          43.7371322
        ]
      }
    },
    {
      "type": "Feature",
      "id": "node/37575147",
      "properties": {
        "type": "Railway Node"
      },
      "geometry": {
        "type": "Point",
        "coordinates": [
          -79.3339216,
          43.7361586
        ]
      }
    },
    {
      "type": "Feature",
      "id": "node/37575155",
      "properties": {
        "type": "Railway Node"
      },
      "geometry": {
        "type": "Point",
        "coordinates": [
          -79.3332521,
          43.734943
        ]
      }
    },
    {
      "type": "Feature",
      "id": "node/37575162",
      "properties": {
        "type": "Railway Node"
      },
      "geometry": {
        "type": "Point",
        "coordinates": [
          -79.3303771,
          43.7338577
        ]
      }
    },
    {
      "type": "Feature",
      "id": "node/37575170",
      "properties": {
        "type": "Railway Node"
      },
      "geometry": {
        "type": "Point",
        "coordinates": [
          -79.3277276,
          43.7327659
        ]
      }
    },
    {
      "type": "Feature",
      "id": "node/37575173",
      "properties": {
        "type": "Railway Node"
      },
      "geometry": {
        "type": "Point",
        "coordinates": [
          -79.3263015,
          43.7316864
        ]
      }
    },
    {
      "type": "Feature",
      "id": "node/37575178",
      "properties": {
        "type": "Railway Node"
      },
      "geometry": {
        "type": "Point",
        "coordinates": [
          -79.324513,
          43.7309001
        ]
      }
    },
    {
      "type": "Feature",
      "id": "node/37575182",
      "properties": {
        "type": "Railway Node"
      },
      "geometry": {
        "type": "Point",
        "coordinates": [
          -79.3221191,
          43.7304418
        ]
      }
    },
    {
      "type": "Feature",
      "id": "node/37575187",
      "properties": {
        "type": "Railway Node"
      },
      "geometry": {
        "type": "Point",
        "coordinates": [
          -79.3209656,
          43.7297218
        ]
      }
    },
    {
      "type": "Feature",
      "id": "node/37575198",
      "properties": {
        "type": "Railway Node"
      },
      "geometry": {
        "type": "Point",
        "coordinates": [
          -79.3205358,
          43.7287608
        ]
      }
    },
    {
      "type": "Feature",
      "id": "node/37575207",
      "properties": {
        "type": "Railway Node"
      },
      "geometry": {
        "type": "Point",
        "coordinates": [
          -79.3208374,
          43.7276429
        ]
      }
    },
    {
      "type": "Feature",
      "id": "node/37575211",
      "properties": {
        "type": "Railway Node"
      },
      "geometry": {
        "type": "Point",
        "coordinates": [
          -79.3223777,
          43.72438
        ]
      }
    },
    {
      "type": "Feature",
      "id": "node/37575223",
      "properties": {
        "type": "Railway Node"
      },
      "geometry": {
        "type": "Point",
        "coordinates": [
          -79.3228224,
          43.7231406
        ]
      }
    },
    {
      "type": "Feature",
      "id": "node/37575228",
      "properties": {
        "type": "Railway Node"
      },
      "geometry": {
        "type": "Point",
        "coordinates": [
          -79.3228366,
          43.7221621
        ]
      }
    },
    {
      "type": "Feature",
      "id": "node/37575234",
      "properties": {
        "type": "Railway Node"
      },
      "geometry": {
        "type": "Point",
        "coordinates": [
          -79.3223552,
          43.7209052
        ]
      }
    },
    {
      "type": "Feature",
      "id": "node/37575239",
      "properties": {
        "type": "Railway Node"
      },
      "geometry": {
        "type": "Point",
        "coordinates": [
          -79.3208864,
          43.7178922
        ]
      }
    },
    {
      "type": "Feature",
      "id": "node/37575246",
      "properties": {
        "type": "Railway Node"
      },
      "geometry": {
        "type": "Point",
        "coordinates": [
          -79.3201089,
          43.7162479
        ]
      }
    },
    {
      "type": "Feature",
      "id": "node/37575257",
      "properties": {
        "type": "Railway Node"
      },
      "geometry": {
        "type": "Point",
        "coordinates": [
          -79.3196883,
          43.71519
        ]
      }
    },
    {
      "type": "Feature",
      "id": "node/37575265",
      "properties": {
        "type": "Railway Node"
      },
      "geometry": {
        "type": "Point",
        "coordinates": [
          -79.3196755,
          43.7142468
        ]
      }
    },
    {
      "type": "Feature",
      "id": "node/37575632",
      "properties": {
        "type": "Railway Node"
      },
      "geometry": {
        "type": "Point",
        "coordinates": [
          -79.3198667,
          43.7124368
        ]
      }
    },
    {
      "type": "Feature",
      "id": "node/37576007",
      "properties": {
        "type": "Railway Node"
      },
      "geometry": {
        "type": "Point",
        "coordinates": [
          -79.3203518,
          43.7115701
        ]
      }
    },
    {
      "type": "Feature",
      "id": "node/37576048",
      "properties": {
        "type": "Railway Node"
      },
      "geometry": {
        "type": "Point",
        "coordinates": [
          -79.3236773,
          43.7102172
        ]
      }
    },
    {
      "type": "Feature",
      "id": "node/37576067",
      "properties": {
        "type": "Railway Node"
      },
      "geometry": {
        "type": "Point",
        "coordinates": [
          -79.3248934,
          43.709802
        ]
      }
    },
    {
      "type": "Feature",
      "id": "node/37576076",
      "properties": {
        "type": "Railway Node"
      },
      "geometry": {
        "type": "Point",
        "coordinates": [
          -79.3274607,
          43.7085352
        ]
      }
    },
    {
      "type": "Feature",
      "id": "node/37576079",
      "properties": {
        "type": "Railway Node"
      },
      "geometry": {
        "type": "Point",
        "coordinates": [
          -79.3290443,
          43.707676
        ]
      }
    },
    {
      "type": "Feature",
      "id": "node/37576084",
      "properties": {
        "type": "Railway Node"
      },
      "geometry": {
        "type": "Point",
        "coordinates": [
          -79.3322963,
          43.7061332
        ]
      }
    },
    {
      "type": "Feature",
      "id": "node/37576087",
      "properties": {
        "type": "Railway Node"
      },
      "geometry": {
        "type": "Point",
        "coordinates": [
          -79.3335307,
          43.7055538
        ]
      }
    },
    {
      "type": "Feature",
      "id": "node/37576092",
      "properties": {
        "type": "Railway Node"
      },
      "geometry": {
        "type": "Point",
        "coordinates": [
          -79.3353086,
          43.7043697
        ]
      }
    },
    {
      "type": "Feature",
      "id": "node/37576094",
      "properties": {
        "type": "Railway Node"
      },
      "geometry": {
        "type": "Point",
        "coordinates": [
          -79.3376859,
          43.702635
        ]
      }
    },
    {
      "type": "Feature",
      "id": "node/37576096",
      "properties": {
        "type": "Railway Node"
      },
      "geometry": {
        "type": "Point",
        "coordinates": [
          -79.3401285,
          43.7008363
        ]
      }
    },
    {
      "type": "Feature",
      "id": "node/37576099",
      "properties": {
        "type": "Railway Node"
      },
      "geometry": {
        "type": "Point",
        "coordinates": [
          -79.3414789,
          43.6998901
        ]
      }
    },
    {
      "type": "Feature",
      "id": "node/37576102",
      "properties": {
        "type": "Railway Node"
      },
      "geometry": {
        "type": "Point",
        "coordinates": [
          -79.3435156,
          43.6992037
        ]
      }
    },
    {
      "type": "Feature",
      "id": "node/37576106",
      "properties": {
        "type": "Railway Node"
      },
      "geometry": {
        "type": "Point",
        "coordinates": [
          -79.3454207,
          43.6992879
        ]
      }
    },
    {
      "type": "Feature",
      "id": "node/37576110",
      "properties": {
        "type": "Railway Node"
      },
      "geometry": {
        "type": "Point",
        "coordinates": [
          -79.3476347,
          43.6999958
        ]
      }
    },
    {
      "type": "Feature",
      "id": "node/37576115",
      "properties": {
        "type": "Railway Node"
      },
      "geometry": {
        "type": "Point",
        "coordinates": [
          -79.349517,
          43.700187
        ]
      }
    },
    {
      "type": "Feature",
      "id": "node/37576118",
      "properties": {
        "type": "Railway Node"
      },
      "geometry": {
        "type": "Point",
        "coordinates": [
          -79.3515048,
          43.6998938
        ]
      }
    },
    {
      "type": "Feature",
      "id": "node/37576119",
      "properties": {
        "type": "Railway Node"
      },
      "geometry": {
        "type": "Point",
        "coordinates": [
          -79.3528301,
          43.6994715
        ]
      }
    },
    {
      "type": "Feature",
      "id": "node/37576120",
      "properties": {
        "type": "Railway Node"
      },
      "geometry": {
        "type": "Point",
        "coordinates": [
          -79.3543275,
          43.6988127
        ]
      }
    },
    {
      "type": "Feature",
      "id": "node/37576123",
      "properties": {
        "type": "Railway Node"
      },
      "geometry": {
        "type": "Point",
        "coordinates": [
          -79.3556051,
          43.6980328
        ]
      }
    },
    {
      "type": "Feature",
      "id": "node/37576124",
      "properties": {
        "type": "Railway Node"
      },
      "geometry": {
        "type": "Point",
        "coordinates": [
          -79.3565919,
          43.6972357
        ]
      }
    },
    {
      "type": "Feature",
      "id": "node/37576125",
      "properties": {
        "type": "Railway Node"
      },
      "geometry": {
        "type": "Point",
        "coordinates": [
          -79.3577189,
          43.6959567
        ]
      }
    },
    {
      "type": "Feature",
      "id": "node/37576128",
      "properties": {
        "type": "Railway Node"
      },
      "geometry": {
        "type": "Point",
        "coordinates": [
          -79.3584761,
          43.6950011
        ]
      }
    },
    {
      "type": "Feature",
      "id": "node/37576130",
      "properties": {
        "type": "Railway Node"
      },
      "geometry": {
        "type": "Point",
        "coordinates": [
          -79.3595497,
          43.6936776
        ]
      }
    },
    {
      "type": "Feature",
      "id": "node/37576136",
      "properties": {
        "type": "Railway Node"
      },
      "geometry": {
        "type": "Point",
        "coordinates": [
          -79.3604607,
          43.6918207
        ]
      }
    },
    {
      "type": "Feature",
      "id": "node/37576141",
      "properties": {
        "type": "Railway Node"
      },
      "geometry": {
        "type": "Point",
        "coordinates": [
          -79.3609605,
          43.6907173
        ]
      }
    },
    {
      "type": "Feature",
      "id": "node/37576142",
      "properties": {
        "type": "Railway Node"
      },
      "geometry": {
        "type": "Point",
        "coordinates": [
          -79.3616488,
          43.6898898
        ]
      }
    },
    {
      "type": "Feature",
      "id": "node/37576150",
      "properties": {
        "type": "Railway Node"
      },
      "geometry": {
        "type": "Point",
        "coordinates": [
          -79.3626553,
          43.688707
        ]
      }
    },
    {
      "type": "Feature",
      "id": "node/37576157",
      "properties": {
        "type": "Railway Node"
      },
      "geometry": {
        "type": "Point",
        "coordinates": [
          -79.3628121,
          43.6877915
        ]
      }
    },
    {
      "type": "Feature",
      "id": "node/37576164",
      "properties": {
        "type": "Railway Node"
      },
      "geometry": {
        "type": "Point",
        "coordinates": [
          -79.362268,
          43.6863708
        ]
      }
    },
    {
      "type": "Feature",
      "id": "node/37576170",
      "properties": {
        "type": "Railway Node"
      },
      "geometry": {
        "type": "Point",
        "coordinates": [
          -79.3621432,
          43.6854486
        ]
      }
    },
    {
      "type": "Feature",
      "id": "node/37576175",
      "properties": {
        "type": "Railway Node"
      },
      "geometry": {
        "type": "Point",
        "coordinates": [
          -79.3625531,
          43.6845544
        ]
      }
    },
    {
      "type": "Feature",
      "id": "node/37576184",
      "properties": {
        "type": "Railway Node"
      },
      "geometry": {
        "type": "Point",
        "coordinates": [
          -79.3640135,
          43.6835521
        ]
      }
    },
    {
      "type": "Feature",
      "id": "node/37576187",
      "properties": {
        "type": "Railway Node"
      },
      "geometry": {
        "type": "Point",
        "coordinates": [
          -79.3665595,
          43.682184
        ]
      }
    },
    {
      "type": "Feature",
      "id": "node/37576195",
      "properties": {
        "type": "Railway Node"
      },
      "geometry": {
        "type": "Point",
        "coordinates": [
          -79.3674687,
          43.6811274
        ]
      }
    },
    {
      "type": "Feature",
      "id": "node/37576203",
      "properties": {
        "type": "Railway Node"
      },
      "geometry": {
        "type": "Point",
        "coordinates": [
          -79.3674292,
          43.6797255
        ]
      }
    },
    {
      "type": "Feature",
      "id": "node/37576210",
      "properties": {
        "type": "Railway Node"
      },
      "geometry": {
        "type": "Point",
        "coordinates": [
          -79.3654763,
          43.6771784
        ]
      }
    },
    {
      "type": "Feature",
      "id": "node/37576216",
      "properties": {
        "type": "Railway Node"
      },
      "geometry": {
        "type": "Point",
        "coordinates": [
          -79.3644619,
          43.6756154
        ]
      }
    },
    {
      "type": "Feature",
      "id": "node/37576220",
      "properties": {
        "type": "Railway Node"
      },
      "geometry": {
        "type": "Point",
        "coordinates": [
          -79.3639665,
          43.6744588
        ]
      }
    },
    {
      "type": "Feature",
      "id": "node/37576223",
      "properties": {
        "type": "Railway Node"
      },
      "geometry": {
        "type": "Point",
        "coordinates": [
          -79.3631539,
          43.6732864
        ]
      }
    },
    {
      "type": "Feature",
      "id": "node/37576228",
      "properties": {
        "type": "Railway Node"
      },
      "geometry": {
        "type": "Point",
        "coordinates": [
          -79.3624869,
          43.672454
        ]
      }
    },
    {
      "type": "Feature",
      "id": "node/37576236",
      "properties": {
        "type": "Railway Node"
      },
      "geometry": {
        "type": "Point",
        "coordinates": [
          -79.3608297,
          43.6710573
        ]
      }
    },
    {
      "type": "Feature",
      "id": "node/37576238",
      "properties": {
        "type": "Railway Node"
      },
      "geometry": {
        "type": "Point",
        "coordinates": [
          -79.3587967,
          43.6693899
        ]
      }
    },
    {
      "type": "Feature",
      "id": "node/37576243",
      "properties": {
        "type": "Railway Node"
      },
      "geometry": {
        "type": "Point",
        "coordinates": [
          -79.3580312,
          43.6685242
        ]
      }
    },
    {
      "type": "Feature",
      "id": "node/37576250",
      "properties": {
        "type": "Railway Node"
      },
      "geometry": {
        "type": "Point",
        "coordinates": [
          -79.3576635,
          43.6674902
        ]
      }
    },
    {
      "type": "Feature",
      "id": "node/37576254",
      "properties": {
        "type": "Railway Node"
      },
      "geometry": {
        "type": "Point",
        "coordinates": [
          -79.3571749,
          43.6659132
        ]
      }
    },
    {
      "type": "Feature",
      "id": "node/37576283",
      "properties": {
        "type": "Railway Node"
      },
      "geometry": {
        "type": "Point",
        "coordinates": [
          -79.351726,
          43.6551085
        ]
      }
    },
    {
      "type": "Feature",
      "id": "node/37576290",
      "properties": {
        "type": "Railway Node"
      },
      "geometry": {
        "type": "Point",
        "coordinates": [
          -79.3509864,
          43.6542907
        ]
      }
    },
    {
      "type": "Feature",
      "id": "node/37576300",
      "properties": {
        "type": "Railway Node"
      },
      "geometry": {
        "type": "Point",
        "coordinates": [
          -79.3511195,
          43.653175
        ]
      }
    },
    {
      "type": "Feature",
      "id": "node/37576312",
      "properties": {
        "type": "Railway Node"
      },
      "geometry": {
        "type": "Point",
        "coordinates": [
          -79.3535186,
          43.6516557
        ]
      }
    },
    {
      "type": "Feature",
      "id": "node/38590919",
      "properties": {
        "type": "Railway Node"
      },
      "geometry": {
        "type": "Point",
        "coordinates": [
          -79.274862,
          43.7226676
        ]
      }
    },
    {
      "type": "Feature",
      "id": "node/39461036",
      "properties": {
        "type": "Railway Node"
      },
      "geometry": {
        "type": "Point",
        "coordinates": [
          -79.3456658,
          43.7216384
        ]
      }
    },
    {
      "type": "Feature",
      "id": "node/39461038",
      "properties": {
        "type": "Railway Node"
      },
      "geometry": {
        "type": "Point",
        "coordinates": [
          -79.3446994,
          43.7224828
        ]
      }
    },
    {
      "type": "Feature",
      "id": "node/39461039",
      "properties": {
        "type": "Railway Node"
      },
      "geometry": {
        "type": "Point",
        "coordinates": [
          -79.3436889,
          43.7231875
        ]
      }
    },
    {
      "type": "Feature",
      "id": "node/39461042",
      "properties": {
        "type": "Railway Node"
      },
      "geometry": {
        "type": "Point",
        "coordinates": [
          -79.3422246,
          43.724005
        ]
      }
    },
    {
      "type": "Feature",
      "id": "node/39461045",
      "properties": {
        "type": "Railway Node"
      },
      "geometry": {
        "type": "Point",
        "coordinates": [
          -79.3377201,
          43.7265685
        ]
      }
    },
    {
      "type": "Feature",
      "id": "node/39461050",
      "properties": {
        "type": "Railway Node"
      },
      "geometry": {
        "type": "Point",
        "coordinates": [
          -79.3251523,
          43.7337044
        ]
      }
    },
    {
      "type": "Feature",
      "id": "node/39461051",
      "properties": {
        "type": "Railway Node"
      },
      "geometry": {
        "type": "Point",
        "coordinates": [
          -79.3228821,
          43.7351552
        ]
      }
    },
    {
      "type": "Feature",
      "id": "node/39461053",
      "properties": {
        "type": "Railway Node"
      },
      "geometry": {
        "type": "Point",
        "coordinates": [
          -79.3158978,
          43.741615
        ]
      }
    },
    {
      "type": "Feature",
      "id": "node/39461054",
      "properties": {
        "type": "Railway Node"
      },
      "geometry": {
        "type": "Point",
        "coordinates": [
          -79.3105602,
          43.7465684
        ]
      }
    },
    {
      "type": "Feature",
      "id": "node/39461055",
      "properties": {
        "type": "Railway Node"
      },
      "geometry": {
        "type": "Point",
        "coordinates": [
          -79.3092066,
          43.7480131
        ]
      }
    },
    {
      "type": "Feature",
      "id": "node/39461057",
      "properties": {
        "type": "Railway Node"
      },
      "geometry": {
        "type": "Point",
        "coordinates": [
          -79.3079207,
          43.7497008
        ]
      }
    },
    {
      "type": "Feature",
      "id": "node/39461058",
      "properties": {
        "type": "Railway Node"
      },
      "geometry": {
        "type": "Point",
        "coordinates": [
          -79.3061272,
          43.7523591
        ]
      }
    },
    {
      "type": "Feature",
      "id": "node/39461061",
      "properties": {
        "type": "Railway Node"
      },
      "geometry": {
        "type": "Point",
        "coordinates": [
          -79.3029899,
          43.7569223
        ]
      }
    },
    {
      "type": "Feature",
      "id": "node/39461066",
      "properties": {
        "type": "Railway Node"
      },
      "geometry": {
        "type": "Point",
        "coordinates": [
          -79.2985696,
          43.7634933
        ]
      }
    },
    {
      "type": "Feature",
      "id": "node/39461067",
      "properties": {
        "type": "Railway Node"
      },
      "geometry": {
        "type": "Point",
        "coordinates": [
          -79.2938676,
          43.7704049
        ]
      }
    },
    {
      "type": "Feature",
      "id": "node/39461068",
      "properties": {
        "type": "Railway Node"
      },
      "geometry": {
        "type": "Point",
        "coordinates": [
          -79.292497,
          43.7724267
        ]
      }
    },
    {
      "type": "Feature",
      "id": "node/39461071",
      "properties": {
        "type": "Railway Node"
      },
      "geometry": {
        "type": "Point",
        "coordinates": [
          -79.2913341,
          43.7740301
        ]
      }
    },
    {
      "type": "Feature",
      "id": "node/39461075",
      "properties": {
        "type": "Railway Node"
      },
      "geometry": {
        "type": "Point",
        "coordinates": [
          -79.290431,
          43.7750931
        ]
      }
    },
    {
      "type": "Feature",
      "id": "node/39461076",
      "properties": {
        "type": "Railway Node"
      },
      "geometry": {
        "type": "Point",
        "coordinates": [
          -79.2892583,
          43.7762293
        ]
      }
    },
    {
      "type": "Feature",
      "id": "node/39461078",
      "properties": {
        "type": "Railway Node"
      },
      "geometry": {
        "type": "Point",
        "coordinates": [
          -79.2879202,
          43.7772829
        ]
      }
    },
    {
      "type": "Feature",
      "id": "node/39461079",
      "properties": {
        "type": "Railway Node"
      },
      "geometry": {
        "type": "Point",
        "coordinates": [
          -79.2858373,
          43.7785952
        ]
      }
    },
    {
      "type": "Feature",
      "id": "node/39461080",
      "properties": {
        "type": "Railway Node"
      },
      "geometry": {
        "type": "Point",
        "coordinates": [
          -79.2833662,
          43.780189
        ]
      }
    },
    {
      "type": "Feature",
      "id": "node/39461099",
      "properties": {
        "type": "Railway Node"
      },
      "geometry": {
        "type": "Point",
        "coordinates": [
          -79.2584581,
          43.7944341
        ]
      }
    },
    {
      "type": "Feature",
      "id": "node/39461102",
      "properties": {
        "type": "Railway Node"
      },
      "geometry": {
        "type": "Point",
        "coordinates": [
          -79.2557852,
          43.7957435
        ]
      }
    },
    {
      "type": "Feature",
      "id": "node/39461103",
      "properties": {
        "type": "Railway Node"
      },
      "geometry": {
        "type": "Point",
        "coordinates": [
          -79.2499327,
          43.7985881
        ]
      }
    },
    {
      "type": "Feature",
      "id": "node/39461106",
      "properties": {
        "type": "Railway Node"
      },
      "geometry": {
        "type": "Point",
        "coordinates": [
          -79.2451532,
          43.8009011
        ]
      }
    },
    {
      "type": "Feature",
      "id": "node/39461109",
      "properties": {
        "type": "Railway Node"
      },
      "geometry": {
        "type": "Point",
        "coordinates": [
          -79.2417986,
          43.8023417
        ]
      }
    },
    {
      "type": "Feature",
      "id": "node/39461112",
      "properties": {
        "type": "Railway Node"
      },
      "geometry": {
        "type": "Point",
        "coordinates": [
          -79.2401685,
          43.8029648
        ]
      }
    },
    {
      "type": "Feature",
      "id": "node/39461116",
      "properties": {
        "type": "Railway Node"
      },
      "geometry": {
        "type": "Point",
        "coordinates": [
          -79.2366545,
          43.8041645
        ]
      }
    },
    {
      "type": "Feature",
      "id": "node/39461117",
      "properties": {
        "type": "Railway Node"
      },
      "geometry": {
        "type": "Point",
        "coordinates": [
          -79.2342739,
          43.8050287
        ]
      }
    },
    {
      "type": "Feature",
      "id": "node/39461123",
      "properties": {
        "type": "Railway Node"
      },
      "geometry": {
        "type": "Point",
        "coordinates": [
          -79.2317814,
          43.8059911
        ]
      }
    },
    {
      "type": "Feature",
      "id": "node/39461127",
      "properties": {
        "type": "Railway Node"
      },
      "geometry": {
        "type": "Point",
        "coordinates": [
          -79.2299345,
          43.8068204
        ]
      }
    },
    {
      "type": "Feature",
      "id": "node/39461129",
      "properties": {
        "type": "Railway Node"
      },
      "geometry": {
        "type": "Point",
        "coordinates": [
          -79.2288361,
          43.8074201
        ]
      }
    },
    {
      "type": "Feature",
      "id": "node/39461134",
      "properties": {
        "type": "Railway Node"
      },
      "geometry": {
        "type": "Point",
        "coordinates": [
          -79.2269763,
          43.8085827
        ]
      }
    },
    {
      "type": "Feature",
      "id": "node/39461140",
      "properties": {
        "type": "Railway Node"
      },
      "geometry": {
        "type": "Point",
        "coordinates": [
          -79.2252009,
          43.8099509
        ]
      }
    },
    {
      "type": "Feature",
      "id": "node/39461141",
      "properties": {
        "type": "Railway Node"
      },
      "geometry": {
        "type": "Point",
        "coordinates": [
          -79.2243325,
          43.8108014
        ]
      }
    },
    {
      "type": "Feature",
      "id": "node/39461147",
      "properties": {
        "type": "Railway Node"
      },
      "geometry": {
        "type": "Point",
        "coordinates": [
          -79.2234167,
          43.8117286
        ]
      }
    },
    {
      "type": "Feature",
      "id": "node/39461151",
      "properties": {
        "type": "Railway Node"
      },
      "geometry": {
        "type": "Point",
        "coordinates": [
          -79.2228184,
          43.8125438
        ]
      }
    },
    {
      "type": "Feature",
      "id": "node/39461152",
      "properties": {
        "type": "Railway Node"
      },
      "geometry": {
        "type": "Point",
        "coordinates": [
          -79.2219285,
          43.8138111
        ]
      }
    },
    {
      "type": "Feature",
      "id": "node/39461154",
      "properties": {
        "type": "Railway Node"
      },
      "geometry": {
        "type": "Point",
        "coordinates": [
          -79.2200251,
          43.8164769
        ]
      }
    },
    {
      "type": "Feature",
      "id": "node/39461157",
      "properties": {
        "type": "Railway Node"
      },
      "geometry": {
        "type": "Point",
        "coordinates": [
          -79.2178818,
          43.8194705
        ]
      }
    },
    {
      "type": "Feature",
      "id": "node/39461161",
      "properties": {
        "type": "Railway Node"
      },
      "geometry": {
        "type": "Point",
        "coordinates": [
          -79.2167859,
          43.8209741
        ]
      }
    },
    {
      "type": "Feature",
      "id": "node/39461165",
      "properties": {
        "type": "Railway Node"
      },
      "geometry": {
        "type": "Point",
        "coordinates": [
          -79.215846,
          43.8220795
        ]
      }
    },
    {
      "type": "Feature",
      "id": "node/39461166",
      "properties": {
        "type": "Railway Node"
      },
      "geometry": {
        "type": "Point",
        "coordinates": [
          -79.2144127,
          43.8234356
        ]
      }
    },
    {
      "type": "Feature",
      "id": "node/39461168",
      "properties": {
        "type": "Railway Node"
      },
      "geometry": {
        "type": "Point",
        "coordinates": [
          -79.2118034,
          43.8259002
        ]
      }
    },
    {
      "type": "Feature",
      "id": "node/39461171",
      "properties": {
        "type": "Railway Node"
      },
      "geometry": {
        "type": "Point",
        "coordinates": [
          -79.2101726,
          43.8273615
        ]
      }
    },
    {
      "type": "Feature",
      "id": "node/39461173",
      "properties": {
        "type": "Railway Node"
      },
      "geometry": {
        "type": "Point",
        "coordinates": [
          -79.2089281,
          43.8282594
        ]
      }
    },
    {
      "type": "Feature",
      "id": "node/39461176",
      "properties": {
        "type": "Railway Node"
      },
      "geometry": {
        "type": "Point",
        "coordinates": [
          -79.2078037,
          43.8288848
        ]
      }
    },
    {
      "type": "Feature",
      "id": "node/39461178",
      "properties": {
        "type": "Railway Node"
      },
      "geometry": {
        "type": "Point",
        "coordinates": [
          -79.2066467,
          43.8293526
        ]
      }
    },
    {
      "type": "Feature",
      "id": "node/39461180",
      "properties": {
        "type": "Railway Node"
      },
      "geometry": {
        "type": "Point",
        "coordinates": [
          -79.2053938,
          43.8297323
        ]
      }
    },
    {
      "type": "Feature",
      "id": "node/39461181",
      "properties": {
        "type": "Railway Node"
      },
      "geometry": {
        "type": "Point",
        "coordinates": [
          -79.2039418,
          43.8301423
        ]
      }
    },
    {
      "type": "Feature",
      "id": "node/39461184",
      "properties": {
        "type": "Railway Node"
      },
      "geometry": {
        "type": "Point",
        "coordinates": [
          -79.1990727,
          43.8315073
        ]
      }
    },
    {
      "type": "Feature",
      "id": "node/39461186",
      "properties": {
        "type": "Railway Node"
      },
      "geometry": {
        "type": "Point",
        "coordinates": [
          -79.1900734,
          43.8336261
        ]
      }
    },
    {
      "type": "Feature",
      "id": "node/39461188",
      "properties": {
        "type": "Railway Node"
      },
      "geometry": {
        "type": "Point",
        "coordinates": [
          -79.186596,
          43.8344182
        ]
      }
    },
    {
      "type": "Feature",
      "id": "node/39461191",
      "properties": {
        "type": "Railway Node"
      },
      "geometry": {
        "type": "Point",
        "coordinates": [
          -79.1849706,
          43.8347895
        ]
      }
    },
    {
      "type": "Feature",
      "id": "node/39461192",
      "properties": {
        "type": "Railway Node"
      },
      "geometry": {
        "type": "Point",
        "coordinates": [
          -79.1835432,
          43.8350239
        ]
      }
    },
    {
      "type": "Feature",
      "id": "node/39461195",
      "properties": {
        "type": "Railway Node"
      },
      "geometry": {
        "type": "Point",
        "coordinates": [
          -79.1809721,
          43.8351874
        ]
      }
    },
    {
      "type": "Feature",
      "id": "node/39461201",
      "properties": {
        "type": "Railway Node"
      },
      "geometry": {
        "type": "Point",
        "coordinates": [
          -79.1786485,
          43.8350478
        ]
      }
    },
    {
      "type": "Feature",
      "id": "node/39461206",
      "properties": {
        "type": "Railway Node"
      },
      "geometry": {
        "type": "Point",
        "coordinates": [
          -79.1766953,
          43.8347352
        ]
      }
    },
    {
      "type": "Feature",
      "id": "node/39461207",
      "properties": {
        "type": "Railway Node"
      },
      "geometry": {
        "type": "Point",
        "coordinates": [
          -79.1748721,
          43.8343983
        ]
      }
    },
    {
      "type": "Feature",
      "id": "node/39461209",
      "properties": {
        "type": "Railway Node"
      },
      "geometry": {
        "type": "Point",
        "coordinates": [
          -79.1730445,
          43.8340723
        ]
      }
    },
    {
      "type": "Feature",
      "id": "node/39461214",
      "properties": {
        "type": "Railway Node"
      },
      "geometry": {
        "type": "Point",
        "coordinates": [
          -79.1703434,
          43.8338238
        ]
      }
    },
    {
      "type": "Feature",
      "id": "node/39461217",
      "properties": {
        "type": "Railway Node"
      },
      "geometry": {
        "type": "Point",
        "coordinates": [
          -79.1689409,
          43.8338173
        ]
      }
    },
    {
      "type": "Feature",
      "id": "node/39461219",
      "properties": {
        "type": "Railway Node"
      },
      "geometry": {
        "type": "Point",
        "coordinates": [
          -79.1673093,
          43.833926
        ]
      }
    },
    {
      "type": "Feature",
      "id": "node/39461221",
      "properties": {
        "type": "Railway Node"
      },
      "geometry": {
        "type": "Point",
        "coordinates": [
          -79.1645279,
          43.8342901
        ]
      }
    },
    {
      "type": "Feature",
      "id": "node/39461230",
      "properties": {
        "type": "Railway Node"
      },
      "geometry": {
        "type": "Point",
        "coordinates": [
          -79.154151,
          43.835854
        ]
      }
    },
    {
      "type": "Feature",
      "id": "node/39461232",
      "properties": {
        "type": "Railway Node"
      },
      "geometry": {
        "type": "Point",
        "coordinates": [
          -79.1483939,
          43.8367212
        ]
      }
    },
    {
      "type": "Feature",
      "id": "node/39461235",
      "properties": {
        "type": "Railway Node"
      },
      "geometry": {
        "type": "Point",
        "coordinates": [
          -79.1439486,
          43.8373833
        ]
      }
    },
    {
      "type": "Feature",
      "id": "node/39461236",
      "properties": {
        "type": "Railway Node"
      },
      "geometry": {
        "type": "Point",
        "coordinates": [
          -79.1421089,
          43.8377014
        ]
      }
    },
    {
      "type": "Feature",
      "id": "node/39461237",
      "properties": {
        "type": "Railway Node"
      },
      "geometry": {
        "type": "Point",
        "coordinates": [
          -79.1404352,
          43.8382153
        ]
      }
    },
    {
      "type": "Feature",
      "id": "node/39461241",
      "properties": {
        "type": "Railway Node"
      },
      "geometry": {
        "type": "Point",
        "coordinates": [
          -79.1383924,
          43.8390882
        ]
      }
    },
    {
      "type": "Feature",
      "id": "node/39461242",
      "properties": {
        "type": "Railway Node"
      },
      "geometry": {
        "type": "Point",
        "coordinates": [
          -79.1368303,
          43.8400416
        ]
      }
    },
    {
      "type": "Feature",
      "id": "node/39461244",
      "properties": {
        "type": "Railway Node"
      },
      "geometry": {
        "type": "Point",
        "coordinates": [
          -79.1358781,
          43.8407812
        ]
      }
    },
    {
      "type": "Feature",
      "id": "node/39461246",
      "properties": {
        "type": "Railway Node"
      },
      "geometry": {
        "type": "Point",
        "coordinates": [
          -79.1342106,
          43.8423972
        ]
      }
    },
    {
      "type": "Feature",
      "id": "node/39461247",
      "properties": {
        "type": "Railway Node"
      },
      "geometry": {
        "type": "Point",
        "coordinates": [
          -79.132256,
          43.8442935
        ]
      }
    },
    {
      "type": "Feature",
      "id": "node/39461250",
      "properties": {
        "type": "Railway Node"
      },
      "geometry": {
        "type": "Point",
        "coordinates": [
          -79.1296914,
          43.8467744
        ]
      }
    },
    {
      "type": "Feature",
      "id": "node/39461251",
      "properties": {
        "type": "Railway Node"
      },
      "geometry": {
        "type": "Point",
        "coordinates": [
          -79.1272237,
          43.8491668
        ]
      }
    },
    {
      "type": "Feature",
      "id": "node/39464693",
      "properties": {
        "type": "Railway Node"
      },
      "geometry": {
        "type": "Point",
        "coordinates": [
          -79.4561215,
          43.6632781
        ]
      }
    },
    {
      "type": "Feature",
      "id": "node/39466261",
      "properties": {
        "type": "Railway Node"
      },
      "geometry": {
        "type": "Point",
        "coordinates": [
          -79.5005872,
          43.6942688
        ]
      }
    },
    {
      "type": "Feature",
      "id": "node/39466263",
      "properties": {
        "type": "Railway Node"
      },
      "geometry": {
        "type": "Point",
        "coordinates": [
          -79.4925023,
          43.6903097
        ]
      }
    },
    {
      "type": "Feature",
      "id": "node/39466269",
      "properties": {
        "type": "Railway Node"
      },
      "geometry": {
        "type": "Point",
        "coordinates": [
          -79.4790983,
          43.6836659
        ]
      }
    },
    {
      "type": "Feature",
      "id": "node/39466273",
      "properties": {
        "type": "Railway Node"
      },
      "geometry": {
        "type": "Point",
        "coordinates": [
          -79.4761533,
          43.6821296
        ]
      }
    },
    {
      "type": "Feature",
      "id": "node/39466275",
      "properties": {
        "type": "Railway Node"
      },
      "geometry": {
        "type": "Point",
        "coordinates": [
          -79.4732952,
          43.6802675
        ]
      }
    },
    {
      "type": "Feature",
      "id": "node/39466288",
      "properties": {
        "type": "Railway Node"
      },
      "geometry": {
        "type": "Point",
        "coordinates": [
          -79.4678535,
          43.675438
        ]
      }
    },
    {
      "type": "Feature",
      "id": "node/39466289",
      "properties": {
        "type": "Railway Node"
      },
      "geometry": {
        "type": "Point",
        "coordinates": [
          -79.4653988,
          43.6728927
        ]
      }
    },
    {
      "type": "Feature",
      "id": "node/39466300",
      "properties": {
        "type": "Railway Node"
      },
      "geometry": {
        "type": "Point",
        "coordinates": [
          -79.4631328,
          43.6709806
        ]
      }
    },
    {
      "type": "Feature",
      "id": "node/39466332",
      "properties": {
        "type": "Railway Node"
      },
      "geometry": {
        "type": "Point",
        "coordinates": [
          -79.4641046,
          43.6672105
        ]
      }
    },
    {
      "type": "Feature",
      "id": "node/39469029",
      "properties": {
        "type": "Railway Node"
      },
      "geometry": {
        "type": "Point",
        "coordinates": [
          -79.3468332,
          43.7200961
        ]
      }
    },
    {
      "type": "Feature",
      "id": "node/39469033",
      "properties": {
        "type": "Railway Node"
      },
      "geometry": {
        "type": "Point",
        "coordinates": [
          -79.3473644,
          43.718908
        ]
      }
    },
    {
      "type": "Feature",
      "id": "node/39469038",
      "properties": {
        "type": "Railway Node"
      },
      "geometry": {
        "type": "Point",
        "coordinates": [
          -79.3476432,
          43.7179907
        ]
      }
    },
    {
      "type": "Feature",
      "id": "node/39469039",
      "properties": {
        "type": "Railway Node"
      },
      "geometry": {
        "type": "Point",
        "coordinates": [
          -79.3481027,
          43.7165507
        ]
      }
    },
    {
      "type": "Feature",
      "id": "node/39469042",
      "properties": {
        "type": "Railway Node"
      },
      "geometry": {
        "type": "Point",
        "coordinates": [
          -79.348839,
          43.7142445
        ]
      }
    },
    {
      "type": "Feature",
      "id": "node/39469044",
      "properties": {
        "type": "Railway Node"
      },
      "geometry": {
        "type": "Point",
        "coordinates": [
          -79.3494496,
          43.7122626
        ]
      }
    },
    {
      "type": "Feature",
      "id": "node/39469056",
      "properties": {
        "type": "Railway Node"
      },
      "geometry": {
        "type": "Point",
        "coordinates": [
          -79.3608398,
          43.70014
        ]
      }
    },
    {
      "type": "Feature",
      "id": "node/39469060",
      "properties": {
        "type": "Railway Node"
      },
      "geometry": {
        "type": "Point",
        "coordinates": [
          -79.3703719,
          43.6910663
        ]
      }
    },
    {
      "type": "Feature",
      "id": "node/39469062",
      "properties": {
        "type": "Railway Node"
      },
      "geometry": {
        "type": "Point",
        "coordinates": [
          -79.3734569,
          43.6880385
        ]
      }
    },
    {
      "type": "Feature",
      "id": "node/39469064",
      "properties": {
        "type": "Railway Node"
      },
      "geometry": {
        "type": "Point",
        "coordinates": [
          -79.3751973,
          43.6868988
        ]
      }
    },
    {
      "type": "Feature",
      "id": "node/39469067",
      "properties": {
        "type": "Railway Node"
      },
      "geometry": {
        "type": "Point",
        "coordinates": [
          -79.3766406,
          43.6862588
        ]
      }
    },
    {
      "type": "Feature",
      "id": "node/39469069",
      "properties": {
        "type": "Railway Node"
      },
      "geometry": {
        "type": "Point",
        "coordinates": [
          -79.3780427,
          43.6858252
        ]
      }
    },
    {
      "type": "Feature",
      "id": "node/39469071",
      "properties": {
        "type": "Railway Node"
      },
      "geometry": {
        "type": "Point",
        "coordinates": [
          -79.3819909,
          43.6849787
        ]
      }
    },
    {
      "type": "Feature",
      "id": "node/39469078",
      "properties": {
        "type": "Railway Node"
      },
      "geometry": {
        "type": "Point",
        "coordinates": [
          -79.3875925,
          43.6827009
        ]
      }
    },
    {
      "type": "Feature",
      "id": "node/39469079",
      "properties": {
        "type": "Railway Node"
      },
      "geometry": {
        "type": "Point",
        "coordinates": [
          -79.3977115,
          43.6781131
        ]
      }
    },
    {
      "type": "Feature",
      "id": "node/39469082",
      "properties": {
        "type": "Railway Node"
      },
      "geometry": {
        "type": "Point",
        "coordinates": [
          -79.4005067,
          43.67699
        ]
      }
    },
    {
      "type": "Feature",
      "id": "node/39469084",
      "properties": {
        "type": "Railway Node"
      },
      "geometry": {
        "type": "Point",
        "coordinates": [
          -79.429133,
          43.6710179
        ]
      }
    },
    {
      "type": "Feature",
      "id": "node/39469087",
      "properties": {
        "type": "Railway Node"
      },
      "geometry": {
        "type": "Point",
        "coordinates": [
          -79.4444589,
          43.6679789
        ]
      }
    },
    {
      "type": "Feature",
      "id": "node/39469089",
      "properties": {
        "type": "Railway Node"
      },
      "geometry": {
        "type": "Point",
        "coordinates": [
          -79.4482349,
          43.6673398
        ]
      }
    },
    {
      "type": "Feature",
      "id": "node/39469091",
      "properties": {
        "type": "Railway Node"
      },
      "geometry": {
        "type": "Point",
        "coordinates": [
          -79.4495796,
          43.6672058
        ]
      }
    },
    {
      "type": "Feature",
      "id": "node/39469095",
      "properties": {
        "type": "Railway Node"
      },
      "geometry": {
        "type": "Point",
        "coordinates": [
          -79.4698354,
          43.6672988
        ]
      }
    },
    {
      "type": "Feature",
      "id": "node/39469097",
      "properties": {
        "type": "Railway Node"
      },
      "geometry": {
        "type": "Point",
        "coordinates": [
          -79.4731077,
          43.6673186
        ]
      }
    },
    {
      "type": "Feature",
      "id": "node/39469099",
      "properties": {
        "type": "Railway Node"
      },
      "geometry": {
        "type": "Point",
        "coordinates": [
          -79.4775478,
          43.6671032
        ]
      }
    },
    {
      "type": "Feature",
      "id": "node/39469101",
      "properties": {
        "type": "Railway Node"
      },
      "geometry": {
        "type": "Point",
        "coordinates": [
          -79.4902782,
          43.6663638
        ]
      }
    },
    {
      "type": "Feature",
      "id": "node/39489645",
      "properties": {
        "type": "Railway Node"
      },
      "geometry": {
        "type": "Point",
        "coordinates": [
          -79.3596531,
          43.7012828
        ]
      }
    },
    {
      "type": "Feature",
      "id": "node/39515704",
      "properties": {
        "type": "Railway Node"
      },
      "geometry": {
        "type": "Point",
        "coordinates": [
          -79.2455164,
          43.8144288
        ]
      }
    },
    {
      "type": "Feature",
      "id": "node/39554693",
      "properties": {
        "type": "Railway Node"
      },
      "geometry": {
        "type": "Point",
        "coordinates": [
          -79.2368544,
          43.8358488
        ]
      }
    },
    {
      "type": "Feature",
      "id": "node/39554694",
      "properties": {
        "type": "Railway Node"
      },
      "geometry": {
        "type": "Point",
        "coordinates": [
          -79.2388393,
          43.8284309
        ]
      }
    },
    {
      "type": "Feature",
      "id": "node/39554698",
      "properties": {
        "type": "Railway Node"
      },
      "geometry": {
        "type": "Point",
        "coordinates": [
          -79.2406695,
          43.8221691
        ]
      }
    },
    {
      "type": "Feature",
      "id": "node/39554699",
      "properties": {
        "type": "Railway Node"
      },
      "geometry": {
        "type": "Point",
        "coordinates": [
          -79.2419109,
          43.820039
        ]
      }
    },
    {
      "type": "Feature",
      "id": "node/39555225",
      "properties": {
        "type": "Railway Node"
      },
      "geometry": {
        "type": "Point",
        "coordinates": [
          -79.2332954,
          43.8225068
        ]
      }
    },
    {
      "type": "Feature",
      "id": "node/39555226",
      "properties": {
        "type": "Railway Node"
      },
      "geometry": {
        "type": "Point",
        "coordinates": [
          -79.2344112,
          43.8229402
        ]
      }
    },
    {
      "type": "Feature",
      "id": "node/39555230",
      "properties": {
        "type": "Railway Node"
      },
      "geometry": {
        "type": "Point",
        "coordinates": [
          -79.2367644,
          43.823392
        ]
      }
    },
    {
      "type": "Feature",
      "id": "node/39555232",
      "properties": {
        "type": "Railway Node"
      },
      "geometry": {
        "type": "Point",
        "coordinates": [
          -79.2389663,
          43.8230881
        ]
      }
    },
    {
      "type": "Feature",
      "id": "node/39555724",
      "properties": {
        "type": "Railway Node"
      },
      "geometry": {
        "type": "Point",
        "coordinates": [
          -79.2189097,
          43.8186407
        ]
      }
    },
    {
      "type": "Feature",
      "id": "node/39555727",
      "properties": {
        "type": "Railway Node"
      },
      "geometry": {
        "type": "Point",
        "coordinates": [
          -79.2203996,
          43.8181212
        ]
      }
    },
    {
      "type": "Feature",
      "id": "node/39555732",
      "properties": {
        "type": "Railway Node"
      },
      "geometry": {
        "type": "Point",
        "coordinates": [
          -79.2229506,
          43.8181158
        ]
      }
    },
    {
      "type": "Feature",
      "id": "node/39555736",
      "properties": {
        "type": "Railway Node"
      },
      "geometry": {
        "type": "Point",
        "coordinates": [
          -79.2258806,
          43.8192379
        ]
      }
    },
    {
      "type": "Feature",
      "id": "node/39556700",
      "properties": {
        "type": "Railway Node"
      },
      "geometry": {
        "type": "Point",
        "coordinates": [
          -79.2028745,
          43.8780062
        ]
      }
    },
    {
      "type": "Feature",
      "id": "node/39556702",
      "properties": {
        "type": "Railway Node"
      },
      "geometry": {
        "type": "Point",
        "coordinates": [
          -79.2053039,
          43.8749465
        ]
      }
    },
    {
      "type": "Feature",
      "id": "node/39556704",
      "properties": {
        "type": "Railway Node"
      },
      "geometry": {
        "type": "Point",
        "coordinates": [
          -79.2190575,
          43.8577182
        ]
      }
    },
    {
      "type": "Feature",
      "id": "node/39556706",
      "properties": {
        "type": "Railway Node"
      },
      "geometry": {
        "type": "Point",
        "coordinates": [
          -79.2269768,
          43.8478217
        ]
      }
    },
    {
      "type": "Feature",
      "id": "node/39556707",
      "properties": {
        "type": "Railway Node"
      },
      "geometry": {
        "type": "Point",
        "coordinates": [
          -79.2284009,
          43.8462689
        ]
      }
    },
    {
      "type": "Feature",
      "id": "node/39556710",
      "properties": {
        "type": "Railway Node"
      },
      "geometry": {
        "type": "Point",
        "coordinates": [
          -79.2295239,
          43.8452599
        ]
      }
    },
    {
      "type": "Feature",
      "id": "node/39556711",
      "properties": {
        "type": "Railway Node"
      },
      "geometry": {
        "type": "Point",
        "coordinates": [
          -79.2327224,
          43.8425162
        ]
      }
    },
    {
      "type": "Feature",
      "id": "node/39556714",
      "properties": {
        "type": "Railway Node"
      },
      "geometry": {
        "type": "Point",
        "coordinates": [
          -79.2347758,
          43.8401787
        ]
      }
    },
    {
      "type": "Feature",
      "id": "node/39556715",
      "properties": {
        "type": "Railway Node"
      },
      "geometry": {
        "type": "Point",
        "coordinates": [
          -79.2361934,
          43.8377091
        ]
      }
    },
    {
      "type": "Feature",
      "id": "node/39557780",
      "properties": {
        "type": "Railway Node"
      },
      "geometry": {
        "type": "Point",
        "coordinates": [
          -79.1825034,
          43.8382737
        ]
      }
    },
    {
      "type": "Feature",
      "id": "node/39557781",
      "properties": {
        "type": "Railway Node"
      },
      "geometry": {
        "type": "Point",
        "coordinates": [
          -79.1961814,
          43.8402236
        ]
      }
    },
    {
      "type": "Feature",
      "id": "node/39557783",
      "properties": {
        "type": "Railway Node"
      },
      "geometry": {
        "type": "Point",
        "coordinates": [
          -79.1984141,
          43.8407382
        ]
      }
    },
    {
      "type": "Feature",
      "id": "node/39557786",
      "properties": {
        "type": "Railway Node"
      },
      "geometry": {
        "type": "Point",
        "coordinates": [
          -79.2114268,
          43.8456324
        ]
      }
    },
    {
      "type": "Feature",
      "id": "node/39557787",
      "properties": {
        "type": "Railway Node"
      },
      "geometry": {
        "type": "Point",
        "coordinates": [
          -79.2127516,
          43.846097
        ]
      }
    },
    {
      "type": "Feature",
      "id": "node/39557788",
      "properties": {
        "type": "Railway Node"
      },
      "geometry": {
        "type": "Point",
        "coordinates": [
          -79.2142139,
          43.8464223
        ]
      }
    },
    {
      "type": "Feature",
      "id": "node/39557789",
      "properties": {
        "type": "Railway Node"
      },
      "geometry": {
        "type": "Point",
        "coordinates": [
          -79.2157001,
          43.8465911
        ]
      }
    },
    {
      "type": "Feature",
      "id": "node/39557792",
      "properties": {
        "type": "Railway Node"
      },
      "geometry": {
        "type": "Point",
        "coordinates": [
          -79.2348404,
          43.8480148
        ]
      }
    },
    {
      "type": "Feature",
      "id": "node/39557795",
      "properties": {
        "type": "Railway Node"
      },
      "geometry": {
        "type": "Point",
        "coordinates": [
          -79.236557,
          43.8483861
        ]
      }
    },
    {
      "type": "Feature",
      "id": "node/39557798",
      "properties": {
        "type": "Railway Node"
      },
      "geometry": {
        "type": "Point",
        "coordinates": [
          -79.2377586,
          43.8487575
        ]
      }
    },
    {
      "type": "Feature",
      "id": "node/39557800",
      "properties": {
        "type": "Railway Node"
      },
      "geometry": {
        "type": "Point",
        "coordinates": [
          -79.256686,
          43.8558124
        ]
      }
    },
    {
      "type": "Feature",
      "id": "node/39558805",
      "properties": {
        "type": "Railway Node"
      },
      "geometry": {
        "type": "Point",
        "coordinates": [
          -79.1695232,
          43.8270891
        ]
      }
    },
    {
      "type": "Feature",
      "id": "node/39558809",
      "properties": {
        "type": "Railway Node"
      },
      "geometry": {
        "type": "Point",
        "coordinates": [
          -79.1768669,
          43.8359541
        ]
      }
    },
    {
      "type": "Feature",
      "id": "node/39558814",
      "properties": {
        "type": "Railway Node"
      },
      "geometry": {
        "type": "Point",
        "coordinates": [
          -79.1790032,
          43.8373445
        ]
      }
    },
    {
      "type": "Feature",
      "id": "node/39558815",
      "properties": {
        "type": "Railway Node"
      },
      "geometry": {
        "type": "Point",
        "coordinates": [
          -79.1805213,
          43.837905
        ]
      }
    },
    {
      "type": "Feature",
      "id": "node/39560266",
      "properties": {
        "type": "Railway Node"
      },
      "geometry": {
        "type": "Point",
        "coordinates": [
          -79.1314144,
          43.81972
        ]
      }
    },
    {
      "type": "Feature",
      "id": "node/39560267",
      "properties": {
        "type": "Railway Node"
      },
      "geometry": {
        "type": "Point",
        "coordinates": [
          -79.1477524,
          43.8162642
        ]
      }
    },
    {
      "type": "Feature",
      "id": "node/39560268",
      "properties": {
        "type": "Railway Node"
      },
      "geometry": {
        "type": "Point",
        "coordinates": [
          -79.1494267,
          43.8162372
        ]
      }
    },
    {
      "type": "Feature",
      "id": "node/39560270",
      "properties": {
        "type": "Railway Node"
      },
      "geometry": {
        "type": "Point",
        "coordinates": [
          -79.1522712,
          43.8166235
        ]
      }
    },
    {
      "type": "Feature",
      "id": "node/39560271",
      "properties": {
        "type": "Railway Node"
      },
      "geometry": {
        "type": "Point",
        "coordinates": [
          -79.1550729,
          43.8173095
        ]
      }
    },
    {
      "type": "Feature",
      "id": "node/39560272",
      "properties": {
        "type": "Railway Node"
      },
      "geometry": {
        "type": "Point",
        "coordinates": [
          -79.1579919,
          43.8180765
        ]
      }
    },
    {
      "type": "Feature",
      "id": "node/39560275",
      "properties": {
        "type": "Railway Node"
      },
      "geometry": {
        "type": "Point",
        "coordinates": [
          -79.1595668,
          43.8186672
        ]
      }
    },
    {
      "type": "Feature",
      "id": "node/39560276",
      "properties": {
        "type": "Railway Node"
      },
      "geometry": {
        "type": "Point",
        "coordinates": [
          -79.16224,
          43.8204421
        ]
      }
    },
    {
      "type": "Feature",
      "id": "node/39560278",
      "properties": {
        "type": "Railway Node"
      },
      "geometry": {
        "type": "Point",
        "coordinates": [
          -79.1639869,
          43.8220359
        ]
      }
    },
    {
      "type": "Feature",
      "id": "node/39561558",
      "properties": {
        "type": "Railway Node"
      },
      "geometry": {
        "type": "Point",
        "coordinates": [
          -79.0907921,
          43.8284385
        ]
      }
    },
    {
      "type": "Feature",
      "id": "node/39561574",
      "properties": {
        "type": "Railway Node"
      },
      "geometry": {
        "type": "Point",
        "coordinates": [
          -79.0942969,
          43.8270183
        ]
      }
    },
    {
      "type": "Feature",
      "id": "node/39561583",
      "properties": {
        "type": "Railway Node"
      },
      "geometry": {
        "type": "Point",
        "coordinates": [
          -79.0975799,
          43.8262098
        ]
      }
    },
    {
      "type": "Feature",
      "id": "node/39561588",
      "properties": {
        "type": "Railway Node"
      },
      "geometry": {
        "type": "Point",
        "coordinates": [
          -79.0991935,
          43.8261479
        ]
      }
    },
    {
      "type": "Feature",
      "id": "node/39561590",
      "properties": {
        "type": "Railway Node"
      },
      "geometry": {
        "type": "Point",
        "coordinates": [
          -79.1008116,
          43.826176
        ]
      }
    },
    {
      "type": "Feature",
      "id": "node/39562322",
      "properties": {
        "type": "Railway Node"
      },
      "geometry": {
        "type": "Point",
        "coordinates": [
          -79.0984603,
          43.8251759
        ]
      }
    },
    {
      "type": "Feature",
      "id": "node/39562330",
      "properties": {
        "type": "Railway Node"
      },
      "geometry": {
        "type": "Point",
        "coordinates": [
          -79.1010173,
          43.8238375
        ]
      }
    },
    {
      "type": "Feature",
      "id": "node/39565270",
      "properties": {
        "type": "Railway Node"
      },
      "geometry": {
        "type": "Point",
        "coordinates": [
          -78.9552332,
          43.8667556
        ]
      }
    },
    {
      "type": "Feature",
      "id": "node/39565280",
      "properties": {
        "type": "Railway Node"
      },
      "geometry": {
        "type": "Point",
        "coordinates": [
          -78.9615069,
          43.8661716
        ]
      }
    },
    {
      "type": "Feature",
      "id": "node/39565283",
      "properties": {
        "type": "Railway Node"
      },
      "geometry": {
        "type": "Point",
        "coordinates": [
          -78.9710844,
          43.8640491
        ]
      }
    },
    {
      "type": "Feature",
      "id": "node/39565286",
      "properties": {
        "type": "Railway Node"
      },
      "geometry": {
        "type": "Point",
        "coordinates": [
          -78.980407,
          43.8619607
        ]
      }
    },
    {
      "type": "Feature",
      "id": "node/39565288",
      "properties": {
        "type": "Railway Node"
      },
      "geometry": {
        "type": "Point",
        "coordinates": [
          -78.9922773,
          43.8592975
        ]
      }
    },
    {
      "type": "Feature",
      "id": "node/39565290",
      "properties": {
        "type": "Railway Node"
      },
      "geometry": {
        "type": "Point",
        "coordinates": [
          -79.0033537,
          43.8568244
        ]
      }
    },
    {
      "type": "Feature",
      "id": "node/39565293",
      "properties": {
        "type": "Railway Node"
      },
      "geometry": {
        "type": "Point",
        "coordinates": [
          -79.011857,
          43.8548982
        ]
      }
    },
    {
      "type": "Feature",
      "id": "node/39565294",
      "properties": {
        "type": "Railway Node"
      },
      "geometry": {
        "type": "Point",
        "coordinates": [
          -79.015028,
          43.8541887
        ]
      }
    },
    {
      "type": "Feature",
      "id": "node/39565300",
      "properties": {
        "type": "Railway Node"
      },
      "geometry": {
        "type": "Point",
        "coordinates": [
          -79.0224545,
          43.8525097
        ]
      }
    },
    {
      "type": "Feature",
      "id": "node/39565301",
      "properties": {
        "type": "Railway Node"
      },
      "geometry": {
        "type": "Point",
        "coordinates": [
          -79.0245092,
          43.8520713
        ]
      }
    },
    {
      "type": "Feature",
      "id": "node/39565308",
      "properties": {
        "type": "Railway Node"
      },
      "geometry": {
        "type": "Point",
        "coordinates": [
          -79.0378664,
          43.8491412
        ]
      }
    },
    {
      "type": "Feature",
      "id": "node/39565309",
      "properties": {
        "type": "Railway Node"
      },
      "geometry": {
        "type": "Point",
        "coordinates": [
          -79.0446468,
          43.8476327
        ]
      }
    },
    {
      "type": "Feature",
      "id": "node/39565311",
      "properties": {
        "type": "Railway Node"
      },
      "geometry": {
        "type": "Point",
        "coordinates": [
          -79.0521555,
          43.8460601
        ]
      }
    },
    {
      "type": "Feature",
      "id": "node/39565313",
      "properties": {
        "type": "Railway Node"
      },
      "geometry": {
        "type": "Point",
        "coordinates": [
          -79.0536156,
          43.845723
        ]
      }
    },
    {
      "type": "Feature",
      "id": "node/39565323",
      "properties": {
        "type": "Railway Node"
      },
      "geometry": {
        "type": "Point",
        "coordinates": [
          -79.063255,
          43.8416155
        ]
      }
    },
    {
      "type": "Feature",
      "id": "node/39565324",
      "properties": {
        "type": "Railway Node"
      },
      "geometry": {
        "type": "Point",
        "coordinates": [
          -79.0651985,
          43.8406814
        ]
      }
    },
    {
      "type": "Feature",
      "id": "node/39565329",
      "properties": {
        "type": "Railway Node"
      },
      "geometry": {
        "type": "Point",
        "coordinates": [
          -79.06879,
          43.8388816
        ]
      }
    },
    {
      "type": "Feature",
      "id": "node/39565332",
      "properties": {
        "type": "Railway Node"
      },
      "geometry": {
        "type": "Point",
        "coordinates": [
          -79.0728986,
          43.8369842
        ]
      }
    },
    {
      "type": "Feature",
      "id": "node/39565335",
      "properties": {
        "type": "Railway Node"
      },
      "geometry": {
        "type": "Point",
        "coordinates": [
          -79.0770009,
          43.835268
        ]
      }
    },
    {
      "type": "Feature",
      "id": "node/39565336",
      "properties": {
        "type": "Railway Node"
      },
      "geometry": {
        "type": "Point",
        "coordinates": [
          -79.0790232,
          43.8343737
        ]
      }
    },
    {
      "type": "Feature",
      "id": "node/39565341",
      "properties": {
        "type": "Railway Node"
      },
      "geometry": {
        "type": "Point",
        "coordinates": [
          -79.0893192,
          43.8294665
        ]
      }
    },
    {
      "type": "Feature",
      "id": "node/44264882",
      "properties": {
        "type": "Railway Node"
      },
      "geometry": {
        "type": "Point",
        "coordinates": [
          -79.1713566,
          43.7589859
        ]
      }
    },
    {
      "type": "Feature",
      "id": "node/44264886",
      "properties": {
        "type": "Railway Node"
      },
      "geometry": {
        "type": "Point",
        "coordinates": [
          -79.170389,
          43.7600336
        ]
      }
    },
    {
      "type": "Feature",
      "id": "node/44264893",
      "properties": {
        "type": "Railway Node"
      },
      "geometry": {
        "type": "Point",
        "coordinates": [
          -79.1685707,
          43.7606642
        ]
      }
    },
    {
      "type": "Feature",
      "id": "node/48379952",
      "properties": {
        "type": "Railway Node"
      },
      "geometry": {
        "type": "Point",
        "coordinates": [
          -79.2777869,
          43.7203863
        ]
      }
    },
    {
      "type": "Feature",
      "id": "node/48379973",
      "properties": {
        "type": "Railway Node"
      },
      "geometry": {
        "type": "Point",
        "coordinates": [
          -79.2840397,
          43.7191827
        ]
      }
    },
    {
      "type": "Feature",
      "id": "node/48379980",
      "properties": {
        "type": "Railway Node"
      },
      "geometry": {
        "type": "Point",
        "coordinates": [
          -79.2856627,
          43.7188101
        ]
      }
    },
    {
      "type": "Feature",
      "id": "node/48379999",
      "properties": {
        "type": "Railway Node"
      },
      "geometry": {
        "type": "Point",
        "coordinates": [
          -79.2873286,
          43.7187788
        ]
      }
    },
    {
      "type": "Feature",
      "id": "node/48380014",
      "properties": {
        "type": "Railway Node"
      },
      "geometry": {
        "type": "Point",
        "coordinates": [
          -79.2918673,
          43.7191698
        ]
      }
    },
    {
      "type": "Feature",
      "id": "node/48380037",
      "properties": {
        "type": "Railway Node"
      },
      "geometry": {
        "type": "Point",
        "coordinates": [
          -79.2928983,
          43.7197858
        ]
      }
    },
    {
      "type": "Feature",
      "id": "node/48380061",
      "properties": {
        "type": "Railway Node"
      },
      "geometry": {
        "type": "Point",
        "coordinates": [
          -79.2941707,
          43.7227816
        ]
      }
    },
    {
      "type": "Feature",
      "id": "node/55492807",
      "properties": {
        "type": "Railway Node"
      },
      "geometry": {
        "type": "Point",
        "coordinates": [
          -79.4991385,
          43.6658138
        ]
      }
    },
    {
      "type": "Feature",
      "id": "node/60006703",
      "properties": {
        "type": "Railway Node"
      },
      "geometry": {
        "type": "Point",
        "coordinates": [
          -79.4626904,
          43.6671445
        ]
      }
    },
    {
      "type": "Feature",
      "id": "node/60006705",
      "properties": {
        "type": "Railway Node"
      },
      "geometry": {
        "type": "Point",
        "coordinates": [
          -79.4610818,
          43.6667929
        ]
      }
    },
    {
      "type": "Feature",
      "id": "node/60006707",
      "properties": {
        "type": "Railway Node"
      },
      "geometry": {
        "type": "Point",
        "coordinates": [
          -79.4596106,
          43.6661531
        ]
      }
    },
    {
      "type": "Feature",
      "id": "node/60006709",
      "properties": {
        "type": "Railway Node"
      },
      "geometry": {
        "type": "Point",
        "coordinates": [
          -79.461519,
          43.6690289
        ]
      }
    },
    {
      "type": "Feature",
      "id": "node/60006711",
      "properties": {
        "type": "Railway Node"
      },
      "geometry": {
        "type": "Point",
        "coordinates": [
          -79.4607056,
          43.6682061
        ]
      }
    },
    {
      "type": "Feature",
      "id": "node/60006714",
      "properties": {
        "type": "Railway Node"
      },
      "geometry": {
        "type": "Point",
        "coordinates": [
          -79.4593933,
          43.6674322
        ]
      }
    },
    {
      "type": "Feature",
      "id": "node/60910122",
      "properties": {
        "type": "Railway Node"
      },
      "geometry": {
        "type": "Point",
        "coordinates": [
          -79.4122634,
          43.6744085
        ]
      }
    },
    {
      "type": "Feature",
      "id": "node/60910124",
      "properties": {
        "type": "Railway Node"
      },
      "geometry": {
        "type": "Point",
        "coordinates": [
          -79.4147655,
          43.6738885
        ]
      }
    },
    {
      "type": "Feature",
      "id": "node/70363922",
      "properties": {
        "type": "Railway Node"
      },
      "geometry": {
        "type": "Point",
        "coordinates": [
          -79.3913447,
          43.6810144
        ]
      }
    },
    {
      "type": "Feature",
      "id": "node/129157324",
      "properties": {
        "type": "Railway Node"
      },
      "geometry": {
        "type": "Point",
        "coordinates": [
          -79.4390087,
          43.6472646
        ]
      }
    },
    {
      "type": "Feature",
      "id": "node/129172593",
      "properties": {
        "type": "Railway Node"
      },
      "geometry": {
        "type": "Point",
        "coordinates": [
          -79.4404689,
          43.6484076
        ]
      }
    },
    {
      "type": "Feature",
      "id": "node/129172596",
      "properties": {
        "type": "Railway Node"
      },
      "geometry": {
        "type": "Point",
        "coordinates": [
          -79.4419199,
          43.6500901
        ]
      }
    },
    {
      "type": "Feature",
      "id": "node/129172598",
      "properties": {
        "type": "Railway Node"
      },
      "geometry": {
        "type": "Point",
        "coordinates": [
          -79.4427942,
          43.6518099
        ]
      }
    },
    {
      "type": "Feature",
      "id": "node/129172600",
      "properties": {
        "type": "Railway Node"
      },
      "geometry": {
        "type": "Point",
        "coordinates": [
          -79.4432803,
          43.6530401
        ]
      }
    },
    {
      "type": "Feature",
      "id": "node/129172609",
      "properties": {
        "type": "Railway Node"
      },
      "geometry": {
        "type": "Point",
        "coordinates": [
          -79.4519435,
          43.6716775
        ]
      }
    },
    {
      "type": "Feature",
      "id": "node/129172610",
      "properties": {
        "type": "Railway Node"
      },
      "geometry": {
        "type": "Point",
        "coordinates": [
          -79.4531458,
          43.672777
        ]
      }
    },
    {
      "type": "Feature",
      "id": "node/129172611",
      "properties": {
        "type": "Railway Node"
      },
      "geometry": {
        "type": "Point",
        "coordinates": [
          -79.454477,
          43.6736684
        ]
      }
    },
    {
      "type": "Feature",
      "id": "node/129172614",
      "properties": {
        "type": "Railway Node"
      },
      "geometry": {
        "type": "Point",
        "coordinates": [
          -79.4557875,
          43.6748466
        ]
      }
    },
    {
      "type": "Feature",
      "id": "node/129172616",
      "properties": {
        "type": "Railway Node"
      },
      "geometry": {
        "type": "Point",
        "coordinates": [
          -79.4569327,
          43.6766034
        ]
      }
    },
    {
      "type": "Feature",
      "id": "node/129172617",
      "properties": {
        "type": "Railway Node"
      },
      "geometry": {
        "type": "Point",
        "coordinates": [
          -79.4575336,
          43.6775035
        ]
      }
    },
    {
      "type": "Feature",
      "id": "node/129172618",
      "properties": {
        "type": "Railway Node"
      },
      "geometry": {
        "type": "Point",
        "coordinates": [
          -79.4594424,
          43.6803968
        ]
      }
    },
    {
      "type": "Feature",
      "id": "node/129172619",
      "properties": {
        "type": "Railway Node"
      },
      "geometry": {
        "type": "Point",
        "coordinates": [
          -79.4609487,
          43.6826512
        ]
      }
    },
    {
      "type": "Feature",
      "id": "node/129172621",
      "properties": {
        "type": "Railway Node"
      },
      "geometry": {
        "type": "Point",
        "coordinates": [
          -79.4614989,
          43.6836177
        ]
      }
    },
    {
      "type": "Feature",
      "id": "node/129172623",
      "properties": {
        "type": "Railway Node"
      },
      "geometry": {
        "type": "Point",
        "coordinates": [
          -79.4620912,
          43.6856784
        ]
      }
    },
    {
      "type": "Feature",
      "id": "node/129172625",
      "properties": {
        "type": "Railway Node"
      },
      "geometry": {
        "type": "Point",
        "coordinates": [
          -79.4628551,
          43.68867
        ]
      }
    },
    {
      "type": "Feature",
      "id": "node/129172626",
      "properties": {
        "type": "Railway Node"
      },
      "geometry": {
        "type": "Point",
        "coordinates": [
          -79.4631812,
          43.6896506
        ]
      }
    },
    {
      "type": "Feature",
      "id": "node/129172628",
      "properties": {
        "type": "Railway Node"
      },
      "geometry": {
        "type": "Point",
        "coordinates": [
          -79.4643056,
          43.6915993
        ]
      }
    },
    {
      "type": "Feature",
      "id": "node/129172630",
      "properties": {
        "type": "Railway Node"
      },
      "geometry": {
        "type": "Point",
        "coordinates": [
          -79.4651982,
          43.6931757
        ]
      }
    },
    {
      "type": "Feature",
      "id": "node/129172631",
      "properties": {
        "type": "Railway Node"
      },
      "geometry": {
        "type": "Point",
        "coordinates": [
          -79.4655501,
          43.694181
        ]
      }
    },
    {
      "type": "Feature",
      "id": "node/129172634",
      "properties": {
        "type": "Railway Node"
      },
      "geometry": {
        "type": "Point",
        "coordinates": [
          -79.4675586,
          43.7013174
        ]
      }
    },
    {
      "type": "Feature",
      "id": "node/129172636",
      "properties": {
        "type": "Railway Node"
      },
      "geometry": {
        "type": "Point",
        "coordinates": [
          -79.4685285,
          43.7048232
        ]
      }
    },
    {
      "type": "Feature",
      "id": "node/129172637",
      "properties": {
        "type": "Railway Node"
      },
      "geometry": {
        "type": "Point",
        "coordinates": [
          -79.4690263,
          43.7069762
        ]
      }
    },
    {
      "type": "Feature",
      "id": "node/129172638",
      "properties": {
        "type": "Railway Node"
      },
      "geometry": {
        "type": "Point",
        "coordinates": [
          -79.4695327,
          43.7095262
        ]
      }
    },
    {
      "type": "Feature",
      "id": "node/129172640",
      "properties": {
        "type": "Railway Node"
      },
      "geometry": {
        "type": "Point",
        "coordinates": [
          -79.4702623,
          43.7130688
        ]
      }
    },
    {
      "type": "Feature",
      "id": "node/129172641",
      "properties": {
        "type": "Railway Node"
      },
      "geometry": {
        "type": "Point",
        "coordinates": [
          -79.4708373,
          43.7160962
        ]
      }
    },
    {
      "type": "Feature",
      "id": "node/129172643",
      "properties": {
        "type": "Railway Node"
      },
      "geometry": {
        "type": "Point",
        "coordinates": [
          -79.4713937,
          43.718956
        ]
      }
    },
    {
      "type": "Feature",
      "id": "node/129172644",
      "properties": {
        "type": "Railway Node"
      },
      "geometry": {
        "type": "Point",
        "coordinates": [
          -79.472099,
          43.722467
        ]
      }
    },
    {
      "type": "Feature",
      "id": "node/129172645",
      "properties": {
        "type": "Railway Node"
      },
      "geometry": {
        "type": "Point",
        "coordinates": [
          -79.4727943,
          43.7260398
        ]
      }
    },
    {
      "type": "Feature",
      "id": "node/129172647",
      "properties": {
        "type": "Railway Node"
      },
      "geometry": {
        "type": "Point",
        "coordinates": [
          -79.473541,
          43.7296992
        ]
      }
    },
    {
      "type": "Feature",
      "id": "node/129172648",
      "properties": {
        "type": "Railway Node"
      },
      "geometry": {
        "type": "Point",
        "coordinates": [
          -79.474262,
          43.7333211
        ]
      }
    },
    {
      "type": "Feature",
      "id": "node/129172649",
      "properties": {
        "type": "Railway Node"
      },
      "geometry": {
        "type": "Point",
        "coordinates": [
          -79.4749744,
          43.7368251
        ]
      }
    },
    {
      "type": "Feature",
      "id": "node/129172651",
      "properties": {
        "type": "Railway Node"
      },
      "geometry": {
        "type": "Point",
        "coordinates": [
          -79.4756438,
          43.7401552
        ]
      }
    },
    {
      "type": "Feature",
      "id": "node/129172653",
      "properties": {
        "type": "Railway Node"
      },
      "geometry": {
        "type": "Point",
        "coordinates": [
          -79.4763391,
          43.7434913
        ]
      }
    },
    {
      "type": "Feature",
      "id": "node/129172655",
      "properties": {
        "type": "Railway Node"
      },
      "geometry": {
        "type": "Point",
        "coordinates": [
          -79.4773261,
          43.7485819
        ]
      }
    },
    {
      "type": "Feature",
      "id": "node/129172656",
      "properties": {
        "type": "Railway Node"
      },
      "geometry": {
        "type": "Point",
        "coordinates": [
          -79.4781461,
          43.7525432
        ]
      }
    },
    {
      "type": "Feature",
      "id": "node/129172657",
      "properties": {
        "type": "Railway Node"
      },
      "geometry": {
        "type": "Point",
        "coordinates": [
          -79.4787086,
          43.7553472
        ]
      }
    },
    {
      "type": "Feature",
      "id": "node/129172661",
      "properties": {
        "type": "Railway Node"
      },
      "geometry": {
        "type": "Point",
        "coordinates": [
          -79.4807612,
          43.7655982
        ]
      }
    },
    {
      "type": "Feature",
      "id": "node/129172664",
      "properties": {
        "type": "Railway Node"
      },
      "geometry": {
        "type": "Point",
        "coordinates": [
          -79.4819113,
          43.7712535
        ]
      }
    },
    {
      "type": "Feature",
      "id": "node/129172665",
      "properties": {
        "type": "Railway Node"
      },
      "geometry": {
        "type": "Point",
        "coordinates": [
          -79.4825802,
          43.7747288
        ]
      }
    },
    {
      "type": "Feature",
      "id": "node/129172668",
      "properties": {
        "type": "Railway Node"
      },
      "geometry": {
        "type": "Point",
        "coordinates": [
          -79.4848186,
          43.7858593
        ]
      }
    },
    {
      "type": "Feature",
      "id": "node/129172824",
      "properties": {
        "type": "Railway Node"
      },
      "geometry": {
        "type": "Point",
        "coordinates": [
          -79.4634001,
          43.9815177
        ]
      }
    },
    {
      "type": "Feature",
      "id": "node/129172826",
      "properties": {
        "type": "Railway Node"
      },
      "geometry": {
        "type": "Point",
        "coordinates": [
          -79.4595985,
          43.9836605
        ]
      }
    },
    {
      "type": "Feature",
      "id": "node/129172827",
      "properties": {
        "type": "Railway Node"
      },
      "geometry": {
        "type": "Point",
        "coordinates": [
          -79.4580314,
          43.98466
        ]
      }
    },
    {
      "type": "Feature",
      "id": "node/129172829",
      "properties": {
        "type": "Railway Node"
      },
      "geometry": {
        "type": "Point",
        "coordinates": [
          -79.4566581,
          43.9860125
        ]
      }
    },
    {
      "type": "Feature",
      "id": "node/129172833",
      "properties": {
        "type": "Railway Node"
      },
      "geometry": {
        "type": "Point",
        "coordinates": [
          -79.4561528,
          43.9874838
        ]
      }
    },
    {
      "type": "Feature",
      "id": "node/129172834",
      "properties": {
        "type": "Railway Node"
      },
      "geometry": {
        "type": "Point",
        "coordinates": [
          -79.4559971,
          43.9884812
        ]
      }
    },
    {
      "type": "Feature",
      "id": "node/129172837",
      "properties": {
        "type": "Railway Node"
      },
      "geometry": {
        "type": "Point",
        "coordinates": [
          -79.4563162,
          43.990177
        ]
      }
    },
    {
      "type": "Feature",
      "id": "node/129172838",
      "properties": {
        "type": "Railway Node"
      },
      "geometry": {
        "type": "Point",
        "coordinates": [
          -79.457738,
          43.9944145
        ]
      }
    },
    {
      "type": "Feature",
      "id": "node/129172839",
      "properties": {
        "type": "Railway Node"
      },
      "geometry": {
        "type": "Point",
        "coordinates": [
          -79.4582959,
          43.9961002
        ]
      }
    },
    {
      "type": "Feature",
      "id": "node/134232754",
      "properties": {
        "type": "Railway Node"
      },
      "geometry": {
        "type": "Point",
        "coordinates": [
          -79.118422,
          43.7941371
        ]
      }
    },
    {
      "type": "Feature",
      "id": "node/135279916",
      "properties": {
        "type": "Railway Node"
      },
      "geometry": {
        "type": "Point",
        "coordinates": [
          -77.5822122,
          44.1152177
        ]
      }
    },
    {
      "type": "Feature",
      "id": "node/135279917",
      "properties": {
        "type": "Railway Node"
      },
      "geometry": {
        "type": "Point",
        "coordinates": [
          -77.5805067,
          44.1163923
        ]
      }
    },
    {
      "type": "Feature",
      "id": "node/135279920",
      "properties": {
        "type": "Railway Node"
      },
      "geometry": {
        "type": "Point",
        "coordinates": [
          -77.5786564,
          44.1172615
        ]
      }
    },
    {
      "type": "Feature",
      "id": "node/135279928",
      "properties": {
        "type": "Railway Node"
      },
      "geometry": {
        "type": "Point",
        "coordinates": [
          -77.4826242,
          44.1347557
        ]
      }
    },
    {
      "type": "Feature",
      "id": "node/135279929",
      "properties": {
        "type": "Railway Node"
      },
      "geometry": {
        "type": "Point",
        "coordinates": [
          -77.4518166,
          44.1394023
        ]
      }
    },
    {
      "type": "Feature",
      "id": "node/138664493",
      "properties": {
        "type": "Railway Node"
      },
      "geometry": {
        "type": "Point",
        "coordinates": [
          -79.1614275,
          43.7652761
        ]
      }
    },
    {
      "type": "Feature",
      "id": "node/138664495",
      "properties": {
        "type": "Railway Node"
      },
      "geometry": {
        "type": "Point",
        "coordinates": [
          -79.1608806,
          43.7639925
        ]
      }
    },
    {
      "type": "Feature",
      "id": "node/138664499",
      "properties": {
        "type": "Railway Node"
      },
      "geometry": {
        "type": "Point",
        "coordinates": [
          -79.1608619,
          43.7628416
        ]
      }
    },
    {
      "type": "Feature",
      "id": "node/138664507",
      "properties": {
        "type": "Railway Node"
      },
      "geometry": {
        "type": "Point",
        "coordinates": [
          -79.1657336,
          43.7613908
        ]
      }
    },
    {
      "type": "Feature",
      "id": "node/138665234",
      "properties": {
        "type": "Railway Node"
      },
      "geometry": {
        "type": "Point",
        "coordinates": [
          -79.1622292,
          43.7624662
        ]
      }
    },
    {
      "type": "Feature",
      "id": "node/138666554",
      "properties": {
        "type": "Railway Node"
      },
      "geometry": {
        "type": "Point",
        "coordinates": [
          -79.1693657,
          43.7615019
        ]
      }
    },
    {
      "type": "Feature",
      "id": "node/138667841",
      "properties": {
        "type": "Railway Node"
      },
      "geometry": {
        "type": "Point",
        "coordinates": [
          -79.1745536,
          43.7587707
        ]
      }
    },
    {
      "type": "Feature",
      "id": "node/139226569",
      "properties": {
        "type": "Railway Node"
      },
      "geometry": {
        "type": "Point",
        "coordinates": [
          -79.4099099,
          43.8271661
        ]
      }
    },
    {
      "type": "Feature",
      "id": "node/139226573",
      "properties": {
        "type": "Railway Node"
      },
      "geometry": {
        "type": "Point",
        "coordinates": [
          -79.4078564,
          43.8267744
        ]
      }
    },
    {
      "type": "Feature",
      "id": "node/139226574",
      "properties": {
        "type": "Railway Node"
      },
      "geometry": {
        "type": "Point",
        "coordinates": [
          -79.4033078,
          43.8258925
        ]
      }
    },
    {
      "type": "Feature",
      "id": "node/139226577",
      "properties": {
        "type": "Railway Node"
      },
      "geometry": {
        "type": "Point",
        "coordinates": [
          -79.4016499,
          43.8254189
        ]
      }
    },
    {
      "type": "Feature",
      "id": "node/139226578",
      "properties": {
        "type": "Railway Node"
      },
      "geometry": {
        "type": "Point",
        "coordinates": [
          -79.4005107,
          43.8249409
        ]
      }
    },
    {
      "type": "Feature",
      "id": "node/139226580",
      "properties": {
        "type": "Railway Node"
      },
      "geometry": {
        "type": "Point",
        "coordinates": [
          -79.3994996,
          43.8243974
        ]
      }
    },
    {
      "type": "Feature",
      "id": "node/139226582",
      "properties": {
        "type": "Railway Node"
      },
      "geometry": {
        "type": "Point",
        "coordinates": [
          -79.3983906,
          43.8236088
        ]
      }
    },
    {
      "type": "Feature",
      "id": "node/139226589",
      "properties": {
        "type": "Railway Node"
      },
      "geometry": {
        "type": "Point",
        "coordinates": [
          -79.3971501,
          43.8224485
        ]
      }
    },
    {
      "type": "Feature",
      "id": "node/139234520",
      "properties": {
        "type": "Railway Node"
      },
      "geometry": {
        "type": "Point",
        "coordinates": [
          -79.4161598,
          43.8312573
        ]
      }
    },
    {
      "type": "Feature",
      "id": "node/139234521",
      "properties": {
        "type": "Railway Node"
      },
      "geometry": {
        "type": "Point",
        "coordinates": [
          -79.4134719,
          43.8287597
        ]
      }
    },
    {
      "type": "Feature",
      "id": "node/139234523",
      "properties": {
        "type": "Railway Node"
      },
      "geometry": {
        "type": "Point",
        "coordinates": [
          -79.4121348,
          43.8279098
        ]
      }
    },
    {
      "type": "Feature",
      "id": "node/139241304",
      "properties": {
        "type": "Railway Node"
      },
      "geometry": {
        "type": "Point",
        "coordinates": [
          -79.4002504,
          43.9449283
        ]
      }
    },
    {
      "type": "Feature",
      "id": "node/139241307",
      "properties": {
        "type": "Railway Node"
      },
      "geometry": {
        "type": "Point",
        "coordinates": [
          -79.3995895,
          43.9429075
        ]
      }
    },
    {
      "type": "Feature",
      "id": "node/139241308",
      "properties": {
        "type": "Railway Node"
      },
      "geometry": {
        "type": "Point",
        "coordinates": [
          -79.3980278,
          43.9390362
        ]
      }
    },
    {
      "type": "Feature",
      "id": "node/139241309",
      "properties": {
        "type": "Railway Node"
      },
      "geometry": {
        "type": "Point",
        "coordinates": [
          -79.3975993,
          43.9379937
        ]
      }
    },
    {
      "type": "Feature",
      "id": "node/139241312",
      "properties": {
        "type": "Railway Node"
      },
      "geometry": {
        "type": "Point",
        "coordinates": [
          -79.3976476,
          43.9366226
        ]
      }
    },
    {
      "type": "Feature",
      "id": "node/139241315",
      "properties": {
        "type": "Railway Node"
      },
      "geometry": {
        "type": "Point",
        "coordinates": [
          -79.3986097,
          43.9353337
        ]
      }
    },
    {
      "type": "Feature",
      "id": "node/139241319",
      "properties": {
        "type": "Railway Node"
      },
      "geometry": {
        "type": "Point",
        "coordinates": [
          -79.3997477,
          43.93469
        ]
      }
    },
    {
      "type": "Feature",
      "id": "node/139241321",
      "properties": {
        "type": "Railway Node"
      },
      "geometry": {
        "type": "Point",
        "coordinates": [
          -79.4043781,
          43.9330958
        ]
      }
    },
    {
      "type": "Feature",
      "id": "node/139241325",
      "properties": {
        "type": "Railway Node"
      },
      "geometry": {
        "type": "Point",
        "coordinates": [
          -79.4056435,
          43.9321432
        ]
      }
    },
    {
      "type": "Feature",
      "id": "node/139241330",
      "properties": {
        "type": "Railway Node"
      },
      "geometry": {
        "type": "Point",
        "coordinates": [
          -79.406763,
          43.9299526
        ]
      }
    },
    {
      "type": "Feature",
      "id": "node/139241331",
      "properties": {
        "type": "Railway Node"
      },
      "geometry": {
        "type": "Point",
        "coordinates": [
          -79.4074426,
          43.9289588
        ]
      }
    },
    {
      "type": "Feature",
      "id": "node/139241333",
      "properties": {
        "type": "Railway Node"
      },
      "geometry": {
        "type": "Point",
        "coordinates": [
          -79.4083211,
          43.9282516
        ]
      }
    },
    {
      "type": "Feature",
      "id": "node/139241334",
      "properties": {
        "type": "Railway Node"
      },
      "geometry": {
        "type": "Point",
        "coordinates": [
          -79.4092623,
          43.9276192
        ]
      }
    },
    {
      "type": "Feature",
      "id": "node/139241335",
      "properties": {
        "type": "Railway Node"
      },
      "geometry": {
        "type": "Point",
        "coordinates": [
          -79.4117495,
          43.9260232
        ]
      }
    },
    {
      "type": "Feature",
      "id": "node/139241336",
      "properties": {
        "type": "Railway Node"
      },
      "geometry": {
        "type": "Point",
        "coordinates": [
          -79.4129033,
          43.9250556
        ]
      }
    },
    {
      "type": "Feature",
      "id": "node/139241338",
      "properties": {
        "type": "Railway Node"
      },
      "geometry": {
        "type": "Point",
        "coordinates": [
          -79.4136627,
          43.9242428
        ]
      }
    },
    {
      "type": "Feature",
      "id": "node/139241340",
      "properties": {
        "type": "Railway Node"
      },
      "geometry": {
        "type": "Point",
        "coordinates": [
          -79.4168483,
          43.9199663
        ]
      }
    },
    {
      "type": "Feature",
      "id": "node/139241342",
      "properties": {
        "type": "Railway Node"
      },
      "geometry": {
        "type": "Point",
        "coordinates": [
          -79.4181021,
          43.9186046
        ]
      }
    },
    {
      "type": "Feature",
      "id": "node/139241345",
      "properties": {
        "type": "Railway Node"
      },
      "geometry": {
        "type": "Point",
        "coordinates": [
          -79.4249889,
          43.9130269
        ]
      }
    },
    {
      "type": "Feature",
      "id": "node/139241346",
      "properties": {
        "type": "Railway Node"
      },
      "geometry": {
        "type": "Point",
        "coordinates": [
          -79.4263304,
          43.9118693
        ]
      }
    },
    {
      "type": "Feature",
      "id": "node/139241348",
      "properties": {
        "type": "Railway Node"
      },
      "geometry": {
        "type": "Point",
        "coordinates": [
          -79.4270304,
          43.9109443
        ]
      }
    },
    {
      "type": "Feature",
      "id": "node/139241349",
      "properties": {
        "type": "Railway Node"
      },
      "geometry": {
        "type": "Point",
        "coordinates": [
          -79.4275673,
          43.9100894
        ]
      }
    },
    {
      "type": "Feature",
      "id": "node/139241350",
      "properties": {
        "type": "Railway Node"
      },
      "geometry": {
        "type": "Point",
        "coordinates": [
          -79.427999,
          43.9090729
        ]
      }
    },
    {
      "type": "Feature",
      "id": "node/139241351",
      "properties": {
        "type": "Railway Node"
      },
      "geometry": {
        "type": "Point",
        "coordinates": [
          -79.4331236,
          43.8930498
        ]
      }
    },
    {
      "type": "Feature",
      "id": "node/139241352",
      "properties": {
        "type": "Railway Node"
      },
      "geometry": {
        "type": "Point",
        "coordinates": [
          -79.4342651,
          43.8893762
        ]
      }
    },
    {
      "type": "Feature",
      "id": "node/139241354",
      "properties": {
        "type": "Railway Node"
      },
      "geometry": {
        "type": "Point",
        "coordinates": [
          -79.4344539,
          43.8883247
        ]
      }
    },
    {
      "type": "Feature",
      "id": "node/139241355",
      "properties": {
        "type": "Railway Node"
      },
      "geometry": {
        "type": "Point",
        "coordinates": [
          -79.4344969,
          43.8873844
        ]
      }
    },
    {
      "type": "Feature",
      "id": "node/139241356",
      "properties": {
        "type": "Railway Node"
      },
      "geometry": {
        "type": "Point",
        "coordinates": [
          -79.4343681,
          43.8864813
        ]
      }
    },
    {
      "type": "Feature",
      "id": "node/139241358",
      "properties": {
        "type": "Railway Node"
      },
      "geometry": {
        "type": "Point",
        "coordinates": [
          -79.4337176,
          43.8848408
        ]
      }
    },
    {
      "type": "Feature",
      "id": "node/139241361",
      "properties": {
        "type": "Railway Node"
      },
      "geometry": {
        "type": "Point",
        "coordinates": [
          -79.429949,
          43.87922
        ]
      }
    },
    {
      "type": "Feature",
      "id": "node/139241365",
      "properties": {
        "type": "Railway Node"
      },
      "geometry": {
        "type": "Point",
        "coordinates": [
          -79.4287462,
          43.8779193
        ]
      }
    },
    {
      "type": "Feature",
      "id": "node/139241366",
      "properties": {
        "type": "Railway Node"
      },
      "geometry": {
        "type": "Point",
        "coordinates": [
          -79.427753,
          43.8769164
        ]
      }
    },
    {
      "type": "Feature",
      "id": "node/139241368",
      "properties": {
        "type": "Railway Node"
      },
      "geometry": {
        "type": "Point",
        "coordinates": [
          -79.426938,
          43.8757168
        ]
      }
    },
    {
      "type": "Feature",
      "id": "node/139241371",
      "properties": {
        "type": "Railway Node"
      },
      "geometry": {
        "type": "Point",
        "coordinates": [
          -79.4256941,
          43.8714616
        ]
      }
    },
    {
      "type": "Feature",
      "id": "node/139241373",
      "properties": {
        "type": "Railway Node"
      },
      "geometry": {
        "type": "Point",
        "coordinates": [
          -79.4251671,
          43.869548
        ]
      }
    },
    {
      "type": "Feature",
      "id": "node/139241376",
      "properties": {
        "type": "Railway Node"
      },
      "geometry": {
        "type": "Point",
        "coordinates": [
          -79.4250297,
          43.868329
        ]
      }
    },
    {
      "type": "Feature",
      "id": "node/139241378",
      "properties": {
        "type": "Railway Node"
      },
      "geometry": {
        "type": "Point",
        "coordinates": [
          -79.4252673,
          43.8672447
        ]
      }
    },
    {
      "type": "Feature",
      "id": "node/139241381",
      "properties": {
        "type": "Railway Node"
      },
      "geometry": {
        "type": "Point",
        "coordinates": [
          -79.4264288,
          43.8631557
        ]
      }
    },
    {
      "type": "Feature",
      "id": "node/139241383",
      "properties": {
        "type": "Railway Node"
      },
      "geometry": {
        "type": "Point",
        "coordinates": [
          -79.4273987,
          43.8598139
        ]
      }
    },
    {
      "type": "Feature",
      "id": "node/139241384",
      "properties": {
        "type": "Railway Node"
      },
      "geometry": {
        "type": "Point",
        "coordinates": [
          -79.428257,
          43.8566328
        ]
      }
    },
    {
      "type": "Feature",
      "id": "node/139241387",
      "properties": {
        "type": "Railway Node"
      },
      "geometry": {
        "type": "Point",
        "coordinates": [
          -79.4285488,
          43.8553764
        ]
      }
    },
    {
      "type": "Feature",
      "id": "node/139241390",
      "properties": {
        "type": "Railway Node"
      },
      "geometry": {
        "type": "Point",
        "coordinates": [
          -79.428832,
          43.8521394
        ]
      }
    },
    {
      "type": "Feature",
      "id": "node/139241392",
      "properties": {
        "type": "Railway Node"
      },
      "geometry": {
        "type": "Point",
        "coordinates": [
          -79.428978,
          43.8510439
        ]
      }
    },
    {
      "type": "Feature",
      "id": "node/139241395",
      "properties": {
        "type": "Railway Node"
      },
      "geometry": {
        "type": "Point",
        "coordinates": [
          -79.428978,
          43.8498493
        ]
      }
    },
    {
      "type": "Feature",
      "id": "node/139250120",
      "properties": {
        "type": "Railway Node"
      },
      "geometry": {
        "type": "Point",
        "coordinates": [
          -79.3846956,
          44.0088723
        ]
      }
    },
    {
      "type": "Feature",
      "id": "node/139250121",
      "properties": {
        "type": "Railway Node"
      },
      "geometry": {
        "type": "Point",
        "coordinates": [
          -79.3854641,
          44.0073453
        ]
      }
    },
    {
      "type": "Feature",
      "id": "node/139250122",
      "properties": {
        "type": "Railway Node"
      },
      "geometry": {
        "type": "Point",
        "coordinates": [
          -79.3865658,
          44.0052513
        ]
      }
    },
    {
      "type": "Feature",
      "id": "node/139250123",
      "properties": {
        "type": "Railway Node"
      },
      "geometry": {
        "type": "Point",
        "coordinates": [
          -79.3883284,
          44.0018651
        ]
      }
    },
    {
      "type": "Feature",
      "id": "node/139250124",
      "properties": {
        "type": "Railway Node"
      },
      "geometry": {
        "type": "Point",
        "coordinates": [
          -79.3889549,
          44.0006797
        ]
      }
    },
    {
      "type": "Feature",
      "id": "node/139250126",
      "properties": {
        "type": "Railway Node"
      },
      "geometry": {
        "type": "Point",
        "coordinates": [
          -79.3894442,
          43.9997535
        ]
      }
    },
    {
      "type": "Feature",
      "id": "node/139250143",
      "properties": {
        "type": "Railway Node"
      },
      "geometry": {
        "type": "Point",
        "coordinates": [
          -79.397251,
          43.9762474
        ]
      }
    },
    {
      "type": "Feature",
      "id": "node/139250144",
      "properties": {
        "type": "Railway Node"
      },
      "geometry": {
        "type": "Point",
        "coordinates": [
          -79.39751,
          43.9734048
        ]
      }
    },
    {
      "type": "Feature",
      "id": "node/139250146",
      "properties": {
        "type": "Railway Node"
      },
      "geometry": {
        "type": "Point",
        "coordinates": [
          -79.397538,
          43.9720127
        ]
      }
    },
    {
      "type": "Feature",
      "id": "node/139250148",
      "properties": {
        "type": "Railway Node"
      },
      "geometry": {
        "type": "Point",
        "coordinates": [
          -79.3971604,
          43.9708082
        ]
      }
    },
    {
      "type": "Feature",
      "id": "node/139250149",
      "properties": {
        "type": "Railway Node"
      },
      "geometry": {
        "type": "Point",
        "coordinates": [
          -79.3959673,
          43.9690229
        ]
      }
    },
    {
      "type": "Feature",
      "id": "node/139250150",
      "properties": {
        "type": "Railway Node"
      },
      "geometry": {
        "type": "Point",
        "coordinates": [
          -79.3947314,
          43.9670894
        ]
      }
    },
    {
      "type": "Feature",
      "id": "node/139250152",
      "properties": {
        "type": "Railway Node"
      },
      "geometry": {
        "type": "Point",
        "coordinates": [
          -79.3942507,
          43.9661813
        ]
      }
    },
    {
      "type": "Feature",
      "id": "node/139250155",
      "properties": {
        "type": "Railway Node"
      },
      "geometry": {
        "type": "Point",
        "coordinates": [
          -79.3942501,
          43.9650959
        ]
      }
    },
    {
      "type": "Feature",
      "id": "node/139250157",
      "properties": {
        "type": "Railway Node"
      },
      "geometry": {
        "type": "Point",
        "coordinates": [
          -79.394909,
          43.964014
        ]
      }
    },
    {
      "type": "Feature",
      "id": "node/139250158",
      "properties": {
        "type": "Railway Node"
      },
      "geometry": {
        "type": "Point",
        "coordinates": [
          -79.3972631,
          43.9615059
        ]
      }
    },
    {
      "type": "Feature",
      "id": "node/139250159",
      "properties": {
        "type": "Railway Node"
      },
      "geometry": {
        "type": "Point",
        "coordinates": [
          -79.3998593,
          43.958675
        ]
      }
    },
    {
      "type": "Feature",
      "id": "node/139250162",
      "properties": {
        "type": "Railway Node"
      },
      "geometry": {
        "type": "Point",
        "coordinates": [
          -79.4003983,
          43.9574367
        ]
      }
    },
    {
      "type": "Feature",
      "id": "node/139250164",
      "properties": {
        "type": "Railway Node"
      },
      "geometry": {
        "type": "Point",
        "coordinates": [
          -79.4004048,
          43.9542263
        ]
      }
    },
    {
      "type": "Feature",
      "id": "node/139250166",
      "properties": {
        "type": "Railway Node"
      },
      "geometry": {
        "type": "Point",
        "coordinates": [
          -79.400379,
          43.951594
        ]
      }
    },
    {
      "type": "Feature",
      "id": "node/139250167",
      "properties": {
        "type": "Railway Node"
      },
      "geometry": {
        "type": "Point",
        "coordinates": [
          -79.4003962,
          43.948492
        ]
      }
    },
    {
      "type": "Feature",
      "id": "node/139544658",
      "properties": {
        "type": "Railway Node"
      },
      "geometry": {
        "type": "Point",
        "coordinates": [
          -79.1261229,
          43.8501804
        ]
      }
    },
    {
      "type": "Feature",
      "id": "node/139544659",
      "properties": {
        "type": "Railway Node"
      },
      "geometry": {
        "type": "Point",
        "coordinates": [
          -79.1244091,
          43.8514584
        ]
      }
    },
    {
      "type": "Feature",
      "id": "node/139544660",
      "properties": {
        "type": "Railway Node"
      },
      "geometry": {
        "type": "Point",
        "coordinates": [
          -79.1226765,
          43.8524461
        ]
      }
    },
    {
      "type": "Feature",
      "id": "node/139544661",
      "properties": {
        "type": "Railway Node"
      },
      "geometry": {
        "type": "Point",
        "coordinates": [
          -79.1201881,
          43.8535551
        ]
      }
    },
    {
      "type": "Feature",
      "id": "node/139544662",
      "properties": {
        "type": "Railway Node"
      },
      "geometry": {
        "type": "Point",
        "coordinates": [
          -79.1187174,
          43.8543081
        ]
      }
    },
    {
      "type": "Feature",
      "id": "node/139544664",
      "properties": {
        "type": "Railway Node"
      },
      "geometry": {
        "type": "Point",
        "coordinates": [
          -79.1172612,
          43.8551882
        ]
      }
    },
    {
      "type": "Feature",
      "id": "node/139544666",
      "properties": {
        "type": "Railway Node"
      },
      "geometry": {
        "type": "Point",
        "coordinates": [
          -79.115903,
          43.8561746
        ]
      }
    },
    {
      "type": "Feature",
      "id": "node/139544668",
      "properties": {
        "type": "Railway Node"
      },
      "geometry": {
        "type": "Point",
        "coordinates": [
          -79.1143312,
          43.8575878
        ]
      }
    },
    {
      "type": "Feature",
      "id": "node/139544669",
      "properties": {
        "type": "Railway Node"
      },
      "geometry": {
        "type": "Point",
        "coordinates": [
          -79.1130561,
          43.8590116
        ]
      }
    },
    {
      "type": "Feature",
      "id": "node/139544670",
      "properties": {
        "type": "Railway Node"
      },
      "geometry": {
        "type": "Point",
        "coordinates": [
          -79.1119993,
          43.8604857
        ]
      }
    },
    {
      "type": "Feature",
      "id": "node/139544673",
      "properties": {
        "type": "Railway Node"
      },
      "geometry": {
        "type": "Point",
        "coordinates": [
          -79.1111937,
          43.8616759
        ]
      }
    },
    {
      "type": "Feature",
      "id": "node/139544676",
      "properties": {
        "type": "Railway Node"
      },
      "geometry": {
        "type": "Point",
        "coordinates": [
          -79.110334,
          43.8629298
        ]
      }
    },
    {
      "type": "Feature",
      "id": "node/139544678",
      "properties": {
        "type": "Railway Node"
      },
      "geometry": {
        "type": "Point",
        "coordinates": [
          -79.1088946,
          43.8649279
        ]
      }
    },
    {
      "type": "Feature",
      "id": "node/139544679",
      "properties": {
        "type": "Railway Node"
      },
      "geometry": {
        "type": "Point",
        "coordinates": [
          -79.103594,
          43.8725667
        ]
      }
    },
    {
      "type": "Feature",
      "id": "node/139544680",
      "properties": {
        "type": "Railway Node"
      },
      "geometry": {
        "type": "Point",
        "coordinates": [
          -79.1015141,
          43.8755486
        ]
      }
    },
    {
      "type": "Feature",
      "id": "node/139544681",
      "properties": {
        "type": "Railway Node"
      },
      "geometry": {
        "type": "Point",
        "coordinates": [
          -79.1005175,
          43.8766789
        ]
      }
    },
    {
      "type": "Feature",
      "id": "node/139544682",
      "properties": {
        "type": "Railway Node"
      },
      "geometry": {
        "type": "Point",
        "coordinates": [
          -79.0996529,
          43.8774933
        ]
      }
    },
    {
      "type": "Feature",
      "id": "node/139544684",
      "properties": {
        "type": "Railway Node"
      },
      "geometry": {
        "type": "Point",
        "coordinates": [
          -79.0977251,
          43.8789456
        ]
      }
    },
    {
      "type": "Feature",
      "id": "node/139544686",
      "properties": {
        "type": "Railway Node"
      },
      "geometry": {
        "type": "Point",
        "coordinates": [
          -79.0957702,
          43.8799935
        ]
      }
    },
    {
      "type": "Feature",
      "id": "node/139544689",
      "properties": {
        "type": "Railway Node"
      },
      "geometry": {
        "type": "Point",
        "coordinates": [
          -79.0834237,
          43.8859834
        ]
      }
    },
    {
      "type": "Feature",
      "id": "node/139544690",
      "properties": {
        "type": "Railway Node"
      },
      "geometry": {
        "type": "Point",
        "coordinates": [
          -79.077526,
          43.8887902
        ]
      }
    },
    {
      "type": "Feature",
      "id": "node/139544691",
      "properties": {
        "type": "Railway Node"
      },
      "geometry": {
        "type": "Point",
        "coordinates": [
          -79.0735123,
          43.8902914
        ]
      }
    },
    {
      "type": "Feature",
      "id": "node/139544693",
      "properties": {
        "type": "Railway Node"
      },
      "geometry": {
        "type": "Point",
        "coordinates": [
          -79.0715406,
          43.8909049
        ]
      }
    },
    {
      "type": "Feature",
      "id": "node/146192355",
      "properties": {
        "type": "Railway Node"
      },
      "geometry": {
        "type": "Point",
        "coordinates": [
          -79.4845303,
          43.7844708
        ]
      }
    },
    {
      "type": "Feature",
      "id": "node/146192732",
      "properties": {
        "type": "Railway Node"
      },
      "geometry": {
        "type": "Point",
        "coordinates": [
          -79.4862444,
          43.7865124
        ]
      }
    },
    {
      "type": "Feature",
      "id": "node/146192734",
      "properties": {
        "type": "Railway Node"
      },
      "geometry": {
        "type": "Point",
        "coordinates": [
          -79.4874902,
          43.786863
        ]
      }
    },
    {
      "type": "Feature",
      "id": "node/146192737",
      "properties": {
        "type": "Railway Node"
      },
      "geometry": {
        "type": "Point",
        "coordinates": [
          -79.4899918,
          43.7866398
        ]
      }
    },
    {
      "type": "Feature",
      "id": "node/146193254",
      "properties": {
        "type": "Railway Node"
      },
      "geometry": {
        "type": "Point",
        "coordinates": [
          -79.4868868,
          43.7876766
        ]
      }
    },
    {
      "type": "Feature",
      "id": "node/146193258",
      "properties": {
        "type": "Railway Node"
      },
      "geometry": {
        "type": "Point",
        "coordinates": [
          -79.4859538,
          43.7887718
        ]
      }
    },
    {
      "type": "Feature",
      "id": "node/146193262",
      "properties": {
        "type": "Railway Node"
      },
      "geometry": {
        "type": "Point",
        "coordinates": [
          -79.4857335,
          43.790071
        ]
      }
    },
    {
      "type": "Feature",
      "id": "node/146194429",
      "properties": {
        "type": "Railway Node"
      },
      "geometry": {
        "type": "Point",
        "coordinates": [
          -79.5206097,
          43.7797497
        ]
      }
    },
    {
      "type": "Feature",
      "id": "node/146515292",
      "properties": {
        "type": "Railway Node"
      },
      "geometry": {
        "type": "Point",
        "coordinates": [
          -79.0618395,
          43.8933842
        ]
      }
    },
    {
      "type": "Feature",
      "id": "node/146515293",
      "properties": {
        "type": "Railway Node"
      },
      "geometry": {
        "type": "Point",
        "coordinates": [
          -79.0553176,
          43.8949742
        ]
      }
    },
    {
      "type": "Feature",
      "id": "node/146515294",
      "properties": {
        "type": "Railway Node"
      },
      "geometry": {
        "type": "Point",
        "coordinates": [
          -79.0484129,
          43.896725
        ]
      }
    },
    {
      "type": "Feature",
      "id": "node/146515296",
      "properties": {
        "type": "Railway Node"
      },
      "geometry": {
        "type": "Point",
        "coordinates": [
          -79.0463582,
          43.89707
        ]
      }
    },
    {
      "type": "Feature",
      "id": "node/146515301",
      "properties": {
        "type": "Railway Node"
      },
      "geometry": {
        "type": "Point",
        "coordinates": [
          -79.0450405,
          43.897073
        ]
      }
    },
    {
      "type": "Feature",
      "id": "node/146515306",
      "properties": {
        "type": "Railway Node"
      },
      "geometry": {
        "type": "Point",
        "coordinates": [
          -79.0432069,
          43.8967183
        ]
      }
    },
    {
      "type": "Feature",
      "id": "node/146515311",
      "properties": {
        "type": "Railway Node"
      },
      "geometry": {
        "type": "Point",
        "coordinates": [
          -79.0417134,
          43.8961803
        ]
      }
    },
    {
      "type": "Feature",
      "id": "node/146515316",
      "properties": {
        "type": "Railway Node"
      },
      "geometry": {
        "type": "Point",
        "coordinates": [
          -79.0406109,
          43.895514
        ]
      }
    },
    {
      "type": "Feature",
      "id": "node/146515321",
      "properties": {
        "type": "Railway Node"
      },
      "geometry": {
        "type": "Point",
        "coordinates": [
          -79.0392072,
          43.8941268
        ]
      }
    },
    {
      "type": "Feature",
      "id": "node/146515323",
      "properties": {
        "type": "Railway Node"
      },
      "geometry": {
        "type": "Point",
        "coordinates": [
          -79.0368039,
          43.8909166
        ]
      }
    },
    {
      "type": "Feature",
      "id": "node/146515326",
      "properties": {
        "type": "Railway Node"
      },
      "geometry": {
        "type": "Point",
        "coordinates": [
          -79.0359714,
          43.8898589
        ]
      }
    },
    {
      "type": "Feature",
      "id": "node/146515331",
      "properties": {
        "type": "Railway Node"
      },
      "geometry": {
        "type": "Point",
        "coordinates": [
          -79.0351474,
          43.8890919
        ]
      }
    },
    {
      "type": "Feature",
      "id": "node/146515335",
      "properties": {
        "type": "Railway Node"
      },
      "geometry": {
        "type": "Point",
        "coordinates": [
          -79.0337312,
          43.8881145
        ]
      }
    },
    {
      "type": "Feature",
      "id": "node/146515339",
      "properties": {
        "type": "Railway Node"
      },
      "geometry": {
        "type": "Point",
        "coordinates": [
          -79.0319373,
          43.8873289
        ]
      }
    },
    {
      "type": "Feature",
      "id": "node/146515346",
      "properties": {
        "type": "Railway Node"
      },
      "geometry": {
        "type": "Point",
        "coordinates": [
          -79.0295856,
          43.886766
        ]
      }
    },
    {
      "type": "Feature",
      "id": "node/146515351",
      "properties": {
        "type": "Railway Node"
      },
      "geometry": {
        "type": "Point",
        "coordinates": [
          -79.0271394,
          43.8866547
        ]
      }
    },
    {
      "type": "Feature",
      "id": "node/146515352",
      "properties": {
        "type": "Railway Node"
      },
      "geometry": {
        "type": "Point",
        "coordinates": [
          -79.0256974,
          43.8867846
        ]
      }
    },
    {
      "type": "Feature",
      "id": "node/146515354",
      "properties": {
        "type": "Railway Node"
      },
      "geometry": {
        "type": "Point",
        "coordinates": [
          -79.0244443,
          43.8870691
        ]
      }
    },
    {
      "type": "Feature",
      "id": "node/146515356",
      "properties": {
        "type": "Railway Node"
      },
      "geometry": {
        "type": "Point",
        "coordinates": [
          -79.0230882,
          43.8875764
        ]
      }
    },
    {
      "type": "Feature",
      "id": "node/146515358",
      "properties": {
        "type": "Railway Node"
      },
      "geometry": {
        "type": "Point",
        "coordinates": [
          -79.021775,
          43.8882444
        ]
      }
    },
    {
      "type": "Feature",
      "id": "node/146515359",
      "properties": {
        "type": "Railway Node"
      },
      "geometry": {
        "type": "Point",
        "coordinates": [
          -79.0203674,
          43.8892342
        ]
      }
    },
    {
      "type": "Feature",
      "id": "node/146515360",
      "properties": {
        "type": "Railway Node"
      },
      "geometry": {
        "type": "Point",
        "coordinates": [
          -79.0186078,
          43.8906321
        ]
      }
    },
    {
      "type": "Feature",
      "id": "node/146515362",
      "properties": {
        "type": "Railway Node"
      },
      "geometry": {
        "type": "Point",
        "coordinates": [
          -79.0175693,
          43.8912878
        ]
      }
    },
    {
      "type": "Feature",
      "id": "node/146515363",
      "properties": {
        "type": "Railway Node"
      },
      "geometry": {
        "type": "Point",
        "coordinates": [
          -79.0160329,
          43.8921166
        ]
      }
    },
    {
      "type": "Feature",
      "id": "node/146515365",
      "properties": {
        "type": "Railway Node"
      },
      "geometry": {
        "type": "Point",
        "coordinates": [
          -79.0139987,
          43.8928712
        ]
      }
    },
    {
      "type": "Feature",
      "id": "node/146515366",
      "properties": {
        "type": "Railway Node"
      },
      "geometry": {
        "type": "Point",
        "coordinates": [
          -79.0125053,
          43.8932485
        ]
      }
    },
    {
      "type": "Feature",
      "id": "node/146515367",
      "properties": {
        "type": "Railway Node"
      },
      "geometry": {
        "type": "Point",
        "coordinates": [
          -79.0100505,
          43.8937
        ]
      }
    },
    {
      "type": "Feature",
      "id": "node/146515368",
      "properties": {
        "type": "Railway Node"
      },
      "geometry": {
        "type": "Point",
        "coordinates": [
          -79.0026862,
          43.8949371
        ]
      }
    },
    {
      "type": "Feature",
      "id": "node/146515369",
      "properties": {
        "type": "Railway Node"
      },
      "geometry": {
        "type": "Point",
        "coordinates": [
          -79.0004289,
          43.8951412
        ]
      }
    },
    {
      "type": "Feature",
      "id": "node/146515370",
      "properties": {
        "type": "Railway Node"
      },
      "geometry": {
        "type": "Point",
        "coordinates": [
          -78.9985664,
          43.8951783
        ]
      }
    },
    {
      "type": "Feature",
      "id": "node/146515371",
      "properties": {
        "type": "Railway Node"
      },
      "geometry": {
        "type": "Point",
        "coordinates": [
          -78.9971759,
          43.8951659
        ]
      }
    },
    {
      "type": "Feature",
      "id": "node/146515373",
      "properties": {
        "type": "Railway Node"
      },
      "geometry": {
        "type": "Point",
        "coordinates": [
          -78.9943177,
          43.8948567
        ]
      }
    },
    {
      "type": "Feature",
      "id": "node/146515374",
      "properties": {
        "type": "Railway Node"
      },
      "geometry": {
        "type": "Point",
        "coordinates": [
          -78.9879319,
          43.8938794
        ]
      }
    },
    {
      "type": "Feature",
      "id": "node/146515375",
      "properties": {
        "type": "Railway Node"
      },
      "geometry": {
        "type": "Point",
        "coordinates": [
          -78.9808509,
          43.8928155
        ]
      }
    },
    {
      "type": "Feature",
      "id": "node/146515377",
      "properties": {
        "type": "Railway Node"
      },
      "geometry": {
        "type": "Point",
        "coordinates": [
          -78.9735295,
          43.8917022
        ]
      }
    },
    {
      "type": "Feature",
      "id": "node/146515378",
      "properties": {
        "type": "Railway Node"
      },
      "geometry": {
        "type": "Point",
        "coordinates": [
          -78.9695308,
          43.8911564
        ]
      }
    },
    {
      "type": "Feature",
      "id": "node/146515380",
      "properties": {
        "type": "Railway Node"
      },
      "geometry": {
        "type": "Point",
        "coordinates": [
          -78.9676486,
          43.89094
        ]
      }
    },
    {
      "type": "Feature",
      "id": "node/146515381",
      "properties": {
        "type": "Railway Node"
      },
      "geometry": {
        "type": "Point",
        "coordinates": [
          -78.9638215,
          43.8905174
        ]
      }
    },
    {
      "type": "Feature",
      "id": "node/146515383",
      "properties": {
        "type": "Railway Node"
      },
      "geometry": {
        "type": "Point",
        "coordinates": [
          -78.957801,
          43.8898543
        ]
      }
    },
    {
      "type": "Feature",
      "id": "node/146515384",
      "properties": {
        "type": "Railway Node"
      },
      "geometry": {
        "type": "Point",
        "coordinates": [
          -78.9511116,
          43.889115
        ]
      }
    },
    {
      "type": "Feature",
      "id": "node/146515385",
      "properties": {
        "type": "Railway Node"
      },
      "geometry": {
        "type": "Point",
        "coordinates": [
          -78.9451766,
          43.8884611
        ]
      }
    },
    {
      "type": "Feature",
      "id": "node/146515387",
      "properties": {
        "type": "Railway Node"
      },
      "geometry": {
        "type": "Point",
        "coordinates": [
          -78.937539,
          43.8876146
        ]
      }
    },
    {
      "type": "Feature",
      "id": "node/146515389",
      "properties": {
        "type": "Railway Node"
      },
      "geometry": {
        "type": "Point",
        "coordinates": [
          -78.9354722,
          43.88723
        ]
      }
    },
    {
      "type": "Feature",
      "id": "node/146515392",
      "properties": {
        "type": "Railway Node"
      },
      "geometry": {
        "type": "Point",
        "coordinates": [
          -78.9335925,
          43.8865186
        ]
      }
    },
    {
      "type": "Feature",
      "id": "node/146515393",
      "properties": {
        "type": "Railway Node"
      },
      "geometry": {
        "type": "Point",
        "coordinates": [
          -78.9280135,
          43.8839823
        ]
      }
    },
    {
      "type": "Feature",
      "id": "node/146516965",
      "properties": {
        "type": "Railway Node"
      },
      "geometry": {
        "type": "Point",
        "coordinates": [
          -78.7259541,
          43.8915806
        ]
      }
    },
    {
      "type": "Feature",
      "id": "node/146516970",
      "properties": {
        "type": "Railway Node"
      },
      "geometry": {
        "type": "Point",
        "coordinates": [
          -78.7174563,
          43.8969292
        ]
      }
    },
    {
      "type": "Feature",
      "id": "node/146543719",
      "properties": {
        "type": "Railway Node"
      },
      "geometry": {
        "type": "Point",
        "coordinates": [
          -78.9811104,
          44.0186543
        ]
      }
    },
    {
      "type": "Feature",
      "id": "node/146543720",
      "properties": {
        "type": "Railway Node"
      },
      "geometry": {
        "type": "Point",
        "coordinates": [
          -78.9848678,
          44.0184605
        ]
      }
    },
    {
      "type": "Feature",
      "id": "node/146543721",
      "properties": {
        "type": "Railway Node"
      },
      "geometry": {
        "type": "Point",
        "coordinates": [
          -78.9867435,
          44.0183649
        ]
      }
    },
    {
      "type": "Feature",
      "id": "node/146543723",
      "properties": {
        "type": "Railway Node"
      },
      "geometry": {
        "type": "Point",
        "coordinates": [
          -78.9884126,
          44.0182321
        ]
      }
    },
    {
      "type": "Feature",
      "id": "node/146543724",
      "properties": {
        "type": "Railway Node"
      },
      "geometry": {
        "type": "Point",
        "coordinates": [
          -78.9901356,
          44.0179925
        ]
      }
    },
    {
      "type": "Feature",
      "id": "node/146543725",
      "properties": {
        "type": "Railway Node"
      },
      "geometry": {
        "type": "Point",
        "coordinates": [
          -78.9918971,
          44.0176411
        ]
      }
    },
    {
      "type": "Feature",
      "id": "node/146543726",
      "properties": {
        "type": "Railway Node"
      },
      "geometry": {
        "type": "Point",
        "coordinates": [
          -78.9938036,
          44.0171039
        ]
      }
    },
    {
      "type": "Feature",
      "id": "node/146543727",
      "properties": {
        "type": "Railway Node"
      },
      "geometry": {
        "type": "Point",
        "coordinates": [
          -79.0010825,
          44.0146176
        ]
      }
    },
    {
      "type": "Feature",
      "id": "node/146543728",
      "properties": {
        "type": "Railway Node"
      },
      "geometry": {
        "type": "Point",
        "coordinates": [
          -79.0068233,
          44.012683
        ]
      }
    },
    {
      "type": "Feature",
      "id": "node/146543729",
      "properties": {
        "type": "Railway Node"
      },
      "geometry": {
        "type": "Point",
        "coordinates": [
          -79.0128473,
          44.010842
        ]
      }
    },
    {
      "type": "Feature",
      "id": "node/146543730",
      "properties": {
        "type": "Railway Node"
      },
      "geometry": {
        "type": "Point",
        "coordinates": [
          -79.0201164,
          44.0085506
        ]
      }
    },
    {
      "type": "Feature",
      "id": "node/146543731",
      "properties": {
        "type": "Railway Node"
      },
      "geometry": {
        "type": "Point",
        "coordinates": [
          -79.0261414,
          44.0066415
        ]
      }
    },
    {
      "type": "Feature",
      "id": "node/146543733",
      "properties": {
        "type": "Railway Node"
      },
      "geometry": {
        "type": "Point",
        "coordinates": [
          -79.0309846,
          44.0047998
        ]
      }
    },
    {
      "type": "Feature",
      "id": "node/146543735",
      "properties": {
        "type": "Railway Node"
      },
      "geometry": {
        "type": "Point",
        "coordinates": [
          -79.0354993,
          44.0030959
        ]
      }
    },
    {
      "type": "Feature",
      "id": "node/146543736",
      "properties": {
        "type": "Railway Node"
      },
      "geometry": {
        "type": "Point",
        "coordinates": [
          -79.0415075,
          44.0008115
        ]
      }
    },
    {
      "type": "Feature",
      "id": "node/146543737",
      "properties": {
        "type": "Railway Node"
      },
      "geometry": {
        "type": "Point",
        "coordinates": [
          -79.0479791,
          43.9984221
        ]
      }
    },
    {
      "type": "Feature",
      "id": "node/146543738",
      "properties": {
        "type": "Railway Node"
      },
      "geometry": {
        "type": "Point",
        "coordinates": [
          -79.0540855,
          43.9961675
        ]
      }
    },
    {
      "type": "Feature",
      "id": "node/146543740",
      "properties": {
        "type": "Railway Node"
      },
      "geometry": {
        "type": "Point",
        "coordinates": [
          -79.0561916,
          43.9956258
        ]
      }
    },
    {
      "type": "Feature",
      "id": "node/146543742",
      "properties": {
        "type": "Railway Node"
      },
      "geometry": {
        "type": "Point",
        "coordinates": [
          -79.058111,
          43.9954742
        ]
      }
    },
    {
      "type": "Feature",
      "id": "node/146543745",
      "properties": {
        "type": "Railway Node"
      },
      "geometry": {
        "type": "Point",
        "coordinates": [
          -79.0596177,
          43.9955263
        ]
      }
    },
    {
      "type": "Feature",
      "id": "node/146543747",
      "properties": {
        "type": "Railway Node"
      },
      "geometry": {
        "type": "Point",
        "coordinates": [
          -79.0618493,
          43.9959585
        ]
      }
    },
    {
      "type": "Feature",
      "id": "node/146543749",
      "properties": {
        "type": "Railway Node"
      },
      "geometry": {
        "type": "Point",
        "coordinates": [
          -79.0673841,
          43.9973397
        ]
      }
    },
    {
      "type": "Feature",
      "id": "node/146543752",
      "properties": {
        "type": "Railway Node"
      },
      "geometry": {
        "type": "Point",
        "coordinates": [
          -79.0692729,
          43.9977431
        ]
      }
    },
    {
      "type": "Feature",
      "id": "node/146543756",
      "properties": {
        "type": "Railway Node"
      },
      "geometry": {
        "type": "Point",
        "coordinates": [
          -79.071185,
          43.9978228
        ]
      }
    },
    {
      "type": "Feature",
      "id": "node/146543760",
      "properties": {
        "type": "Railway Node"
      },
      "geometry": {
        "type": "Point",
        "coordinates": [
          -79.0731127,
          43.9975191
        ]
      }
    },
    {
      "type": "Feature",
      "id": "node/146543761",
      "properties": {
        "type": "Railway Node"
      },
      "geometry": {
        "type": "Point",
        "coordinates": [
          -79.0742959,
          43.9971134
        ]
      }
    },
    {
      "type": "Feature",
      "id": "node/146543763",
      "properties": {
        "type": "Railway Node"
      },
      "geometry": {
        "type": "Point",
        "coordinates": [
          -79.0760839,
          43.9960536
        ]
      }
    },
    {
      "type": "Feature",
      "id": "node/146543765",
      "properties": {
        "type": "Railway Node"
      },
      "geometry": {
        "type": "Point",
        "coordinates": [
          -79.0770691,
          43.9952142
        ]
      }
    },
    {
      "type": "Feature",
      "id": "node/146543766",
      "properties": {
        "type": "Railway Node"
      },
      "geometry": {
        "type": "Point",
        "coordinates": [
          -79.0778063,
          43.994429
        ]
      }
    },
    {
      "type": "Feature",
      "id": "node/146543767",
      "properties": {
        "type": "Railway Node"
      },
      "geometry": {
        "type": "Point",
        "coordinates": [
          -79.079043,
          43.992716
        ]
      }
    },
    {
      "type": "Feature",
      "id": "node/146543768",
      "properties": {
        "type": "Railway Node"
      },
      "geometry": {
        "type": "Point",
        "coordinates": [
          -79.0798305,
          43.9916497
        ]
      }
    },
    {
      "type": "Feature",
      "id": "node/146543771",
      "properties": {
        "type": "Railway Node"
      },
      "geometry": {
        "type": "Point",
        "coordinates": [
          -79.0805869,
          43.9907966
        ]
      }
    },
    {
      "type": "Feature",
      "id": "node/146543774",
      "properties": {
        "type": "Railway Node"
      },
      "geometry": {
        "type": "Point",
        "coordinates": [
          -79.0820928,
          43.9896385
        ]
      }
    },
    {
      "type": "Feature",
      "id": "node/146543779",
      "properties": {
        "type": "Railway Node"
      },
      "geometry": {
        "type": "Point",
        "coordinates": [
          -79.0840512,
          43.9886929
        ]
      }
    },
    {
      "type": "Feature",
      "id": "node/146543780",
      "properties": {
        "type": "Railway Node"
      },
      "geometry": {
        "type": "Point",
        "coordinates": [
          -79.0859087,
          43.9881356
        ]
      }
    },
    {
      "type": "Feature",
      "id": "node/146543781",
      "properties": {
        "type": "Railway Node"
      },
      "geometry": {
        "type": "Point",
        "coordinates": [
          -79.0916119,
          43.9866737
        ]
      }
    },
    {
      "type": "Feature",
      "id": "node/146543782",
      "properties": {
        "type": "Railway Node"
      },
      "geometry": {
        "type": "Point",
        "coordinates": [
          -79.0967067,
          43.9853429
        ]
      }
    },
    {
      "type": "Feature",
      "id": "node/146543785",
      "properties": {
        "type": "Railway Node"
      },
      "geometry": {
        "type": "Point",
        "coordinates": [
          -79.0983149,
          43.9849471
        ]
      }
    },
    {
      "type": "Feature",
      "id": "node/146543787",
      "properties": {
        "type": "Railway Node"
      },
      "geometry": {
        "type": "Point",
        "coordinates": [
          -79.1002687,
          43.9847579
        ]
      }
    },
    {
      "type": "Feature",
      "id": "node/146543790",
      "properties": {
        "type": "Railway Node"
      },
      "geometry": {
        "type": "Point",
        "coordinates": [
          -79.1019846,
          43.9847568
        ]
      }
    },
    {
      "type": "Feature",
      "id": "node/146543792",
      "properties": {
        "type": "Railway Node"
      },
      "geometry": {
        "type": "Point",
        "coordinates": [
          -79.1088287,
          43.98554
        ]
      }
    },
    {
      "type": "Feature",
      "id": "node/146543794",
      "properties": {
        "type": "Railway Node"
      },
      "geometry": {
        "type": "Point",
        "coordinates": [
          -79.1198194,
          43.9868009
        ]
      }
    },
    {
      "type": "Feature",
      "id": "node/146543796",
      "properties": {
        "type": "Railway Node"
      },
      "geometry": {
        "type": "Point",
        "coordinates": [
          -79.122317,
          43.9870232
        ]
      }
    },
    {
      "type": "Feature",
      "id": "node/146543799",
      "properties": {
        "type": "Railway Node"
      },
      "geometry": {
        "type": "Point",
        "coordinates": [
          -79.1245958,
          43.9869437
        ]
      }
    },
    {
      "type": "Feature",
      "id": "node/146543801",
      "properties": {
        "type": "Railway Node"
      },
      "geometry": {
        "type": "Point",
        "coordinates": [
          -79.1266257,
          43.986486
        ]
      }
    },
    {
      "type": "Feature",
      "id": "node/146543803",
      "properties": {
        "type": "Railway Node"
      },
      "geometry": {
        "type": "Point",
        "coordinates": [
          -79.127896,
          43.9860784
        ]
      }
    },
    {
      "type": "Feature",
      "id": "node/146543808",
      "properties": {
        "type": "Railway Node"
      },
      "geometry": {
        "type": "Point",
        "coordinates": [
          -79.1299817,
          43.9850162
        ]
      }
    },
    {
      "type": "Feature",
      "id": "node/146543809",
      "properties": {
        "type": "Railway Node"
      },
      "geometry": {
        "type": "Point",
        "coordinates": [
          -79.1309602,
          43.9843121
        ]
      }
    },
    {
      "type": "Feature",
      "id": "node/146543811",
      "properties": {
        "type": "Railway Node"
      },
      "geometry": {
        "type": "Point",
        "coordinates": [
          -79.1328673,
          43.9829434
        ]
      }
    },
    {
      "type": "Feature",
      "id": "node/146543813",
      "properties": {
        "type": "Railway Node"
      },
      "geometry": {
        "type": "Point",
        "coordinates": [
          -79.1378533,
          43.9791129
        ]
      }
    },
    {
      "type": "Feature",
      "id": "node/146543815",
      "properties": {
        "type": "Railway Node"
      },
      "geometry": {
        "type": "Point",
        "coordinates": [
          -79.1423424,
          43.975648
        ]
      }
    },
    {
      "type": "Feature",
      "id": "node/146543816",
      "properties": {
        "type": "Railway Node"
      },
      "geometry": {
        "type": "Point",
        "coordinates": [
          -79.1474571,
          43.9717328
        ]
      }
    },
    {
      "type": "Feature",
      "id": "node/146543817",
      "properties": {
        "type": "Railway Node"
      },
      "geometry": {
        "type": "Point",
        "coordinates": [
          -79.1505639,
          43.9692722
        ]
      }
    },
    {
      "type": "Feature",
      "id": "node/146543818",
      "properties": {
        "type": "Railway Node"
      },
      "geometry": {
        "type": "Point",
        "coordinates": [
          -79.1527357,
          43.9674267
        ]
      }
    },
    {
      "type": "Feature",
      "id": "node/146543819",
      "properties": {
        "type": "Railway Node"
      },
      "geometry": {
        "type": "Point",
        "coordinates": [
          -79.1539389,
          43.9660776
        ]
      }
    },
    {
      "type": "Feature",
      "id": "node/146543820",
      "properties": {
        "type": "Railway Node"
      },
      "geometry": {
        "type": "Point",
        "coordinates": [
          -79.1562401,
          43.9629226
        ]
      }
    },
    {
      "type": "Feature",
      "id": "node/146543821",
      "properties": {
        "type": "Railway Node"
      },
      "geometry": {
        "type": "Point",
        "coordinates": [
          -79.1590967,
          43.9589315
        ]
      }
    },
    {
      "type": "Feature",
      "id": "node/146543822",
      "properties": {
        "type": "Railway Node"
      },
      "geometry": {
        "type": "Point",
        "coordinates": [
          -79.1613592,
          43.9557435
        ]
      }
    },
    {
      "type": "Feature",
      "id": "node/146543824",
      "properties": {
        "type": "Railway Node"
      },
      "geometry": {
        "type": "Point",
        "coordinates": [
          -79.1635154,
          43.9527183
        ]
      }
    },
    {
      "type": "Feature",
      "id": "node/146543825",
      "properties": {
        "type": "Railway Node"
      },
      "geometry": {
        "type": "Point",
        "coordinates": [
          -79.1660883,
          43.9491379
        ]
      }
    },
    {
      "type": "Feature",
      "id": "node/146543827",
      "properties": {
        "type": "Railway Node"
      },
      "geometry": {
        "type": "Point",
        "coordinates": [
          -79.1687701,
          43.9453657
        ]
      }
    },
    {
      "type": "Feature",
      "id": "node/146543829",
      "properties": {
        "type": "Railway Node"
      },
      "geometry": {
        "type": "Point",
        "coordinates": [
          -79.1709212,
          43.9423603
        ]
      }
    },
    {
      "type": "Feature",
      "id": "node/146543830",
      "properties": {
        "type": "Railway Node"
      },
      "geometry": {
        "type": "Point",
        "coordinates": [
          -79.1739225,
          43.9381482
        ]
      }
    },
    {
      "type": "Feature",
      "id": "node/146543833",
      "properties": {
        "type": "Railway Node"
      },
      "geometry": {
        "type": "Point",
        "coordinates": [
          -79.1762254,
          43.9349244
        ]
      }
    },
    {
      "type": "Feature",
      "id": "node/146543834",
      "properties": {
        "type": "Railway Node"
      },
      "geometry": {
        "type": "Point",
        "coordinates": [
          -79.179168,
          43.9308126
        ]
      }
    },
    {
      "type": "Feature",
      "id": "node/146543836",
      "properties": {
        "type": "Railway Node"
      },
      "geometry": {
        "type": "Point",
        "coordinates": [
          -79.1812896,
          43.9278038
        ]
      }
    },
    {
      "type": "Feature",
      "id": "node/146543838",
      "properties": {
        "type": "Railway Node"
      },
      "geometry": {
        "type": "Point",
        "coordinates": [
          -79.1837289,
          43.9243274
        ]
      }
    },
    {
      "type": "Feature",
      "id": "node/146543841",
      "properties": {
        "type": "Railway Node"
      },
      "geometry": {
        "type": "Point",
        "coordinates": [
          -79.1884967,
          43.9177478
        ]
      }
    },
    {
      "type": "Feature",
      "id": "node/146543842",
      "properties": {
        "type": "Railway Node"
      },
      "geometry": {
        "type": "Point",
        "coordinates": [
          -79.1893504,
          43.9164157
        ]
      }
    },
    {
      "type": "Feature",
      "id": "node/146543843",
      "properties": {
        "type": "Railway Node"
      },
      "geometry": {
        "type": "Point",
        "coordinates": [
          -79.189906,
          43.9153005
        ]
      }
    },
    {
      "type": "Feature",
      "id": "node/146543844",
      "properties": {
        "type": "Railway Node"
      },
      "geometry": {
        "type": "Point",
        "coordinates": [
          -79.1907397,
          43.9126509
        ]
      }
    },
    {
      "type": "Feature",
      "id": "node/146543845",
      "properties": {
        "type": "Railway Node"
      },
      "geometry": {
        "type": "Point",
        "coordinates": [
          -79.1920968,
          43.9079278
        ]
      }
    },
    {
      "type": "Feature",
      "id": "node/146543846",
      "properties": {
        "type": "Railway Node"
      },
      "geometry": {
        "type": "Point",
        "coordinates": [
          -79.1930078,
          43.9046362
        ]
      }
    },
    {
      "type": "Feature",
      "id": "node/146543848",
      "properties": {
        "type": "Railway Node"
      },
      "geometry": {
        "type": "Point",
        "coordinates": [
          -79.193711,
          43.9019505
        ]
      }
    },
    {
      "type": "Feature",
      "id": "node/146543849",
      "properties": {
        "type": "Railway Node"
      },
      "geometry": {
        "type": "Point",
        "coordinates": [
          -79.1945607,
          43.8990438
        ]
      }
    },
    {
      "type": "Feature",
      "id": "node/146543851",
      "properties": {
        "type": "Railway Node"
      },
      "geometry": {
        "type": "Point",
        "coordinates": [
          -79.1956022,
          43.8957119
        ]
      }
    },
    {
      "type": "Feature",
      "id": "node/146543852",
      "properties": {
        "type": "Railway Node"
      },
      "geometry": {
        "type": "Point",
        "coordinates": [
          -79.19656,
          43.8923807
        ]
      }
    },
    {
      "type": "Feature",
      "id": "node/146543853",
      "properties": {
        "type": "Railway Node"
      },
      "geometry": {
        "type": "Point",
        "coordinates": [
          -79.1974532,
          43.888962
        ]
      }
    },
    {
      "type": "Feature",
      "id": "node/146543854",
      "properties": {
        "type": "Railway Node"
      },
      "geometry": {
        "type": "Point",
        "coordinates": [
          -79.1985261,
          43.8852257
        ]
      }
    },
    {
      "type": "Feature",
      "id": "node/146543855",
      "properties": {
        "type": "Railway Node"
      },
      "geometry": {
        "type": "Point",
        "coordinates": [
          -79.199229,
          43.8830746
        ]
      }
    },
    {
      "type": "Feature",
      "id": "node/146543857",
      "properties": {
        "type": "Railway Node"
      },
      "geometry": {
        "type": "Point",
        "coordinates": [
          -79.2002311,
          43.88131
        ]
      }
    },
    {
      "type": "Feature",
      "id": "node/156838876",
      "properties": {
        "type": "Railway Node"
      },
      "geometry": {
        "type": "Point",
        "coordinates": [
          -79.4465641,
          43.6675776
        ]
      }
    },
    {
      "type": "Feature",
      "id": "node/158707503",
      "properties": {
        "type": "Railway Node"
      },
      "geometry": {
        "type": "Point",
        "coordinates": [
          -79.4331357,
          43.6702481
        ]
      }
    },
    {
      "type": "Feature",
      "id": "node/158712761",
      "properties": {
        "type": "Railway Node"
      },
      "geometry": {
        "type": "Point",
        "coordinates": [
          -79.4270901,
          43.6714115
        ]
      }
    },
    {
      "type": "Feature",
      "id": "node/158920353",
      "properties": {
        "type": "Railway Node"
      },
      "geometry": {
        "type": "Point",
        "coordinates": [
          -79.4216364,
          43.672453
        ]
      }
    },
    {
      "type": "Feature",
      "id": "node/158922564",
      "properties": {
        "type": "Railway Node"
      },
      "geometry": {
        "type": "Point",
        "coordinates": [
          -79.4074742,
          43.6754087
        ]
      }
    },
    {
      "type": "Feature",
      "id": "node/158923641",
      "properties": {
        "type": "Railway Node"
      },
      "geometry": {
        "type": "Point",
        "coordinates": [
          -79.4030452,
          43.6763349
        ]
      }
    },
    {
      "type": "Feature",
      "id": "node/158926972",
      "properties": {
        "type": "Railway Node"
      },
      "geometry": {
        "type": "Point",
        "coordinates": [
          -79.3854269,
          43.6836823
        ]
      }
    },
    {
      "type": "Feature",
      "id": "node/158927044",
      "properties": {
        "type": "Railway Node"
      },
      "geometry": {
        "type": "Point",
        "coordinates": [
          -79.3835375,
          43.6845307
        ]
      }
    },
    {
      "type": "Feature",
      "id": "node/158928440",
      "properties": {
        "type": "Railway Node"
      },
      "geometry": {
        "type": "Point",
        "coordinates": [
          -79.366761,
          43.6944606
        ]
      }
    },
    {
      "type": "Feature",
      "id": "node/158928443",
      "properties": {
        "type": "Railway Node"
      },
      "geometry": {
        "type": "Point",
        "coordinates": [
          -79.3713055,
          43.6901233
        ]
      }
    },
    {
      "type": "Feature",
      "id": "node/158933025",
      "properties": {
        "type": "Railway Node"
      },
      "geometry": {
        "type": "Point",
        "coordinates": [
          -79.439068,
          43.6690592
        ]
      }
    },
    {
      "type": "Feature",
      "id": "node/158933585",
      "properties": {
        "type": "Railway Node"
      },
      "geometry": {
        "type": "Point",
        "coordinates": [
          -79.4366469,
          43.6695167
        ]
      }
    },
    {
      "type": "Feature",
      "id": "node/158934283",
      "properties": {
        "type": "Railway Node"
      },
      "geometry": {
        "type": "Point",
        "coordinates": [
          -79.4515816,
          43.6671013
        ]
      }
    },
    {
      "type": "Feature",
      "id": "node/158936164",
      "properties": {
        "type": "Railway Node"
      },
      "geometry": {
        "type": "Point",
        "coordinates": [
          -79.4915902,
          43.6662821
        ]
      }
    },
    {
      "type": "Feature",
      "id": "node/202219180",
      "properties": {
        "type": "Railway Node"
      },
      "geometry": {
        "type": "Point",
        "coordinates": [
          -79.4981103,
          43.6159014
        ]
      }
    },
    {
      "type": "Feature",
      "id": "node/207661110",
      "properties": {
        "type": "Railway Node"
      },
      "geometry": {
        "type": "Point",
        "coordinates": [
          -79.4332798,
          43.6335134
        ]
      }
    },
    {
      "type": "Feature",
      "id": "node/243341048",
      "properties": {
        "type": "Railway Node"
      },
      "geometry": {
        "type": "Point",
        "coordinates": [
          -79.4437394,
          43.6506916
        ]
      }
    },
    {
      "type": "Feature",
      "id": "node/243341050",
      "properties": {
        "type": "Railway Node"
      },
      "geometry": {
        "type": "Point",
        "coordinates": [
          -79.4477195,
          43.654719
        ]
      }
    },
    {
      "type": "Feature",
      "id": "node/243341051",
      "properties": {
        "type": "Railway Node"
      },
      "geometry": {
        "type": "Point",
        "coordinates": [
          -79.4497242,
          43.6567653
        ]
      }
    },
    {
      "type": "Feature",
      "id": "node/243341053",
      "properties": {
        "type": "Railway Node"
      },
      "geometry": {
        "type": "Point",
        "coordinates": [
          -79.4528181,
          43.6599171
        ]
      }
    },
    {
      "type": "Feature",
      "id": "node/243341057",
      "properties": {
        "type": "Railway Node"
      },
      "geometry": {
        "type": "Point",
        "coordinates": [
          -79.4338367,
          43.6448513
        ]
      }
    },
    {
      "type": "Feature",
      "id": "node/247294247",
      "properties": {
        "type": "Railway Node"
      },
      "geometry": {
        "type": "Point",
        "coordinates": [
          -79.4444004,
          43.6375263
        ]
      }
    },
    {
      "type": "Feature",
      "id": "node/248607636",
      "properties": {
        "type": "Railway Node"
      },
      "geometry": {
        "type": "Point",
        "coordinates": [
          -79.2944502,
          43.6877503
        ]
      }
    },
    {
      "type": "Feature",
      "id": "node/248607686",
      "properties": {
        "type": "Railway Node"
      },
      "geometry": {
        "type": "Point",
        "coordinates": [
          -79.2765537,
          43.6920554
        ]
      }
    },
    {
      "type": "Feature",
      "id": "node/248607694",
      "properties": {
        "type": "Railway Node"
      },
      "geometry": {
        "type": "Point",
        "coordinates": [
          -79.2734244,
          43.6934775
        ]
      }
    },
    {
      "type": "Feature",
      "id": "node/248607716",
      "properties": {
        "type": "Railway Node"
      },
      "geometry": {
        "type": "Point",
        "coordinates": [
          -79.2696479,
          43.696077
        ]
      }
    },
    {
      "type": "Feature",
      "id": "node/248607717",
      "properties": {
        "type": "Railway Node"
      },
      "geometry": {
        "type": "Point",
        "coordinates": [
          -79.2670097,
          43.6990065
        ]
      }
    },
    {
      "type": "Feature",
      "id": "node/249483717",
      "properties": {
        "type": "Railway Node"
      },
      "geometry": {
        "type": "Point",
        "coordinates": [
          -79.3217979,
          44.1265165
        ]
      }
    },
    {
      "type": "Feature",
      "id": "node/249483718",
      "properties": {
        "type": "Railway Node"
      },
      "geometry": {
        "type": "Point",
        "coordinates": [
          -79.3244488,
          44.1232962
        ]
      }
    },
    {
      "type": "Feature",
      "id": "node/249483719",
      "properties": {
        "type": "Railway Node"
      },
      "geometry": {
        "type": "Point",
        "coordinates": [
          -79.3260448,
          44.1212318
        ]
      }
    },
    {
      "type": "Feature",
      "id": "node/249483720",
      "properties": {
        "type": "Railway Node"
      },
      "geometry": {
        "type": "Point",
        "coordinates": [
          -79.326607,
          44.11967
        ]
      }
    },
    {
      "type": "Feature",
      "id": "node/249483721",
      "properties": {
        "type": "Railway Node"
      },
      "geometry": {
        "type": "Point",
        "coordinates": [
          -79.3263939,
          44.116234
        ]
      }
    },
    {
      "type": "Feature",
      "id": "node/249483722",
      "properties": {
        "type": "Railway Node"
      },
      "geometry": {
        "type": "Point",
        "coordinates": [
          -79.3262758,
          44.1144305
        ]
      }
    },
    {
      "type": "Feature",
      "id": "node/249483724",
      "properties": {
        "type": "Railway Node"
      },
      "geometry": {
        "type": "Point",
        "coordinates": [
          -79.3272603,
          44.1129026
        ]
      }
    },
    {
      "type": "Feature",
      "id": "node/249483725",
      "properties": {
        "type": "Railway Node"
      },
      "geometry": {
        "type": "Point",
        "coordinates": [
          -79.3291105,
          44.1115401
        ]
      }
    },
    {
      "type": "Feature",
      "id": "node/249483727",
      "properties": {
        "type": "Railway Node"
      },
      "geometry": {
        "type": "Point",
        "coordinates": [
          -79.3307738,
          44.1081123
        ]
      }
    },
    {
      "type": "Feature",
      "id": "node/249483728",
      "properties": {
        "type": "Railway Node"
      },
      "geometry": {
        "type": "Point",
        "coordinates": [
          -79.3329626,
          44.1046387
        ]
      }
    },
    {
      "type": "Feature",
      "id": "node/249483729",
      "properties": {
        "type": "Railway Node"
      },
      "geometry": {
        "type": "Point",
        "coordinates": [
          -79.3344802,
          44.1023714
        ]
      }
    },
    {
      "type": "Feature",
      "id": "node/249483730",
      "properties": {
        "type": "Railway Node"
      },
      "geometry": {
        "type": "Point",
        "coordinates": [
          -79.3370394,
          44.0991011
        ]
      }
    },
    {
      "type": "Feature",
      "id": "node/249483731",
      "properties": {
        "type": "Railway Node"
      },
      "geometry": {
        "type": "Point",
        "coordinates": [
          -79.344863,
          44.0964769
        ]
      }
    },
    {
      "type": "Feature",
      "id": "node/249483732",
      "properties": {
        "type": "Railway Node"
      },
      "geometry": {
        "type": "Point",
        "coordinates": [
          -79.3469047,
          44.0946839
        ]
      }
    },
    {
      "type": "Feature",
      "id": "node/249483734",
      "properties": {
        "type": "Railway Node"
      },
      "geometry": {
        "type": "Point",
        "coordinates": [
          -79.3465394,
          44.0921233
        ]
      }
    },
    {
      "type": "Feature",
      "id": "node/249483735",
      "properties": {
        "type": "Railway Node"
      },
      "geometry": {
        "type": "Point",
        "coordinates": [
          -79.3443067,
          44.090497
        ]
      }
    },
    {
      "type": "Feature",
      "id": "node/249483736",
      "properties": {
        "type": "Railway Node"
      },
      "geometry": {
        "type": "Point",
        "coordinates": [
          -79.3413838,
          44.0887398
        ]
      }
    },
    {
      "type": "Feature",
      "id": "node/249483737",
      "properties": {
        "type": "Railway Node"
      },
      "geometry": {
        "type": "Point",
        "coordinates": [
          -79.3400719,
          44.0872905
        ]
      }
    },
    {
      "type": "Feature",
      "id": "node/249483738",
      "properties": {
        "type": "Railway Node"
      },
      "geometry": {
        "type": "Point",
        "coordinates": [
          -79.3401469,
          44.084138
        ]
      }
    },
    {
      "type": "Feature",
      "id": "node/249483740",
      "properties": {
        "type": "Railway Node"
      },
      "geometry": {
        "type": "Point",
        "coordinates": [
          -79.3414666,
          44.0821473
        ]
      }
    },
    {
      "type": "Feature",
      "id": "node/249483741",
      "properties": {
        "type": "Railway Node"
      },
      "geometry": {
        "type": "Point",
        "coordinates": [
          -79.3459733,
          44.0778902
        ]
      }
    },
    {
      "type": "Feature",
      "id": "node/249483742",
      "properties": {
        "type": "Railway Node"
      },
      "geometry": {
        "type": "Point",
        "coordinates": [
          -79.3479991,
          44.0758517
        ]
      }
    },
    {
      "type": "Feature",
      "id": "node/249483743",
      "properties": {
        "type": "Railway Node"
      },
      "geometry": {
        "type": "Point",
        "coordinates": [
          -79.3502283,
          44.0698869
        ]
      }
    },
    {
      "type": "Feature",
      "id": "node/249483744",
      "properties": {
        "type": "Railway Node"
      },
      "geometry": {
        "type": "Point",
        "coordinates": [
          -79.3521351,
          44.0638214
        ]
      }
    },
    {
      "type": "Feature",
      "id": "node/249483745",
      "properties": {
        "type": "Railway Node"
      },
      "geometry": {
        "type": "Point",
        "coordinates": [
          -79.3537122,
          44.060704
        ]
      }
    },
    {
      "type": "Feature",
      "id": "node/249483746",
      "properties": {
        "type": "Railway Node"
      },
      "geometry": {
        "type": "Point",
        "coordinates": [
          -79.3585234,
          44.0518318
        ]
      }
    },
    {
      "type": "Feature",
      "id": "node/249483747",
      "properties": {
        "type": "Railway Node"
      },
      "geometry": {
        "type": "Point",
        "coordinates": [
          -79.3657011,
          44.038611
        ]
      }
    },
    {
      "type": "Feature",
      "id": "node/249483748",
      "properties": {
        "type": "Railway Node"
      },
      "geometry": {
        "type": "Point",
        "coordinates": [
          -79.3669175,
          44.0364347
        ]
      }
    },
    {
      "type": "Feature",
      "id": "node/249483749",
      "properties": {
        "type": "Railway Node"
      },
      "geometry": {
        "type": "Point",
        "coordinates": [
          -79.3683382,
          44.0348337
        ]
      }
    },
    {
      "type": "Feature",
      "id": "node/249483750",
      "properties": {
        "type": "Railway Node"
      },
      "geometry": {
        "type": "Point",
        "coordinates": [
          -79.3716223,
          44.0319988
        ]
      }
    },
    {
      "type": "Feature",
      "id": "node/249483751",
      "properties": {
        "type": "Railway Node"
      },
      "geometry": {
        "type": "Point",
        "coordinates": [
          -79.3734824,
          44.0301356
        ]
      }
    },
    {
      "type": "Feature",
      "id": "node/249483752",
      "properties": {
        "type": "Railway Node"
      },
      "geometry": {
        "type": "Point",
        "coordinates": [
          -79.3775106,
          44.0225765
        ]
      }
    },
    {
      "type": "Feature",
      "id": "node/249483783",
      "properties": {
        "type": "Railway Node"
      },
      "geometry": {
        "type": "Point",
        "coordinates": [
          -79.4599864,
          44.0011219
        ]
      }
    },
    {
      "type": "Feature",
      "id": "node/249483784",
      "properties": {
        "type": "Railway Node"
      },
      "geometry": {
        "type": "Point",
        "coordinates": [
          -79.4628823,
          44.0097269
        ]
      }
    },
    {
      "type": "Feature",
      "id": "node/249642267",
      "properties": {
        "type": "Railway Node"
      },
      "geometry": {
        "type": "Point",
        "coordinates": [
          -79.2462214,
          43.7299131
        ]
      }
    },
    {
      "type": "Feature",
      "id": "node/249642300",
      "properties": {
        "type": "Railway Node"
      },
      "geometry": {
        "type": "Point",
        "coordinates": [
          -79.2442332,
          43.7317594
        ]
      }
    },
    {
      "type": "Feature",
      "id": "node/249642392",
      "properties": {
        "type": "Railway Node"
      },
      "geometry": {
        "type": "Point",
        "coordinates": [
          -79.225709,
          43.7437866
        ]
      }
    },
    {
      "type": "Feature",
      "id": "node/249642599",
      "properties": {
        "type": "Railway Node"
      },
      "geometry": {
        "type": "Point",
        "coordinates": [
          -79.1718232,
          43.7600387
        ]
      }
    },
    {
      "type": "Feature",
      "id": "node/249642685",
      "properties": {
        "type": "Railway Node"
      },
      "geometry": {
        "type": "Point",
        "coordinates": [
          -79.1465876,
          43.7664381
        ]
      }
    },
    {
      "type": "Feature",
      "id": "node/249702054",
      "properties": {
        "type": "Railway Node"
      },
      "geometry": {
        "type": "Point",
        "coordinates": [
          -78.9501129,
          43.8660633
        ]
      }
    },
    {
      "type": "Feature",
      "id": "node/249702155",
      "properties": {
        "type": "Railway Node"
      },
      "geometry": {
        "type": "Point",
        "coordinates": [
          -78.93337,
          43.8641018
        ]
      }
    },
    {
      "type": "Feature",
      "id": "node/249702159",
      "properties": {
        "type": "Railway Node"
      },
      "geometry": {
        "type": "Point",
        "coordinates": [
          -78.9530137,
          43.8666434
        ]
      }
    },
    {
      "type": "Feature",
      "id": "node/249702263",
      "properties": {
        "type": "Railway Node"
      },
      "geometry": {
        "type": "Point",
        "coordinates": [
          -78.9145668,
          43.8619719
        ]
      }
    },
    {
      "type": "Feature",
      "id": "node/249702264",
      "properties": {
        "type": "Railway Node"
      },
      "geometry": {
        "type": "Point",
        "coordinates": [
          -78.9163015,
          43.8619518
        ]
      }
    },
    {
      "type": "Feature",
      "id": "node/249702266",
      "properties": {
        "type": "Railway Node"
      },
      "geometry": {
        "type": "Point",
        "coordinates": [
          -78.9182877,
          43.862054
        ]
      }
    },
    {
      "type": "Feature",
      "id": "node/249702268",
      "properties": {
        "type": "Railway Node"
      },
      "geometry": {
        "type": "Point",
        "coordinates": [
          -78.9199479,
          43.8622396
        ]
      }
    },
    {
      "type": "Feature",
      "id": "node/249702269",
      "properties": {
        "type": "Railway Node"
      },
      "geometry": {
        "type": "Point",
        "coordinates": [
          -78.9260235,
          43.8630332
        ]
      }
    },
    {
      "type": "Feature",
      "id": "node/249702270",
      "properties": {
        "type": "Railway Node"
      },
      "geometry": {
        "type": "Point",
        "coordinates": [
          -78.9301395,
          43.8635732
        ]
      }
    },
    {
      "type": "Feature",
      "id": "node/249702398",
      "properties": {
        "type": "Railway Node"
      },
      "geometry": {
        "type": "Point",
        "coordinates": [
          -78.9061135,
          43.8635898
        ]
      }
    },
    {
      "type": "Feature",
      "id": "node/249702400",
      "properties": {
        "type": "Railway Node"
      },
      "geometry": {
        "type": "Point",
        "coordinates": [
          -78.9104071,
          43.8624368
        ]
      }
    },
    {
      "type": "Feature",
      "id": "node/249702401",
      "properties": {
        "type": "Railway Node"
      },
      "geometry": {
        "type": "Point",
        "coordinates": [
          -78.9128729,
          43.8620874
        ]
      }
    },
    {
      "type": "Feature",
      "id": "node/249702482",
      "properties": {
        "type": "Railway Node"
      },
      "geometry": {
        "type": "Point",
        "coordinates": [
          -78.898723,
          43.86611
        ]
      }
    },
    {
      "type": "Feature",
      "id": "node/249702552",
      "properties": {
        "type": "Railway Node"
      },
      "geometry": {
        "type": "Point",
        "coordinates": [
          -78.8851124,
          43.8708419
        ]
      }
    },
    {
      "type": "Feature",
      "id": "node/249702553",
      "properties": {
        "type": "Railway Node"
      },
      "geometry": {
        "type": "Point",
        "coordinates": [
          -78.8894043,
          43.8693781
        ]
      }
    },
    {
      "type": "Feature",
      "id": "node/249702554",
      "properties": {
        "type": "Railway Node"
      },
      "geometry": {
        "type": "Point",
        "coordinates": [
          -78.8926048,
          43.8681887
        ]
      }
    },
    {
      "type": "Feature",
      "id": "node/249728575",
      "properties": {
        "type": "Railway Node"
      },
      "geometry": {
        "type": "Point",
        "coordinates": [
          -78.8870055,
          43.8702213
        ]
      }
    },
    {
      "type": "Feature",
      "id": "node/249842552",
      "properties": {
        "type": "Railway Node"
      },
      "geometry": {
        "type": "Point",
        "coordinates": [
          -78.9785483,
          44.0185887
        ]
      }
    },
    {
      "type": "Feature",
      "id": "node/249842553",
      "properties": {
        "type": "Railway Node"
      },
      "geometry": {
        "type": "Point",
        "coordinates": [
          -78.9740984,
          44.0180553
        ]
      }
    },
    {
      "type": "Feature",
      "id": "node/249842554",
      "properties": {
        "type": "Railway Node"
      },
      "geometry": {
        "type": "Point",
        "coordinates": [
          -78.9707205,
          44.0179329
        ]
      }
    },
    {
      "type": "Feature",
      "id": "node/249842556",
      "properties": {
        "type": "Railway Node"
      },
      "geometry": {
        "type": "Point",
        "coordinates": [
          -78.9665881,
          44.0188481
        ]
      }
    },
    {
      "type": "Feature",
      "id": "node/249842557",
      "properties": {
        "type": "Railway Node"
      },
      "geometry": {
        "type": "Point",
        "coordinates": [
          -78.9552631,
          44.0235072
        ]
      }
    },
    {
      "type": "Feature",
      "id": "node/249842558",
      "properties": {
        "type": "Railway Node"
      },
      "geometry": {
        "type": "Point",
        "coordinates": [
          -78.9512585,
          44.0246174
        ]
      }
    },
    {
      "type": "Feature",
      "id": "node/249842559",
      "properties": {
        "type": "Railway Node"
      },
      "geometry": {
        "type": "Point",
        "coordinates": [
          -78.9427637,
          44.0268668
        ]
      }
    },
    {
      "type": "Feature",
      "id": "node/249842560",
      "properties": {
        "type": "Railway Node"
      },
      "geometry": {
        "type": "Point",
        "coordinates": [
          -78.9416292,
          44.027302
        ]
      }
    },
    {
      "type": "Feature",
      "id": "node/249842561",
      "properties": {
        "type": "Railway Node"
      },
      "geometry": {
        "type": "Point",
        "coordinates": [
          -78.9372286,
          44.0298923
        ]
      }
    },
    {
      "type": "Feature",
      "id": "node/249842562",
      "properties": {
        "type": "Railway Node"
      },
      "geometry": {
        "type": "Point",
        "coordinates": [
          -78.933813,
          44.0312721
        ]
      }
    },
    {
      "type": "Feature",
      "id": "node/249842563",
      "properties": {
        "type": "Railway Node"
      },
      "geometry": {
        "type": "Point",
        "coordinates": [
          -78.9280205,
          44.031855
        ]
      }
    },
    {
      "type": "Feature",
      "id": "node/249842564",
      "properties": {
        "type": "Railway Node"
      },
      "geometry": {
        "type": "Point",
        "coordinates": [
          -78.9230061,
          44.0325758
        ]
      }
    },
    {
      "type": "Feature",
      "id": "node/249842565",
      "properties": {
        "type": "Railway Node"
      },
      "geometry": {
        "type": "Point",
        "coordinates": [
          -78.9146606,
          44.0343306
        ]
      }
    },
    {
      "type": "Feature",
      "id": "node/249842566",
      "properties": {
        "type": "Railway Node"
      },
      "geometry": {
        "type": "Point",
        "coordinates": [
          -78.9082319,
          44.0341952
        ]
      }
    },
    {
      "type": "Feature",
      "id": "node/249842567",
      "properties": {
        "type": "Railway Node"
      },
      "geometry": {
        "type": "Point",
        "coordinates": [
          -78.9013643,
          44.0343844
        ]
      }
    },
    {
      "type": "Feature",
      "id": "node/249842568",
      "properties": {
        "type": "Railway Node"
      },
      "geometry": {
        "type": "Point",
        "coordinates": [
          -78.8945223,
          44.0346043
        ]
      }
    },
    {
      "type": "Feature",
      "id": "node/249842569",
      "properties": {
        "type": "Railway Node"
      },
      "geometry": {
        "type": "Point",
        "coordinates": [
          -78.8909893,
          44.0347285
        ]
      }
    },
    {
      "type": "Feature",
      "id": "node/249842570",
      "properties": {
        "type": "Railway Node"
      },
      "geometry": {
        "type": "Point",
        "coordinates": [
          -78.8891794,
          44.0348747
        ]
      }
    },
    {
      "type": "Feature",
      "id": "node/249842571",
      "properties": {
        "type": "Railway Node"
      },
      "geometry": {
        "type": "Point",
        "coordinates": [
          -78.8834931,
          44.0355013
        ]
      }
    },
    {
      "type": "Feature",
      "id": "node/249842572",
      "properties": {
        "type": "Railway Node"
      },
      "geometry": {
        "type": "Point",
        "coordinates": [
          -78.8797903,
          44.0351674
        ]
      }
    },
    {
      "type": "Feature",
      "id": "node/249842573",
      "properties": {
        "type": "Railway Node"
      },
      "geometry": {
        "type": "Point",
        "coordinates": [
          -78.8776856,
          44.0352521
        ]
      }
    },
    {
      "type": "Feature",
      "id": "node/249842574",
      "properties": {
        "type": "Railway Node"
      },
      "geometry": {
        "type": "Point",
        "coordinates": [
          -78.8707529,
          44.0366683
        ]
      }
    },
    {
      "type": "Feature",
      "id": "node/249842575",
      "properties": {
        "type": "Railway Node"
      },
      "geometry": {
        "type": "Point",
        "coordinates": [
          -78.8651278,
          44.0384236
        ]
      }
    },
    {
      "type": "Feature",
      "id": "node/249842576",
      "properties": {
        "type": "Railway Node"
      },
      "geometry": {
        "type": "Point",
        "coordinates": [
          -78.8526241,
          44.0426262
        ]
      }
    },
    {
      "type": "Feature",
      "id": "node/249842577",
      "properties": {
        "type": "Railway Node"
      },
      "geometry": {
        "type": "Point",
        "coordinates": [
          -78.8265305,
          44.0507988
        ]
      }
    },
    {
      "type": "Feature",
      "id": "node/249842578",
      "properties": {
        "type": "Railway Node"
      },
      "geometry": {
        "type": "Point",
        "coordinates": [
          -78.8214385,
          44.0513864
        ]
      }
    },
    {
      "type": "Feature",
      "id": "node/249842579",
      "properties": {
        "type": "Railway Node"
      },
      "geometry": {
        "type": "Point",
        "coordinates": [
          -78.8196384,
          44.051241
        ]
      }
    },
    {
      "type": "Feature",
      "id": "node/249842580",
      "properties": {
        "type": "Railway Node"
      },
      "geometry": {
        "type": "Point",
        "coordinates": [
          -78.8174786,
          44.0510868
        ]
      }
    },
    {
      "type": "Feature",
      "id": "node/249842581",
      "properties": {
        "type": "Railway Node"
      },
      "geometry": {
        "type": "Point",
        "coordinates": [
          -78.81077,
          44.0514684
        ]
      }
    },
    {
      "type": "Feature",
      "id": "node/249842582",
      "properties": {
        "type": "Railway Node"
      },
      "geometry": {
        "type": "Point",
        "coordinates": [
          -78.8064594,
          44.0517387
        ]
      }
    },
    {
      "type": "Feature",
      "id": "node/249842583",
      "properties": {
        "type": "Railway Node"
      },
      "geometry": {
        "type": "Point",
        "coordinates": [
          -78.8024601,
          44.0527527
        ]
      }
    },
    {
      "type": "Feature",
      "id": "node/249842584",
      "properties": {
        "type": "Railway Node"
      },
      "geometry": {
        "type": "Point",
        "coordinates": [
          -78.7962342,
          44.0551855
        ]
      }
    },
    {
      "type": "Feature",
      "id": "node/249842585",
      "properties": {
        "type": "Railway Node"
      },
      "geometry": {
        "type": "Point",
        "coordinates": [
          -78.7695937,
          44.062321
        ]
      }
    },
    {
      "type": "Feature",
      "id": "node/249842586",
      "properties": {
        "type": "Railway Node"
      },
      "geometry": {
        "type": "Point",
        "coordinates": [
          -78.738933,
          44.0692708
        ]
      }
    },
    {
      "type": "Feature",
      "id": "node/249842587",
      "properties": {
        "type": "Railway Node"
      },
      "geometry": {
        "type": "Point",
        "coordinates": [
          -78.7338559,
          44.0704434
        ]
      }
    },
    {
      "type": "Feature",
      "id": "node/249842589",
      "properties": {
        "type": "Railway Node"
      },
      "geometry": {
        "type": "Point",
        "coordinates": [
          -78.7293667,
          44.0705473
        ]
      }
    },
    {
      "type": "Feature",
      "id": "node/249842590",
      "properties": {
        "type": "Railway Node"
      },
      "geometry": {
        "type": "Point",
        "coordinates": [
          -78.726368,
          44.0707296
        ]
      }
    },
    {
      "type": "Feature",
      "id": "node/249842591",
      "properties": {
        "type": "Railway Node"
      },
      "geometry": {
        "type": "Point",
        "coordinates": [
          -78.7234497,
          44.0715621
        ]
      }
    },
    {
      "type": "Feature",
      "id": "node/249842592",
      "properties": {
        "type": "Railway Node"
      },
      "geometry": {
        "type": "Point",
        "coordinates": [
          -78.7182257,
          44.0740241
        ]
      }
    },
    {
      "type": "Feature",
      "id": "node/249842593",
      "properties": {
        "type": "Railway Node"
      },
      "geometry": {
        "type": "Point",
        "coordinates": [
          -78.6838387,
          44.0855409
        ]
      }
    },
    {
      "type": "Feature",
      "id": "node/249842594",
      "properties": {
        "type": "Railway Node"
      },
      "geometry": {
        "type": "Point",
        "coordinates": [
          -78.6806036,
          44.0867863
        ]
      }
    },
    {
      "type": "Feature",
      "id": "node/249842595",
      "properties": {
        "type": "Railway Node"
      },
      "geometry": {
        "type": "Point",
        "coordinates": [
          -78.6785633,
          44.0871989
        ]
      }
    },
    {
      "type": "Feature",
      "id": "node/249842596",
      "properties": {
        "type": "Railway Node"
      },
      "geometry": {
        "type": "Point",
        "coordinates": [
          -78.6758973,
          44.0871926
        ]
      }
    },
    {
      "type": "Feature",
      "id": "node/249842597",
      "properties": {
        "type": "Railway Node"
      },
      "geometry": {
        "type": "Point",
        "coordinates": [
          -78.6729384,
          44.0869768
        ]
      }
    },
    {
      "type": "Feature",
      "id": "node/249842598",
      "properties": {
        "type": "Railway Node"
      },
      "geometry": {
        "type": "Point",
        "coordinates": [
          -78.6652458,
          44.0864326
        ]
      }
    },
    {
      "type": "Feature",
      "id": "node/249842599",
      "properties": {
        "type": "Railway Node"
      },
      "geometry": {
        "type": "Point",
        "coordinates": [
          -78.6631483,
          44.0863099
        ]
      }
    },
    {
      "type": "Feature",
      "id": "node/249842600",
      "properties": {
        "type": "Railway Node"
      },
      "geometry": {
        "type": "Point",
        "coordinates": [
          -78.6593704,
          44.0868362
        ]
      }
    },
    {
      "type": "Feature",
      "id": "node/249842601",
      "properties": {
        "type": "Railway Node"
      },
      "geometry": {
        "type": "Point",
        "coordinates": [
          -78.6565041,
          44.0881113
        ]
      }
    },
    {
      "type": "Feature",
      "id": "node/249842602",
      "properties": {
        "type": "Railway Node"
      },
      "geometry": {
        "type": "Point",
        "coordinates": [
          -78.6519428,
          44.0903806
        ]
      }
    },
    {
      "type": "Feature",
      "id": "node/249842603",
      "properties": {
        "type": "Railway Node"
      },
      "geometry": {
        "type": "Point",
        "coordinates": [
          -78.6486731,
          44.0920389
        ]
      }
    },
    {
      "type": "Feature",
      "id": "node/249842604",
      "properties": {
        "type": "Railway Node"
      },
      "geometry": {
        "type": "Point",
        "coordinates": [
          -78.646236,
          44.0929
        ]
      }
    },
    {
      "type": "Feature",
      "id": "node/249842605",
      "properties": {
        "type": "Railway Node"
      },
      "geometry": {
        "type": "Point",
        "coordinates": [
          -78.6425604,
          44.0939713
        ]
      }
    },
    {
      "type": "Feature",
      "id": "node/249842606",
      "properties": {
        "type": "Railway Node"
      },
      "geometry": {
        "type": "Point",
        "coordinates": [
          -78.6369973,
          44.0955694
        ]
      }
    },
    {
      "type": "Feature",
      "id": "node/249842607",
      "properties": {
        "type": "Railway Node"
      },
      "geometry": {
        "type": "Point",
        "coordinates": [
          -78.6342379,
          44.096796
        ]
      }
    },
    {
      "type": "Feature",
      "id": "node/249842608",
      "properties": {
        "type": "Railway Node"
      },
      "geometry": {
        "type": "Point",
        "coordinates": [
          -78.6307626,
          44.0988634
        ]
      }
    },
    {
      "type": "Feature",
      "id": "node/249842609",
      "properties": {
        "type": "Railway Node"
      },
      "geometry": {
        "type": "Point",
        "coordinates": [
          -78.6166971,
          44.1070957
        ]
      }
    },
    {
      "type": "Feature",
      "id": "node/249842610",
      "properties": {
        "type": "Railway Node"
      },
      "geometry": {
        "type": "Point",
        "coordinates": [
          -78.6145708,
          44.1086857
        ]
      }
    },
    {
      "type": "Feature",
      "id": "node/249842611",
      "properties": {
        "type": "Railway Node"
      },
      "geometry": {
        "type": "Point",
        "coordinates": [
          -78.6126261,
          44.1096869
        ]
      }
    },
    {
      "type": "Feature",
      "id": "node/249842612",
      "properties": {
        "type": "Railway Node"
      },
      "geometry": {
        "type": "Point",
        "coordinates": [
          -78.6097273,
          44.1110191
        ]
      }
    },
    {
      "type": "Feature",
      "id": "node/249842975",
      "properties": {
        "type": "Railway Node"
      },
      "geometry": {
        "type": "Point",
        "coordinates": [
          -78.6070508,
          44.113226
        ]
      }
    },
    {
      "type": "Feature",
      "id": "node/249842976",
      "properties": {
        "type": "Railway Node"
      },
      "geometry": {
        "type": "Point",
        "coordinates": [
          -78.6045176,
          44.1146563
        ]
      }
    },
    {
      "type": "Feature",
      "id": "node/249842977",
      "properties": {
        "type": "Railway Node"
      },
      "geometry": {
        "type": "Point",
        "coordinates": [
          -78.5832072,
          44.1215746
        ]
      }
    },
    {
      "type": "Feature",
      "id": "node/249842979",
      "properties": {
        "type": "Railway Node"
      },
      "geometry": {
        "type": "Point",
        "coordinates": [
          -78.5775916,
          44.1246096
        ]
      }
    },
    {
      "type": "Feature",
      "id": "node/249842980",
      "properties": {
        "type": "Railway Node"
      },
      "geometry": {
        "type": "Point",
        "coordinates": [
          -78.5740702,
          44.1259899
        ]
      }
    },
    {
      "type": "Feature",
      "id": "node/249842981",
      "properties": {
        "type": "Railway Node"
      },
      "geometry": {
        "type": "Point",
        "coordinates": [
          -78.5670404,
          44.127529
        ]
      }
    },
    {
      "type": "Feature",
      "id": "node/249842982",
      "properties": {
        "type": "Railway Node"
      },
      "geometry": {
        "type": "Point",
        "coordinates": [
          -78.5632467,
          44.1290694
        ]
      }
    },
    {
      "type": "Feature",
      "id": "node/249842983",
      "properties": {
        "type": "Railway Node"
      },
      "geometry": {
        "type": "Point",
        "coordinates": [
          -78.5593282,
          44.1315373
        ]
      }
    },
    {
      "type": "Feature",
      "id": "node/249842984",
      "properties": {
        "type": "Railway Node"
      },
      "geometry": {
        "type": "Point",
        "coordinates": [
          -78.5563695,
          44.1347008
        ]
      }
    },
    {
      "type": "Feature",
      "id": "node/249842985",
      "properties": {
        "type": "Railway Node"
      },
      "geometry": {
        "type": "Point",
        "coordinates": [
          -78.5540678,
          44.1389781
        ]
      }
    },
    {
      "type": "Feature",
      "id": "node/249842986",
      "properties": {
        "type": "Railway Node"
      },
      "geometry": {
        "type": "Point",
        "coordinates": [
          -78.5534514,
          44.1399548
        ]
      }
    },
    {
      "type": "Feature",
      "id": "node/249842987",
      "properties": {
        "type": "Railway Node"
      },
      "geometry": {
        "type": "Point",
        "coordinates": [
          -78.5469829,
          44.1443411
        ]
      }
    },
    {
      "type": "Feature",
      "id": "node/249842988",
      "properties": {
        "type": "Railway Node"
      },
      "geometry": {
        "type": "Point",
        "coordinates": [
          -78.5442756,
          44.1477577
        ]
      }
    },
    {
      "type": "Feature",
      "id": "node/249842989",
      "properties": {
        "type": "Railway Node"
      },
      "geometry": {
        "type": "Point",
        "coordinates": [
          -78.5435585,
          44.1488463
        ]
      }
    },
    {
      "type": "Feature",
      "id": "node/249842990",
      "properties": {
        "type": "Railway Node"
      },
      "geometry": {
        "type": "Point",
        "coordinates": [
          -78.5410832,
          44.1516907
        ]
      }
    },
    {
      "type": "Feature",
      "id": "node/249842991",
      "properties": {
        "type": "Railway Node"
      },
      "geometry": {
        "type": "Point",
        "coordinates": [
          -78.540177,
          44.1565535
        ]
      }
    },
    {
      "type": "Feature",
      "id": "node/249842992",
      "properties": {
        "type": "Railway Node"
      },
      "geometry": {
        "type": "Point",
        "coordinates": [
          -78.5386175,
          44.1593862
        ]
      }
    },
    {
      "type": "Feature",
      "id": "node/249842993",
      "properties": {
        "type": "Railway Node"
      },
      "geometry": {
        "type": "Point",
        "coordinates": [
          -78.5336863,
          44.1649971
        ]
      }
    },
    {
      "type": "Feature",
      "id": "node/249842994",
      "properties": {
        "type": "Railway Node"
      },
      "geometry": {
        "type": "Point",
        "coordinates": [
          -78.5296667,
          44.1667083
        ]
      }
    },
    {
      "type": "Feature",
      "id": "node/249842995",
      "properties": {
        "type": "Railway Node"
      },
      "geometry": {
        "type": "Point",
        "coordinates": [
          -78.5218497,
          44.1710666
        ]
      }
    },
    {
      "type": "Feature",
      "id": "node/249842996",
      "properties": {
        "type": "Railway Node"
      },
      "geometry": {
        "type": "Point",
        "coordinates": [
          -78.5135768,
          44.175546
        ]
      }
    },
    {
      "type": "Feature",
      "id": "node/249842997",
      "properties": {
        "type": "Railway Node"
      },
      "geometry": {
        "type": "Point",
        "coordinates": [
          -78.5071005,
          44.1779423
        ]
      }
    },
    {
      "type": "Feature",
      "id": "node/249842998",
      "properties": {
        "type": "Railway Node"
      },
      "geometry": {
        "type": "Point",
        "coordinates": [
          -78.4989198,
          44.1811861
        ]
      }
    },
    {
      "type": "Feature",
      "id": "node/249842999",
      "properties": {
        "type": "Railway Node"
      },
      "geometry": {
        "type": "Point",
        "coordinates": [
          -78.4868542,
          44.1858635
        ]
      }
    },
    {
      "type": "Feature",
      "id": "node/249843000",
      "properties": {
        "type": "Railway Node"
      },
      "geometry": {
        "type": "Point",
        "coordinates": [
          -78.4796251,
          44.1880363
        ]
      }
    },
    {
      "type": "Feature",
      "id": "node/249843001",
      "properties": {
        "type": "Railway Node"
      },
      "geometry": {
        "type": "Point",
        "coordinates": [
          -78.4700105,
          44.1919475
        ]
      }
    },
    {
      "type": "Feature",
      "id": "node/249843002",
      "properties": {
        "type": "Railway Node"
      },
      "geometry": {
        "type": "Point",
        "coordinates": [
          -78.4645549,
          44.1955101
        ]
      }
    },
    {
      "type": "Feature",
      "id": "node/249843003",
      "properties": {
        "type": "Railway Node"
      },
      "geometry": {
        "type": "Point",
        "coordinates": [
          -78.4574674,
          44.2007604
        ]
      }
    },
    {
      "type": "Feature",
      "id": "node/249843004",
      "properties": {
        "type": "Railway Node"
      },
      "geometry": {
        "type": "Point",
        "coordinates": [
          -78.4436039,
          44.2099071
        ]
      }
    },
    {
      "type": "Feature",
      "id": "node/249843005",
      "properties": {
        "type": "Railway Node"
      },
      "geometry": {
        "type": "Point",
        "coordinates": [
          -78.4370806,
          44.2132637
        ]
      }
    },
    {
      "type": "Feature",
      "id": "node/249843006",
      "properties": {
        "type": "Railway Node"
      },
      "geometry": {
        "type": "Point",
        "coordinates": [
          -78.411391,
          44.2263747
        ]
      }
    },
    {
      "type": "Feature",
      "id": "node/249843007",
      "properties": {
        "type": "Railway Node"
      },
      "geometry": {
        "type": "Point",
        "coordinates": [
          -78.3886077,
          44.2379917
        ]
      }
    },
    {
      "type": "Feature",
      "id": "node/249843008",
      "properties": {
        "type": "Railway Node"
      },
      "geometry": {
        "type": "Point",
        "coordinates": [
          -78.3820826,
          44.2416198
        ]
      }
    },
    {
      "type": "Feature",
      "id": "node/249843009",
      "properties": {
        "type": "Railway Node"
      },
      "geometry": {
        "type": "Point",
        "coordinates": [
          -78.3779788,
          44.2451855
        ]
      }
    },
    {
      "type": "Feature",
      "id": "node/249843661",
      "properties": {
        "type": "Railway Node"
      },
      "geometry": {
        "type": "Point",
        "coordinates": [
          -78.3615777,
          44.2603391
        ]
      }
    },
    {
      "type": "Feature",
      "id": "node/249843662",
      "properties": {
        "type": "Railway Node"
      },
      "geometry": {
        "type": "Point",
        "coordinates": [
          -78.3563188,
          44.2651785
        ]
      }
    },
    {
      "type": "Feature",
      "id": "node/249843663",
      "properties": {
        "type": "Railway Node"
      },
      "geometry": {
        "type": "Point",
        "coordinates": [
          -78.3480196,
          44.2728033
        ]
      }
    },
    {
      "type": "Feature",
      "id": "node/249843664",
      "properties": {
        "type": "Railway Node"
      },
      "geometry": {
        "type": "Point",
        "coordinates": [
          -78.33967,
          44.2812962
        ]
      }
    },
    {
      "type": "Feature",
      "id": "node/249848609",
      "properties": {
        "type": "Railway Node"
      },
      "geometry": {
        "type": "Point",
        "coordinates": [
          -78.4936453,
          43.9082914
        ]
      }
    },
    {
      "type": "Feature",
      "id": "node/249848610",
      "properties": {
        "type": "Railway Node"
      },
      "geometry": {
        "type": "Point",
        "coordinates": [
          -78.488151,
          43.9101891
        ]
      }
    },
    {
      "type": "Feature",
      "id": "node/249848611",
      "properties": {
        "type": "Railway Node"
      },
      "geometry": {
        "type": "Point",
        "coordinates": [
          -78.4800893,
          43.9131668
        ]
      }
    },
    {
      "type": "Feature",
      "id": "node/249848612",
      "properties": {
        "type": "Railway Node"
      },
      "geometry": {
        "type": "Point",
        "coordinates": [
          -78.4751298,
          43.915769
        ]
      }
    },
    {
      "type": "Feature",
      "id": "node/249848613",
      "properties": {
        "type": "Railway Node"
      },
      "geometry": {
        "type": "Point",
        "coordinates": [
          -78.4691707,
          43.9187201
        ]
      }
    },
    {
      "type": "Feature",
      "id": "node/249848614",
      "properties": {
        "type": "Railway Node"
      },
      "geometry": {
        "type": "Point",
        "coordinates": [
          -78.4668942,
          43.9194385
        ]
      }
    },
    {
      "type": "Feature",
      "id": "node/249848615",
      "properties": {
        "type": "Railway Node"
      },
      "geometry": {
        "type": "Point",
        "coordinates": [
          -78.465057,
          43.9198249
        ]
      }
    },
    {
      "type": "Feature",
      "id": "node/249848616",
      "properties": {
        "type": "Railway Node"
      },
      "geometry": {
        "type": "Point",
        "coordinates": [
          -78.460518,
          43.9201932
        ]
      }
    },
    {
      "type": "Feature",
      "id": "node/249848617",
      "properties": {
        "type": "Railway Node"
      },
      "geometry": {
        "type": "Point",
        "coordinates": [
          -78.4570147,
          43.9203636
        ]
      }
    },
    {
      "type": "Feature",
      "id": "node/249848618",
      "properties": {
        "type": "Railway Node"
      },
      "geometry": {
        "type": "Point",
        "coordinates": [
          -78.4548012,
          43.9207397
        ]
      }
    },
    {
      "type": "Feature",
      "id": "node/249848619",
      "properties": {
        "type": "Railway Node"
      },
      "geometry": {
        "type": "Point",
        "coordinates": [
          -78.4514156,
          43.9214627
        ]
      }
    },
    {
      "type": "Feature",
      "id": "node/249848620",
      "properties": {
        "type": "Railway Node"
      },
      "geometry": {
        "type": "Point",
        "coordinates": [
          -78.4476693,
          43.9220715
        ]
      }
    },
    {
      "type": "Feature",
      "id": "node/249848621",
      "properties": {
        "type": "Railway Node"
      },
      "geometry": {
        "type": "Point",
        "coordinates": [
          -78.4430516,
          43.9224122
        ]
      }
    },
    {
      "type": "Feature",
      "id": "node/249848622",
      "properties": {
        "type": "Railway Node"
      },
      "geometry": {
        "type": "Point",
        "coordinates": [
          -78.4357861,
          43.9229298
        ]
      }
    },
    {
      "type": "Feature",
      "id": "node/249848623",
      "properties": {
        "type": "Railway Node"
      },
      "geometry": {
        "type": "Point",
        "coordinates": [
          -78.4327157,
          43.9232825
        ]
      }
    },
    {
      "type": "Feature",
      "id": "node/249848625",
      "properties": {
        "type": "Railway Node"
      },
      "geometry": {
        "type": "Point",
        "coordinates": [
          -78.4238123,
          43.9257606
        ]
      }
    },
    {
      "type": "Feature",
      "id": "node/249848626",
      "properties": {
        "type": "Railway Node"
      },
      "geometry": {
        "type": "Point",
        "coordinates": [
          -78.4191719,
          43.9272507
        ]
      }
    },
    {
      "type": "Feature",
      "id": "node/249848627",
      "properties": {
        "type": "Railway Node"
      },
      "geometry": {
        "type": "Point",
        "coordinates": [
          -78.4119326,
          43.929841
        ]
      }
    },
    {
      "type": "Feature",
      "id": "node/249848628",
      "properties": {
        "type": "Railway Node"
      },
      "geometry": {
        "type": "Point",
        "coordinates": [
          -78.4065006,
          43.9328911
        ]
      }
    },
    {
      "type": "Feature",
      "id": "node/249848630",
      "properties": {
        "type": "Railway Node"
      },
      "geometry": {
        "type": "Point",
        "coordinates": [
          -78.3921835,
          43.9408904
        ]
      }
    },
    {
      "type": "Feature",
      "id": "node/249848635",
      "properties": {
        "type": "Railway Node"
      },
      "geometry": {
        "type": "Point",
        "coordinates": [
          -78.3594944,
          43.9508961
        ]
      }
    },
    {
      "type": "Feature",
      "id": "node/249848636",
      "properties": {
        "type": "Railway Node"
      },
      "geometry": {
        "type": "Point",
        "coordinates": [
          -78.3543114,
          43.9511571
        ]
      }
    },
    {
      "type": "Feature",
      "id": "node/249848637",
      "properties": {
        "type": "Railway Node"
      },
      "geometry": {
        "type": "Point",
        "coordinates": [
          -78.3506085,
          43.9511416
        ]
      }
    },
    {
      "type": "Feature",
      "id": "node/249848638",
      "properties": {
        "type": "Railway Node"
      },
      "geometry": {
        "type": "Point",
        "coordinates": [
          -78.347651,
          43.9504173
        ]
      }
    },
    {
      "type": "Feature",
      "id": "node/249848639",
      "properties": {
        "type": "Railway Node"
      },
      "geometry": {
        "type": "Point",
        "coordinates": [
          -78.3457325,
          43.9492097
        ]
      }
    },
    {
      "type": "Feature",
      "id": "node/249848640",
      "properties": {
        "type": "Railway Node"
      },
      "geometry": {
        "type": "Point",
        "coordinates": [
          -78.3424632,
          43.9463531
        ]
      }
    },
    {
      "type": "Feature",
      "id": "node/249848641",
      "properties": {
        "type": "Railway Node"
      },
      "geometry": {
        "type": "Point",
        "coordinates": [
          -78.3407559,
          43.945425
        ]
      }
    },
    {
      "type": "Feature",
      "id": "node/249848642",
      "properties": {
        "type": "Railway Node"
      },
      "geometry": {
        "type": "Point",
        "coordinates": [
          -78.3380263,
          43.9445649
        ]
      }
    },
    {
      "type": "Feature",
      "id": "node/249848643",
      "properties": {
        "type": "Railway Node"
      },
      "geometry": {
        "type": "Point",
        "coordinates": [
          -78.3324923,
          43.9435069
        ]
      }
    },
    {
      "type": "Feature",
      "id": "node/249849392",
      "properties": {
        "type": "Railway Node"
      },
      "geometry": {
        "type": "Point",
        "coordinates": [
          -78.2952462,
          43.9466291
        ]
      }
    },
    {
      "type": "Feature",
      "id": "node/249849393",
      "properties": {
        "type": "Railway Node"
      },
      "geometry": {
        "type": "Point",
        "coordinates": [
          -78.2899785,
          43.9485528
        ]
      }
    },
    {
      "type": "Feature",
      "id": "node/249849394",
      "properties": {
        "type": "Railway Node"
      },
      "geometry": {
        "type": "Point",
        "coordinates": [
          -78.285596,
          43.9502353
        ]
      }
    },
    {
      "type": "Feature",
      "id": "node/249849395",
      "properties": {
        "type": "Railway Node"
      },
      "geometry": {
        "type": "Point",
        "coordinates": [
          -78.2841118,
          43.9512312
        ]
      }
    },
    {
      "type": "Feature",
      "id": "node/249849396",
      "properties": {
        "type": "Railway Node"
      },
      "geometry": {
        "type": "Point",
        "coordinates": [
          -78.2788399,
          43.9564263
        ]
      }
    },
    {
      "type": "Feature",
      "id": "node/249849397",
      "properties": {
        "type": "Railway Node"
      },
      "geometry": {
        "type": "Point",
        "coordinates": [
          -78.2753801,
          43.9580782
        ]
      }
    },
    {
      "type": "Feature",
      "id": "node/249849398",
      "properties": {
        "type": "Railway Node"
      },
      "geometry": {
        "type": "Point",
        "coordinates": [
          -78.2724957,
          43.9585424
        ]
      }
    },
    {
      "type": "Feature",
      "id": "node/249849399",
      "properties": {
        "type": "Railway Node"
      },
      "geometry": {
        "type": "Point",
        "coordinates": [
          -78.2683075,
          43.9586199
        ]
      }
    },
    {
      "type": "Feature",
      "id": "node/249849400",
      "properties": {
        "type": "Railway Node"
      },
      "geometry": {
        "type": "Point",
        "coordinates": [
          -78.2435995,
          43.9590305
        ]
      }
    },
    {
      "type": "Feature",
      "id": "node/249849401",
      "properties": {
        "type": "Railway Node"
      },
      "geometry": {
        "type": "Point",
        "coordinates": [
          -78.2133156,
          43.9595384
        ]
      }
    },
    {
      "type": "Feature",
      "id": "node/249849402",
      "properties": {
        "type": "Railway Node"
      },
      "geometry": {
        "type": "Point",
        "coordinates": [
          -78.2079302,
          43.9596515
        ]
      }
    },
    {
      "type": "Feature",
      "id": "node/249969580",
      "properties": {
        "type": "Railway Node"
      },
      "geometry": {
        "type": "Point",
        "coordinates": [
          -78.2043555,
          43.9596322
        ]
      }
    },
    {
      "type": "Feature",
      "id": "node/249969581",
      "properties": {
        "type": "Railway Node"
      },
      "geometry": {
        "type": "Point",
        "coordinates": [
          -78.1978522,
          43.9590213
        ]
      }
    },
    {
      "type": "Feature",
      "id": "node/249969583",
      "properties": {
        "type": "Railway Node"
      },
      "geometry": {
        "type": "Point",
        "coordinates": [
          -78.191258,
          43.9582985
        ]
      }
    },
    {
      "type": "Feature",
      "id": "node/249969585",
      "properties": {
        "type": "Railway Node"
      },
      "geometry": {
        "type": "Point",
        "coordinates": [
          -78.1867899,
          43.9589936
        ]
      }
    },
    {
      "type": "Feature",
      "id": "node/250027484",
      "properties": {
        "type": "Railway Node"
      },
      "geometry": {
        "type": "Point",
        "coordinates": [
          -79.466579,
          43.6977664
        ]
      }
    },
    {
      "type": "Feature",
      "id": "node/251221400",
      "properties": {
        "type": "Railway Node"
      },
      "geometry": {
        "type": "Point",
        "coordinates": [
          -79.3539974,
          43.7067188
        ]
      }
    },
    {
      "type": "Feature",
      "id": "node/251222640",
      "properties": {
        "type": "Railway Node"
      },
      "geometry": {
        "type": "Point",
        "coordinates": [
          -79.3624586,
          43.762718
        ]
      }
    },
    {
      "type": "Feature",
      "id": "node/251222641",
      "properties": {
        "type": "Railway Node"
      },
      "geometry": {
        "type": "Point",
        "coordinates": [
          -79.3613487,
          43.7613161
        ]
      }
    },
    {
      "type": "Feature",
      "id": "node/251240933",
      "properties": {
        "type": "Railway Node"
      },
      "geometry": {
        "type": "Point",
        "coordinates": [
          -79.43632,
          43.6341682
        ]
      }
    },
    {
      "type": "Feature",
      "id": "node/251713761",
      "properties": {
        "type": "Railway Node"
      },
      "geometry": {
        "type": "Point",
        "coordinates": [
          -79.4065413,
          43.8089327
        ]
      }
    },
    {
      "type": "Feature",
      "id": "node/253320661",
      "properties": {
        "type": "Railway Node"
      },
      "geometry": {
        "type": "Point",
        "coordinates": [
          -77.5760362,
          44.1303489
        ]
      }
    },
    {
      "type": "Feature",
      "id": "node/253320663",
      "properties": {
        "type": "Railway Node"
      },
      "geometry": {
        "type": "Point",
        "coordinates": [
          -77.5283303,
          44.1383819
        ]
      }
    },
    {
      "type": "Feature",
      "id": "node/253320664",
      "properties": {
        "type": "Railway Node"
      },
      "geometry": {
        "type": "Point",
        "coordinates": [
          -77.5241837,
          44.1392902
        ]
      }
    },
    {
      "type": "Feature",
      "id": "node/253322779",
      "properties": {
        "type": "Railway Node"
      },
      "geometry": {
        "type": "Point",
        "coordinates": [
          -77.5724043,
          44.1316999
        ]
      }
    },
    {
      "type": "Feature",
      "id": "node/253322780",
      "properties": {
        "type": "Railway Node"
      },
      "geometry": {
        "type": "Point",
        "coordinates": [
          -77.5915857,
          44.1210599
        ]
      }
    },
    {
      "type": "Feature",
      "id": "node/253322781",
      "properties": {
        "type": "Railway Node"
      },
      "geometry": {
        "type": "Point",
        "coordinates": [
          -77.5889865,
          44.1226567
        ]
      }
    },
    {
      "type": "Feature",
      "id": "node/253322782",
      "properties": {
        "type": "Railway Node"
      },
      "geometry": {
        "type": "Point",
        "coordinates": [
          -77.5926747,
          44.1204014
        ]
      }
    },
    {
      "type": "Feature",
      "id": "node/253322990",
      "properties": {
        "type": "Railway Node"
      },
      "geometry": {
        "type": "Point",
        "coordinates": [
          -77.7017436,
          44.0476405
        ]
      }
    },
    {
      "type": "Feature",
      "id": "node/253322991",
      "properties": {
        "type": "Railway Node"
      },
      "geometry": {
        "type": "Point",
        "coordinates": [
          -77.6942478,
          44.0505707
        ]
      }
    },
    {
      "type": "Feature",
      "id": "node/253322993",
      "properties": {
        "type": "Railway Node"
      },
      "geometry": {
        "type": "Point",
        "coordinates": [
          -77.6877726,
          44.0536241
        ]
      }
    },
    {
      "type": "Feature",
      "id": "node/253322994",
      "properties": {
        "type": "Railway Node"
      },
      "geometry": {
        "type": "Point",
        "coordinates": [
          -77.6094383,
          44.1038268
        ]
      }
    },
    {
      "type": "Feature",
      "id": "node/253322996",
      "properties": {
        "type": "Railway Node"
      },
      "geometry": {
        "type": "Point",
        "coordinates": [
          -77.5973748,
          44.1168234
        ]
      }
    },
    {
      "type": "Feature",
      "id": "node/253323207",
      "properties": {
        "type": "Railway Node"
      },
      "geometry": {
        "type": "Point",
        "coordinates": [
          -77.8666007,
          44.0001869
        ]
      }
    },
    {
      "type": "Feature",
      "id": "node/253324663",
      "properties": {
        "type": "Railway Node"
      },
      "geometry": {
        "type": "Point",
        "coordinates": [
          -78.263721,
          43.9537427
        ]
      }
    },
    {
      "type": "Feature",
      "id": "node/253325059",
      "properties": {
        "type": "Railway Node"
      },
      "geometry": {
        "type": "Point",
        "coordinates": [
          -78.3744256,
          43.9469594
        ]
      }
    },
    {
      "type": "Feature",
      "id": "node/253325060",
      "properties": {
        "type": "Railway Node"
      },
      "geometry": {
        "type": "Point",
        "coordinates": [
          -78.3691933,
          43.947583
        ]
      }
    },
    {
      "type": "Feature",
      "id": "node/253325644",
      "properties": {
        "type": "Railway Node"
      },
      "geometry": {
        "type": "Point",
        "coordinates": [
          -78.455798,
          43.9199545
        ]
      }
    },
    {
      "type": "Feature",
      "id": "node/253325646",
      "properties": {
        "type": "Railway Node"
      },
      "geometry": {
        "type": "Point",
        "coordinates": [
          -78.4084839,
          43.9306366
        ]
      }
    },
    {
      "type": "Feature",
      "id": "node/254091919",
      "properties": {
        "type": "Railway Node"
      },
      "geometry": {
        "type": "Point",
        "coordinates": [
          -79.4640226,
          44.0141369
        ]
      }
    },
    {
      "type": "Feature",
      "id": "node/254091920",
      "properties": {
        "type": "Railway Node"
      },
      "geometry": {
        "type": "Point",
        "coordinates": [
          -79.4642516,
          44.0190098
        ]
      }
    },
    {
      "type": "Feature",
      "id": "node/254091921",
      "properties": {
        "type": "Railway Node"
      },
      "geometry": {
        "type": "Point",
        "coordinates": [
          -79.4643845,
          44.0231499
        ]
      }
    },
    {
      "type": "Feature",
      "id": "node/254091922",
      "properties": {
        "type": "Railway Node"
      },
      "geometry": {
        "type": "Point",
        "coordinates": [
          -79.4631961,
          44.0265813
        ]
      }
    },
    {
      "type": "Feature",
      "id": "node/254365654",
      "properties": {
        "type": "Railway Node"
      },
      "geometry": {
        "type": "Point",
        "coordinates": [
          -79.1124013,
          43.8159227
        ]
      }
    },
    {
      "type": "Feature",
      "id": "node/254365655",
      "properties": {
        "type": "Railway Node"
      },
      "geometry": {
        "type": "Point",
        "coordinates": [
          -79.1108445,
          43.8178086
        ]
      }
    },
    {
      "type": "Feature",
      "id": "node/254365656",
      "properties": {
        "type": "Railway Node"
      },
      "geometry": {
        "type": "Point",
        "coordinates": [
          -79.1075958,
          43.8205087
        ]
      }
    },
    {
      "type": "Feature",
      "id": "node/255878962",
      "properties": {
        "type": "Railway Node"
      },
      "geometry": {
        "type": "Point",
        "coordinates": [
          -79.3843455,
          43.6436688
        ]
      }
    },
    {
      "type": "Feature",
      "id": "node/256354701",
      "properties": {
        "type": "Railway Node"
      },
      "geometry": {
        "type": "Point",
        "coordinates": [
          -79.4500658,
          43.6388856
        ]
      }
    },
    {
      "type": "Feature",
      "id": "node/257892965",
      "properties": {
        "type": "Railway Node"
      },
      "geometry": {
        "type": "Point",
        "coordinates": [
          -79.2302574,
          43.8211358
        ]
      }
    },
    {
      "type": "Feature",
      "id": "node/257893019",
      "properties": {
        "type": "Railway Node"
      },
      "geometry": {
        "type": "Point",
        "coordinates": [
          -79.2154048,
          43.8622575
        ]
      }
    },
    {
      "type": "Feature",
      "id": "node/257893021",
      "properties": {
        "type": "Railway Node"
      },
      "geometry": {
        "type": "Point",
        "coordinates": [
          -79.228661,
          43.8475138
        ]
      }
    },
    {
      "type": "Feature",
      "id": "node/257893023",
      "properties": {
        "type": "Railway Node"
      },
      "geometry": {
        "type": "Point",
        "coordinates": [
          -79.2216425,
          43.8470078
        ]
      }
    },
    {
      "type": "Feature",
      "id": "node/257893047",
      "properties": {
        "type": "Railway Node"
      },
      "geometry": {
        "type": "Point",
        "coordinates": [
          -79.2338629,
          43.8413214
        ]
      }
    },
    {
      "type": "Feature",
      "id": "node/257893048",
      "properties": {
        "type": "Railway Node"
      },
      "geometry": {
        "type": "Point",
        "coordinates": [
          -79.2353531,
          43.8393034
        ]
      }
    },
    {
      "type": "Feature",
      "id": "node/257893067",
      "properties": {
        "type": "Railway Node"
      },
      "geometry": {
        "type": "Point",
        "coordinates": [
          -79.2400234,
          43.8240378
        ]
      }
    },
    {
      "type": "Feature",
      "id": "node/257893068",
      "properties": {
        "type": "Railway Node"
      },
      "geometry": {
        "type": "Point",
        "coordinates": [
          -79.2441614,
          43.8165636
        ]
      }
    },
    {
      "type": "Feature",
      "id": "node/257893158",
      "properties": {
        "type": "Railway Node"
      },
      "geometry": {
        "type": "Point",
        "coordinates": [
          -79.2814634,
          43.7813897
        ]
      }
    },
    {
      "type": "Feature",
      "id": "node/257893190",
      "properties": {
        "type": "Railway Node"
      },
      "geometry": {
        "type": "Point",
        "coordinates": [
          -79.2998318,
          43.7616127
        ]
      }
    },
    {
      "type": "Feature",
      "id": "node/257893191",
      "properties": {
        "type": "Railway Node"
      },
      "geometry": {
        "type": "Point",
        "coordinates": [
          -79.3007416,
          43.7602489
        ]
      }
    },
    {
      "type": "Feature",
      "id": "node/260335130",
      "properties": {
        "type": "Railway Node"
      },
      "geometry": {
        "type": "Point",
        "coordinates": [
          -79.4579905,
          43.6671518
        ]
      }
    },
    {
      "type": "Feature",
      "id": "node/262452053",
      "properties": {
        "type": "Railway Node"
      },
      "geometry": {
        "type": "Point",
        "coordinates": [
          -79.4697733,
          43.7912031
        ]
      }
    },
    {
      "type": "Feature",
      "id": "node/265679774",
      "properties": {
        "type": "Railway Node"
      },
      "geometry": {
        "type": "Point",
        "coordinates": [
          -79.3675867,
          43.7692574
        ]
      }
    },
    {
      "type": "Feature",
      "id": "node/268233764",
      "properties": {
        "type": "Railway Node"
      },
      "geometry": {
        "type": "Point",
        "coordinates": [
          -79.3544998,
          43.6504385
        ]
      }
    },
    {
      "type": "Feature",
      "id": "node/268233865",
      "properties": {
        "type": "Railway Node"
      },
      "geometry": {
        "type": "Point",
        "coordinates": [
          -79.3781698,
          43.644907
        ]
      }
    },
    {
      "type": "Feature",
      "id": "node/273103657",
      "properties": {
        "type": "Railway Node"
      },
      "geometry": {
        "type": "Point",
        "coordinates": [
          -79.3648136,
          43.7657015
        ]
      }
    },
    {
      "type": "Feature",
      "id": "node/277674318",
      "properties": {
        "type": "Railway Node"
      },
      "geometry": {
        "type": "Point",
        "coordinates": [
          -79.2868538,
          43.7921979
        ]
      }
    },
    {
      "type": "Feature",
      "id": "node/278011546",
      "properties": {
        "type": "Railway Node"
      },
      "geometry": {
        "type": "Point",
        "coordinates": [
          -78.8342492,
          43.8773469
        ]
      }
    },
    {
      "type": "Feature",
      "id": "node/278830220",
      "properties": {
        "type": "Railway Node"
      },
      "geometry": {
        "type": "Point",
        "coordinates": [
          -78.8891368,
          43.8819483
        ]
      }
    },
    {
      "type": "Feature",
      "id": "node/278830258",
      "properties": {
        "type": "Railway Node"
      },
      "geometry": {
        "type": "Point",
        "coordinates": [
          -78.9034513,
          43.8644934
        ]
      }
    },
    {
      "type": "Feature",
      "id": "node/279567688",
      "properties": {
        "type": "Railway Node"
      },
      "geometry": {
        "type": "Point",
        "coordinates": [
          -79.4746911,
          43.6332619
        ]
      }
    },
    {
      "type": "Feature",
      "id": "node/279568246",
      "properties": {
        "type": "Railway Node"
      },
      "geometry": {
        "type": "Point",
        "coordinates": [
          -79.4783921,
          43.6305161
        ]
      }
    },
    {
      "type": "Feature",
      "id": "node/279926580",
      "properties": {
        "type": "Railway Node"
      },
      "geometry": {
        "type": "Point",
        "coordinates": [
          -79.1980255,
          43.8871572
        ]
      }
    },
    {
      "type": "Feature",
      "id": "node/279926616",
      "properties": {
        "type": "Railway Node"
      },
      "geometry": {
        "type": "Point",
        "coordinates": [
          -79.2797486,
          43.8527894
        ]
      }
    },
    {
      "type": "Feature",
      "id": "node/280901856",
      "properties": {
        "type": "Railway Node"
      },
      "geometry": {
        "type": "Point",
        "coordinates": [
          -78.9269186,
          43.8835154
        ]
      }
    },
    {
      "type": "Feature",
      "id": "node/280901884",
      "properties": {
        "type": "Railway Node"
      },
      "geometry": {
        "type": "Point",
        "coordinates": [
          -78.9286466,
          43.8632301
        ]
      }
    },
    {
      "type": "Feature",
      "id": "node/284053142",
      "properties": {
        "type": "Railway Node"
      },
      "geometry": {
        "type": "Point",
        "coordinates": [
          -79.1819275,
          43.7580833
        ]
      }
    },
    {
      "type": "Feature",
      "id": "node/285959832",
      "properties": {
        "type": "Railway Node"
      },
      "geometry": {
        "type": "Point",
        "coordinates": [
          -79.2491568,
          43.8161072
        ]
      }
    },
    {
      "type": "Feature",
      "id": "node/285959833",
      "properties": {
        "type": "Railway Node"
      },
      "geometry": {
        "type": "Point",
        "coordinates": [
          -79.2486022,
          43.8148739
        ]
      }
    },
    {
      "type": "Feature",
      "id": "node/285959836",
      "properties": {
        "type": "Railway Node"
      },
      "geometry": {
        "type": "Point",
        "coordinates": [
          -79.2469517,
          43.8141061
        ]
      }
    },
    {
      "type": "Feature",
      "id": "node/286586921",
      "properties": {
        "type": "Railway Node"
      },
      "geometry": {
        "type": "Point",
        "coordinates": [
          -79.3522595,
          43.6509031
        ]
      }
    },
    {
      "type": "Feature",
      "id": "node/286587276",
      "properties": {
        "type": "Railway Node"
      },
      "geometry": {
        "type": "Point",
        "coordinates": [
          -79.3409437,
          43.6538787
        ]
      }
    },
    {
      "type": "Feature",
      "id": "node/287186576",
      "properties": {
        "type": "Railway Node"
      },
      "geometry": {
        "type": "Point",
        "coordinates": [
          -79.4336271,
          43.8913272
        ]
      }
    },
    {
      "type": "Feature",
      "id": "node/292782120",
      "properties": {
        "type": "Railway Node"
      },
      "geometry": {
        "type": "Point",
        "coordinates": [
          -79.3614466,
          43.6482471
        ]
      }
    },
    {
      "type": "Feature",
      "id": "node/296810306",
      "properties": {
        "type": "Railway Node"
      },
      "geometry": {
        "type": "Point",
        "coordinates": [
          -79.3319677,
          43.7342998
        ]
      }
    },
    {
      "type": "Feature",
      "id": "node/298052783",
      "properties": {
        "type": "Railway Node"
      },
      "geometry": {
        "type": "Point",
        "coordinates": [
          -79.4868048,
          43.6241228
        ]
      }
    },
    {
      "type": "Feature",
      "id": "node/298579589",
      "properties": {
        "type": "Railway Node"
      },
      "geometry": {
        "type": "Point",
        "coordinates": [
          -79.2508138,
          43.819256
        ]
      }
    },
    {
      "type": "Feature",
      "id": "node/298579809",
      "properties": {
        "type": "Railway Node"
      },
      "geometry": {
        "type": "Point",
        "coordinates": [
          -79.2375018,
          43.8334431
        ]
      }
    },
    {
      "type": "Feature",
      "id": "node/304725787",
      "properties": {
        "type": "Railway Node"
      },
      "geometry": {
        "type": "Point",
        "coordinates": [
          -79.3827438,
          43.6444048
        ]
      }
    },
    {
      "type": "Feature",
      "id": "node/305255678",
      "properties": {
        "type": "Railway Node"
      },
      "geometry": {
        "type": "Point",
        "coordinates": [
          -79.3701909,
          43.7895097
        ]
      }
    },
    {
      "type": "Feature",
      "id": "node/305776727",
      "properties": {
        "type": "Railway Node"
      },
      "geometry": {
        "type": "Point",
        "coordinates": [
          -79.379272,
          43.8057784
        ]
      }
    },
    {
      "type": "Feature",
      "id": "node/309784324",
      "properties": {
        "type": "Railway Node"
      },
      "geometry": {
        "type": "Point",
        "coordinates": [
          -79.2876875,
          43.689275
        ]
      }
    },
    {
      "type": "Feature",
      "id": "node/311654594",
      "properties": {
        "type": "Railway Node"
      },
      "geometry": {
        "type": "Point",
        "coordinates": [
          -79.511689,
          43.7817081
        ]
      }
    },
    {
      "type": "Feature",
      "id": "node/311751794",
      "properties": {
        "type": "Railway Node"
      },
      "geometry": {
        "type": "Point",
        "coordinates": [
          -79.4852263,
          43.7875232
        ]
      }
    },
    {
      "type": "Feature",
      "id": "node/311754585",
      "properties": {
        "type": "Railway Node"
      },
      "geometry": {
        "type": "Point",
        "coordinates": [
          -79.4869053,
          43.796408
        ]
      }
    },
    {
      "type": "Feature",
      "id": "node/311754586",
      "properties": {
        "type": "Railway Node"
      },
      "geometry": {
        "type": "Point",
        "coordinates": [
          -79.4871169,
          43.797471
        ]
      }
    },
    {
      "type": "Feature",
      "id": "node/311754587",
      "properties": {
        "type": "Railway Node"
      },
      "geometry": {
        "type": "Point",
        "coordinates": [
          -79.4881444,
          43.8026265
        ]
      }
    },
    {
      "type": "Feature",
      "id": "node/311755125",
      "properties": {
        "type": "Railway Node"
      },
      "geometry": {
        "type": "Point",
        "coordinates": [
          -79.489218,
          43.808062
        ]
      }
    },
    {
      "type": "Feature",
      "id": "node/311756130",
      "properties": {
        "type": "Railway Node"
      },
      "geometry": {
        "type": "Point",
        "coordinates": [
          -79.4896144,
          43.8095864
        ]
      }
    },
    {
      "type": "Feature",
      "id": "node/311756134",
      "properties": {
        "type": "Railway Node"
      },
      "geometry": {
        "type": "Point",
        "coordinates": [
          -79.4902066,
          43.8110234
        ]
      }
    },
    {
      "type": "Feature",
      "id": "node/311756135",
      "properties": {
        "type": "Railway Node"
      },
      "geometry": {
        "type": "Point",
        "coordinates": [
          -79.4906615,
          43.8118843
        ]
      }
    },
    {
      "type": "Feature",
      "id": "node/311756137",
      "properties": {
        "type": "Railway Node"
      },
      "geometry": {
        "type": "Point",
        "coordinates": [
          -79.4929622,
          43.8154296
        ]
      }
    },
    {
      "type": "Feature",
      "id": "node/311757295",
      "properties": {
        "type": "Railway Node"
      },
      "geometry": {
        "type": "Point",
        "coordinates": [
          -79.4938403,
          43.8169375
        ]
      }
    },
    {
      "type": "Feature",
      "id": "node/311757296",
      "properties": {
        "type": "Railway Node"
      },
      "geometry": {
        "type": "Point",
        "coordinates": [
          -79.4943722,
          43.8180945
        ]
      }
    },
    {
      "type": "Feature",
      "id": "node/311757297",
      "properties": {
        "type": "Railway Node"
      },
      "geometry": {
        "type": "Point",
        "coordinates": [
          -79.4949273,
          43.8196383
        ]
      }
    },
    {
      "type": "Feature",
      "id": "node/311758789",
      "properties": {
        "type": "Railway Node"
      },
      "geometry": {
        "type": "Point",
        "coordinates": [
          -79.4993551,
          43.844707
        ]
      }
    },
    {
      "type": "Feature",
      "id": "node/311759093",
      "properties": {
        "type": "Railway Node"
      },
      "geometry": {
        "type": "Point",
        "coordinates": [
          -79.4997671,
          43.8459079
        ]
      }
    },
    {
      "type": "Feature",
      "id": "node/311759546",
      "properties": {
        "type": "Railway Node"
      },
      "geometry": {
        "type": "Point",
        "coordinates": [
          -79.5004537,
          43.8471274
        ]
      }
    },
    {
      "type": "Feature",
      "id": "node/311759547",
      "properties": {
        "type": "Railway Node"
      },
      "geometry": {
        "type": "Point",
        "coordinates": [
          -79.5058353,
          43.8550129
        ]
      }
    },
    {
      "type": "Feature",
      "id": "node/311759550",
      "properties": {
        "type": "Railway Node"
      },
      "geometry": {
        "type": "Point",
        "coordinates": [
          -79.5064018,
          43.8560837
        ]
      }
    },
    {
      "type": "Feature",
      "id": "node/311760563",
      "properties": {
        "type": "Railway Node"
      },
      "geometry": {
        "type": "Point",
        "coordinates": [
          -79.5264252,
          43.9176824
        ]
      }
    },
    {
      "type": "Feature",
      "id": "node/311760564",
      "properties": {
        "type": "Railway Node"
      },
      "geometry": {
        "type": "Point",
        "coordinates": [
          -79.5271992,
          43.9207768
        ]
      }
    },
    {
      "type": "Feature",
      "id": "node/311762631",
      "properties": {
        "type": "Railway Node"
      },
      "geometry": {
        "type": "Point",
        "coordinates": [
          -79.5278169,
          43.9230572
        ]
      }
    },
    {
      "type": "Feature",
      "id": "node/311762632",
      "properties": {
        "type": "Railway Node"
      },
      "geometry": {
        "type": "Point",
        "coordinates": [
          -79.5286813,
          43.9259255
        ]
      }
    },
    {
      "type": "Feature",
      "id": "node/311762633",
      "properties": {
        "type": "Railway Node"
      },
      "geometry": {
        "type": "Point",
        "coordinates": [
          -79.528885,
          43.9268295
        ]
      }
    },
    {
      "type": "Feature",
      "id": "node/311762635",
      "properties": {
        "type": "Railway Node"
      },
      "geometry": {
        "type": "Point",
        "coordinates": [
          -79.5287755,
          43.9282682
        ]
      }
    },
    {
      "type": "Feature",
      "id": "node/311762637",
      "properties": {
        "type": "Railway Node"
      },
      "geometry": {
        "type": "Point",
        "coordinates": [
          -79.5280826,
          43.9296761
        ]
      }
    },
    {
      "type": "Feature",
      "id": "node/311762638",
      "properties": {
        "type": "Railway Node"
      },
      "geometry": {
        "type": "Point",
        "coordinates": [
          -79.527383,
          43.9304735
        ]
      }
    },
    {
      "type": "Feature",
      "id": "node/311762639",
      "properties": {
        "type": "Railway Node"
      },
      "geometry": {
        "type": "Point",
        "coordinates": [
          -79.5261771,
          43.931336
        ]
      }
    },
    {
      "type": "Feature",
      "id": "node/311762640",
      "properties": {
        "type": "Railway Node"
      },
      "geometry": {
        "type": "Point",
        "coordinates": [
          -79.5248125,
          43.9319632
        ]
      }
    },
    {
      "type": "Feature",
      "id": "node/311762642",
      "properties": {
        "type": "Railway Node"
      },
      "geometry": {
        "type": "Point",
        "coordinates": [
          -79.5192678,
          43.9337804
        ]
      }
    },
    {
      "type": "Feature",
      "id": "node/311762644",
      "properties": {
        "type": "Railway Node"
      },
      "geometry": {
        "type": "Point",
        "coordinates": [
          -79.5146142,
          43.9354622
        ]
      }
    },
    {
      "type": "Feature",
      "id": "node/311762645",
      "properties": {
        "type": "Railway Node"
      },
      "geometry": {
        "type": "Point",
        "coordinates": [
          -79.5060834,
          43.9385396
        ]
      }
    },
    {
      "type": "Feature",
      "id": "node/311762767",
      "properties": {
        "type": "Railway Node"
      },
      "geometry": {
        "type": "Point",
        "coordinates": [
          -79.4904762,
          43.9563911
        ]
      }
    },
    {
      "type": "Feature",
      "id": "node/311762771",
      "properties": {
        "type": "Railway Node"
      },
      "geometry": {
        "type": "Point",
        "coordinates": [
          -79.503432,
          43.9394976
        ]
      }
    },
    {
      "type": "Feature",
      "id": "node/311762772",
      "properties": {
        "type": "Railway Node"
      },
      "geometry": {
        "type": "Point",
        "coordinates": [
          -79.5020931,
          43.940196
        ]
      }
    },
    {
      "type": "Feature",
      "id": "node/311762773",
      "properties": {
        "type": "Railway Node"
      },
      "geometry": {
        "type": "Point",
        "coordinates": [
          -79.501003,
          43.9411725
        ]
      }
    },
    {
      "type": "Feature",
      "id": "node/311762774",
      "properties": {
        "type": "Railway Node"
      },
      "geometry": {
        "type": "Point",
        "coordinates": [
          -79.49643,
          43.9478376
        ]
      }
    },
    {
      "type": "Feature",
      "id": "node/311762775",
      "properties": {
        "type": "Railway Node"
      },
      "geometry": {
        "type": "Point",
        "coordinates": [
          -79.4929214,
          43.9529164
        ]
      }
    },
    {
      "type": "Feature",
      "id": "node/311763460",
      "properties": {
        "type": "Railway Node"
      },
      "geometry": {
        "type": "Point",
        "coordinates": [
          -79.4883367,
          43.9595636
        ]
      }
    },
    {
      "type": "Feature",
      "id": "node/311763461",
      "properties": {
        "type": "Railway Node"
      },
      "geometry": {
        "type": "Point",
        "coordinates": [
          -79.4871671,
          43.9606186
        ]
      }
    },
    {
      "type": "Feature",
      "id": "node/311763462",
      "properties": {
        "type": "Railway Node"
      },
      "geometry": {
        "type": "Point",
        "coordinates": [
          -79.4861274,
          43.9613144
        ]
      }
    },
    {
      "type": "Feature",
      "id": "node/311763463",
      "properties": {
        "type": "Railway Node"
      },
      "geometry": {
        "type": "Point",
        "coordinates": [
          -79.4847884,
          43.9618849
        ]
      }
    },
    {
      "type": "Feature",
      "id": "node/311763464",
      "properties": {
        "type": "Railway Node"
      },
      "geometry": {
        "type": "Point",
        "coordinates": [
          -79.4803859,
          43.962924
        ]
      }
    },
    {
      "type": "Feature",
      "id": "node/311763467",
      "properties": {
        "type": "Railway Node"
      },
      "geometry": {
        "type": "Point",
        "coordinates": [
          -79.4784939,
          43.9636723
        ]
      }
    },
    {
      "type": "Feature",
      "id": "node/311763468",
      "properties": {
        "type": "Railway Node"
      },
      "geometry": {
        "type": "Point",
        "coordinates": [
          -79.4763042,
          43.9649873
        ]
      }
    },
    {
      "type": "Feature",
      "id": "node/311763470",
      "properties": {
        "type": "Railway Node"
      },
      "geometry": {
        "type": "Point",
        "coordinates": [
          -79.4746507,
          43.9665995
        ]
      }
    },
    {
      "type": "Feature",
      "id": "node/311763471",
      "properties": {
        "type": "Railway Node"
      },
      "geometry": {
        "type": "Point",
        "coordinates": [
          -79.4739839,
          43.9680362
        ]
      }
    },
    {
      "type": "Feature",
      "id": "node/311763656",
      "properties": {
        "type": "Railway Node"
      },
      "geometry": {
        "type": "Point",
        "coordinates": [
          -79.4730308,
          43.9705153
        ]
      }
    },
    {
      "type": "Feature",
      "id": "node/311763657",
      "properties": {
        "type": "Railway Node"
      },
      "geometry": {
        "type": "Point",
        "coordinates": [
          -79.4726703,
          43.9715716
        ]
      }
    },
    {
      "type": "Feature",
      "id": "node/311763658",
      "properties": {
        "type": "Railway Node"
      },
      "geometry": {
        "type": "Point",
        "coordinates": [
          -79.4724472,
          43.9729923
        ]
      }
    },
    {
      "type": "Feature",
      "id": "node/311763659",
      "properties": {
        "type": "Railway Node"
      },
      "geometry": {
        "type": "Point",
        "coordinates": [
          -79.4722583,
          43.9744624
        ]
      }
    },
    {
      "type": "Feature",
      "id": "node/311763661",
      "properties": {
        "type": "Railway Node"
      },
      "geometry": {
        "type": "Point",
        "coordinates": [
          -79.4716919,
          43.9758336
        ]
      }
    },
    {
      "type": "Feature",
      "id": "node/311763666",
      "properties": {
        "type": "Railway Node"
      },
      "geometry": {
        "type": "Point",
        "coordinates": [
          -79.4703186,
          43.977316
        ]
      }
    },
    {
      "type": "Feature",
      "id": "node/311763668",
      "properties": {
        "type": "Railway Node"
      },
      "geometry": {
        "type": "Point",
        "coordinates": [
          -79.46819,
          43.9786069
        ]
      }
    },
    {
      "type": "Feature",
      "id": "node/311860687",
      "properties": {
        "type": "Railway Node"
      },
      "geometry": {
        "type": "Point",
        "coordinates": [
          -79.4468955,
          43.7963232
        ]
      }
    },
    {
      "type": "Feature",
      "id": "node/313446771",
      "properties": {
        "type": "Railway Node"
      },
      "geometry": {
        "type": "Point",
        "coordinates": [
          -79.1592928,
          44.4708525
        ]
      }
    },
    {
      "type": "Feature",
      "id": "node/313446772",
      "properties": {
        "type": "Railway Node"
      },
      "geometry": {
        "type": "Point",
        "coordinates": [
          -79.1565143,
          44.4638362
        ]
      }
    },
    {
      "type": "Feature",
      "id": "node/313629542",
      "properties": {
        "type": "Railway Node"
      },
      "geometry": {
        "type": "Point",
        "coordinates": [
          -79.1437374,
          43.8170209
        ]
      }
    },
    {
      "type": "Feature",
      "id": "node/315569686",
      "properties": {
        "type": "Railway Node"
      },
      "geometry": {
        "type": "Point",
        "coordinates": [
          -79.1562159,
          44.4615979
        ]
      }
    },
    {
      "type": "Feature",
      "id": "node/315569689",
      "properties": {
        "type": "Railway Node"
      },
      "geometry": {
        "type": "Point",
        "coordinates": [
          -79.1557882,
          44.4558841
        ]
      }
    },
    {
      "type": "Feature",
      "id": "node/315569691",
      "properties": {
        "type": "Railway Node"
      },
      "geometry": {
        "type": "Point",
        "coordinates": [
          -79.1572276,
          44.4462544
        ]
      }
    },
    {
      "type": "Feature",
      "id": "node/315569693",
      "properties": {
        "type": "Railway Node"
      },
      "geometry": {
        "type": "Point",
        "coordinates": [
          -79.1587608,
          44.4349603
        ]
      }
    },
    {
      "type": "Feature",
      "id": "node/315569695",
      "properties": {
        "type": "Railway Node"
      },
      "geometry": {
        "type": "Point",
        "coordinates": [
          -79.1656221,
          44.4138874
        ]
      }
    },
    {
      "type": "Feature",
      "id": "node/315570624",
      "properties": {
        "type": "Railway Node"
      },
      "geometry": {
        "type": "Point",
        "coordinates": [
          -79.3195919,
          44.1299404
        ]
      }
    },
    {
      "type": "Feature",
      "id": "node/315570626",
      "properties": {
        "type": "Railway Node"
      },
      "geometry": {
        "type": "Point",
        "coordinates": [
          -79.321664,
          44.1449076
        ]
      }
    },
    {
      "type": "Feature",
      "id": "node/315570629",
      "properties": {
        "type": "Railway Node"
      },
      "geometry": {
        "type": "Point",
        "coordinates": [
          -79.3247724,
          44.1641589
        ]
      }
    },
    {
      "type": "Feature",
      "id": "node/315570631",
      "properties": {
        "type": "Railway Node"
      },
      "geometry": {
        "type": "Point",
        "coordinates": [
          -79.324096,
          44.1662562
        ]
      }
    },
    {
      "type": "Feature",
      "id": "node/315570635",
      "properties": {
        "type": "Railway Node"
      },
      "geometry": {
        "type": "Point",
        "coordinates": [
          -79.3040908,
          44.1983495
        ]
      }
    },
    {
      "type": "Feature",
      "id": "node/315570638",
      "properties": {
        "type": "Railway Node"
      },
      "geometry": {
        "type": "Point",
        "coordinates": [
          -79.303091,
          44.202195
        ]
      }
    },
    {
      "type": "Feature",
      "id": "node/315570641",
      "properties": {
        "type": "Railway Node"
      },
      "geometry": {
        "type": "Point",
        "coordinates": [
          -79.3021739,
          44.2038976
        ]
      }
    },
    {
      "type": "Feature",
      "id": "node/315570646",
      "properties": {
        "type": "Railway Node"
      },
      "geometry": {
        "type": "Point",
        "coordinates": [
          -79.291954,
          44.2161384
        ]
      }
    },
    {
      "type": "Feature",
      "id": "node/315570648",
      "properties": {
        "type": "Railway Node"
      },
      "geometry": {
        "type": "Point",
        "coordinates": [
          -79.2907765,
          44.2185342
        ]
      }
    },
    {
      "type": "Feature",
      "id": "node/315570651",
      "properties": {
        "type": "Railway Node"
      },
      "geometry": {
        "type": "Point",
        "coordinates": [
          -79.2880346,
          44.2432107
        ]
      }
    },
    {
      "type": "Feature",
      "id": "node/315570654",
      "properties": {
        "type": "Railway Node"
      },
      "geometry": {
        "type": "Point",
        "coordinates": [
          -79.286851,
          44.2478594
        ]
      }
    },
    {
      "type": "Feature",
      "id": "node/315570656",
      "properties": {
        "type": "Railway Node"
      },
      "geometry": {
        "type": "Point",
        "coordinates": [
          -79.2835097,
          44.2514732
        ]
      }
    },
    {
      "type": "Feature",
      "id": "node/315570660",
      "properties": {
        "type": "Railway Node"
      },
      "geometry": {
        "type": "Point",
        "coordinates": [
          -79.2446573,
          44.2812661
        ]
      }
    },
    {
      "type": "Feature",
      "id": "node/315570662",
      "properties": {
        "type": "Railway Node"
      },
      "geometry": {
        "type": "Point",
        "coordinates": [
          -79.2062911,
          44.3106387
        ]
      }
    },
    {
      "type": "Feature",
      "id": "node/315570667",
      "properties": {
        "type": "Railway Node"
      },
      "geometry": {
        "type": "Point",
        "coordinates": [
          -79.2051046,
          44.3117601
        ]
      }
    },
    {
      "type": "Feature",
      "id": "node/315570671",
      "properties": {
        "type": "Railway Node"
      },
      "geometry": {
        "type": "Point",
        "coordinates": [
          -79.202946,
          44.3154797
        ]
      }
    },
    {
      "type": "Feature",
      "id": "node/315570677",
      "properties": {
        "type": "Railway Node"
      },
      "geometry": {
        "type": "Point",
        "coordinates": [
          -79.2002604,
          44.3404213
        ]
      }
    },
    {
      "type": "Feature",
      "id": "node/315570681",
      "properties": {
        "type": "Railway Node"
      },
      "geometry": {
        "type": "Point",
        "coordinates": [
          -79.1952499,
          44.3509108
        ]
      }
    },
    {
      "type": "Feature",
      "id": "node/315570684",
      "properties": {
        "type": "Railway Node"
      },
      "geometry": {
        "type": "Point",
        "coordinates": [
          -79.1810994,
          44.377884
        ]
      }
    },
    {
      "type": "Feature",
      "id": "node/315570691",
      "properties": {
        "type": "Railway Node"
      },
      "geometry": {
        "type": "Point",
        "coordinates": [
          -79.172441,
          44.3945286
        ]
      }
    },
    {
      "type": "Feature",
      "id": "node/315570693",
      "properties": {
        "type": "Railway Node"
      },
      "geometry": {
        "type": "Point",
        "coordinates": [
          -79.1704607,
          44.3984972
        ]
      }
    },
    {
      "type": "Feature",
      "id": "node/319070176",
      "properties": {
        "type": "Railway Node"
      },
      "geometry": {
        "type": "Point",
        "coordinates": [
          -79.2489137,
          43.9772621
        ]
      }
    },
    {
      "type": "Feature",
      "id": "node/319070197",
      "properties": {
        "type": "Railway Node"
      },
      "geometry": {
        "type": "Point",
        "coordinates": [
          -79.2501725,
          43.9706177
        ]
      }
    },
    {
      "type": "Feature",
      "id": "node/319070208",
      "properties": {
        "type": "Railway Node"
      },
      "geometry": {
        "type": "Point",
        "coordinates": [
          -79.2502398,
          43.9514216
        ]
      }
    },
    {
      "type": "Feature",
      "id": "node/319070232",
      "properties": {
        "type": "Railway Node"
      },
      "geometry": {
        "type": "Point",
        "coordinates": [
          -79.256377,
          43.931919
        ]
      }
    },
    {
      "type": "Feature",
      "id": "node/319070238",
      "properties": {
        "type": "Railway Node"
      },
      "geometry": {
        "type": "Point",
        "coordinates": [
          -79.2517498,
          43.9471977
        ]
      }
    },
    {
      "type": "Feature",
      "id": "node/319070285",
      "properties": {
        "type": "Railway Node"
      },
      "geometry": {
        "type": "Point",
        "coordinates": [
          -79.2575399,
          43.9206631
        ]
      }
    },
    {
      "type": "Feature",
      "id": "node/319070286",
      "properties": {
        "type": "Railway Node"
      },
      "geometry": {
        "type": "Point",
        "coordinates": [
          -79.2569391,
          43.9218995
        ]
      }
    },
    {
      "type": "Feature",
      "id": "node/319070287",
      "properties": {
        "type": "Railway Node"
      },
      "geometry": {
        "type": "Point",
        "coordinates": [
          -79.2553941,
          43.9243724
        ]
      }
    },
    {
      "type": "Feature",
      "id": "node/319070288",
      "properties": {
        "type": "Railway Node"
      },
      "geometry": {
        "type": "Point",
        "coordinates": [
          -79.2550508,
          43.9253924
        ]
      }
    },
    {
      "type": "Feature",
      "id": "node/319070290",
      "properties": {
        "type": "Railway Node"
      },
      "geometry": {
        "type": "Point",
        "coordinates": [
          -79.2556945,
          43.927216
        ]
      }
    },
    {
      "type": "Feature",
      "id": "node/319070291",
      "properties": {
        "type": "Railway Node"
      },
      "geometry": {
        "type": "Point",
        "coordinates": [
          -79.2562095,
          43.9281124
        ]
      }
    },
    {
      "type": "Feature",
      "id": "node/319070293",
      "properties": {
        "type": "Railway Node"
      },
      "geometry": {
        "type": "Point",
        "coordinates": [
          -79.2565743,
          43.9291864
        ]
      }
    },
    {
      "type": "Feature",
      "id": "node/319070294",
      "properties": {
        "type": "Railway Node"
      },
      "geometry": {
        "type": "Point",
        "coordinates": [
          -79.2567889,
          43.9304072
        ]
      }
    },
    {
      "type": "Feature",
      "id": "node/319070296",
      "properties": {
        "type": "Railway Node"
      },
      "geometry": {
        "type": "Point",
        "coordinates": [
          -79.2544775,
          43.9339803
        ]
      }
    },
    {
      "type": "Feature",
      "id": "node/319070297",
      "properties": {
        "type": "Railway Node"
      },
      "geometry": {
        "type": "Point",
        "coordinates": [
          -79.2530364,
          43.9353997
        ]
      }
    },
    {
      "type": "Feature",
      "id": "node/319070299",
      "properties": {
        "type": "Railway Node"
      },
      "geometry": {
        "type": "Point",
        "coordinates": [
          -79.2521867,
          43.9368653
        ]
      }
    },
    {
      "type": "Feature",
      "id": "node/319070300",
      "properties": {
        "type": "Railway Node"
      },
      "geometry": {
        "type": "Point",
        "coordinates": [
          -79.2519916,
          43.9380948
        ]
      }
    },
    {
      "type": "Feature",
      "id": "node/319070301",
      "properties": {
        "type": "Railway Node"
      },
      "geometry": {
        "type": "Point",
        "coordinates": [
          -79.2518751,
          43.9455729
        ]
      }
    },
    {
      "type": "Feature",
      "id": "node/319070303",
      "properties": {
        "type": "Railway Node"
      },
      "geometry": {
        "type": "Point",
        "coordinates": [
          -79.251463,
          43.9483372
        ]
      }
    },
    {
      "type": "Feature",
      "id": "node/319070306",
      "properties": {
        "type": "Railway Node"
      },
      "geometry": {
        "type": "Point",
        "coordinates": [
          -79.2510411,
          43.9492612
        ]
      }
    },
    {
      "type": "Feature",
      "id": "node/319070308",
      "properties": {
        "type": "Railway Node"
      },
      "geometry": {
        "type": "Point",
        "coordinates": [
          -79.250503,
          43.9504454
        ]
      }
    },
    {
      "type": "Feature",
      "id": "node/319070311",
      "properties": {
        "type": "Railway Node"
      },
      "geometry": {
        "type": "Point",
        "coordinates": [
          -79.2509738,
          43.9574987
        ]
      }
    },
    {
      "type": "Feature",
      "id": "node/319070313",
      "properties": {
        "type": "Railway Node"
      },
      "geometry": {
        "type": "Point",
        "coordinates": [
          -79.2507988,
          43.9611617
        ]
      }
    },
    {
      "type": "Feature",
      "id": "node/319070314",
      "properties": {
        "type": "Railway Node"
      },
      "geometry": {
        "type": "Point",
        "coordinates": [
          -79.2504787,
          43.965723
        ]
      }
    },
    {
      "type": "Feature",
      "id": "node/319070315",
      "properties": {
        "type": "Railway Node"
      },
      "geometry": {
        "type": "Point",
        "coordinates": [
          -79.25029,
          43.9687641
        ]
      }
    },
    {
      "type": "Feature",
      "id": "node/319070317",
      "properties": {
        "type": "Railway Node"
      },
      "geometry": {
        "type": "Point",
        "coordinates": [
          -79.2498591,
          43.9744658
        ]
      }
    },
    {
      "type": "Feature",
      "id": "node/319070318",
      "properties": {
        "type": "Railway Node"
      },
      "geometry": {
        "type": "Point",
        "coordinates": [
          -79.2495706,
          43.9761017
        ]
      }
    },
    {
      "type": "Feature",
      "id": "node/319070321",
      "properties": {
        "type": "Railway Node"
      },
      "geometry": {
        "type": "Point",
        "coordinates": [
          -79.2442789,
          43.9825727
        ]
      }
    },
    {
      "type": "Feature",
      "id": "node/319302901",
      "properties": {
        "type": "Railway Node"
      },
      "geometry": {
        "type": "Point",
        "coordinates": [
          -79.2354612,
          43.9936261
        ]
      }
    },
    {
      "type": "Feature",
      "id": "node/319302926",
      "properties": {
        "type": "Railway Node"
      },
      "geometry": {
        "type": "Point",
        "coordinates": [
          -79.2431839,
          43.9836496
        ]
      }
    },
    {
      "type": "Feature",
      "id": "node/319302928",
      "properties": {
        "type": "Railway Node"
      },
      "geometry": {
        "type": "Point",
        "coordinates": [
          -79.2418611,
          43.9843965
        ]
      }
    },
    {
      "type": "Feature",
      "id": "node/319302929",
      "properties": {
        "type": "Railway Node"
      },
      "geometry": {
        "type": "Point",
        "coordinates": [
          -79.2407519,
          43.9848918
        ]
      }
    },
    {
      "type": "Feature",
      "id": "node/319302931",
      "properties": {
        "type": "Railway Node"
      },
      "geometry": {
        "type": "Point",
        "coordinates": [
          -79.239636,
          43.985929
        ]
      }
    },
    {
      "type": "Feature",
      "id": "node/319302932",
      "properties": {
        "type": "Railway Node"
      },
      "geometry": {
        "type": "Point",
        "coordinates": [
          -79.2386216,
          43.9881382
        ]
      }
    },
    {
      "type": "Feature",
      "id": "node/319302934",
      "properties": {
        "type": "Railway Node"
      },
      "geometry": {
        "type": "Point",
        "coordinates": [
          -79.237147,
          43.9907585
        ]
      }
    },
    {
      "type": "Feature",
      "id": "node/319305236",
      "properties": {
        "type": "Railway Node"
      },
      "geometry": {
        "type": "Point",
        "coordinates": [
          -79.2329023,
          43.9982058
        ]
      }
    },
    {
      "type": "Feature",
      "id": "node/319328243",
      "properties": {
        "type": "Railway Node"
      },
      "geometry": {
        "type": "Point",
        "coordinates": [
          -79.2075062,
          43.8721137
        ]
      }
    },
    {
      "type": "Feature",
      "id": "node/319432453",
      "properties": {
        "type": "Railway Node"
      },
      "geometry": {
        "type": "Point",
        "coordinates": [
          -79.3636505,
          44.0424111
        ]
      }
    },
    {
      "type": "Feature",
      "id": "node/319432572",
      "properties": {
        "type": "Railway Node"
      },
      "geometry": {
        "type": "Point",
        "coordinates": [
          -79.1863563,
          43.9207247
        ]
      }
    },
    {
      "type": "Feature",
      "id": "node/319432649",
      "properties": {
        "type": "Railway Node"
      },
      "geometry": {
        "type": "Point",
        "coordinates": [
          -79.0434294,
          44.0001828
        ]
      }
    },
    {
      "type": "Feature",
      "id": "node/319434980",
      "properties": {
        "type": "Railway Node"
      },
      "geometry": {
        "type": "Point",
        "coordinates": [
          -79.0932503,
          43.9862184
        ]
      }
    },
    {
      "type": "Feature",
      "id": "node/319435607",
      "properties": {
        "type": "Railway Node"
      },
      "geometry": {
        "type": "Point",
        "coordinates": [
          -79.0655391,
          43.996867
        ]
      }
    },
    {
      "type": "Feature",
      "id": "node/319435664",
      "properties": {
        "type": "Railway Node"
      },
      "geometry": {
        "type": "Point",
        "coordinates": [
          -79.0075001,
          43.8941707
        ]
      }
    },
    {
      "type": "Feature",
      "id": "node/319435801",
      "properties": {
        "type": "Railway Node"
      },
      "geometry": {
        "type": "Point",
        "coordinates": [
          -79.1034922,
          43.9849042
        ]
      }
    },
    {
      "type": "Feature",
      "id": "node/319435914",
      "properties": {
        "type": "Railway Node"
      },
      "geometry": {
        "type": "Point",
        "coordinates": [
          -79.1578521,
          43.960662
        ]
      }
    },
    {
      "type": "Feature",
      "id": "node/319436446",
      "properties": {
        "type": "Railway Node"
      },
      "geometry": {
        "type": "Point",
        "coordinates": [
          -79.1284256,
          43.8479934
        ]
      }
    },
    {
      "type": "Feature",
      "id": "node/319437019",
      "properties": {
        "type": "Railway Node"
      },
      "geometry": {
        "type": "Point",
        "coordinates": [
          -79.2500501,
          43.9725915
        ]
      }
    },
    {
      "type": "Feature",
      "id": "node/319549161",
      "properties": {
        "type": "Railway Node"
      },
      "geometry": {
        "type": "Point",
        "coordinates": [
          -79.2327232,
          43.8478071
        ]
      }
    },
    {
      "type": "Feature",
      "id": "node/319549162",
      "properties": {
        "type": "Railway Node"
      },
      "geometry": {
        "type": "Point",
        "coordinates": [
          -79.2304726,
          43.8476436
        ]
      }
    },
    {
      "type": "Feature",
      "id": "node/326348751",
      "properties": {
        "type": "Railway Node"
      },
      "geometry": {
        "type": "Point",
        "coordinates": [
          -79.3301954,
          43.7308525
        ]
      }
    },
    {
      "type": "Feature",
      "id": "node/326348756",
      "properties": {
        "type": "Railway Node"
      },
      "geometry": {
        "type": "Point",
        "coordinates": [
          -79.3311832,
          43.7302913
        ]
      }
    },
    {
      "type": "Feature",
      "id": "node/332120345",
      "properties": {
        "type": "Railway Node"
      },
      "geometry": {
        "type": "Point",
        "coordinates": [
          -79.4549736,
          44.0529002
        ]
      }
    },
    {
      "type": "Feature",
      "id": "node/332120348",
      "properties": {
        "type": "Railway Node"
      },
      "geometry": {
        "type": "Point",
        "coordinates": [
          -79.4606421,
          44.0635726
        ]
      }
    },
    {
      "type": "Feature",
      "id": "node/332120349",
      "properties": {
        "type": "Railway Node"
      },
      "geometry": {
        "type": "Point",
        "coordinates": [
          -79.4597649,
          44.0653751
        ]
      }
    },
    {
      "type": "Feature",
      "id": "node/332120350",
      "properties": {
        "type": "Railway Node"
      },
      "geometry": {
        "type": "Point",
        "coordinates": [
          -79.4589504,
          44.0672587
        ]
      }
    },
    {
      "type": "Feature",
      "id": "node/332120351",
      "properties": {
        "type": "Railway Node"
      },
      "geometry": {
        "type": "Point",
        "coordinates": [
          -79.457627,
          44.0700917
        ]
      }
    },
    {
      "type": "Feature",
      "id": "node/332120353",
      "properties": {
        "type": "Railway Node"
      },
      "geometry": {
        "type": "Point",
        "coordinates": [
          -79.4550517,
          44.0730873
        ]
      }
    },
    {
      "type": "Feature",
      "id": "node/332120354",
      "properties": {
        "type": "Railway Node"
      },
      "geometry": {
        "type": "Point",
        "coordinates": [
          -79.4545578,
          44.0747804
        ]
      }
    },
    {
      "type": "Feature",
      "id": "node/332120355",
      "properties": {
        "type": "Railway Node"
      },
      "geometry": {
        "type": "Point",
        "coordinates": [
          -79.4555744,
          44.0792637
        ]
      }
    },
    {
      "type": "Feature",
      "id": "node/332131809",
      "properties": {
        "type": "Railway Node"
      },
      "geometry": {
        "type": "Point",
        "coordinates": [
          -79.4214549,
          43.8362459
        ]
      }
    },
    {
      "type": "Feature",
      "id": "node/333940220",
      "properties": {
        "type": "Railway Node"
      },
      "geometry": {
        "type": "Point",
        "coordinates": [
          -79.5,
          44.101157
        ]
      }
    },
    {
      "type": "Feature",
      "id": "node/340162234",
      "properties": {
        "type": "Railway Node"
      },
      "geometry": {
        "type": "Point",
        "coordinates": [
          -79.3404158,
          43.7250176
        ]
      }
    },
    {
      "type": "Feature",
      "id": "node/355785028",
      "properties": {
        "type": "Railway Node"
      },
      "geometry": {
        "type": "Point",
        "coordinates": [
          -79.1847589,
          43.8386033
        ]
      }
    },
    {
      "type": "Feature",
      "id": "node/356971502",
      "properties": {
        "type": "Railway Node"
      },
      "geometry": {
        "type": "Point",
        "coordinates": [
          -79.2022571,
          43.8306144
        ]
      }
    },
    {
      "type": "Feature",
      "id": "node/356973555",
      "properties": {
        "type": "Railway Node"
      },
      "geometry": {
        "type": "Point",
        "coordinates": [
          -79.1925173,
          43.8330775
        ]
      }
    },
    {
      "type": "Feature",
      "id": "node/357039558",
      "properties": {
        "type": "Railway Node"
      },
      "geometry": {
        "type": "Point",
        "coordinates": [
          -79.1235114,
          43.7873738
        ]
      }
    },
    {
      "type": "Feature",
      "id": "node/357039559",
      "properties": {
        "type": "Railway Node"
      },
      "geometry": {
        "type": "Point",
        "coordinates": [
          -79.1227703,
          43.7881736
        ]
      }
    },
    {
      "type": "Feature",
      "id": "node/359218866",
      "properties": {
        "type": "Railway Node"
      },
      "geometry": {
        "type": "Point",
        "coordinates": [
          -79.299301,
          43.6866385
        ]
      }
    },
    {
      "type": "Feature",
      "id": "node/364288152",
      "properties": {
        "type": "Railway Node"
      },
      "geometry": {
        "type": "Point",
        "coordinates": [
          -79.481062,
          43.6842827
        ]
      }
    },
    {
      "type": "Feature",
      "id": "node/365498364",
      "properties": {
        "type": "Railway Node"
      },
      "geometry": {
        "type": "Point",
        "coordinates": [
          -79.4698172,
          43.7109283
        ]
      }
    },
    {
      "type": "Feature",
      "id": "node/367084061",
      "properties": {
        "type": "Railway Node"
      },
      "geometry": {
        "type": "Point",
        "coordinates": [
          -79.299855,
          43.8195637
        ]
      }
    },
    {
      "type": "Feature",
      "id": "node/370960803",
      "properties": {
        "type": "Railway Node"
      },
      "geometry": {
        "type": "Point",
        "coordinates": [
          -79.371859,
          43.7941593
        ]
      }
    },
    {
      "type": "Feature",
      "id": "node/370989075",
      "properties": {
        "type": "Railway Node"
      },
      "geometry": {
        "type": "Point",
        "coordinates": [
          -79.5055641,
          43.6967266
        ]
      }
    },
    {
      "type": "Feature",
      "id": "node/371222149",
      "properties": {
        "type": "Railway Node"
      },
      "geometry": {
        "type": "Point",
        "coordinates": [
          -79.1454835,
          43.8371568
        ]
      }
    },
    {
      "type": "Feature",
      "id": "node/379544413",
      "properties": {
        "type": "Railway Node"
      },
      "geometry": {
        "type": "Point",
        "coordinates": [
          -79.1166486,
          43.7969436
        ]
      }
    },
    {
      "type": "Feature",
      "id": "node/379544890",
      "properties": {
        "type": "Railway Node"
      },
      "geometry": {
        "type": "Point",
        "coordinates": [
          -79.1158129,
          43.7991578
        ]
      }
    },
    {
      "type": "Feature",
      "id": "node/379544913",
      "properties": {
        "type": "Railway Node"
      },
      "geometry": {
        "type": "Point",
        "coordinates": [
          -79.1150367,
          43.8068093
        ]
      }
    },
    {
      "type": "Feature",
      "id": "node/380043288",
      "properties": {
        "type": "Railway Node"
      },
      "geometry": {
        "type": "Point",
        "coordinates": [
          -79.0851402,
          43.8314024
        ]
      }
    },
    {
      "type": "Feature",
      "id": "node/380044548",
      "properties": {
        "type": "Railway Node"
      },
      "geometry": {
        "type": "Point",
        "coordinates": [
          -79.1653211,
          43.8232417
        ]
      }
    },
    {
      "type": "Feature",
      "id": "node/380045978",
      "properties": {
        "type": "Railway Node"
      },
      "geometry": {
        "type": "Point",
        "coordinates": [
          -79.1076507,
          43.8250152
        ]
      }
    },
    {
      "type": "Feature",
      "id": "node/380191063",
      "properties": {
        "type": "Railway Node"
      },
      "geometry": {
        "type": "Point",
        "coordinates": [
          -79.4577297,
          44.0403643
        ]
      }
    },
    {
      "type": "Feature",
      "id": "node/380191064",
      "properties": {
        "type": "Railway Node"
      },
      "geometry": {
        "type": "Point",
        "coordinates": [
          -79.4543553,
          44.0516424
        ]
      }
    },
    {
      "type": "Feature",
      "id": "node/380191065",
      "properties": {
        "type": "Railway Node"
      },
      "geometry": {
        "type": "Point",
        "coordinates": [
          -79.4556735,
          44.0540592
        ]
      }
    },
    {
      "type": "Feature",
      "id": "node/380191066",
      "properties": {
        "type": "Railway Node"
      },
      "geometry": {
        "type": "Point",
        "coordinates": [
          -79.4595033,
          44.0595748
        ]
      }
    },
    {
      "type": "Feature",
      "id": "node/380191067",
      "properties": {
        "type": "Railway Node"
      },
      "geometry": {
        "type": "Point",
        "coordinates": [
          -79.4605487,
          44.0609267
        ]
      }
    },
    {
      "type": "Feature",
      "id": "node/382800026",
      "properties": {
        "type": "Railway Node"
      },
      "geometry": {
        "type": "Point",
        "coordinates": [
          -79.254133,
          43.7183806
        ]
      }
    },
    {
      "type": "Feature",
      "id": "node/382987281",
      "properties": {
        "type": "Railway Node"
      },
      "geometry": {
        "type": "Point",
        "coordinates": [
          -79.2580432,
          43.856296
        ]
      }
    },
    {
      "type": "Feature",
      "id": "node/382987282",
      "properties": {
        "type": "Railway Node"
      },
      "geometry": {
        "type": "Point",
        "coordinates": [
          -79.2552617,
          43.8552962
        ]
      }
    },
    {
      "type": "Feature",
      "id": "node/385014270",
      "properties": {
        "type": "Railway Node"
      },
      "geometry": {
        "type": "Point",
        "coordinates": [
          -79.4262486,
          43.8735153
        ]
      }
    },
    {
      "type": "Feature",
      "id": "node/385016116",
      "properties": {
        "type": "Railway Node"
      },
      "geometry": {
        "type": "Point",
        "coordinates": [
          -79.3997591,
          43.8138299
        ]
      }
    },
    {
      "type": "Feature",
      "id": "node/388691768",
      "properties": {
        "type": "Railway Node"
      },
      "geometry": {
        "type": "Point",
        "coordinates": [
          -78.7600539,
          44.0644683
        ]
      }
    },
    {
      "type": "Feature",
      "id": "node/388701872",
      "properties": {
        "type": "Railway Node"
      },
      "geometry": {
        "type": "Point",
        "coordinates": [
          -79.3396118,
          44.7162567
        ]
      }
    },
    {
      "type": "Feature",
      "id": "node/388728977",
      "properties": {
        "type": "Railway Node"
      },
      "geometry": {
        "type": "Point",
        "coordinates": [
          -79.3401546,
          44.8230148
        ]
      }
    },
    {
      "type": "Feature",
      "id": "node/388733786",
      "properties": {
        "type": "Railway Node"
      },
      "geometry": {
        "type": "Point",
        "coordinates": [
          -79.2402982,
          44.284589
        ]
      }
    },
    {
      "type": "Feature",
      "id": "node/388747717",
      "properties": {
        "type": "Railway Node"
      },
      "geometry": {
        "type": "Point",
        "coordinates": [
          -79.337317,
          44.7719056
        ]
      }
    },
    {
      "type": "Feature",
      "id": "node/388773767",
      "properties": {
        "type": "Railway Node"
      },
      "geometry": {
        "type": "Point",
        "coordinates": [
          -79.1563329,
          44.4997837
        ]
      }
    },
    {
      "type": "Feature",
      "id": "node/388782684",
      "properties": {
        "type": "Railway Node"
      },
      "geometry": {
        "type": "Point",
        "coordinates": [
          -78.7118848,
          44.0759485
        ]
      }
    },
    {
      "type": "Feature",
      "id": "node/388801679",
      "properties": {
        "type": "Railway Node"
      },
      "geometry": {
        "type": "Point",
        "coordinates": [
          -79.1592612,
          44.4332446
        ]
      }
    },
    {
      "type": "Feature",
      "id": "node/388824796",
      "properties": {
        "type": "Railway Node"
      },
      "geometry": {
        "type": "Point",
        "coordinates": [
          -79.3417192,
          44.6762798
        ]
      }
    },
    {
      "type": "Feature",
      "id": "node/388835410",
      "properties": {
        "type": "Railway Node"
      },
      "geometry": {
        "type": "Point",
        "coordinates": [
          -79.1646619,
          44.4846559
        ]
      }
    },
    {
      "type": "Feature",
      "id": "node/388850613",
      "properties": {
        "type": "Railway Node"
      },
      "geometry": {
        "type": "Point",
        "coordinates": [
          -79.1600464,
          44.5251964
        ]
      }
    },
    {
      "type": "Feature",
      "id": "node/388865976",
      "properties": {
        "type": "Railway Node"
      },
      "geometry": {
        "type": "Point",
        "coordinates": [
          -79.3323221,
          44.7434364
        ]
      }
    },
    {
      "type": "Feature",
      "id": "node/388866608",
      "properties": {
        "type": "Railway Node"
      },
      "geometry": {
        "type": "Point",
        "coordinates": [
          -78.5683476,
          44.1271522
        ]
      }
    },
    {
      "type": "Feature",
      "id": "node/388895475",
      "properties": {
        "type": "Railway Node"
      },
      "geometry": {
        "type": "Point",
        "coordinates": [
          -78.794789,
          44.0556495
        ]
      }
    },
    {
      "type": "Feature",
      "id": "node/388949622",
      "properties": {
        "type": "Railway Node"
      },
      "geometry": {
        "type": "Point",
        "coordinates": [
          -79.4038192,
          44.7925566
        ]
      }
    },
    {
      "type": "Feature",
      "id": "node/389253695",
      "properties": {
        "type": "Railway Node"
      },
      "geometry": {
        "type": "Point",
        "coordinates": [
          -77.8203415,
          44.0106239
        ]
      }
    },
    {
      "type": "Feature",
      "id": "node/392162616",
      "properties": {
        "type": "Railway Node"
      },
      "geometry": {
        "type": "Point",
        "coordinates": [
          -78.7347837,
          43.8870862
        ]
      }
    },
    {
      "type": "Feature",
      "id": "node/392163084",
      "properties": {
        "type": "Railway Node"
      },
      "geometry": {
        "type": "Point",
        "coordinates": [
          -78.1481497,
          43.9692869
        ]
      }
    },
    {
      "type": "Feature",
      "id": "node/392164550",
      "properties": {
        "type": "Railway Node"
      },
      "geometry": {
        "type": "Point",
        "coordinates": [
          -78.1038057,
          43.9672482
        ]
      }
    },
    {
      "type": "Feature",
      "id": "node/392171323",
      "properties": {
        "type": "Railway Node"
      },
      "geometry": {
        "type": "Point",
        "coordinates": [
          -78.1588259,
          43.9690964
        ]
      }
    },
    {
      "type": "Feature",
      "id": "node/392177689",
      "properties": {
        "type": "Railway Node"
      },
      "geometry": {
        "type": "Point",
        "coordinates": [
          -78.6932091,
          43.915509
        ]
      }
    },
    {
      "type": "Feature",
      "id": "node/401278316",
      "properties": {
        "type": "Railway Node"
      },
      "geometry": {
        "type": "Point",
        "coordinates": [
          -79.4654322,
          43.6672217
        ]
      }
    },
    {
      "type": "Feature",
      "id": "node/405631478",
      "properties": {
        "type": "Railway Node"
      },
      "geometry": {
        "type": "Point",
        "coordinates": [
          -79.4540148,
          43.6392886
        ]
      }
    },
    {
      "type": "Feature",
      "id": "node/408359173",
      "properties": {
        "type": "Railway Node"
      },
      "geometry": {
        "type": "Point",
        "coordinates": [
          -79.4771272,
          43.7474852
        ]
      }
    },
    {
      "type": "Feature",
      "id": "node/409355925",
      "properties": {
        "type": "Railway Node"
      },
      "geometry": {
        "type": "Point",
        "coordinates": [
          -79.2936194,
          43.7214836
        ]
      }
    },
    {
      "type": "Feature",
      "id": "node/411135131",
      "properties": {
        "type": "Railway Node"
      },
      "geometry": {
        "type": "Point",
        "coordinates": [
          -77.8894511,
          43.9961269
        ]
      }
    },
    {
      "type": "Feature",
      "id": "node/411223036",
      "properties": {
        "type": "Railway Node"
      },
      "geometry": {
        "type": "Point",
        "coordinates": [
          -79.0400012,
          43.8483915
        ]
      }
    },
    {
      "type": "Feature",
      "id": "node/411223038",
      "properties": {
        "type": "Railway Node"
      },
      "geometry": {
        "type": "Point",
        "coordinates": [
          -79.0381583,
          43.8482586
        ]
      }
    },
    {
      "type": "Feature",
      "id": "node/411223040",
      "properties": {
        "type": "Railway Node"
      },
      "geometry": {
        "type": "Point",
        "coordinates": [
          -79.0371599,
          43.8475828
        ]
      }
    },
    {
      "type": "Feature",
      "id": "node/411223042",
      "properties": {
        "type": "Railway Node"
      },
      "geometry": {
        "type": "Point",
        "coordinates": [
          -79.0363561,
          43.8458163
        ]
      }
    },
    {
      "type": "Feature",
      "id": "node/411223044",
      "properties": {
        "type": "Railway Node"
      },
      "geometry": {
        "type": "Point",
        "coordinates": [
          -79.0331988,
          43.8406936
        ]
      }
    },
    {
      "type": "Feature",
      "id": "node/411223047",
      "properties": {
        "type": "Railway Node"
      },
      "geometry": {
        "type": "Point",
        "coordinates": [
          -79.0317683,
          43.8378153
        ]
      }
    },
    {
      "type": "Feature",
      "id": "node/412722445",
      "properties": {
        "type": "Railway Node"
      },
      "geometry": {
        "type": "Point",
        "coordinates": [
          -79.4828602,
          43.6667931
        ]
      }
    },
    {
      "type": "Feature",
      "id": "node/415762075",
      "properties": {
        "type": "Railway Node"
      },
      "geometry": {
        "type": "Point",
        "coordinates": [
          -79.3953307,
          43.6415603
        ]
      }
    },
    {
      "type": "Feature",
      "id": "node/415763204",
      "properties": {
        "type": "Railway Node"
      },
      "geometry": {
        "type": "Point",
        "coordinates": [
          -79.3940085,
          43.6419108
        ]
      }
    },
    {
      "type": "Feature",
      "id": "node/415764175",
      "properties": {
        "type": "Railway Node"
      },
      "geometry": {
        "type": "Point",
        "coordinates": [
          -79.3986782,
          43.6411883
        ]
      }
    },
    {
      "type": "Feature",
      "id": "node/416153261",
      "properties": {
        "type": "Railway Node"
      },
      "geometry": {
        "type": "Point",
        "coordinates": [
          -79.0350537,
          43.8436416
        ]
      }
    },
    {
      "type": "Feature",
      "id": "node/416153265",
      "properties": {
        "type": "Railway Node"
      },
      "geometry": {
        "type": "Point",
        "coordinates": [
          -79.031414,
          43.8368526
        ]
      }
    },
    {
      "type": "Feature",
      "id": "node/416153274",
      "properties": {
        "type": "Railway Node"
      },
      "geometry": {
        "type": "Point",
        "coordinates": [
          -79.0351134,
          43.8448545
        ]
      }
    },
    {
      "type": "Feature",
      "id": "node/416153278",
      "properties": {
        "type": "Railway Node"
      },
      "geometry": {
        "type": "Point",
        "coordinates": [
          -79.0338196,
          43.8447748
        ]
      }
    },
    {
      "type": "Feature",
      "id": "node/416153282",
      "properties": {
        "type": "Railway Node"
      },
      "geometry": {
        "type": "Point",
        "coordinates": [
          -79.0326492,
          43.8452223
        ]
      }
    },
    {
      "type": "Feature",
      "id": "node/416153284",
      "properties": {
        "type": "Railway Node"
      },
      "geometry": {
        "type": "Point",
        "coordinates": [
          -79.0319114,
          43.8462617
        ]
      }
    },
    {
      "type": "Feature",
      "id": "node/416660236",
      "properties": {
        "type": "Railway Node"
      },
      "geometry": {
        "type": "Point",
        "coordinates": [
          -79.4520413,
          43.6588592
        ]
      }
    },
    {
      "type": "Feature",
      "id": "node/417210726",
      "properties": {
        "type": "Railway Node"
      },
      "geometry": {
        "type": "Point",
        "coordinates": [
          -79.3635471,
          43.7640965
        ]
      }
    },
    {
      "type": "Feature",
      "id": "node/420037513",
      "properties": {
        "type": "Railway Node"
      },
      "geometry": {
        "type": "Point",
        "coordinates": [
          -79.3067131,
          43.6839496
        ]
      }
    },
    {
      "type": "Feature",
      "id": "node/420037519",
      "properties": {
        "type": "Railway Node"
      },
      "geometry": {
        "type": "Point",
        "coordinates": [
          -79.3111853,
          43.6821954
        ]
      }
    },
    {
      "type": "Feature",
      "id": "node/420037525",
      "properties": {
        "type": "Railway Node"
      },
      "geometry": {
        "type": "Point",
        "coordinates": [
          -79.3169717,
          43.6799225
        ]
      }
    },
    {
      "type": "Feature",
      "id": "node/420037533",
      "properties": {
        "type": "Railway Node"
      },
      "geometry": {
        "type": "Point",
        "coordinates": [
          -79.321323,
          43.6782173
        ]
      }
    },
    {
      "type": "Feature",
      "id": "node/420037541",
      "properties": {
        "type": "Railway Node"
      },
      "geometry": {
        "type": "Point",
        "coordinates": [
          -79.3295479,
          43.6749946
        ]
      }
    },
    {
      "type": "Feature",
      "id": "node/420037546",
      "properties": {
        "type": "Railway Node"
      },
      "geometry": {
        "type": "Point",
        "coordinates": [
          -79.33439,
          43.6730717
        ]
      }
    },
    {
      "type": "Feature",
      "id": "node/420037548",
      "properties": {
        "type": "Railway Node"
      },
      "geometry": {
        "type": "Point",
        "coordinates": [
          -79.3356866,
          43.67251
        ]
      }
    },
    {
      "type": "Feature",
      "id": "node/420037552",
      "properties": {
        "type": "Railway Node"
      },
      "geometry": {
        "type": "Point",
        "coordinates": [
          -79.336861,
          43.6718841
        ]
      }
    },
    {
      "type": "Feature",
      "id": "node/420037554",
      "properties": {
        "type": "Railway Node"
      },
      "geometry": {
        "type": "Point",
        "coordinates": [
          -79.3397872,
          43.6700498
        ]
      }
    },
    {
      "type": "Feature",
      "id": "node/420037557",
      "properties": {
        "type": "Railway Node"
      },
      "geometry": {
        "type": "Point",
        "coordinates": [
          -79.3382519,
          43.6711249
        ]
      }
    },
    {
      "type": "Feature",
      "id": "node/420037563",
      "properties": {
        "type": "Railway Node"
      },
      "geometry": {
        "type": "Point",
        "coordinates": [
          -79.3409326,
          43.6690451
        ]
      }
    },
    {
      "type": "Feature",
      "id": "node/420037565",
      "properties": {
        "type": "Railway Node"
      },
      "geometry": {
        "type": "Point",
        "coordinates": [
          -79.3421399,
          43.6678643
        ]
      }
    },
    {
      "type": "Feature",
      "id": "node/420037578",
      "properties": {
        "type": "Railway Node"
      },
      "geometry": {
        "type": "Point",
        "coordinates": [
          -79.344214,
          43.6650887
        ]
      }
    },
    {
      "type": "Feature",
      "id": "node/420037582",
      "properties": {
        "type": "Railway Node"
      },
      "geometry": {
        "type": "Point",
        "coordinates": [
          -79.3449723,
          43.663602
        ]
      }
    },
    {
      "type": "Feature",
      "id": "node/420037599",
      "properties": {
        "type": "Railway Node"
      },
      "geometry": {
        "type": "Point",
        "coordinates": [
          -79.3452922,
          43.6627144
        ]
      }
    },
    {
      "type": "Feature",
      "id": "node/420037603",
      "properties": {
        "type": "Railway Node"
      },
      "geometry": {
        "type": "Point",
        "coordinates": [
          -79.3456079,
          43.6613143
        ]
      }
    },
    {
      "type": "Feature",
      "id": "node/420037605",
      "properties": {
        "type": "Railway Node"
      },
      "geometry": {
        "type": "Point",
        "coordinates": [
          -79.3457817,
          43.6598932
        ]
      }
    },
    {
      "type": "Feature",
      "id": "node/420037619",
      "properties": {
        "type": "Railway Node"
      },
      "geometry": {
        "type": "Point",
        "coordinates": [
          -79.3463586,
          43.6568674
        ]
      }
    },
    {
      "type": "Feature",
      "id": "node/420037621",
      "properties": {
        "type": "Railway Node"
      },
      "geometry": {
        "type": "Point",
        "coordinates": [
          -79.3460717,
          43.6577463
        ]
      }
    },
    {
      "type": "Feature",
      "id": "node/420037635",
      "properties": {
        "type": "Railway Node"
      },
      "geometry": {
        "type": "Point",
        "coordinates": [
          -79.3473991,
          43.6552877
        ]
      }
    },
    {
      "type": "Feature",
      "id": "node/420037643",
      "properties": {
        "type": "Railway Node"
      },
      "geometry": {
        "type": "Point",
        "coordinates": [
          -79.3484579,
          43.6542866
        ]
      }
    },
    {
      "type": "Feature",
      "id": "node/420041422",
      "properties": {
        "type": "Railway Node"
      },
      "geometry": {
        "type": "Point",
        "coordinates": [
          -79.3531411,
          43.6563187
        ]
      }
    },
    {
      "type": "Feature",
      "id": "node/420041423",
      "properties": {
        "type": "Railway Node"
      },
      "geometry": {
        "type": "Point",
        "coordinates": [
          -79.354531,
          43.6575909
        ]
      }
    },
    {
      "type": "Feature",
      "id": "node/420041425",
      "properties": {
        "type": "Railway Node"
      },
      "geometry": {
        "type": "Point",
        "coordinates": [
          -79.3553238,
          43.6597093
        ]
      }
    },
    {
      "type": "Feature",
      "id": "node/420041426",
      "properties": {
        "type": "Railway Node"
      },
      "geometry": {
        "type": "Point",
        "coordinates": [
          -79.3560806,
          43.6622311
        ]
      }
    },
    {
      "type": "Feature",
      "id": "node/420041427",
      "properties": {
        "type": "Railway Node"
      },
      "geometry": {
        "type": "Point",
        "coordinates": [
          -79.3568189,
          43.6647131
        ]
      }
    },
    {
      "type": "Feature",
      "id": "node/420042973",
      "properties": {
        "type": "Railway Node"
      },
      "geometry": {
        "type": "Point",
        "coordinates": [
          -79.0823122,
          43.8326843
        ]
      }
    },
    {
      "type": "Feature",
      "id": "node/420045497",
      "properties": {
        "type": "Railway Node"
      },
      "geometry": {
        "type": "Point",
        "coordinates": [
          -79.0495803,
          43.8465559
        ]
      }
    },
    {
      "type": "Feature",
      "id": "node/420045502",
      "properties": {
        "type": "Railway Node"
      },
      "geometry": {
        "type": "Point",
        "coordinates": [
          -79.0478448,
          43.8469384
        ]
      }
    },
    {
      "type": "Feature",
      "id": "node/420045507",
      "properties": {
        "type": "Railway Node"
      },
      "geometry": {
        "type": "Point",
        "coordinates": [
          -79.0314159,
          43.8505696
        ]
      }
    },
    {
      "type": "Feature",
      "id": "node/420045515",
      "properties": {
        "type": "Railway Node"
      },
      "geometry": {
        "type": "Point",
        "coordinates": [
          -79.0197566,
          43.8530845
        ]
      }
    },
    {
      "type": "Feature",
      "id": "node/420045516",
      "properties": {
        "type": "Railway Node"
      },
      "geometry": {
        "type": "Point",
        "coordinates": [
          -79.0162617,
          43.8538978
        ]
      }
    },
    {
      "type": "Feature",
      "id": "node/420045520",
      "properties": {
        "type": "Railway Node"
      },
      "geometry": {
        "type": "Point",
        "coordinates": [
          -79.0076979,
          43.8558392
        ]
      }
    },
    {
      "type": "Feature",
      "id": "node/420045522",
      "properties": {
        "type": "Railway Node"
      },
      "geometry": {
        "type": "Point",
        "coordinates": [
          -78.9982204,
          43.8579586
        ]
      }
    },
    {
      "type": "Feature",
      "id": "node/420045524",
      "properties": {
        "type": "Railway Node"
      },
      "geometry": {
        "type": "Point",
        "coordinates": [
          -78.9953287,
          43.8585455
        ]
      }
    },
    {
      "type": "Feature",
      "id": "node/420045525",
      "properties": {
        "type": "Railway Node"
      },
      "geometry": {
        "type": "Point",
        "coordinates": [
          -78.9822144,
          43.8615083
        ]
      }
    },
    {
      "type": "Feature",
      "id": "node/420045527",
      "properties": {
        "type": "Railway Node"
      },
      "geometry": {
        "type": "Point",
        "coordinates": [
          -78.9756839,
          43.8629956
        ]
      }
    },
    {
      "type": "Feature",
      "id": "node/420045528",
      "properties": {
        "type": "Railway Node"
      },
      "geometry": {
        "type": "Point",
        "coordinates": [
          -78.9775414,
          43.8625262
        ]
      }
    },
    {
      "type": "Feature",
      "id": "node/420045530",
      "properties": {
        "type": "Railway Node"
      },
      "geometry": {
        "type": "Point",
        "coordinates": [
          -78.9662547,
          43.8651239
        ]
      }
    },
    {
      "type": "Feature",
      "id": "node/420045533",
      "properties": {
        "type": "Railway Node"
      },
      "geometry": {
        "type": "Point",
        "coordinates": [
          -78.9602557,
          43.8663563
        ]
      }
    },
    {
      "type": "Feature",
      "id": "node/420045543",
      "properties": {
        "type": "Railway Node"
      },
      "geometry": {
        "type": "Point",
        "coordinates": [
          -78.9364909,
          43.8646138
        ]
      }
    },
    {
      "type": "Feature",
      "id": "node/420045546",
      "properties": {
        "type": "Railway Node"
      },
      "geometry": {
        "type": "Point",
        "coordinates": [
          -78.9352229,
          43.8643143
        ]
      }
    },
    {
      "type": "Feature",
      "id": "node/420045552",
      "properties": {
        "type": "Railway Node"
      },
      "geometry": {
        "type": "Point",
        "coordinates": [
          -78.9237037,
          43.8626517
        ]
      }
    },
    {
      "type": "Feature",
      "id": "node/420045565",
      "properties": {
        "type": "Railway Node"
      },
      "geometry": {
        "type": "Point",
        "coordinates": [
          -78.9090634,
          43.8627201
        ]
      }
    },
    {
      "type": "Feature",
      "id": "node/420045572",
      "properties": {
        "type": "Railway Node"
      },
      "geometry": {
        "type": "Point",
        "coordinates": [
          -78.8956001,
          43.867168
        ]
      }
    },
    {
      "type": "Feature",
      "id": "node/420045584",
      "properties": {
        "type": "Railway Node"
      },
      "geometry": {
        "type": "Point",
        "coordinates": [
          -78.9631874,
          43.8657628
        ]
      }
    },
    {
      "type": "Feature",
      "id": "node/424250188",
      "properties": {
        "type": "Railway Node"
      },
      "geometry": {
        "type": "Point",
        "coordinates": [
          -79.2915579,
          43.8024943
        ]
      }
    },
    {
      "type": "Feature",
      "id": "node/424250195",
      "properties": {
        "type": "Railway Node"
      },
      "geometry": {
        "type": "Point",
        "coordinates": [
          -79.2885093,
          43.7960971
        ]
      }
    },
    {
      "type": "Feature",
      "id": "node/428579156",
      "properties": {
        "type": "Railway Node"
      },
      "geometry": {
        "type": "Point",
        "coordinates": [
          -79.1872106,
          43.7570635
        ]
      }
    },
    {
      "type": "Feature",
      "id": "node/429364436",
      "properties": {
        "type": "Railway Node"
      },
      "geometry": {
        "type": "Point",
        "coordinates": [
          -79.2542603,
          43.7246243
        ]
      }
    },
    {
      "type": "Feature",
      "id": "node/432754222",
      "properties": {
        "type": "Railway Node"
      },
      "geometry": {
        "type": "Point",
        "coordinates": [
          -79.4688241,
          43.6361326
        ]
      }
    },
    {
      "type": "Feature",
      "id": "node/435943285",
      "properties": {
        "type": "Railway Node"
      },
      "geometry": {
        "type": "Point",
        "coordinates": [
          -79.286094,
          43.6896013
        ]
      }
    },
    {
      "type": "Feature",
      "id": "node/435958328",
      "properties": {
        "type": "Railway Node"
      },
      "geometry": {
        "type": "Point",
        "coordinates": [
          -79.277867,
          43.6915204
        ]
      }
    },
    {
      "type": "Feature",
      "id": "node/435958331",
      "properties": {
        "type": "Railway Node"
      },
      "geometry": {
        "type": "Point",
        "coordinates": [
          -79.2656007,
          43.7010208
        ]
      }
    },
    {
      "type": "Feature",
      "id": "node/435958366",
      "properties": {
        "type": "Railway Node"
      },
      "geometry": {
        "type": "Point",
        "coordinates": [
          -79.2559133,
          43.7158451
        ]
      }
    },
    {
      "type": "Feature",
      "id": "node/435964648",
      "properties": {
        "type": "Railway Node"
      },
      "geometry": {
        "type": "Point",
        "coordinates": [
          -79.2513098,
          43.7224471
        ]
      }
    },
    {
      "type": "Feature",
      "id": "node/437597367",
      "properties": {
        "type": "Railway Node"
      },
      "geometry": {
        "type": "Point",
        "coordinates": [
          -79.2635838,
          43.880944
        ]
      }
    },
    {
      "type": "Feature",
      "id": "node/437985721",
      "properties": {
        "type": "Railway Node"
      },
      "geometry": {
        "type": "Point",
        "coordinates": [
          -79.2864021,
          43.8745064
        ]
      }
    },
    {
      "type": "Feature",
      "id": "node/438074781",
      "properties": {
        "type": "Railway Node"
      },
      "geometry": {
        "type": "Point",
        "coordinates": [
          -79.2591865,
          43.7106887
        ]
      }
    },
    {
      "type": "Feature",
      "id": "node/446566242",
      "properties": {
        "type": "Railway Node"
      },
      "geometry": {
        "type": "Point",
        "coordinates": [
          -79.3632339,
          43.8256455
        ]
      }
    },
    {
      "type": "Feature",
      "id": "node/485361441",
      "properties": {
        "type": "Railway Node"
      },
      "geometry": {
        "type": "Point",
        "coordinates": [
          -78.6681968,
          43.8961954
        ]
      }
    },
    {
      "type": "Feature",
      "id": "node/485883478",
      "properties": {
        "type": "Railway Node"
      },
      "geometry": {
        "type": "Point",
        "coordinates": [
          -78.7550908,
          43.883481
        ]
      }
    },
    {
      "type": "Feature",
      "id": "node/489704808",
      "properties": {
        "type": "Railway Node"
      },
      "geometry": {
        "type": "Point",
        "coordinates": [
          -78.3422113,
          44.2786078
        ]
      }
    },
    {
      "type": "Feature",
      "id": "node/491791113",
      "properties": {
        "type": "Railway Node"
      },
      "geometry": {
        "type": "Point",
        "coordinates": [
          -79.3910483,
          43.6424824
        ]
      }
    },
    {
      "type": "Feature",
      "id": "node/491793988",
      "properties": {
        "type": "Railway Node"
      },
      "geometry": {
        "type": "Point",
        "coordinates": [
          -79.4118272,
          43.6403476
        ]
      }
    },
    {
      "type": "Feature",
      "id": "node/493160094",
      "properties": {
        "type": "Railway Node"
      },
      "geometry": {
        "type": "Point",
        "coordinates": [
          -79.3895408,
          43.6427578
        ]
      }
    },
    {
      "type": "Feature",
      "id": "node/495842177",
      "properties": {
        "type": "Railway Node"
      },
      "geometry": {
        "type": "Point",
        "coordinates": [
          -78.8754105,
          43.8649876
        ]
      }
    },
    {
      "type": "Feature",
      "id": "node/495842180",
      "properties": {
        "type": "Railway Node"
      },
      "geometry": {
        "type": "Point",
        "coordinates": [
          -78.8729711,
          43.8654832
        ]
      }
    },
    {
      "type": "Feature",
      "id": "node/495842201",
      "properties": {
        "type": "Railway Node"
      },
      "geometry": {
        "type": "Point",
        "coordinates": [
          -78.8773971,
          43.8651098
        ]
      }
    },
    {
      "type": "Feature",
      "id": "node/495842205",
      "properties": {
        "type": "Railway Node"
      },
      "geometry": {
        "type": "Point",
        "coordinates": [
          -78.8760671,
          43.8641432
        ]
      }
    },
    {
      "type": "Feature",
      "id": "node/495842208",
      "properties": {
        "type": "Railway Node"
      },
      "geometry": {
        "type": "Point",
        "coordinates": [
          -78.8751301,
          43.8611041
        ]
      }
    },
    {
      "type": "Feature",
      "id": "node/495842210",
      "properties": {
        "type": "Railway Node"
      },
      "geometry": {
        "type": "Point",
        "coordinates": [
          -78.87526,
          43.8600157
        ]
      }
    },
    {
      "type": "Feature",
      "id": "node/495842213",
      "properties": {
        "type": "Railway Node"
      },
      "geometry": {
        "type": "Point",
        "coordinates": [
          -78.8762784,
          43.8592782
        ]
      }
    },
    {
      "type": "Feature",
      "id": "node/495842224",
      "properties": {
        "type": "Railway Node"
      },
      "geometry": {
        "type": "Point",
        "coordinates": [
          -78.8756855,
          43.8628509
        ]
      }
    },
    {
      "type": "Feature",
      "id": "node/495842229",
      "properties": {
        "type": "Railway Node"
      },
      "geometry": {
        "type": "Point",
        "coordinates": [
          -78.8737931,
          43.8609666
        ]
      }
    },
    {
      "type": "Feature",
      "id": "node/495842230",
      "properties": {
        "type": "Railway Node"
      },
      "geometry": {
        "type": "Point",
        "coordinates": [
          -78.8726656,
          43.8582694
        ]
      }
    },
    {
      "type": "Feature",
      "id": "node/495842238",
      "properties": {
        "type": "Railway Node"
      },
      "geometry": {
        "type": "Point",
        "coordinates": [
          -78.874677,
          43.8620468
        ]
      }
    },
    {
      "type": "Feature",
      "id": "node/495842261",
      "properties": {
        "type": "Railway Node"
      },
      "geometry": {
        "type": "Point",
        "coordinates": [
          -78.8722165,
          43.8662361
        ]
      }
    },
    {
      "type": "Feature",
      "id": "node/495842264",
      "properties": {
        "type": "Railway Node"
      },
      "geometry": {
        "type": "Point",
        "coordinates": [
          -78.8710602,
          43.8657775
        ]
      }
    },
    {
      "type": "Feature",
      "id": "node/495842276",
      "properties": {
        "type": "Railway Node"
      },
      "geometry": {
        "type": "Point",
        "coordinates": [
          -78.8684535,
          43.860995
        ]
      }
    },
    {
      "type": "Feature",
      "id": "node/495974045",
      "properties": {
        "type": "Railway Node"
      },
      "geometry": {
        "type": "Point",
        "coordinates": [
          -78.8856161,
          43.88
        ]
      }
    },
    {
      "type": "Feature",
      "id": "node/495974048",
      "properties": {
        "type": "Railway Node"
      },
      "geometry": {
        "type": "Point",
        "coordinates": [
          -78.8864416,
          43.8814647
        ]
      }
    },
    {
      "type": "Feature",
      "id": "node/495974050",
      "properties": {
        "type": "Railway Node"
      },
      "geometry": {
        "type": "Point",
        "coordinates": [
          -78.8874571,
          43.8820133
        ]
      }
    },
    {
      "type": "Feature",
      "id": "node/524818597",
      "properties": {
        "type": "Railway Node"
      },
      "geometry": {
        "type": "Point",
        "coordinates": [
          -79.2970589,
          43.8133624
        ]
      }
    },
    {
      "type": "Feature",
      "id": "node/524825320",
      "properties": {
        "type": "Railway Node"
      },
      "geometry": {
        "type": "Point",
        "coordinates": [
          -79.2775506,
          43.770658
        ]
      }
    },
    {
      "type": "Feature",
      "id": "node/524825323",
      "properties": {
        "type": "Railway Node"
      },
      "geometry": {
        "type": "Point",
        "coordinates": [
          -79.2778917,
          43.771552
        ]
      }
    },
    {
      "type": "Feature",
      "id": "node/524825326",
      "properties": {
        "type": "Railway Node"
      },
      "geometry": {
        "type": "Point",
        "coordinates": [
          -79.278384,
          43.7728474
        ]
      }
    },
    {
      "type": "Feature",
      "id": "node/529139570",
      "properties": {
        "type": "Railway Node"
      },
      "geometry": {
        "type": "Point",
        "coordinates": [
          -78.4978248,
          43.9064011
        ]
      }
    },
    {
      "type": "Feature",
      "id": "node/534446101",
      "properties": {
        "type": "Railway Node"
      },
      "geometry": {
        "type": "Point",
        "coordinates": [
          -79.3342703,
          43.8361108
        ]
      }
    },
    {
      "type": "Feature",
      "id": "node/534446104",
      "properties": {
        "type": "Railway Node"
      },
      "geometry": {
        "type": "Point",
        "coordinates": [
          -79.3111783,
          43.8346438
        ]
      }
    },
    {
      "type": "Feature",
      "id": "node/540601884",
      "properties": {
        "type": "Railway Node"
      },
      "geometry": {
        "type": "Point",
        "coordinates": [
          -79.4572663,
          43.6645209
        ]
      }
    },
    {
      "type": "Feature",
      "id": "node/541636529",
      "properties": {
        "type": "Railway Node"
      },
      "geometry": {
        "type": "Point",
        "coordinates": [
          -79.2030383,
          43.7540376
        ]
      }
    },
    {
      "type": "Feature",
      "id": "node/568839863",
      "properties": {
        "type": "Railway Node"
      },
      "geometry": {
        "type": "Point",
        "coordinates": [
          -79.4814554,
          43.7690968
        ]
      }
    },
    {
      "type": "Feature",
      "id": "node/587317160",
      "properties": {
        "type": "Railway Node"
      },
      "geometry": {
        "type": "Point",
        "coordinates": [
          -79.3150289,
          43.8495995
        ]
      }
    },
    {
      "type": "Feature",
      "id": "node/587363988",
      "properties": {
        "type": "Railway Node"
      },
      "geometry": {
        "type": "Point",
        "coordinates": [
          -79.2566989,
          43.7146099
        ]
      }
    },
    {
      "type": "Feature",
      "id": "node/595510795",
      "properties": {
        "type": "Railway Node"
      },
      "geometry": {
        "type": "Point",
        "coordinates": [
          -79.4010968,
          43.8128355
        ]
      }
    },
    {
      "type": "Feature",
      "id": "node/595789583",
      "properties": {
        "type": "Railway Node"
      },
      "geometry": {
        "type": "Point",
        "coordinates": [
          -79.3152201,
          43.8419289
        ]
      }
    },
    {
      "type": "Feature",
      "id": "node/595793527",
      "properties": {
        "type": "Railway Node"
      },
      "geometry": {
        "type": "Point",
        "coordinates": [
          -79.3153764,
          43.847398
        ]
      }
    },
    {
      "type": "Feature",
      "id": "node/596930902",
      "properties": {
        "type": "Railway Node"
      },
      "geometry": {
        "type": "Point",
        "coordinates": [
          -79.3150668,
          43.8409414
        ]
      }
    },
    {
      "type": "Feature",
      "id": "node/596934756",
      "properties": {
        "type": "Railway Node"
      },
      "geometry": {
        "type": "Point",
        "coordinates": [
          -79.3120715,
          43.8355373
        ]
      }
    },
    {
      "type": "Feature",
      "id": "node/596941673",
      "properties": {
        "type": "Railway Node"
      },
      "geometry": {
        "type": "Point",
        "coordinates": [
          -79.4873484,
          43.7986329
        ]
      }
    },
    {
      "type": "Feature",
      "id": "node/596941691",
      "properties": {
        "type": "Railway Node"
      },
      "geometry": {
        "type": "Point",
        "coordinates": [
          -79.4860811,
          43.790992
        ]
      }
    },
    {
      "type": "Feature",
      "id": "node/596941694",
      "properties": {
        "type": "Railway Node"
      },
      "geometry": {
        "type": "Point",
        "coordinates": [
          -79.4862601,
          43.7919038
        ]
      }
    },
    {
      "type": "Feature",
      "id": "node/596941697",
      "properties": {
        "type": "Railway Node"
      },
      "geometry": {
        "type": "Point",
        "coordinates": [
          -79.4864867,
          43.79316
        ]
      }
    },
    {
      "type": "Feature",
      "id": "node/596941699",
      "properties": {
        "type": "Railway Node"
      },
      "geometry": {
        "type": "Point",
        "coordinates": [
          -79.4865673,
          43.7941198
        ]
      }
    },
    {
      "type": "Feature",
      "id": "node/597930241",
      "properties": {
        "type": "Railway Node"
      },
      "geometry": {
        "type": "Point",
        "coordinates": [
          -79.4920685,
          43.7861779
        ]
      }
    },
    {
      "type": "Feature",
      "id": "node/597930247",
      "properties": {
        "type": "Railway Node"
      },
      "geometry": {
        "type": "Point",
        "coordinates": [
          -79.4953967,
          43.7854645
        ]
      }
    },
    {
      "type": "Feature",
      "id": "node/597930329",
      "properties": {
        "type": "Railway Node"
      },
      "geometry": {
        "type": "Point",
        "coordinates": [
          -79.483875,
          43.7880216
        ]
      }
    },
    {
      "type": "Feature",
      "id": "node/597930331",
      "properties": {
        "type": "Railway Node"
      },
      "geometry": {
        "type": "Point",
        "coordinates": [
          -79.478391,
          43.7892555
        ]
      }
    },
    {
      "type": "Feature",
      "id": "node/597932338",
      "properties": {
        "type": "Railway Node"
      },
      "geometry": {
        "type": "Point",
        "coordinates": [
          -79.5183797,
          43.7802043
        ]
      }
    },
    {
      "type": "Feature",
      "id": "node/599903647",
      "properties": {
        "type": "Railway Node"
      },
      "geometry": {
        "type": "Point",
        "coordinates": [
          -79.4664792,
          43.6736361
        ]
      }
    },
    {
      "type": "Feature",
      "id": "node/599906050",
      "properties": {
        "type": "Railway Node"
      },
      "geometry": {
        "type": "Point",
        "coordinates": [
          -79.4419561,
          43.6491019
        ]
      }
    },
    {
      "type": "Feature",
      "id": "node/599906636",
      "properties": {
        "type": "Railway Node"
      },
      "geometry": {
        "type": "Point",
        "coordinates": [
          -79.4351183,
          43.6455576
        ]
      }
    },
    {
      "type": "Feature",
      "id": "node/599906810",
      "properties": {
        "type": "Railway Node"
      },
      "geometry": {
        "type": "Point",
        "coordinates": [
          -79.4370848,
          43.6464819
        ]
      }
    },
    {
      "type": "Feature",
      "id": "node/599907453",
      "properties": {
        "type": "Railway Node"
      },
      "geometry": {
        "type": "Point",
        "coordinates": [
          -79.4301255,
          43.6431407
        ]
      }
    },
    {
      "type": "Feature",
      "id": "node/600193795",
      "properties": {
        "type": "Railway Node"
      },
      "geometry": {
        "type": "Point",
        "coordinates": [
          -79.4584733,
          43.6653266
        ]
      }
    },
    {
      "type": "Feature",
      "id": "node/600206380",
      "properties": {
        "type": "Railway Node"
      },
      "geometry": {
        "type": "Point",
        "coordinates": [
          -79.4280759,
          43.6422149
        ]
      }
    },
    {
      "type": "Feature",
      "id": "node/600209347",
      "properties": {
        "type": "Railway Node"
      },
      "geometry": {
        "type": "Point",
        "coordinates": [
          -79.4217884,
          43.6406041
        ]
      }
    },
    {
      "type": "Feature",
      "id": "node/600209531",
      "properties": {
        "type": "Railway Node"
      },
      "geometry": {
        "type": "Point",
        "coordinates": [
          -79.4200971,
          43.640532
        ]
      }
    },
    {
      "type": "Feature",
      "id": "node/600214937",
      "properties": {
        "type": "Railway Node"
      },
      "geometry": {
        "type": "Point",
        "coordinates": [
          -79.4187612,
          43.6405218
        ]
      }
    },
    {
      "type": "Feature",
      "id": "node/600223741",
      "properties": {
        "type": "Railway Node"
      },
      "geometry": {
        "type": "Point",
        "coordinates": [
          -79.4096863,
          43.6402217
        ]
      }
    },
    {
      "type": "Feature",
      "id": "node/618827799",
      "properties": {
        "type": "Railway Node"
      },
      "geometry": {
        "type": "Point",
        "coordinates": [
          -79.2019625,
          43.8791309
        ]
      }
    },
    {
      "type": "Feature",
      "id": "node/620237197",
      "properties": {
        "type": "Railway Node"
      },
      "geometry": {
        "type": "Point",
        "coordinates": [
          -79.4564953,
          43.6671842
        ]
      }
    },
    {
      "type": "Feature",
      "id": "node/621428181",
      "properties": {
        "type": "Railway Node"
      },
      "geometry": {
        "type": "Point",
        "coordinates": [
          -79.4674601,
          43.6674312
        ]
      }
    },
    {
      "type": "Feature",
      "id": "node/651187529",
      "properties": {
        "type": "Railway Node"
      },
      "geometry": {
        "type": "Point",
        "coordinates": [
          -79.1609224,
          43.834843
        ]
      }
    },
    {
      "type": "Feature",
      "id": "node/651197991",
      "properties": {
        "type": "Railway Node"
      },
      "geometry": {
        "type": "Point",
        "coordinates": [
          -79.2084794,
          43.8445196
        ]
      }
    },
    {
      "type": "Feature",
      "id": "node/684831309",
      "properties": {
        "type": "Railway Node"
      },
      "geometry": {
        "type": "Point",
        "coordinates": [
          -78.7816121,
          44.0595181
        ]
      }
    },
    {
      "type": "Feature",
      "id": "node/684831312",
      "properties": {
        "type": "Railway Node"
      },
      "geometry": {
        "type": "Point",
        "coordinates": [
          -78.5520382,
          44.141137
        ]
      }
    },
    {
      "type": "Feature",
      "id": "node/684831313",
      "properties": {
        "type": "Railway Node"
      },
      "geometry": {
        "type": "Point",
        "coordinates": [
          -78.5492772,
          44.1425848
        ]
      }
    },
    {
      "type": "Feature",
      "id": "node/684831314",
      "properties": {
        "type": "Railway Node"
      },
      "geometry": {
        "type": "Point",
        "coordinates": [
          -78.5359761,
          44.1635963
        ]
      }
    },
    {
      "type": "Feature",
      "id": "node/684831315",
      "properties": {
        "type": "Railway Node"
      },
      "geometry": {
        "type": "Point",
        "coordinates": [
          -78.4942158,
          44.1836366
        ]
      }
    },
    {
      "type": "Feature",
      "id": "node/684831316",
      "properties": {
        "type": "Railway Node"
      },
      "geometry": {
        "type": "Point",
        "coordinates": [
          -78.4488692,
          44.2070054
        ]
      }
    },
    {
      "type": "Feature",
      "id": "node/688892607",
      "properties": {
        "type": "Railway Node"
      },
      "geometry": {
        "type": "Point",
        "coordinates": [
          -78.3796696,
          43.9462734
        ]
      }
    },
    {
      "type": "Feature",
      "id": "node/697769667",
      "properties": {
        "type": "Railway Node"
      },
      "geometry": {
        "type": "Point",
        "coordinates": [
          -77.4928104,
          44.1473364
        ]
      }
    },
    {
      "type": "Feature",
      "id": "node/698647908",
      "properties": {
        "type": "Railway Node"
      },
      "geometry": {
        "type": "Point",
        "coordinates": [
          -79.5057105,
          43.7840932
        ]
      }
    },
    {
      "type": "Feature",
      "id": "node/698647929",
      "properties": {
        "type": "Railway Node"
      },
      "geometry": {
        "type": "Point",
        "coordinates": [
          -79.5029806,
          43.7839547
        ]
      }
    },
    {
      "type": "Feature",
      "id": "node/698647932",
      "properties": {
        "type": "Railway Node"
      },
      "geometry": {
        "type": "Point",
        "coordinates": [
          -79.5043465,
          43.7850359
        ]
      }
    },
    {
      "type": "Feature",
      "id": "node/698647940",
      "properties": {
        "type": "Railway Node"
      },
      "geometry": {
        "type": "Point",
        "coordinates": [
          -79.5010102,
          43.7850994
        ]
      }
    },
    {
      "type": "Feature",
      "id": "node/698647950",
      "properties": {
        "type": "Railway Node"
      },
      "geometry": {
        "type": "Point",
        "coordinates": [
          -79.500009,
          43.7844818
        ]
      }
    },
    {
      "type": "Feature",
      "id": "node/698647955",
      "properties": {
        "type": "Railway Node"
      },
      "geometry": {
        "type": "Point",
        "coordinates": [
          -79.5059209,
          43.7879875
        ]
      }
    },
    {
      "type": "Feature",
      "id": "node/698647987",
      "properties": {
        "type": "Railway Node"
      },
      "geometry": {
        "type": "Point",
        "coordinates": [
          -79.5069234,
          43.7898956
        ]
      }
    },
    {
      "type": "Feature",
      "id": "node/698648306",
      "properties": {
        "type": "Railway Node"
      },
      "geometry": {
        "type": "Point",
        "coordinates": [
          -79.5073421,
          43.7963927
        ]
      }
    },
    {
      "type": "Feature",
      "id": "node/698648319",
      "properties": {
        "type": "Railway Node"
      },
      "geometry": {
        "type": "Point",
        "coordinates": [
          -79.5004563,
          43.7924144
        ]
      }
    },
    {
      "type": "Feature",
      "id": "node/698655544",
      "properties": {
        "type": "Railway Node"
      },
      "geometry": {
        "type": "Point",
        "coordinates": [
          -79.502645,
          44.1019653
        ]
      }
    },
    {
      "type": "Feature",
      "id": "node/701915468",
      "properties": {
        "type": "Railway Node"
      },
      "geometry": {
        "type": "Point",
        "coordinates": [
          -79.287626,
          44.2460096
        ]
      }
    },
    {
      "type": "Feature",
      "id": "node/701931077",
      "properties": {
        "type": "Railway Node"
      },
      "geometry": {
        "type": "Point",
        "coordinates": [
          -79.2147737,
          44.3041202
        ]
      }
    },
    {
      "type": "Feature",
      "id": "node/701931183",
      "properties": {
        "type": "Railway Node"
      },
      "geometry": {
        "type": "Point",
        "coordinates": [
          -79.2230026,
          44.2977739
        ]
      }
    },
    {
      "type": "Feature",
      "id": "node/701935121",
      "properties": {
        "type": "Railway Node"
      },
      "geometry": {
        "type": "Point",
        "coordinates": [
          -79.1963776,
          44.3488842
        ]
      }
    },
    {
      "type": "Feature",
      "id": "node/702322250",
      "properties": {
        "type": "Railway Node"
      },
      "geometry": {
        "type": "Point",
        "coordinates": [
          -79.2037869,
          44.3134627
        ]
      }
    },
    {
      "type": "Feature",
      "id": "node/702361119",
      "properties": {
        "type": "Railway Node"
      },
      "geometry": {
        "type": "Point",
        "coordinates": [
          -79.4579759,
          44.0578147
        ]
      }
    },
    {
      "type": "Feature",
      "id": "node/702361121",
      "properties": {
        "type": "Railway Node"
      },
      "geometry": {
        "type": "Point",
        "coordinates": [
          -79.4573354,
          44.0568435
        ]
      }
    },
    {
      "type": "Feature",
      "id": "node/702361126",
      "properties": {
        "type": "Railway Node"
      },
      "geometry": {
        "type": "Point",
        "coordinates": [
          -79.4608882,
          44.061859
        ]
      }
    },
    {
      "type": "Feature",
      "id": "node/702361150",
      "properties": {
        "type": "Railway Node"
      },
      "geometry": {
        "type": "Point",
        "coordinates": [
          -79.4640764,
          44.0243519
        ]
      }
    },
    {
      "type": "Feature",
      "id": "node/702532413",
      "properties": {
        "type": "Railway Node"
      },
      "geometry": {
        "type": "Point",
        "coordinates": [
          -79.1606822,
          44.4743622
        ]
      }
    },
    {
      "type": "Feature",
      "id": "node/702532418",
      "properties": {
        "type": "Railway Node"
      },
      "geometry": {
        "type": "Point",
        "coordinates": [
          -79.1618576,
          44.4773944
        ]
      }
    },
    {
      "type": "Feature",
      "id": "node/702532426",
      "properties": {
        "type": "Railway Node"
      },
      "geometry": {
        "type": "Point",
        "coordinates": [
          -79.1639729,
          44.4906316
        ]
      }
    },
    {
      "type": "Feature",
      "id": "node/702532436",
      "properties": {
        "type": "Railway Node"
      },
      "geometry": {
        "type": "Point",
        "coordinates": [
          -79.1651383,
          44.4864192
        ]
      }
    },
    {
      "type": "Feature",
      "id": "node/702532438",
      "properties": {
        "type": "Railway Node"
      },
      "geometry": {
        "type": "Point",
        "coordinates": [
          -79.1651007,
          44.4878144
        ]
      }
    },
    {
      "type": "Feature",
      "id": "node/702532446",
      "properties": {
        "type": "Railway Node"
      },
      "geometry": {
        "type": "Point",
        "coordinates": [
          -79.1646403,
          44.489433
        ]
      }
    },
    {
      "type": "Feature",
      "id": "node/702532448",
      "properties": {
        "type": "Railway Node"
      },
      "geometry": {
        "type": "Point",
        "coordinates": [
          -79.1569023,
          44.4980716
        ]
      }
    },
    {
      "type": "Feature",
      "id": "node/702532450",
      "properties": {
        "type": "Railway Node"
      },
      "geometry": {
        "type": "Point",
        "coordinates": [
          -79.1584062,
          44.4959184
        ]
      }
    },
    {
      "type": "Feature",
      "id": "node/702532452",
      "properties": {
        "type": "Railway Node"
      },
      "geometry": {
        "type": "Point",
        "coordinates": [
          -79.157738,
          44.496689
        ]
      }
    },
    {
      "type": "Feature",
      "id": "node/702947980",
      "properties": {
        "type": "Railway Node"
      },
      "geometry": {
        "type": "Point",
        "coordinates": [
          -79.4577621,
          44.086189
        ]
      }
    },
    {
      "type": "Feature",
      "id": "node/702948033",
      "properties": {
        "type": "Railway Node"
      },
      "geometry": {
        "type": "Point",
        "coordinates": [
          -79.4602221,
          44.0875451
        ]
      }
    },
    {
      "type": "Feature",
      "id": "node/702948041",
      "properties": {
        "type": "Railway Node"
      },
      "geometry": {
        "type": "Point",
        "coordinates": [
          -79.4738825,
          44.0892025
        ]
      }
    },
    {
      "type": "Feature",
      "id": "node/702948049",
      "properties": {
        "type": "Railway Node"
      },
      "geometry": {
        "type": "Point",
        "coordinates": [
          -79.4980798,
          44.0999939
        ]
      }
    },
    {
      "type": "Feature",
      "id": "node/702948128",
      "properties": {
        "type": "Railway Node"
      },
      "geometry": {
        "type": "Point",
        "coordinates": [
          -79.4708295,
          44.0885273
        ]
      }
    },
    {
      "type": "Feature",
      "id": "node/702948136",
      "properties": {
        "type": "Railway Node"
      },
      "geometry": {
        "type": "Point",
        "coordinates": [
          -79.4724893,
          44.088789
        ]
      }
    },
    {
      "type": "Feature",
      "id": "node/702948143",
      "properties": {
        "type": "Railway Node"
      },
      "geometry": {
        "type": "Point",
        "coordinates": [
          -79.4895504,
          44.093275
        ]
      }
    },
    {
      "type": "Feature",
      "id": "node/702948152",
      "properties": {
        "type": "Railway Node"
      },
      "geometry": {
        "type": "Point",
        "coordinates": [
          -79.321367,
          44.1706567
        ]
      }
    },
    {
      "type": "Feature",
      "id": "node/702948171",
      "properties": {
        "type": "Railway Node"
      },
      "geometry": {
        "type": "Point",
        "coordinates": [
          -79.4571569,
          44.0853905
        ]
      }
    },
    {
      "type": "Feature",
      "id": "node/702948226",
      "properties": {
        "type": "Railway Node"
      },
      "geometry": {
        "type": "Point",
        "coordinates": [
          -79.4789349,
          44.0912346
        ]
      }
    },
    {
      "type": "Feature",
      "id": "node/702948234",
      "properties": {
        "type": "Railway Node"
      },
      "geometry": {
        "type": "Point",
        "coordinates": [
          -79.4882875,
          44.0930304
        ]
      }
    },
    {
      "type": "Feature",
      "id": "node/702948241",
      "properties": {
        "type": "Railway Node"
      },
      "geometry": {
        "type": "Point",
        "coordinates": [
          -79.4943702,
          44.0956183
        ]
      }
    },
    {
      "type": "Feature",
      "id": "node/702948244",
      "properties": {
        "type": "Railway Node"
      },
      "geometry": {
        "type": "Point",
        "coordinates": [
          -79.3112266,
          44.1868137
        ]
      }
    },
    {
      "type": "Feature",
      "id": "node/702948274",
      "properties": {
        "type": "Railway Node"
      },
      "geometry": {
        "type": "Point",
        "coordinates": [
          -79.3098315,
          44.1890686
        ]
      }
    },
    {
      "type": "Feature",
      "id": "node/702948305",
      "properties": {
        "type": "Railway Node"
      },
      "geometry": {
        "type": "Point",
        "coordinates": [
          -79.4776185,
          44.0907806
        ]
      }
    },
    {
      "type": "Feature",
      "id": "node/702948310",
      "properties": {
        "type": "Railway Node"
      },
      "geometry": {
        "type": "Point",
        "coordinates": [
          -79.4930802,
          44.0945217
        ]
      }
    },
    {
      "type": "Feature",
      "id": "node/702948333",
      "properties": {
        "type": "Railway Node"
      },
      "geometry": {
        "type": "Point",
        "coordinates": [
          -79.4589184,
          44.0869958
        ]
      }
    },
    {
      "type": "Feature",
      "id": "node/702948383",
      "properties": {
        "type": "Railway Node"
      },
      "geometry": {
        "type": "Point",
        "coordinates": [
          -79.46164,
          44.0877577
        ]
      }
    },
    {
      "type": "Feature",
      "id": "node/702948389",
      "properties": {
        "type": "Railway Node"
      },
      "geometry": {
        "type": "Point",
        "coordinates": [
          -79.4914894,
          44.0937497
        ]
      }
    },
    {
      "type": "Feature",
      "id": "node/703555462",
      "properties": {
        "type": "Railway Node"
      },
      "geometry": {
        "type": "Point",
        "coordinates": [
          -79.2694461,
          43.7891902
        ]
      }
    },
    {
      "type": "Feature",
      "id": "node/704700987",
      "properties": {
        "type": "Railway Node"
      },
      "geometry": {
        "type": "Point",
        "coordinates": [
          -79.3141317,
          44.724425
        ]
      }
    },
    {
      "type": "Feature",
      "id": "node/704702367",
      "properties": {
        "type": "Railway Node"
      },
      "geometry": {
        "type": "Point",
        "coordinates": [
          -79.1543936,
          44.5062774
        ]
      }
    },
    {
      "type": "Feature",
      "id": "node/704703387",
      "properties": {
        "type": "Railway Node"
      },
      "geometry": {
        "type": "Point",
        "coordinates": [
          -79.3406122,
          44.7087231
        ]
      }
    },
    {
      "type": "Feature",
      "id": "node/704705265",
      "properties": {
        "type": "Railway Node"
      },
      "geometry": {
        "type": "Point",
        "coordinates": [
          -79.2720883,
          44.6564985
        ]
      }
    },
    {
      "type": "Feature",
      "id": "node/704706512",
      "properties": {
        "type": "Railway Node"
      },
      "geometry": {
        "type": "Point",
        "coordinates": [
          -79.2725571,
          44.664734
        ]
      }
    },
    {
      "type": "Feature",
      "id": "node/704707117",
      "properties": {
        "type": "Railway Node"
      },
      "geometry": {
        "type": "Point",
        "coordinates": [
          -79.3354015,
          44.7490685
        ]
      }
    },
    {
      "type": "Feature",
      "id": "node/704708934",
      "properties": {
        "type": "Railway Node"
      },
      "geometry": {
        "type": "Point",
        "coordinates": [
          -79.3275845,
          44.7416813
        ]
      }
    },
    {
      "type": "Feature",
      "id": "node/704709709",
      "properties": {
        "type": "Railway Node"
      },
      "geometry": {
        "type": "Point",
        "coordinates": [
          -79.3307281,
          44.742857
        ]
      }
    },
    {
      "type": "Feature",
      "id": "node/704710306",
      "properties": {
        "type": "Railway Node"
      },
      "geometry": {
        "type": "Point",
        "coordinates": [
          -79.2652815,
          44.6481136
        ]
      }
    },
    {
      "type": "Feature",
      "id": "node/704711053",
      "properties": {
        "type": "Railway Node"
      },
      "geometry": {
        "type": "Point",
        "coordinates": [
          -79.3342237,
          44.7448169
        ]
      }
    },
    {
      "type": "Feature",
      "id": "node/704711325",
      "properties": {
        "type": "Railway Node"
      },
      "geometry": {
        "type": "Point",
        "coordinates": [
          -79.2635236,
          44.6472047
        ]
      }
    },
    {
      "type": "Feature",
      "id": "node/704712077",
      "properties": {
        "type": "Railway Node"
      },
      "geometry": {
        "type": "Point",
        "coordinates": [
          -79.325863,
          44.740983
        ]
      }
    },
    {
      "type": "Feature",
      "id": "node/704712313",
      "properties": {
        "type": "Railway Node"
      },
      "geometry": {
        "type": "Point",
        "coordinates": [
          -79.1823828,
          44.5478333
        ]
      }
    },
    {
      "type": "Feature",
      "id": "node/704712961",
      "properties": {
        "type": "Railway Node"
      },
      "geometry": {
        "type": "Point",
        "coordinates": [
          -79.3147449,
          44.7253508
        ]
      }
    },
    {
      "type": "Feature",
      "id": "node/704713210",
      "properties": {
        "type": "Railway Node"
      },
      "geometry": {
        "type": "Point",
        "coordinates": [
          -79.1849647,
          44.5539386
        ]
      }
    },
    {
      "type": "Feature",
      "id": "node/704714061",
      "properties": {
        "type": "Railway Node"
      },
      "geometry": {
        "type": "Point",
        "coordinates": [
          -79.1809496,
          44.5458798
        ]
      }
    },
    {
      "type": "Feature",
      "id": "node/704717064",
      "properties": {
        "type": "Railway Node"
      },
      "geometry": {
        "type": "Point",
        "coordinates": [
          -79.1703602,
          44.5354416
        ]
      }
    },
    {
      "type": "Feature",
      "id": "node/704718713",
      "properties": {
        "type": "Railway Node"
      },
      "geometry": {
        "type": "Point",
        "coordinates": [
          -79.2710335,
          44.6551519
        ]
      }
    },
    {
      "type": "Feature",
      "id": "node/704718776",
      "properties": {
        "type": "Railway Node"
      },
      "geometry": {
        "type": "Point",
        "coordinates": [
          -79.2776617,
          44.673504
        ]
      }
    },
    {
      "type": "Feature",
      "id": "node/704719884",
      "properties": {
        "type": "Railway Node"
      },
      "geometry": {
        "type": "Point",
        "coordinates": [
          -79.2724952,
          44.6634296
        ]
      }
    },
    {
      "type": "Feature",
      "id": "node/704724222",
      "properties": {
        "type": "Railway Node"
      },
      "geometry": {
        "type": "Point",
        "coordinates": [
          -79.2373737,
          44.6366838
        ]
      }
    },
    {
      "type": "Feature",
      "id": "node/704725316",
      "properties": {
        "type": "Railway Node"
      },
      "geometry": {
        "type": "Point",
        "coordinates": [
          -79.2386274,
          44.6374294
        ]
      }
    },
    {
      "type": "Feature",
      "id": "node/704726837",
      "properties": {
        "type": "Railway Node"
      },
      "geometry": {
        "type": "Point",
        "coordinates": [
          -79.2092491,
          44.6108776
        ]
      }
    },
    {
      "type": "Feature",
      "id": "node/704727595",
      "properties": {
        "type": "Railway Node"
      },
      "geometry": {
        "type": "Point",
        "coordinates": [
          -79.3345499,
          44.7465126
        ]
      }
    },
    {
      "type": "Feature",
      "id": "node/704727844",
      "properties": {
        "type": "Railway Node"
      },
      "geometry": {
        "type": "Point",
        "coordinates": [
          -79.1759514,
          44.5408466
        ]
      }
    },
    {
      "type": "Feature",
      "id": "node/704729334",
      "properties": {
        "type": "Railway Node"
      },
      "geometry": {
        "type": "Point",
        "coordinates": [
          -79.3342252,
          44.7378158
        ]
      }
    },
    {
      "type": "Feature",
      "id": "node/704730070",
      "properties": {
        "type": "Railway Node"
      },
      "geometry": {
        "type": "Point",
        "coordinates": [
          -79.201874,
          44.5941602
        ]
      }
    },
    {
      "type": "Feature",
      "id": "node/704731614",
      "properties": {
        "type": "Railway Node"
      },
      "geometry": {
        "type": "Point",
        "coordinates": [
          -79.3342892,
          44.7368942
        ]
      }
    },
    {
      "type": "Feature",
      "id": "node/704732629",
      "properties": {
        "type": "Railway Node"
      },
      "geometry": {
        "type": "Point",
        "coordinates": [
          -79.338664,
          44.7229895
        ]
      }
    },
    {
      "type": "Feature",
      "id": "node/704734897",
      "properties": {
        "type": "Railway Node"
      },
      "geometry": {
        "type": "Point",
        "coordinates": [
          -79.1722294,
          44.5373111
        ]
      }
    },
    {
      "type": "Feature",
      "id": "node/704735361",
      "properties": {
        "type": "Railway Node"
      },
      "geometry": {
        "type": "Point",
        "coordinates": [
          -79.337997,
          44.7250311
        ]
      }
    },
    {
      "type": "Feature",
      "id": "node/704735773",
      "properties": {
        "type": "Railway Node"
      },
      "geometry": {
        "type": "Point",
        "coordinates": [
          -79.2662653,
          44.6490468
        ]
      }
    },
    {
      "type": "Feature",
      "id": "node/704736537",
      "properties": {
        "type": "Railway Node"
      },
      "geometry": {
        "type": "Point",
        "coordinates": [
          -79.2871956,
          44.6867594
        ]
      }
    },
    {
      "type": "Feature",
      "id": "node/704736954",
      "properties": {
        "type": "Railway Node"
      },
      "geometry": {
        "type": "Point",
        "coordinates": [
          -79.3347367,
          44.7481415
        ]
      }
    },
    {
      "type": "Feature",
      "id": "node/704737321",
      "properties": {
        "type": "Railway Node"
      },
      "geometry": {
        "type": "Point",
        "coordinates": [
          -79.2730782,
          44.6593999
        ]
      }
    },
    {
      "type": "Feature",
      "id": "node/704741524",
      "properties": {
        "type": "Railway Node"
      },
      "geometry": {
        "type": "Point",
        "coordinates": [
          -79.2064945,
          44.6050601
        ]
      }
    },
    {
      "type": "Feature",
      "id": "node/704743317",
      "properties": {
        "type": "Railway Node"
      },
      "geometry": {
        "type": "Point",
        "coordinates": [
          -79.2082616,
          44.6092052
        ]
      }
    },
    {
      "type": "Feature",
      "id": "node/704744195",
      "properties": {
        "type": "Railway Node"
      },
      "geometry": {
        "type": "Point",
        "coordinates": [
          -79.1919237,
          44.5704996
        ]
      }
    },
    {
      "type": "Feature",
      "id": "node/704745053",
      "properties": {
        "type": "Railway Node"
      },
      "geometry": {
        "type": "Point",
        "coordinates": [
          -79.3344906,
          44.7414506
        ]
      }
    },
    {
      "type": "Feature",
      "id": "node/704745847",
      "properties": {
        "type": "Railway Node"
      },
      "geometry": {
        "type": "Point",
        "coordinates": [
          -79.1934618,
          44.5741799
        ]
      }
    },
    {
      "type": "Feature",
      "id": "node/704746792",
      "properties": {
        "type": "Railway Node"
      },
      "geometry": {
        "type": "Point",
        "coordinates": [
          -79.1580195,
          44.5212416
        ]
      }
    },
    {
      "type": "Feature",
      "id": "node/704748112",
      "properties": {
        "type": "Railway Node"
      },
      "geometry": {
        "type": "Point",
        "coordinates": [
          -79.3081467,
          44.715399
        ]
      }
    },
    {
      "type": "Feature",
      "id": "node/704749982",
      "properties": {
        "type": "Railway Node"
      },
      "geometry": {
        "type": "Point",
        "coordinates": [
          -79.3348868,
          44.7349649
        ]
      }
    },
    {
      "type": "Feature",
      "id": "node/704751933",
      "properties": {
        "type": "Railway Node"
      },
      "geometry": {
        "type": "Point",
        "coordinates": [
          -79.1544039,
          44.5081094
        ]
      }
    },
    {
      "type": "Feature",
      "id": "node/704752925",
      "properties": {
        "type": "Railway Node"
      },
      "geometry": {
        "type": "Point",
        "coordinates": [
          -79.3373268,
          44.7500358
        ]
      }
    },
    {
      "type": "Feature",
      "id": "node/704756260",
      "properties": {
        "type": "Railway Node"
      },
      "geometry": {
        "type": "Point",
        "coordinates": [
          -79.226459,
          44.6268878
        ]
      }
    },
    {
      "type": "Feature",
      "id": "node/704757205",
      "properties": {
        "type": "Railway Node"
      },
      "geometry": {
        "type": "Point",
        "coordinates": [
          -79.2149021,
          44.6162119
        ]
      }
    },
    {
      "type": "Feature",
      "id": "node/704758223",
      "properties": {
        "type": "Railway Node"
      },
      "geometry": {
        "type": "Point",
        "coordinates": [
          -79.2396058,
          44.638016
        ]
      }
    },
    {
      "type": "Feature",
      "id": "node/704761327",
      "properties": {
        "type": "Railway Node"
      },
      "geometry": {
        "type": "Point",
        "coordinates": [
          -79.2579242,
          44.6451111
        ]
      }
    },
    {
      "type": "Feature",
      "id": "node/704763525",
      "properties": {
        "type": "Railway Node"
      },
      "geometry": {
        "type": "Point",
        "coordinates": [
          -79.1586544,
          44.5232146
        ]
      }
    },
    {
      "type": "Feature",
      "id": "node/704764803",
      "properties": {
        "type": "Railway Node"
      },
      "geometry": {
        "type": "Point",
        "coordinates": [
          -79.2919666,
          44.693237
        ]
      }
    },
    {
      "type": "Feature",
      "id": "node/704765609",
      "properties": {
        "type": "Railway Node"
      },
      "geometry": {
        "type": "Point",
        "coordinates": [
          -79.1745604,
          44.5396013
        ]
      }
    },
    {
      "type": "Feature",
      "id": "node/704766370",
      "properties": {
        "type": "Railway Node"
      },
      "geometry": {
        "type": "Point",
        "coordinates": [
          -79.3036888,
          44.709179
        ]
      }
    },
    {
      "type": "Feature",
      "id": "node/704767615",
      "properties": {
        "type": "Railway Node"
      },
      "geometry": {
        "type": "Point",
        "coordinates": [
          -79.1559349,
          44.5010962
        ]
      }
    },
    {
      "type": "Feature",
      "id": "node/704769904",
      "properties": {
        "type": "Railway Node"
      },
      "geometry": {
        "type": "Point",
        "coordinates": [
          -79.1557457,
          44.5131189
        ]
      }
    },
    {
      "type": "Feature",
      "id": "node/704770130",
      "properties": {
        "type": "Railway Node"
      },
      "geometry": {
        "type": "Point",
        "coordinates": [
          -79.2739324,
          44.6673041
        ]
      }
    },
    {
      "type": "Feature",
      "id": "node/704770449",
      "properties": {
        "type": "Railway Node"
      },
      "geometry": {
        "type": "Point",
        "coordinates": [
          -79.2729152,
          44.6578405
        ]
      }
    },
    {
      "type": "Feature",
      "id": "node/704770502",
      "properties": {
        "type": "Railway Node"
      },
      "geometry": {
        "type": "Point",
        "coordinates": [
          -79.2812486,
          44.678485
        ]
      }
    },
    {
      "type": "Feature",
      "id": "node/704774080",
      "properties": {
        "type": "Railway Node"
      },
      "geometry": {
        "type": "Point",
        "coordinates": [
          -79.2354783,
          44.6351574
        ]
      }
    },
    {
      "type": "Feature",
      "id": "node/704774321",
      "properties": {
        "type": "Railway Node"
      },
      "geometry": {
        "type": "Point",
        "coordinates": [
          -79.3241139,
          44.7395222
        ]
      }
    },
    {
      "type": "Feature",
      "id": "node/704776677",
      "properties": {
        "type": "Railway Node"
      },
      "geometry": {
        "type": "Point",
        "coordinates": [
          -79.2421116,
          44.639188
        ]
      }
    },
    {
      "type": "Feature",
      "id": "node/704777909",
      "properties": {
        "type": "Railway Node"
      },
      "geometry": {
        "type": "Point",
        "coordinates": [
          -79.2598745,
          44.6458363
        ]
      }
    },
    {
      "type": "Feature",
      "id": "node/704778906",
      "properties": {
        "type": "Railway Node"
      },
      "geometry": {
        "type": "Point",
        "coordinates": [
          -79.1967436,
          44.5819373
        ]
      }
    },
    {
      "type": "Feature",
      "id": "node/704780771",
      "properties": {
        "type": "Railway Node"
      },
      "geometry": {
        "type": "Point",
        "coordinates": [
          -79.1862717,
          44.5570866
        ]
      }
    },
    {
      "type": "Feature",
      "id": "node/707140167",
      "properties": {
        "type": "Railway Node"
      },
      "geometry": {
        "type": "Point",
        "coordinates": [
          -79.3586246,
          43.7022537
        ]
      }
    },
    {
      "type": "Feature",
      "id": "node/708680825",
      "properties": {
        "type": "Railway Node"
      },
      "geometry": {
        "type": "Point",
        "coordinates": [
          -79.431709,
          43.8817782
        ]
      }
    },
    {
      "type": "Feature",
      "id": "node/711018879",
      "properties": {
        "type": "Railway Node"
      },
      "geometry": {
        "type": "Point",
        "coordinates": [
          -79.4455489,
          44.805406
        ]
      }
    },
    {
      "type": "Feature",
      "id": "node/711022921",
      "properties": {
        "type": "Railway Node"
      },
      "geometry": {
        "type": "Point",
        "coordinates": [
          -79.3426037,
          44.7531092
        ]
      }
    },
    {
      "type": "Feature",
      "id": "node/711024098",
      "properties": {
        "type": "Railway Node"
      },
      "geometry": {
        "type": "Point",
        "coordinates": [
          -79.4522418,
          44.81062
        ]
      }
    },
    {
      "type": "Feature",
      "id": "node/711026881",
      "properties": {
        "type": "Railway Node"
      },
      "geometry": {
        "type": "Point",
        "coordinates": [
          -79.3404687,
          44.8204347
        ]
      }
    },
    {
      "type": "Feature",
      "id": "node/711028104",
      "properties": {
        "type": "Railway Node"
      },
      "geometry": {
        "type": "Point",
        "coordinates": [
          -79.3634292,
          44.7660631
        ]
      }
    },
    {
      "type": "Feature",
      "id": "node/711029261",
      "properties": {
        "type": "Railway Node"
      },
      "geometry": {
        "type": "Point",
        "coordinates": [
          -79.4004066,
          44.7890079
        ]
      }
    },
    {
      "type": "Feature",
      "id": "node/711030405",
      "properties": {
        "type": "Railway Node"
      },
      "geometry": {
        "type": "Point",
        "coordinates": [
          -79.3912701,
          44.7738945
        ]
      }
    },
    {
      "type": "Feature",
      "id": "node/711033198",
      "properties": {
        "type": "Railway Node"
      },
      "geometry": {
        "type": "Point",
        "coordinates": [
          -79.3407683,
          44.7788708
        ]
      }
    },
    {
      "type": "Feature",
      "id": "node/711034441",
      "properties": {
        "type": "Railway Node"
      },
      "geometry": {
        "type": "Point",
        "coordinates": [
          -79.4057672,
          44.7946103
        ]
      }
    },
    {
      "type": "Feature",
      "id": "node/711038957",
      "properties": {
        "type": "Railway Node"
      },
      "geometry": {
        "type": "Point",
        "coordinates": [
          -79.3395435,
          44.7773398
        ]
      }
    },
    {
      "type": "Feature",
      "id": "node/711042450",
      "properties": {
        "type": "Railway Node"
      },
      "geometry": {
        "type": "Point",
        "coordinates": [
          -79.3938057,
          44.7745381
        ]
      }
    },
    {
      "type": "Feature",
      "id": "node/711047382",
      "properties": {
        "type": "Railway Node"
      },
      "geometry": {
        "type": "Point",
        "coordinates": [
          -79.3516152,
          44.7905497
        ]
      }
    },
    {
      "type": "Feature",
      "id": "node/711048753",
      "properties": {
        "type": "Railway Node"
      },
      "geometry": {
        "type": "Point",
        "coordinates": [
          -79.3467303,
          44.7565272
        ]
      }
    },
    {
      "type": "Feature",
      "id": "node/711050391",
      "properties": {
        "type": "Railway Node"
      },
      "geometry": {
        "type": "Point",
        "coordinates": [
          -79.4313843,
          44.8019504
        ]
      }
    },
    {
      "type": "Feature",
      "id": "node/711053181",
      "properties": {
        "type": "Railway Node"
      },
      "geometry": {
        "type": "Point",
        "coordinates": [
          -79.3471994,
          44.7872814
        ]
      }
    },
    {
      "type": "Feature",
      "id": "node/711054815",
      "properties": {
        "type": "Railway Node"
      },
      "geometry": {
        "type": "Point",
        "coordinates": [
          -79.3437036,
          44.754063
        ]
      }
    },
    {
      "type": "Feature",
      "id": "node/711056011",
      "properties": {
        "type": "Railway Node"
      },
      "geometry": {
        "type": "Point",
        "coordinates": [
          -79.4153799,
          44.7964524
        ]
      }
    },
    {
      "type": "Feature",
      "id": "node/711058817",
      "properties": {
        "type": "Railway Node"
      },
      "geometry": {
        "type": "Point",
        "coordinates": [
          -79.3522023,
          44.7924037
        ]
      }
    },
    {
      "type": "Feature",
      "id": "node/711060218",
      "properties": {
        "type": "Railway Node"
      },
      "geometry": {
        "type": "Point",
        "coordinates": [
          -79.3402313,
          44.7516469
        ]
      }
    },
    {
      "type": "Feature",
      "id": "node/711065955",
      "properties": {
        "type": "Railway Node"
      },
      "geometry": {
        "type": "Point",
        "coordinates": [
          -79.3498306,
          44.7585394
        ]
      }
    },
    {
      "type": "Feature",
      "id": "node/711067330",
      "properties": {
        "type": "Railway Node"
      },
      "geometry": {
        "type": "Point",
        "coordinates": [
          -79.3978969,
          44.7824514
        ]
      }
    },
    {
      "type": "Feature",
      "id": "node/711070260",
      "properties": {
        "type": "Railway Node"
      },
      "geometry": {
        "type": "Point",
        "coordinates": [
          -79.3401681,
          44.8218661
        ]
      }
    },
    {
      "type": "Feature",
      "id": "node/711071629",
      "properties": {
        "type": "Railway Node"
      },
      "geometry": {
        "type": "Point",
        "coordinates": [
          -79.3603267,
          44.7648891
        ]
      }
    },
    {
      "type": "Feature",
      "id": "node/711072980",
      "properties": {
        "type": "Railway Node"
      },
      "geometry": {
        "type": "Point",
        "coordinates": [
          -79.3998219,
          44.7878644
        ]
      }
    },
    {
      "type": "Feature",
      "id": "node/711077713",
      "properties": {
        "type": "Railway Node"
      },
      "geometry": {
        "type": "Point",
        "coordinates": [
          -79.3378264,
          44.7700999
        ]
      }
    },
    {
      "type": "Feature",
      "id": "node/711083596",
      "properties": {
        "type": "Railway Node"
      },
      "geometry": {
        "type": "Point",
        "coordinates": [
          -79.3452139,
          44.785196
        ]
      }
    },
    {
      "type": "Feature",
      "id": "node/711084935",
      "properties": {
        "type": "Railway Node"
      },
      "geometry": {
        "type": "Point",
        "coordinates": [
          -79.408909,
          44.7964112
        ]
      }
    },
    {
      "type": "Feature",
      "id": "node/711086121",
      "properties": {
        "type": "Railway Node"
      },
      "geometry": {
        "type": "Point",
        "coordinates": [
          -79.3716786,
          44.7691337
        ]
      }
    },
    {
      "type": "Feature",
      "id": "node/711088818",
      "properties": {
        "type": "Railway Node"
      },
      "geometry": {
        "type": "Point",
        "coordinates": [
          -79.3386682,
          44.7755069
        ]
      }
    },
    {
      "type": "Feature",
      "id": "node/711090134",
      "properties": {
        "type": "Railway Node"
      },
      "geometry": {
        "type": "Point",
        "coordinates": [
          -79.406703,
          44.7955538
        ]
      }
    },
    {
      "type": "Feature",
      "id": "node/711091255",
      "properties": {
        "type": "Railway Node"
      },
      "geometry": {
        "type": "Point",
        "coordinates": [
          -79.4252341,
          44.7983336
        ]
      }
    },
    {
      "type": "Feature",
      "id": "node/711094921",
      "properties": {
        "type": "Railway Node"
      },
      "geometry": {
        "type": "Point",
        "coordinates": [
          -79.3389475,
          44.7508429
        ]
      }
    },
    {
      "type": "Feature",
      "id": "node/711096206",
      "properties": {
        "type": "Railway Node"
      },
      "geometry": {
        "type": "Point",
        "coordinates": [
          -79.4472622,
          44.8060291
        ]
      }
    },
    {
      "type": "Feature",
      "id": "node/711098707",
      "properties": {
        "type": "Railway Node"
      },
      "geometry": {
        "type": "Point",
        "coordinates": [
          -79.3461613,
          44.7864858
        ]
      }
    },
    {
      "type": "Feature",
      "id": "node/711100936",
      "properties": {
        "type": "Railway Node"
      },
      "geometry": {
        "type": "Point",
        "coordinates": [
          -79.4513412,
          44.809941
        ]
      }
    },
    {
      "type": "Feature",
      "id": "node/711104369",
      "properties": {
        "type": "Railway Node"
      },
      "geometry": {
        "type": "Point",
        "coordinates": [
          -79.3483201,
          44.8022501
        ]
      }
    },
    {
      "type": "Feature",
      "id": "node/711105539",
      "properties": {
        "type": "Railway Node"
      },
      "geometry": {
        "type": "Point",
        "coordinates": [
          -79.3395663,
          44.7676331
        ]
      }
    },
    {
      "type": "Feature",
      "id": "node/711121715",
      "properties": {
        "type": "Railway Node"
      },
      "geometry": {
        "type": "Point",
        "coordinates": [
          -79.401358,
          44.7900119
        ]
      }
    },
    {
      "type": "Feature",
      "id": "node/711131573",
      "properties": {
        "type": "Railway Node"
      },
      "geometry": {
        "type": "Point",
        "coordinates": [
          -79.3375892,
          44.7732732
        ]
      }
    },
    {
      "type": "Feature",
      "id": "node/711137248",
      "properties": {
        "type": "Railway Node"
      },
      "geometry": {
        "type": "Point",
        "coordinates": [
          -79.3954747,
          44.7756828
        ]
      }
    },
    {
      "type": "Feature",
      "id": "node/711143277",
      "properties": {
        "type": "Railway Node"
      },
      "geometry": {
        "type": "Point",
        "coordinates": [
          -79.3513856,
          44.795264
        ]
      }
    },
    {
      "type": "Feature",
      "id": "node/711155179",
      "properties": {
        "type": "Railway Node"
      },
      "geometry": {
        "type": "Point",
        "coordinates": [
          -79.3428178,
          44.7803125
        ]
      }
    },
    {
      "type": "Feature",
      "id": "node/711157685",
      "properties": {
        "type": "Railway Node"
      },
      "geometry": {
        "type": "Point",
        "coordinates": [
          -79.3445058,
          44.7566418
        ]
      }
    },
    {
      "type": "Feature",
      "id": "node/711160742",
      "properties": {
        "type": "Railway Node"
      },
      "geometry": {
        "type": "Point",
        "coordinates": [
          -79.4179282,
          44.7968243
        ]
      }
    },
    {
      "type": "Feature",
      "id": "node/711163762",
      "properties": {
        "type": "Railway Node"
      },
      "geometry": {
        "type": "Point",
        "coordinates": [
          -79.3407377,
          44.8249571
        ]
      }
    },
    {
      "type": "Feature",
      "id": "node/711172950",
      "properties": {
        "type": "Railway Node"
      },
      "geometry": {
        "type": "Point",
        "coordinates": [
          -79.4330943,
          44.8028009
        ]
      }
    },
    {
      "type": "Feature",
      "id": "node/711181530",
      "properties": {
        "type": "Railway Node"
      },
      "geometry": {
        "type": "Point",
        "coordinates": [
          -79.3563805,
          44.762808
        ]
      }
    },
    {
      "type": "Feature",
      "id": "node/711187991",
      "properties": {
        "type": "Railway Node"
      },
      "geometry": {
        "type": "Point",
        "coordinates": [
          -79.3478971,
          44.8032313
        ]
      }
    },
    {
      "type": "Feature",
      "id": "node/711192917",
      "properties": {
        "type": "Railway Node"
      },
      "geometry": {
        "type": "Point",
        "coordinates": [
          -79.3583429,
          44.7639514
        ]
      }
    },
    {
      "type": "Feature",
      "id": "node/711198254",
      "properties": {
        "type": "Railway Node"
      },
      "geometry": {
        "type": "Point",
        "coordinates": [
          -79.3792482,
          44.7715395
        ]
      }
    },
    {
      "type": "Feature",
      "id": "node/711210467",
      "properties": {
        "type": "Railway Node"
      },
      "geometry": {
        "type": "Point",
        "coordinates": [
          -79.3752996,
          44.7704064
        ]
      }
    },
    {
      "type": "Feature",
      "id": "node/711211598",
      "properties": {
        "type": "Railway Node"
      },
      "geometry": {
        "type": "Point",
        "coordinates": [
          -79.4652321,
          44.8184989
        ]
      }
    },
    {
      "type": "Feature",
      "id": "node/711215291",
      "properties": {
        "type": "Railway Node"
      },
      "geometry": {
        "type": "Point",
        "coordinates": [
          -79.4289095,
          44.8001077
        ]
      }
    },
    {
      "type": "Feature",
      "id": "node/711218118",
      "properties": {
        "type": "Railway Node"
      },
      "geometry": {
        "type": "Point",
        "coordinates": [
          -79.3502753,
          44.7890165
        ]
      }
    },
    {
      "type": "Feature",
      "id": "node/711220341",
      "properties": {
        "type": "Railway Node"
      },
      "geometry": {
        "type": "Point",
        "coordinates": [
          -79.4116387,
          44.7966515
        ]
      }
    },
    {
      "type": "Feature",
      "id": "node/711224741",
      "properties": {
        "type": "Railway Node"
      },
      "geometry": {
        "type": "Point",
        "coordinates": [
          -79.3519654,
          44.7939101
        ]
      }
    },
    {
      "type": "Feature",
      "id": "node/711228759",
      "properties": {
        "type": "Railway Node"
      },
      "geometry": {
        "type": "Point",
        "coordinates": [
          -79.4492079,
          44.8074493
        ]
      }
    },
    {
      "type": "Feature",
      "id": "node/711241763",
      "properties": {
        "type": "Railway Node"
      },
      "geometry": {
        "type": "Point",
        "coordinates": [
          -79.3974316,
          44.781024
        ]
      }
    },
    {
      "type": "Feature",
      "id": "node/711251278",
      "properties": {
        "type": "Railway Node"
      },
      "geometry": {
        "type": "Point",
        "coordinates": [
          -79.3438301,
          44.758361
        ]
      }
    },
    {
      "type": "Feature",
      "id": "node/711273189",
      "properties": {
        "type": "Railway Node"
      },
      "geometry": {
        "type": "Point",
        "coordinates": [
          -79.396158,
          44.7772829
        ]
      }
    },
    {
      "type": "Feature",
      "id": "node/711279609",
      "properties": {
        "type": "Railway Node"
      },
      "geometry": {
        "type": "Point",
        "coordinates": [
          -79.3441898,
          44.7821158
        ]
      }
    },
    {
      "type": "Feature",
      "id": "node/711291612",
      "properties": {
        "type": "Railway Node"
      },
      "geometry": {
        "type": "Point",
        "coordinates": [
          -79.3435759,
          44.7811347
        ]
      }
    },
    {
      "type": "Feature",
      "id": "node/711294359",
      "properties": {
        "type": "Railway Node"
      },
      "geometry": {
        "type": "Point",
        "coordinates": [
          -79.3444782,
          44.7554323
        ]
      }
    },
    {
      "type": "Feature",
      "id": "node/711296969",
      "properties": {
        "type": "Railway Node"
      },
      "geometry": {
        "type": "Point",
        "coordinates": [
          -79.4229375,
          44.797588
        ]
      }
    },
    {
      "type": "Feature",
      "id": "node/747256531",
      "properties": {
        "type": "Railway Node"
      },
      "geometry": {
        "type": "Point",
        "coordinates": [
          -78.3156271,
          44.2995988
        ]
      }
    },
    {
      "type": "Feature",
      "id": "node/747256535",
      "properties": {
        "type": "Railway Node"
      },
      "geometry": {
        "type": "Point",
        "coordinates": [
          -78.3180553,
          44.2991071
        ]
      }
    },
    {
      "type": "Feature",
      "id": "node/747256550",
      "properties": {
        "type": "Railway Node"
      },
      "geometry": {
        "type": "Point",
        "coordinates": [
          -78.3200688,
          44.2986466
        ]
      }
    },
    {
      "type": "Feature",
      "id": "node/747256559",
      "properties": {
        "type": "Railway Node"
      },
      "geometry": {
        "type": "Point",
        "coordinates": [
          -78.3220946,
          44.297776
        ]
      }
    },
    {
      "type": "Feature",
      "id": "node/747256563",
      "properties": {
        "type": "Railway Node"
      },
      "geometry": {
        "type": "Point",
        "coordinates": [
          -78.3234337,
          44.2967634
        ]
      }
    },
    {
      "type": "Feature",
      "id": "node/747256576",
      "properties": {
        "type": "Railway Node"
      },
      "geometry": {
        "type": "Point",
        "coordinates": [
          -78.302285,
          44.3024424
        ]
      }
    },
    {
      "type": "Feature",
      "id": "node/747256588",
      "properties": {
        "type": "Railway Node"
      },
      "geometry": {
        "type": "Point",
        "coordinates": [
          -78.3127201,
          44.3002263
        ]
      }
    },
    {
      "type": "Feature",
      "id": "node/747256685",
      "properties": {
        "type": "Railway Node"
      },
      "geometry": {
        "type": "Point",
        "coordinates": [
          -78.2952501,
          44.3039683
        ]
      }
    },
    {
      "type": "Feature",
      "id": "node/786436703",
      "properties": {
        "type": "Railway Node"
      },
      "geometry": {
        "type": "Point",
        "coordinates": [
          -77.5993967,
          44.1145478
        ]
      }
    },
    {
      "type": "Feature",
      "id": "node/796208326",
      "properties": {
        "type": "Railway Node"
      },
      "geometry": {
        "type": "Point",
        "coordinates": [
          -77.5642122,
          44.1331963
        ]
      }
    },
    {
      "type": "Feature",
      "id": "node/796485694",
      "properties": {
        "type": "Railway Node"
      },
      "geometry": {
        "type": "Point",
        "coordinates": [
          -77.5169499,
          44.1411597
        ]
      }
    },
    {
      "type": "Feature",
      "id": "node/796509256",
      "properties": {
        "type": "Railway Node"
      },
      "geometry": {
        "type": "Point",
        "coordinates": [
          -77.6246222,
          44.0936273
        ]
      }
    },
    {
      "type": "Feature",
      "id": "node/796509257",
      "properties": {
        "type": "Railway Node"
      },
      "geometry": {
        "type": "Point",
        "coordinates": [
          -77.6324207,
          44.0891077
        ]
      }
    },
    {
      "type": "Feature",
      "id": "node/802064511",
      "properties": {
        "type": "Railway Node"
      },
      "geometry": {
        "type": "Point",
        "coordinates": [
          -79.3858387,
          43.6412994
        ]
      }
    },
    {
      "type": "Feature",
      "id": "node/804183907",
      "properties": {
        "type": "Railway Node"
      },
      "geometry": {
        "type": "Point",
        "coordinates": [
          -78.1229521,
          43.9619759
        ]
      }
    },
    {
      "type": "Feature",
      "id": "node/804184138",
      "properties": {
        "type": "Railway Node"
      },
      "geometry": {
        "type": "Point",
        "coordinates": [
          -78.0683416,
          43.9712484
        ]
      }
    },
    {
      "type": "Feature",
      "id": "node/804185117",
      "properties": {
        "type": "Railway Node"
      },
      "geometry": {
        "type": "Point",
        "coordinates": [
          -78.111097,
          43.9676761
        ]
      }
    },
    {
      "type": "Feature",
      "id": "node/804185427",
      "properties": {
        "type": "Railway Node"
      },
      "geometry": {
        "type": "Point",
        "coordinates": [
          -78.0792587,
          43.969347
        ]
      }
    },
    {
      "type": "Feature",
      "id": "node/804187129",
      "properties": {
        "type": "Railway Node"
      },
      "geometry": {
        "type": "Point",
        "coordinates": [
          -78.0928963,
          43.9674841
        ]
      }
    },
    {
      "type": "Feature",
      "id": "node/804188316",
      "properties": {
        "type": "Railway Node"
      },
      "geometry": {
        "type": "Point",
        "coordinates": [
          -78.1213626,
          43.9605742
        ]
      }
    },
    {
      "type": "Feature",
      "id": "node/804189407",
      "properties": {
        "type": "Railway Node"
      },
      "geometry": {
        "type": "Point",
        "coordinates": [
          -78.1078586,
          43.9671075
        ]
      }
    },
    {
      "type": "Feature",
      "id": "node/804190124",
      "properties": {
        "type": "Railway Node"
      },
      "geometry": {
        "type": "Point",
        "coordinates": [
          -78.097574,
          43.9671309
        ]
      }
    },
    {
      "type": "Feature",
      "id": "node/804190885",
      "properties": {
        "type": "Railway Node"
      },
      "geometry": {
        "type": "Point",
        "coordinates": [
          -78.1212053,
          43.9581118
        ]
      }
    },
    {
      "type": "Feature",
      "id": "node/804191097",
      "properties": {
        "type": "Railway Node"
      },
      "geometry": {
        "type": "Point",
        "coordinates": [
          -78.0994574,
          43.9669901
        ]
      }
    },
    {
      "type": "Feature",
      "id": "node/804191635",
      "properties": {
        "type": "Railway Node"
      },
      "geometry": {
        "type": "Point",
        "coordinates": [
          -78.0127087,
          43.9787128
        ]
      }
    },
    {
      "type": "Feature",
      "id": "node/804191657",
      "properties": {
        "type": "Railway Node"
      },
      "geometry": {
        "type": "Point",
        "coordinates": [
          -78.0386554,
          43.9753705
        ]
      }
    },
    {
      "type": "Feature",
      "id": "node/804191848",
      "properties": {
        "type": "Railway Node"
      },
      "geometry": {
        "type": "Point",
        "coordinates": [
          -78.124979,
          43.9687269
        ]
      }
    },
    {
      "type": "Feature",
      "id": "node/804191852",
      "properties": {
        "type": "Railway Node"
      },
      "geometry": {
        "type": "Point",
        "coordinates": [
          -78.0630268,
          43.9716898
        ]
      }
    },
    {
      "type": "Feature",
      "id": "node/804192811",
      "properties": {
        "type": "Railway Node"
      },
      "geometry": {
        "type": "Point",
        "coordinates": [
          -78.1206796,
          43.9590559
        ]
      }
    },
    {
      "type": "Feature",
      "id": "node/804404473",
      "properties": {
        "type": "Railway Node"
      },
      "geometry": {
        "type": "Point",
        "coordinates": [
          -78.7443231,
          43.871679
        ]
      }
    },
    {
      "type": "Feature",
      "id": "node/804409247",
      "properties": {
        "type": "Railway Node"
      },
      "geometry": {
        "type": "Point",
        "coordinates": [
          -78.7473433,
          43.8716171
        ]
      }
    },
    {
      "type": "Feature",
      "id": "node/804409769",
      "properties": {
        "type": "Railway Node"
      },
      "geometry": {
        "type": "Point",
        "coordinates": [
          -78.7189796,
          43.8746512
        ]
      }
    },
    {
      "type": "Feature",
      "id": "node/804411524",
      "properties": {
        "type": "Railway Node"
      },
      "geometry": {
        "type": "Point",
        "coordinates": [
          -78.7284021,
          43.8734395
        ]
      }
    },
    {
      "type": "Feature",
      "id": "node/804414013",
      "properties": {
        "type": "Railway Node"
      },
      "geometry": {
        "type": "Point",
        "coordinates": [
          -78.7499925,
          43.8718086
        ]
      }
    },
    {
      "type": "Feature",
      "id": "node/808247997",
      "properties": {
        "type": "Railway Node"
      },
      "geometry": {
        "type": "Point",
        "coordinates": [
          -79.0618108,
          43.8198129
        ]
      }
    },
    {
      "type": "Feature",
      "id": "node/808248005",
      "properties": {
        "type": "Railway Node"
      },
      "geometry": {
        "type": "Point",
        "coordinates": [
          -79.05725,
          43.8226185
        ]
      }
    },
    {
      "type": "Feature",
      "id": "node/808248023",
      "properties": {
        "type": "Railway Node"
      },
      "geometry": {
        "type": "Point",
        "coordinates": [
          -79.0261763,
          43.8367238
        ]
      }
    },
    {
      "type": "Feature",
      "id": "node/808248025",
      "properties": {
        "type": "Railway Node"
      },
      "geometry": {
        "type": "Point",
        "coordinates": [
          -79.0592505,
          43.8204113
        ]
      }
    },
    {
      "type": "Feature",
      "id": "node/808248063",
      "properties": {
        "type": "Railway Node"
      },
      "geometry": {
        "type": "Point",
        "coordinates": [
          -79.0325755,
          43.8397764
        ]
      }
    },
    {
      "type": "Feature",
      "id": "node/808248075",
      "properties": {
        "type": "Railway Node"
      },
      "geometry": {
        "type": "Point",
        "coordinates": [
          -79.0272176,
          43.8373862
        ]
      }
    },
    {
      "type": "Feature",
      "id": "node/808248082",
      "properties": {
        "type": "Railway Node"
      },
      "geometry": {
        "type": "Point",
        "coordinates": [
          -79.0625088,
          43.8336656
        ]
      }
    },
    {
      "type": "Feature",
      "id": "node/808248092",
      "properties": {
        "type": "Railway Node"
      },
      "geometry": {
        "type": "Point",
        "coordinates": [
          -79.0578169,
          43.8216497
        ]
      }
    },
    {
      "type": "Feature",
      "id": "node/808248128",
      "properties": {
        "type": "Railway Node"
      },
      "geometry": {
        "type": "Point",
        "coordinates": [
          -79.0581437,
          43.8234805
        ]
      }
    },
    {
      "type": "Feature",
      "id": "node/808248133",
      "properties": {
        "type": "Railway Node"
      },
      "geometry": {
        "type": "Point",
        "coordinates": [
          -79.0594048,
          43.8264808
        ]
      }
    },
    {
      "type": "Feature",
      "id": "node/808248136",
      "properties": {
        "type": "Railway Node"
      },
      "geometry": {
        "type": "Point",
        "coordinates": [
          -79.0620647,
          43.8159186
        ]
      }
    },
    {
      "type": "Feature",
      "id": "node/808248158",
      "properties": {
        "type": "Railway Node"
      },
      "geometry": {
        "type": "Point",
        "coordinates": [
          -79.0300289,
          43.8369092
        ]
      }
    },
    {
      "type": "Feature",
      "id": "node/808248163",
      "properties": {
        "type": "Railway Node"
      },
      "geometry": {
        "type": "Point",
        "coordinates": [
          -79.0601333,
          43.8280685
        ]
      }
    },
    {
      "type": "Feature",
      "id": "node/808248190",
      "properties": {
        "type": "Railway Node"
      },
      "geometry": {
        "type": "Point",
        "coordinates": [
          -79.0605174,
          43.8289674
        ]
      }
    },
    {
      "type": "Feature",
      "id": "node/808248272",
      "properties": {
        "type": "Railway Node"
      },
      "geometry": {
        "type": "Point",
        "coordinates": [
          -79.0625376,
          43.8170372
        ]
      }
    },
    {
      "type": "Feature",
      "id": "node/810884100",
      "properties": {
        "type": "Railway Node"
      },
      "geometry": {
        "type": "Point",
        "coordinates": [
          -79.2500389,
          43.8174592
        ]
      }
    },
    {
      "type": "Feature",
      "id": "node/810884146",
      "properties": {
        "type": "Railway Node"
      },
      "geometry": {
        "type": "Point",
        "coordinates": [
          -79.2548017,
          43.8259855
        ]
      }
    },
    {
      "type": "Feature",
      "id": "node/810884152",
      "properties": {
        "type": "Railway Node"
      },
      "geometry": {
        "type": "Point",
        "coordinates": [
          -79.2531198,
          43.8231648
        ]
      }
    },
    {
      "type": "Feature",
      "id": "node/810884196",
      "properties": {
        "type": "Railway Node"
      },
      "geometry": {
        "type": "Point",
        "coordinates": [
          -79.2551888,
          43.8273341
        ]
      }
    },
    {
      "type": "Feature",
      "id": "node/810884529",
      "properties": {
        "type": "Railway Node"
      },
      "geometry": {
        "type": "Point",
        "coordinates": [
          -79.2535077,
          43.8247262
        ]
      }
    },
    {
      "type": "Feature",
      "id": "node/810884607",
      "properties": {
        "type": "Railway Node"
      },
      "geometry": {
        "type": "Point",
        "coordinates": [
          -79.2522565,
          43.8219791
        ]
      }
    },
    {
      "type": "Feature",
      "id": "node/810949092",
      "properties": {
        "type": "Railway Node"
      },
      "geometry": {
        "type": "Point",
        "coordinates": [
          -79.2546538,
          43.801842
        ]
      }
    },
    {
      "type": "Feature",
      "id": "node/810949098",
      "properties": {
        "type": "Railway Node"
      },
      "geometry": {
        "type": "Point",
        "coordinates": [
          -79.25,
          43.7998641
        ]
      }
    },
    {
      "type": "Feature",
      "id": "node/810949100",
      "properties": {
        "type": "Railway Node"
      },
      "geometry": {
        "type": "Point",
        "coordinates": [
          -79.2500875,
          43.8079929
        ]
      }
    },
    {
      "type": "Feature",
      "id": "node/810949101",
      "properties": {
        "type": "Railway Node"
      },
      "geometry": {
        "type": "Point",
        "coordinates": [
          -79.2561695,
          43.8015559
        ]
      }
    },
    {
      "type": "Feature",
      "id": "node/810949105",
      "properties": {
        "type": "Railway Node"
      },
      "geometry": {
        "type": "Point",
        "coordinates": [
          -79.2601812,
          43.7936949
        ]
      }
    },
    {
      "type": "Feature",
      "id": "node/810949109",
      "properties": {
        "type": "Railway Node"
      },
      "geometry": {
        "type": "Point",
        "coordinates": [
          -79.2588946,
          43.7954106
        ]
      }
    },
    {
      "type": "Feature",
      "id": "node/810949110",
      "properties": {
        "type": "Railway Node"
      },
      "geometry": {
        "type": "Point",
        "coordinates": [
          -79.2581367,
          43.7964859
        ]
      }
    },
    {
      "type": "Feature",
      "id": "node/810949112",
      "properties": {
        "type": "Railway Node"
      },
      "geometry": {
        "type": "Point",
        "coordinates": [
          -79.2625999,
          43.7925234
        ]
      }
    },
    {
      "type": "Feature",
      "id": "node/810949113",
      "properties": {
        "type": "Railway Node"
      },
      "geometry": {
        "type": "Point",
        "coordinates": [
          -79.2612463,
          43.7931762
        ]
      }
    },
    {
      "type": "Feature",
      "id": "node/810949114",
      "properties": {
        "type": "Railway Node"
      },
      "geometry": {
        "type": "Point",
        "coordinates": [
          -79.2570982,
          43.7985122
        ]
      }
    },
    {
      "type": "Feature",
      "id": "node/810949126",
      "properties": {
        "type": "Railway Node"
      },
      "geometry": {
        "type": "Point",
        "coordinates": [
          -79.2581233,
          43.7975365
        ]
      }
    },
    {
      "type": "Feature",
      "id": "node/810949128",
      "properties": {
        "type": "Railway Node"
      },
      "geometry": {
        "type": "Point",
        "coordinates": [
          -79.2499933,
          43.801624
        ]
      }
    },
    {
      "type": "Feature",
      "id": "node/810949136",
      "properties": {
        "type": "Railway Node"
      },
      "geometry": {
        "type": "Point",
        "coordinates": [
          -79.2508564,
          43.8006875
        ]
      }
    },
    {
      "type": "Feature",
      "id": "node/810949138",
      "properties": {
        "type": "Railway Node"
      },
      "geometry": {
        "type": "Point",
        "coordinates": [
          -79.2566359,
          43.7999952
        ]
      }
    },
    {
      "type": "Feature",
      "id": "node/810949142",
      "properties": {
        "type": "Railway Node"
      },
      "geometry": {
        "type": "Point",
        "coordinates": [
          -79.2553364,
          43.7979171
        ]
      }
    },
    {
      "type": "Feature",
      "id": "node/810949160",
      "properties": {
        "type": "Railway Node"
      },
      "geometry": {
        "type": "Point",
        "coordinates": [
          -79.2774734,
          43.7839291
        ]
      }
    },
    {
      "type": "Feature",
      "id": "node/810949165",
      "properties": {
        "type": "Railway Node"
      },
      "geometry": {
        "type": "Point",
        "coordinates": [
          -79.252646,
          43.8054391
        ]
      }
    },
    {
      "type": "Feature",
      "id": "node/810949170",
      "properties": {
        "type": "Railway Node"
      },
      "geometry": {
        "type": "Point",
        "coordinates": [
          -79.2519105,
          43.8064141
        ]
      }
    },
    {
      "type": "Feature",
      "id": "node/810949202",
      "properties": {
        "type": "Railway Node"
      },
      "geometry": {
        "type": "Point",
        "coordinates": [
          -79.2742549,
          43.7861507
        ]
      }
    },
    {
      "type": "Feature",
      "id": "node/810949213",
      "properties": {
        "type": "Railway Node"
      },
      "geometry": {
        "type": "Point",
        "coordinates": [
          -79.260342,
          43.7984619
        ]
      }
    },
    {
      "type": "Feature",
      "id": "node/810949223",
      "properties": {
        "type": "Railway Node"
      },
      "geometry": {
        "type": "Point",
        "coordinates": [
          -79.2521067,
          43.7974357
        ]
      }
    },
    {
      "type": "Feature",
      "id": "node/810949237",
      "properties": {
        "type": "Railway Node"
      },
      "geometry": {
        "type": "Point",
        "coordinates": [
          -79.2683185,
          43.7898473
        ]
      }
    },
    {
      "type": "Feature",
      "id": "node/810949239",
      "properties": {
        "type": "Railway Node"
      },
      "geometry": {
        "type": "Point",
        "coordinates": [
          -79.2729992,
          43.7868339
        ]
      }
    },
    {
      "type": "Feature",
      "id": "node/810949256",
      "properties": {
        "type": "Railway Node"
      },
      "geometry": {
        "type": "Point",
        "coordinates": [
          -79.2520998,
          43.7991082
        ]
      }
    },
    {
      "type": "Feature",
      "id": "node/810949307",
      "properties": {
        "type": "Railway Node"
      },
      "geometry": {
        "type": "Point",
        "coordinates": [
          -79.2648141,
          43.7921553
        ]
      }
    },
    {
      "type": "Feature",
      "id": "node/810949438",
      "properties": {
        "type": "Railway Node"
      },
      "geometry": {
        "type": "Point",
        "coordinates": [
          -79.2796259,
          43.7825755
        ]
      }
    },
    {
      "type": "Feature",
      "id": "node/810949497",
      "properties": {
        "type": "Railway Node"
      },
      "geometry": {
        "type": "Point",
        "coordinates": [
          -79.2531229,
          43.7983953
        ]
      }
    },
    {
      "type": "Feature",
      "id": "node/810949525",
      "properties": {
        "type": "Railway Node"
      },
      "geometry": {
        "type": "Point",
        "coordinates": [
          -79.2763257,
          43.7846655
        ]
      }
    },
    {
      "type": "Feature",
      "id": "node/810949546",
      "properties": {
        "type": "Railway Node"
      },
      "geometry": {
        "type": "Point",
        "coordinates": [
          -79.2668756,
          43.7906016
        ]
      }
    },
    {
      "type": "Feature",
      "id": "node/818605227",
      "properties": {
        "type": "Railway Node"
      },
      "geometry": {
        "type": "Point",
        "coordinates": [
          -79.4962111,
          43.6663037
        ]
      }
    },
    {
      "type": "Feature",
      "id": "node/818605407",
      "properties": {
        "type": "Railway Node"
      },
      "geometry": {
        "type": "Point",
        "coordinates": [
          -79.497855,
          43.6660324
        ]
      }
    },
    {
      "type": "Feature",
      "id": "node/818608035",
      "properties": {
        "type": "Railway Node"
      },
      "geometry": {
        "type": "Point",
        "coordinates": [
          -79.5011152,
          43.6657313
        ]
      }
    },
    {
      "type": "Feature",
      "id": "node/841424673",
      "properties": {
        "type": "Railway Node"
      },
      "geometry": {
        "type": "Point",
        "coordinates": [
          -79.2459459,
          43.805204
        ]
      }
    },
    {
      "type": "Feature",
      "id": "node/841424674",
      "properties": {
        "type": "Railway Node"
      },
      "geometry": {
        "type": "Point",
        "coordinates": [
          -79.2482657,
          43.801983
        ]
      }
    },
    {
      "type": "Feature",
      "id": "node/841424711",
      "properties": {
        "type": "Railway Node"
      },
      "geometry": {
        "type": "Point",
        "coordinates": [
          -79.2467276,
          43.8114636
        ]
      }
    },
    {
      "type": "Feature",
      "id": "node/841424722",
      "properties": {
        "type": "Railway Node"
      },
      "geometry": {
        "type": "Point",
        "coordinates": [
          -79.2465991,
          43.8103299
        ]
      }
    },
    {
      "type": "Feature",
      "id": "node/841424727",
      "properties": {
        "type": "Railway Node"
      },
      "geometry": {
        "type": "Point",
        "coordinates": [
          -79.2379997,
          43.8037379
        ]
      }
    },
    {
      "type": "Feature",
      "id": "node/841424762",
      "properties": {
        "type": "Railway Node"
      },
      "geometry": {
        "type": "Point",
        "coordinates": [
          -79.2486237,
          43.8006745
        ]
      }
    },
    {
      "type": "Feature",
      "id": "node/841424772",
      "properties": {
        "type": "Railway Node"
      },
      "geometry": {
        "type": "Point",
        "coordinates": [
          -79.2468616,
          43.8083826
        ]
      }
    },
    {
      "type": "Feature",
      "id": "node/841424787",
      "properties": {
        "type": "Railway Node"
      },
      "geometry": {
        "type": "Point",
        "coordinates": [
          -79.2459419,
          43.8061269
        ]
      }
    },
    {
      "type": "Feature",
      "id": "node/841424841",
      "properties": {
        "type": "Railway Node"
      },
      "geometry": {
        "type": "Point",
        "coordinates": [
          -79.2469518,
          43.8020831
        ]
      }
    },
    {
      "type": "Feature",
      "id": "node/841424859",
      "properties": {
        "type": "Railway Node"
      },
      "geometry": {
        "type": "Point",
        "coordinates": [
          -79.2452784,
          43.8032514
        ]
      }
    },
    {
      "type": "Feature",
      "id": "node/841424899",
      "properties": {
        "type": "Railway Node"
      },
      "geometry": {
        "type": "Point",
        "coordinates": [
          -79.2434562,
          43.8015363
        ]
      }
    },
    {
      "type": "Feature",
      "id": "node/841424923",
      "properties": {
        "type": "Railway Node"
      },
      "geometry": {
        "type": "Point",
        "coordinates": [
          -79.2463746,
          43.8073343
        ]
      }
    },
    {
      "type": "Feature",
      "id": "node/841424926",
      "properties": {
        "type": "Railway Node"
      },
      "geometry": {
        "type": "Point",
        "coordinates": [
          -79.2490982,
          43.8090036
        ]
      }
    },
    {
      "type": "Feature",
      "id": "node/841424962",
      "properties": {
        "type": "Railway Node"
      },
      "geometry": {
        "type": "Point",
        "coordinates": [
          -79.2456556,
          43.8089019
        ]
      }
    },
    {
      "type": "Feature",
      "id": "node/841425005",
      "properties": {
        "type": "Railway Node"
      },
      "geometry": {
        "type": "Point",
        "coordinates": [
          -79.2454705,
          43.804197
        ]
      }
    },
    {
      "type": "Feature",
      "id": "node/841425044",
      "properties": {
        "type": "Railway Node"
      },
      "geometry": {
        "type": "Point",
        "coordinates": [
          -79.2465395,
          43.8029434
        ]
      }
    },
    {
      "type": "Feature",
      "id": "node/841425070",
      "properties": {
        "type": "Railway Node"
      },
      "geometry": {
        "type": "Point",
        "coordinates": [
          -79.2483738,
          43.8030369
        ]
      }
    },
    {
      "type": "Feature",
      "id": "node/841425082",
      "properties": {
        "type": "Railway Node"
      },
      "geometry": {
        "type": "Point",
        "coordinates": [
          -79.2473171,
          43.8053083
        ]
      }
    },
    {
      "type": "Feature",
      "id": "node/841425324",
      "properties": {
        "type": "Railway Node"
      },
      "geometry": {
        "type": "Point",
        "coordinates": [
          -79.2480443,
          43.8104119
        ]
      }
    },
    {
      "type": "Feature",
      "id": "node/842837317",
      "properties": {
        "type": "Railway Node"
      },
      "geometry": {
        "type": "Point",
        "coordinates": [
          -79.0675315,
          43.8391559
        ]
      }
    },
    {
      "type": "Feature",
      "id": "node/842837328",
      "properties": {
        "type": "Railway Node"
      },
      "geometry": {
        "type": "Point",
        "coordinates": [
          -79.0645517,
          43.8384448
        ]
      }
    },
    {
      "type": "Feature",
      "id": "node/844353733",
      "properties": {
        "type": "Railway Node"
      },
      "geometry": {
        "type": "Point",
        "coordinates": [
          -78.639048,
          43.896219
        ]
      }
    },
    {
      "type": "Feature",
      "id": "node/844353734",
      "properties": {
        "type": "Railway Node"
      },
      "geometry": {
        "type": "Point",
        "coordinates": [
          -78.6292978,
          43.9003779
        ]
      }
    },
    {
      "type": "Feature",
      "id": "node/844353737",
      "properties": {
        "type": "Railway Node"
      },
      "geometry": {
        "type": "Point",
        "coordinates": [
          -78.6649529,
          43.8962419
        ]
      }
    },
    {
      "type": "Feature",
      "id": "node/844353738",
      "properties": {
        "type": "Railway Node"
      },
      "geometry": {
        "type": "Point",
        "coordinates": [
          -78.6609894,
          43.8960776
        ]
      }
    },
    {
      "type": "Feature",
      "id": "node/844353740",
      "properties": {
        "type": "Railway Node"
      },
      "geometry": {
        "type": "Point",
        "coordinates": [
          -78.650007,
          43.8948882
        ]
      }
    },
    {
      "type": "Feature",
      "id": "node/844353741",
      "properties": {
        "type": "Railway Node"
      },
      "geometry": {
        "type": "Point",
        "coordinates": [
          -78.6465255,
          43.8948572
        ]
      }
    },
    {
      "type": "Feature",
      "id": "node/844353742",
      "properties": {
        "type": "Railway Node"
      },
      "geometry": {
        "type": "Point",
        "coordinates": [
          -78.6441275,
          43.895051
        ]
      }
    },
    {
      "type": "Feature",
      "id": "node/844353743",
      "properties": {
        "type": "Railway Node"
      },
      "geometry": {
        "type": "Point",
        "coordinates": [
          -78.6412568,
          43.8955829
        ]
      }
    },
    {
      "type": "Feature",
      "id": "node/844353744",
      "properties": {
        "type": "Railway Node"
      },
      "geometry": {
        "type": "Point",
        "coordinates": [
          -78.6374482,
          43.8967978
        ]
      }
    },
    {
      "type": "Feature",
      "id": "node/844353745",
      "properties": {
        "type": "Railway Node"
      },
      "geometry": {
        "type": "Point",
        "coordinates": [
          -78.6339744,
          43.8983705
        ]
      }
    },
    {
      "type": "Feature",
      "id": "node/844353746",
      "properties": {
        "type": "Railway Node"
      },
      "geometry": {
        "type": "Point",
        "coordinates": [
          -78.632037,
          43.8992703
        ]
      }
    },
    {
      "type": "Feature",
      "id": "node/844353747",
      "properties": {
        "type": "Railway Node"
      },
      "geometry": {
        "type": "Point",
        "coordinates": [
          -78.6269705,
          43.9011808
        ]
      }
    },
    {
      "type": "Feature",
      "id": "node/844353748",
      "properties": {
        "type": "Railway Node"
      },
      "geometry": {
        "type": "Point",
        "coordinates": [
          -78.6249329,
          43.9017748
        ]
      }
    },
    {
      "type": "Feature",
      "id": "node/844358477",
      "properties": {
        "type": "Railway Node"
      },
      "geometry": {
        "type": "Point",
        "coordinates": [
          -78.7019558,
          43.8827388
        ]
      }
    },
    {
      "type": "Feature",
      "id": "node/844358478",
      "properties": {
        "type": "Railway Node"
      },
      "geometry": {
        "type": "Point",
        "coordinates": [
          -78.7038265,
          43.8816445
        ]
      }
    },
    {
      "type": "Feature",
      "id": "node/844358484",
      "properties": {
        "type": "Railway Node"
      },
      "geometry": {
        "type": "Point",
        "coordinates": [
          -78.70055,
          43.8838581
        ]
      }
    },
    {
      "type": "Feature",
      "id": "node/844358489",
      "properties": {
        "type": "Railway Node"
      },
      "geometry": {
        "type": "Point",
        "coordinates": [
          -78.6991457,
          43.8852821
        ]
      }
    },
    {
      "type": "Feature",
      "id": "node/844358498",
      "properties": {
        "type": "Railway Node"
      },
      "geometry": {
        "type": "Point",
        "coordinates": [
          -78.7173212,
          43.875061
        ]
      }
    },
    {
      "type": "Feature",
      "id": "node/844358501",
      "properties": {
        "type": "Railway Node"
      },
      "geometry": {
        "type": "Point",
        "coordinates": [
          -78.7108966,
          43.8779144
        ]
      }
    },
    {
      "type": "Feature",
      "id": "node/844358502",
      "properties": {
        "type": "Railway Node"
      },
      "geometry": {
        "type": "Point",
        "coordinates": [
          -78.696776,
          43.8871352
        ]
      }
    },
    {
      "type": "Feature",
      "id": "node/844358503",
      "properties": {
        "type": "Railway Node"
      },
      "geometry": {
        "type": "Point",
        "coordinates": [
          -78.7136617,
          43.876418
        ]
      }
    },
    {
      "type": "Feature",
      "id": "node/844358505",
      "properties": {
        "type": "Railway Node"
      },
      "geometry": {
        "type": "Point",
        "coordinates": [
          -78.7053575,
          43.8815554
        ]
      }
    },
    {
      "type": "Feature",
      "id": "node/844358512",
      "properties": {
        "type": "Railway Node"
      },
      "geometry": {
        "type": "Point",
        "coordinates": [
          -78.6880713,
          43.8928141
        ]
      }
    },
    {
      "type": "Feature",
      "id": "node/844358513",
      "properties": {
        "type": "Railway Node"
      },
      "geometry": {
        "type": "Point",
        "coordinates": [
          -78.6864315,
          43.8938095
        ]
      }
    },
    {
      "type": "Feature",
      "id": "node/844358514",
      "properties": {
        "type": "Railway Node"
      },
      "geometry": {
        "type": "Point",
        "coordinates": [
          -78.679943,
          43.8958098
        ]
      }
    },
    {
      "type": "Feature",
      "id": "node/844358515",
      "properties": {
        "type": "Railway Node"
      },
      "geometry": {
        "type": "Point",
        "coordinates": [
          -78.6821643,
          43.8954234
        ]
      }
    },
    {
      "type": "Feature",
      "id": "node/844358516",
      "properties": {
        "type": "Railway Node"
      },
      "geometry": {
        "type": "Point",
        "coordinates": [
          -78.6845072,
          43.8947123
        ]
      }
    },
    {
      "type": "Feature",
      "id": "node/844358517",
      "properties": {
        "type": "Railway Node"
      },
      "geometry": {
        "type": "Point",
        "coordinates": [
          -78.6781379,
          43.8959312
        ]
      }
    },
    {
      "type": "Feature",
      "id": "node/844766250",
      "properties": {
        "type": "Railway Node"
      },
      "geometry": {
        "type": "Point",
        "coordinates": [
          -78.6724123,
          43.8960779
        ]
      }
    },
    {
      "type": "Feature",
      "id": "node/844776609",
      "properties": {
        "type": "Railway Node"
      },
      "geometry": {
        "type": "Point",
        "coordinates": [
          -78.6519256,
          43.8950906
        ]
      }
    },
    {
      "type": "Feature",
      "id": "node/867679508",
      "properties": {
        "type": "Railway Node"
      },
      "geometry": {
        "type": "Point",
        "coordinates": [
          -77.6008099,
          44.1177116
        ]
      }
    },
    {
      "type": "Feature",
      "id": "node/867680121",
      "properties": {
        "type": "Railway Node"
      },
      "geometry": {
        "type": "Point",
        "coordinates": [
          -77.5881083,
          44.112967
        ]
      }
    },
    {
      "type": "Feature",
      "id": "node/867682059",
      "properties": {
        "type": "Railway Node"
      },
      "geometry": {
        "type": "Point",
        "coordinates": [
          -77.5837236,
          44.1146867
        ]
      }
    },
    {
      "type": "Feature",
      "id": "node/867682829",
      "properties": {
        "type": "Railway Node"
      },
      "geometry": {
        "type": "Point",
        "coordinates": [
          -77.5864411,
          44.1112527
        ]
      }
    },
    {
      "type": "Feature",
      "id": "node/867682938",
      "properties": {
        "type": "Railway Node"
      },
      "geometry": {
        "type": "Point",
        "coordinates": [
          -77.5824476,
          44.1247281
        ]
      }
    },
    {
      "type": "Feature",
      "id": "node/867683526",
      "properties": {
        "type": "Railway Node"
      },
      "geometry": {
        "type": "Point",
        "coordinates": [
          -77.5998605,
          44.1155633
        ]
      }
    },
    {
      "type": "Feature",
      "id": "node/867686062",
      "properties": {
        "type": "Railway Node"
      },
      "geometry": {
        "type": "Point",
        "coordinates": [
          -77.5856609,
          44.1148876
        ]
      }
    },
    {
      "type": "Feature",
      "id": "node/867686940",
      "properties": {
        "type": "Railway Node"
      },
      "geometry": {
        "type": "Point",
        "coordinates": [
          -77.5978456,
          44.112875
        ]
      }
    },
    {
      "type": "Feature",
      "id": "node/867687799",
      "properties": {
        "type": "Railway Node"
      },
      "geometry": {
        "type": "Point",
        "coordinates": [
          -77.5664447,
          44.1198233
        ]
      }
    },
    {
      "type": "Feature",
      "id": "node/867688282",
      "properties": {
        "type": "Railway Node"
      },
      "geometry": {
        "type": "Point",
        "coordinates": [
          -77.5831782,
          44.1094862
        ]
      }
    },
    {
      "type": "Feature",
      "id": "node/867688598",
      "properties": {
        "type": "Railway Node"
      },
      "geometry": {
        "type": "Point",
        "coordinates": [
          -77.6032686,
          44.1226702
        ]
      }
    },
    {
      "type": "Feature",
      "id": "node/867689262",
      "properties": {
        "type": "Railway Node"
      },
      "geometry": {
        "type": "Point",
        "coordinates": [
          -77.587383,
          44.1145666
        ]
      }
    },
    {
      "type": "Feature",
      "id": "node/867689540",
      "properties": {
        "type": "Railway Node"
      },
      "geometry": {
        "type": "Point",
        "coordinates": [
          -77.5847626,
          44.1103747
        ]
      }
    },
    {
      "type": "Feature",
      "id": "node/867692898",
      "properties": {
        "type": "Railway Node"
      },
      "geometry": {
        "type": "Point",
        "coordinates": [
          -77.5692335,
          44.1192611
        ]
      }
    },
    {
      "type": "Feature",
      "id": "node/867694564",
      "properties": {
        "type": "Railway Node"
      },
      "geometry": {
        "type": "Point",
        "coordinates": [
          -77.5749894,
          44.1181146
        ]
      }
    },
    {
      "type": "Feature",
      "id": "node/867820315",
      "properties": {
        "type": "Railway Node"
      },
      "geometry": {
        "type": "Point",
        "coordinates": [
          -77.5409427,
          44.1248706
        ]
      }
    },
    {
      "type": "Feature",
      "id": "node/867824940",
      "properties": {
        "type": "Railway Node"
      },
      "geometry": {
        "type": "Point",
        "coordinates": [
          -77.5122688,
          44.1303027
        ]
      }
    },
    {
      "type": "Feature",
      "id": "node/867829578",
      "properties": {
        "type": "Railway Node"
      },
      "geometry": {
        "type": "Point",
        "coordinates": [
          -77.5816322,
          44.1271194
        ]
      }
    },
    {
      "type": "Feature",
      "id": "node/867830250",
      "properties": {
        "type": "Railway Node"
      },
      "geometry": {
        "type": "Point",
        "coordinates": [
          -77.500879,
          44.1320059
        ]
      }
    },
    {
      "type": "Feature",
      "id": "node/867830598",
      "properties": {
        "type": "Railway Node"
      },
      "geometry": {
        "type": "Point",
        "coordinates": [
          -77.5163811,
          44.1296703
        ]
      }
    },
    {
      "type": "Feature",
      "id": "node/867831978",
      "properties": {
        "type": "Railway Node"
      },
      "geometry": {
        "type": "Point",
        "coordinates": [
          -77.5825751,
          44.1263529
        ]
      }
    },
    {
      "type": "Feature",
      "id": "node/867833650",
      "properties": {
        "type": "Railway Node"
      },
      "geometry": {
        "type": "Point",
        "coordinates": [
          -77.5247164,
          44.1280835
        ]
      }
    },
    {
      "type": "Feature",
      "id": "node/867838918",
      "properties": {
        "type": "Railway Node"
      },
      "geometry": {
        "type": "Point",
        "coordinates": [
          -77.5054811,
          44.1313327
        ]
      }
    },
    {
      "type": "Feature",
      "id": "node/869824329",
      "properties": {
        "type": "Railway Node"
      },
      "geometry": {
        "type": "Point",
        "coordinates": [
          -78,
          44.382072
        ]
      }
    },
    {
      "type": "Feature",
      "id": "node/869824967",
      "properties": {
        "type": "Railway Node"
      },
      "geometry": {
        "type": "Point",
        "coordinates": [
          -77.9633746,
          44.3958168
        ]
      }
    },
    {
      "type": "Feature",
      "id": "node/869825001",
      "properties": {
        "type": "Railway Node"
      },
      "geometry": {
        "type": "Point",
        "coordinates": [
          -77.888344,
          44.4326183
        ]
      }
    },
    {
      "type": "Feature",
      "id": "node/869825321",
      "properties": {
        "type": "Railway Node"
      },
      "geometry": {
        "type": "Point",
        "coordinates": [
          -77.8853118,
          44.4327329
        ]
      }
    },
    {
      "type": "Feature",
      "id": "node/869825649",
      "properties": {
        "type": "Railway Node"
      },
      "geometry": {
        "type": "Point",
        "coordinates": [
          -77.8828235,
          44.4323947
        ]
      }
    },
    {
      "type": "Feature",
      "id": "node/869825655",
      "properties": {
        "type": "Railway Node"
      },
      "geometry": {
        "type": "Point",
        "coordinates": [
          -77.9231044,
          44.4182442
        ]
      }
    },
    {
      "type": "Feature",
      "id": "node/869825671",
      "properties": {
        "type": "Railway Node"
      },
      "geometry": {
        "type": "Point",
        "coordinates": [
          -77.8941508,
          44.4326961
        ]
      }
    },
    {
      "type": "Feature",
      "id": "node/869825772",
      "properties": {
        "type": "Railway Node"
      },
      "geometry": {
        "type": "Point",
        "coordinates": [
          -77.9753792,
          44.3873063
        ]
      }
    },
    {
      "type": "Feature",
      "id": "node/869826059",
      "properties": {
        "type": "Railway Node"
      },
      "geometry": {
        "type": "Point",
        "coordinates": [
          -77.8906029,
          44.4327502
        ]
      }
    },
    {
      "type": "Feature",
      "id": "node/869826217",
      "properties": {
        "type": "Railway Node"
      },
      "geometry": {
        "type": "Point",
        "coordinates": [
          -77.9123889,
          44.4239433
        ]
      }
    },
    {
      "type": "Feature",
      "id": "node/869826680",
      "properties": {
        "type": "Railway Node"
      },
      "geometry": {
        "type": "Point",
        "coordinates": [
          -77.896743,
          44.4335401
        ]
      }
    },
    {
      "type": "Feature",
      "id": "node/869826687",
      "properties": {
        "type": "Railway Node"
      },
      "geometry": {
        "type": "Point",
        "coordinates": [
          -77.899587,
          44.4323042
        ]
      }
    },
    {
      "type": "Feature",
      "id": "node/869826957",
      "properties": {
        "type": "Railway Node"
      },
      "geometry": {
        "type": "Point",
        "coordinates": [
          -77.9577293,
          44.3998567
        ]
      }
    },
    {
      "type": "Feature",
      "id": "node/869827845",
      "properties": {
        "type": "Railway Node"
      },
      "geometry": {
        "type": "Point",
        "coordinates": [
          -77.8981123,
          44.4325529
        ]
      }
    },
    {
      "type": "Feature",
      "id": "node/869828235",
      "properties": {
        "type": "Railway Node"
      },
      "geometry": {
        "type": "Point",
        "coordinates": [
          -77.8765815,
          44.4331852
        ]
      }
    },
    {
      "type": "Feature",
      "id": "node/869828317",
      "properties": {
        "type": "Railway Node"
      },
      "geometry": {
        "type": "Point",
        "coordinates": [
          -77.8796791,
          44.4329891
        ]
      }
    },
    {
      "type": "Feature",
      "id": "node/869829010",
      "properties": {
        "type": "Railway Node"
      },
      "geometry": {
        "type": "Point",
        "coordinates": [
          -77.9597857,
          44.3984506
        ]
      }
    },
    {
      "type": "Feature",
      "id": "node/869829150",
      "properties": {
        "type": "Railway Node"
      },
      "geometry": {
        "type": "Point",
        "coordinates": [
          -77.9658376,
          44.3940097
        ]
      }
    },
    {
      "type": "Feature",
      "id": "node/869829369",
      "properties": {
        "type": "Railway Node"
      },
      "geometry": {
        "type": "Point",
        "coordinates": [
          -77.9418153,
          44.4069943
        ]
      }
    },
    {
      "type": "Feature",
      "id": "node/869829675",
      "properties": {
        "type": "Railway Node"
      },
      "geometry": {
        "type": "Point",
        "coordinates": [
          -77.9766559,
          44.3869095
        ]
      }
    },
    {
      "type": "Feature",
      "id": "node/869830118",
      "properties": {
        "type": "Railway Node"
      },
      "geometry": {
        "type": "Point",
        "coordinates": [
          -77.9011384,
          44.4375963
        ]
      }
    },
    {
      "type": "Feature",
      "id": "node/869831201",
      "properties": {
        "type": "Railway Node"
      },
      "geometry": {
        "type": "Point",
        "coordinates": [
          -77.9804641,
          44.3863336
        ]
      }
    },
    {
      "type": "Feature",
      "id": "node/869831493",
      "properties": {
        "type": "Railway Node"
      },
      "geometry": {
        "type": "Point",
        "coordinates": [
          -77.9392391,
          44.4082887
        ]
      }
    },
    {
      "type": "Feature",
      "id": "node/869831604",
      "properties": {
        "type": "Railway Node"
      },
      "geometry": {
        "type": "Point",
        "coordinates": [
          -77.9016045,
          44.4315405
        ]
      }
    },
    {
      "type": "Feature",
      "id": "node/869831622",
      "properties": {
        "type": "Railway Node"
      },
      "geometry": {
        "type": "Point",
        "coordinates": [
          -77.9740556,
          44.3879205
        ]
      }
    },
    {
      "type": "Feature",
      "id": "node/869832312",
      "properties": {
        "type": "Railway Node"
      },
      "geometry": {
        "type": "Point",
        "coordinates": [
          -77.9859286,
          44.3846937
        ]
      }
    },
    {
      "type": "Feature",
      "id": "node/869832482",
      "properties": {
        "type": "Railway Node"
      },
      "geometry": {
        "type": "Point",
        "coordinates": [
          -77.9220135,
          44.418825
        ]
      }
    },
    {
      "type": "Feature",
      "id": "node/869832757",
      "properties": {
        "type": "Railway Node"
      },
      "geometry": {
        "type": "Point",
        "coordinates": [
          -77.9515766,
          44.4026972
        ]
      }
    },
    {
      "type": "Feature",
      "id": "node/869833348",
      "properties": {
        "type": "Railway Node"
      },
      "geometry": {
        "type": "Point",
        "coordinates": [
          -77.972834,
          44.3887175
        ]
      }
    },
    {
      "type": "Feature",
      "id": "node/869833900",
      "properties": {
        "type": "Railway Node"
      },
      "geometry": {
        "type": "Point",
        "coordinates": [
          -77.9369183,
          44.4097157
        ]
      }
    },
    {
      "type": "Feature",
      "id": "node/869834043",
      "properties": {
        "type": "Railway Node"
      },
      "geometry": {
        "type": "Point",
        "coordinates": [
          -77.9886583,
          44.3839826
        ]
      }
    },
    {
      "type": "Feature",
      "id": "node/869834809",
      "properties": {
        "type": "Railway Node"
      },
      "geometry": {
        "type": "Point",
        "coordinates": [
          -77.9069737,
          44.4471387
        ]
      }
    },
    {
      "type": "Feature",
      "id": "node/869834879",
      "properties": {
        "type": "Railway Node"
      },
      "geometry": {
        "type": "Point",
        "coordinates": [
          -77.9322303,
          44.4996334
        ]
      }
    },
    {
      "type": "Feature",
      "id": "node/869835046",
      "properties": {
        "type": "Railway Node"
      },
      "geometry": {
        "type": "Point",
        "coordinates": [
          -77.9028572,
          44.4392037
        ]
      }
    },
    {
      "type": "Feature",
      "id": "node/869835375",
      "properties": {
        "type": "Railway Node"
      },
      "geometry": {
        "type": "Point",
        "coordinates": [
          -77.911938,
          44.4605435
        ]
      }
    },
    {
      "type": "Feature",
      "id": "node/869835474",
      "properties": {
        "type": "Railway Node"
      },
      "geometry": {
        "type": "Point",
        "coordinates": [
          -77.90964,
          44.4561192
        ]
      }
    },
    {
      "type": "Feature",
      "id": "node/869835950",
      "properties": {
        "type": "Railway Node"
      },
      "geometry": {
        "type": "Point",
        "coordinates": [
          -77.9039232,
          44.4402235
        ]
      }
    },
    {
      "type": "Feature",
      "id": "node/869837352",
      "properties": {
        "type": "Railway Node"
      },
      "geometry": {
        "type": "Point",
        "coordinates": [
          -77.909992,
          44.4571311
        ]
      }
    },
    {
      "type": "Feature",
      "id": "node/869837523",
      "properties": {
        "type": "Railway Node"
      },
      "geometry": {
        "type": "Point",
        "coordinates": [
          -77.9124364,
          44.4724092
        ]
      }
    },
    {
      "type": "Feature",
      "id": "node/869837893",
      "properties": {
        "type": "Railway Node"
      },
      "geometry": {
        "type": "Point",
        "coordinates": [
          -77.9099935,
          44.453206
        ]
      }
    },
    {
      "type": "Feature",
      "id": "node/869837898",
      "properties": {
        "type": "Railway Node"
      },
      "geometry": {
        "type": "Point",
        "coordinates": [
          -77.9158646,
          44.4792159
        ]
      }
    },
    {
      "type": "Feature",
      "id": "node/869837958",
      "properties": {
        "type": "Railway Node"
      },
      "geometry": {
        "type": "Point",
        "coordinates": [
          -77.9164967,
          44.4802647
        ]
      }
    },
    {
      "type": "Feature",
      "id": "node/869837998",
      "properties": {
        "type": "Railway Node"
      },
      "geometry": {
        "type": "Point",
        "coordinates": [
          -77.9084882,
          44.4483159
        ]
      }
    },
    {
      "type": "Feature",
      "id": "node/869838100",
      "properties": {
        "type": "Railway Node"
      },
      "geometry": {
        "type": "Point",
        "coordinates": [
          -77.9242647,
          44.4963724
        ]
      }
    },
    {
      "type": "Feature",
      "id": "node/869838184",
      "properties": {
        "type": "Railway Node"
      },
      "geometry": {
        "type": "Point",
        "coordinates": [
          -77.9150296,
          44.4774317
        ]
      }
    },
    {
      "type": "Feature",
      "id": "node/869838211",
      "properties": {
        "type": "Railway Node"
      },
      "geometry": {
        "type": "Point",
        "coordinates": [
          -77.9269599,
          44.4979097
        ]
      }
    },
    {
      "type": "Feature",
      "id": "node/869838316",
      "properties": {
        "type": "Railway Node"
      },
      "geometry": {
        "type": "Point",
        "coordinates": [
          -77.9206461,
          44.4867283
        ]
      }
    },
    {
      "type": "Feature",
      "id": "node/869838554",
      "properties": {
        "type": "Railway Node"
      },
      "geometry": {
        "type": "Point",
        "coordinates": [
          -77.9062153,
          44.4459552
        ]
      }
    },
    {
      "type": "Feature",
      "id": "node/869838920",
      "properties": {
        "type": "Railway Node"
      },
      "geometry": {
        "type": "Point",
        "coordinates": [
          -77.920824,
          44.4903231
        ]
      }
    },
    {
      "type": "Feature",
      "id": "node/869839438",
      "properties": {
        "type": "Railway Node"
      },
      "geometry": {
        "type": "Point",
        "coordinates": [
          -77.9120431,
          44.4711055
        ]
      }
    },
    {
      "type": "Feature",
      "id": "node/869839564",
      "properties": {
        "type": "Railway Node"
      },
      "geometry": {
        "type": "Point",
        "coordinates": [
          -77.9196853,
          44.4843062
        ]
      }
    },
    {
      "type": "Feature",
      "id": "node/869839995",
      "properties": {
        "type": "Railway Node"
      },
      "geometry": {
        "type": "Point",
        "coordinates": [
          -77.9202101,
          44.4851691
        ]
      }
    },
    {
      "type": "Feature",
      "id": "node/869840341",
      "properties": {
        "type": "Railway Node"
      },
      "geometry": {
        "type": "Point",
        "coordinates": [
          -77.9234943,
          44.4955161
        ]
      }
    },
    {
      "type": "Feature",
      "id": "node/869840362",
      "properties": {
        "type": "Railway Node"
      },
      "geometry": {
        "type": "Point",
        "coordinates": [
          -77.9115027,
          44.4592498
        ]
      }
    },
    {
      "type": "Feature",
      "id": "node/869840478",
      "properties": {
        "type": "Railway Node"
      },
      "geometry": {
        "type": "Point",
        "coordinates": [
          -77.9092103,
          44.4506908
        ]
      }
    },
    {
      "type": "Feature",
      "id": "node/869841001",
      "properties": {
        "type": "Railway Node"
      },
      "geometry": {
        "type": "Point",
        "coordinates": [
          -77.9061994,
          44.4446345
        ]
      }
    },
    {
      "type": "Feature",
      "id": "node/869841863",
      "properties": {
        "type": "Railway Node"
      },
      "geometry": {
        "type": "Point",
        "coordinates": [
          -77.9309152,
          44.4989628
        ]
      }
    },
    {
      "type": "Feature",
      "id": "node/869842360",
      "properties": {
        "type": "Railway Node"
      },
      "geometry": {
        "type": "Point",
        "coordinates": [
          -77.9049464,
          44.4416149
        ]
      }
    },
    {
      "type": "Feature",
      "id": "node/869859278",
      "properties": {
        "type": "Railway Node"
      },
      "geometry": {
        "type": "Point",
        "coordinates": [
          -77.8747332,
          44.4331058
        ]
      }
    },
    {
      "type": "Feature",
      "id": "node/892316348",
      "properties": {
        "type": "Railway Node"
      },
      "geometry": {
        "type": "Point",
        "coordinates": [
          -77.9515693,
          44.6605991
        ]
      }
    },
    {
      "type": "Feature",
      "id": "node/892316709",
      "properties": {
        "type": "Railway Node"
      },
      "geometry": {
        "type": "Point",
        "coordinates": [
          -77.9491942,
          44.6651701
        ]
      }
    },
    {
      "type": "Feature",
      "id": "node/892316965",
      "properties": {
        "type": "Railway Node"
      },
      "geometry": {
        "type": "Point",
        "coordinates": [
          -77.9482227,
          44.6673606
        ]
      }
    },
    {
      "type": "Feature",
      "id": "node/892317399",
      "properties": {
        "type": "Railway Node"
      },
      "geometry": {
        "type": "Point",
        "coordinates": [
          -77.947839,
          44.6705369
        ]
      }
    },
    {
      "type": "Feature",
      "id": "node/892317404",
      "properties": {
        "type": "Railway Node"
      },
      "geometry": {
        "type": "Point",
        "coordinates": [
          -77.9543338,
          44.6580825
        ]
      }
    },
    {
      "type": "Feature",
      "id": "node/892318470",
      "properties": {
        "type": "Railway Node"
      },
      "geometry": {
        "type": "Point",
        "coordinates": [
          -77.9466489,
          44.6745685
        ]
      }
    },
    {
      "type": "Feature",
      "id": "node/892320213",
      "properties": {
        "type": "Railway Node"
      },
      "geometry": {
        "type": "Point",
        "coordinates": [
          -77.956624,
          44.656202
        ]
      }
    },
    {
      "type": "Feature",
      "id": "node/892324451",
      "properties": {
        "type": "Railway Node"
      },
      "geometry": {
        "type": "Point",
        "coordinates": [
          -77.9508549,
          44.661622
        ]
      }
    },
    {
      "type": "Feature",
      "id": "node/892326313",
      "properties": {
        "type": "Railway Node"
      },
      "geometry": {
        "type": "Point",
        "coordinates": [
          -77.9472099,
          44.6727933
        ]
      }
    },
    {
      "type": "Feature",
      "id": "node/892362024",
      "properties": {
        "type": "Railway Node"
      },
      "geometry": {
        "type": "Point",
        "coordinates": [
          -77.9851268,
          44.6299194
        ]
      }
    },
    {
      "type": "Feature",
      "id": "node/892362063",
      "properties": {
        "type": "Railway Node"
      },
      "geometry": {
        "type": "Point",
        "coordinates": [
          -77.9992859,
          44.6277169
        ]
      }
    },
    {
      "type": "Feature",
      "id": "node/892362676",
      "properties": {
        "type": "Railway Node"
      },
      "geometry": {
        "type": "Point",
        "coordinates": [
          -77.9923979,
          44.6288001
        ]
      }
    },
    {
      "type": "Feature",
      "id": "node/892362747",
      "properties": {
        "type": "Railway Node"
      },
      "geometry": {
        "type": "Point",
        "coordinates": [
          -77.9794559,
          44.6359824
        ]
      }
    },
    {
      "type": "Feature",
      "id": "node/892363534",
      "properties": {
        "type": "Railway Node"
      },
      "geometry": {
        "type": "Point",
        "coordinates": [
          -77.9602111,
          44.6540423
        ]
      }
    },
    {
      "type": "Feature",
      "id": "node/892363610",
      "properties": {
        "type": "Railway Node"
      },
      "geometry": {
        "type": "Point",
        "coordinates": [
          -77.9733039,
          44.647101
        ]
      }
    },
    {
      "type": "Feature",
      "id": "node/892363844",
      "properties": {
        "type": "Railway Node"
      },
      "geometry": {
        "type": "Point",
        "coordinates": [
          -77.9704811,
          44.6484817
        ]
      }
    },
    {
      "type": "Feature",
      "id": "node/892364025",
      "properties": {
        "type": "Railway Node"
      },
      "geometry": {
        "type": "Point",
        "coordinates": [
          -77.9679136,
          44.6488213
        ]
      }
    },
    {
      "type": "Feature",
      "id": "node/892365240",
      "properties": {
        "type": "Railway Node"
      },
      "geometry": {
        "type": "Point",
        "coordinates": [
          -77.9722189,
          44.6479236
        ]
      }
    },
    {
      "type": "Feature",
      "id": "node/892366247",
      "properties": {
        "type": "Railway Node"
      },
      "geometry": {
        "type": "Point",
        "coordinates": [
          -77.983721,
          44.6309839
        ]
      }
    },
    {
      "type": "Feature",
      "id": "node/892366428",
      "properties": {
        "type": "Railway Node"
      },
      "geometry": {
        "type": "Point",
        "coordinates": [
          -77.9907415,
          44.6289239
        ]
      }
    },
    {
      "type": "Feature",
      "id": "node/892367162",
      "properties": {
        "type": "Railway Node"
      },
      "geometry": {
        "type": "Point",
        "coordinates": [
          -77.965908,
          44.6497011
        ]
      }
    },
    {
      "type": "Feature",
      "id": "node/892367171",
      "properties": {
        "type": "Railway Node"
      },
      "geometry": {
        "type": "Point",
        "coordinates": [
          -77.9968368,
          44.6296996
        ]
      }
    },
    {
      "type": "Feature",
      "id": "node/892367323",
      "properties": {
        "type": "Railway Node"
      },
      "geometry": {
        "type": "Point",
        "coordinates": [
          -77.9938766,
          44.6297135
        ]
      }
    },
    {
      "type": "Feature",
      "id": "node/892367627",
      "properties": {
        "type": "Railway Node"
      },
      "geometry": {
        "type": "Point",
        "coordinates": [
          -77.9873945,
          44.6292288
        ]
      }
    },
    {
      "type": "Feature",
      "id": "node/892369581",
      "properties": {
        "type": "Railway Node"
      },
      "geometry": {
        "type": "Point",
        "coordinates": [
          -77.9945346,
          44.6266122
        ]
      }
    },
    {
      "type": "Feature",
      "id": "node/892369805",
      "properties": {
        "type": "Railway Node"
      },
      "geometry": {
        "type": "Point",
        "coordinates": [
          -77.9787549,
          44.637283
        ]
      }
    },
    {
      "type": "Feature",
      "id": "node/892371245",
      "properties": {
        "type": "Railway Node"
      },
      "geometry": {
        "type": "Point",
        "coordinates": [
          -77.997768,
          44.6289659
        ]
      }
    },
    {
      "type": "Feature",
      "id": "node/892371758",
      "properties": {
        "type": "Railway Node"
      },
      "geometry": {
        "type": "Point",
        "coordinates": [
          -77.9783203,
          44.6392588
        ]
      }
    },
    {
      "type": "Feature",
      "id": "node/892372362",
      "properties": {
        "type": "Railway Node"
      },
      "geometry": {
        "type": "Point",
        "coordinates": [
          -77.9755813,
          44.6448695
        ]
      }
    },
    {
      "type": "Feature",
      "id": "node/892373053",
      "properties": {
        "type": "Railway Node"
      },
      "geometry": {
        "type": "Point",
        "coordinates": [
          -77.9965456,
          44.62463
        ]
      }
    },
    {
      "type": "Feature",
      "id": "node/892373858",
      "properties": {
        "type": "Railway Node"
      },
      "geometry": {
        "type": "Point",
        "coordinates": [
          -77.9583852,
          44.6549207
        ]
      }
    },
    {
      "type": "Feature",
      "id": "node/892504364",
      "properties": {
        "type": "Railway Node"
      },
      "geometry": {
        "type": "Point",
        "coordinates": [
          -77.97682,
          44.5738558
        ]
      }
    },
    {
      "type": "Feature",
      "id": "node/892505471",
      "properties": {
        "type": "Railway Node"
      },
      "geometry": {
        "type": "Point",
        "coordinates": [
          -77.9771566,
          44.5766313
        ]
      }
    },
    {
      "type": "Feature",
      "id": "node/892506339",
      "properties": {
        "type": "Railway Node"
      },
      "geometry": {
        "type": "Point",
        "coordinates": [
          -77.9746808,
          44.5679244
        ]
      }
    },
    {
      "type": "Feature",
      "id": "node/892506722",
      "properties": {
        "type": "Railway Node"
      },
      "geometry": {
        "type": "Point",
        "coordinates": [
          -77.9905963,
          44.5834931
        ]
      }
    },
    {
      "type": "Feature",
      "id": "node/892506975",
      "properties": {
        "type": "Railway Node"
      },
      "geometry": {
        "type": "Point",
        "coordinates": [
          -77.9983339,
          44.6226588
        ]
      }
    },
    {
      "type": "Feature",
      "id": "node/892507451",
      "properties": {
        "type": "Railway Node"
      },
      "geometry": {
        "type": "Point",
        "coordinates": [
          -77.9968979,
          44.5858275
        ]
      }
    },
    {
      "type": "Feature",
      "id": "node/892508607",
      "properties": {
        "type": "Railway Node"
      },
      "geometry": {
        "type": "Point",
        "coordinates": [
          -77.9756784,
          44.5711311
        ]
      }
    },
    {
      "type": "Feature",
      "id": "node/892510085",
      "properties": {
        "type": "Railway Node"
      },
      "geometry": {
        "type": "Point",
        "coordinates": [
          -77.9777499,
          44.5776429
        ]
      }
    },
    {
      "type": "Feature",
      "id": "node/892513666",
      "properties": {
        "type": "Railway Node"
      },
      "geometry": {
        "type": "Point",
        "coordinates": [
          -77.9801026,
          44.579192
        ]
      }
    },
    {
      "type": "Feature",
      "id": "node/892516355",
      "properties": {
        "type": "Railway Node"
      },
      "geometry": {
        "type": "Point",
        "coordinates": [
          -77.9787355,
          44.5785154
        ]
      }
    },
    {
      "type": "Feature",
      "id": "node/892518141",
      "properties": {
        "type": "Railway Node"
      },
      "geometry": {
        "type": "Point",
        "coordinates": [
          -77.9998726,
          44.6204752
        ]
      }
    },
    {
      "type": "Feature",
      "id": "node/892519036",
      "properties": {
        "type": "Railway Node"
      },
      "geometry": {
        "type": "Point",
        "coordinates": [
          -77.9752496,
          44.5688779
        ]
      }
    },
    {
      "type": "Feature",
      "id": "node/892520032",
      "properties": {
        "type": "Railway Node"
      },
      "geometry": {
        "type": "Point",
        "coordinates": [
          -77.9991254,
          44.5875938
        ]
      }
    },
    {
      "type": "Feature",
      "id": "node/892521264",
      "properties": {
        "type": "Railway Node"
      },
      "geometry": {
        "type": "Point",
        "coordinates": [
          -77.9763784,
          44.5725771
        ]
      }
    },
    {
      "type": "Feature",
      "id": "node/892527394",
      "properties": {
        "type": "Railway Node"
      },
      "geometry": {
        "type": "Point",
        "coordinates": [
          -77.9974341,
          44.6237333
        ]
      }
    },
    {
      "type": "Feature",
      "id": "node/892528252",
      "properties": {
        "type": "Railway Node"
      },
      "geometry": {
        "type": "Point",
        "coordinates": [
          -77.9693454,
          44.562403
        ]
      }
    },
    {
      "type": "Feature",
      "id": "node/892546473",
      "properties": {
        "type": "Railway Node"
      },
      "geometry": {
        "type": "Point",
        "coordinates": [
          -77.9529645,
          44.5307339
        ]
      }
    },
    {
      "type": "Feature",
      "id": "node/892546864",
      "properties": {
        "type": "Railway Node"
      },
      "geometry": {
        "type": "Point",
        "coordinates": [
          -77.9592313,
          44.5481084
        ]
      }
    },
    {
      "type": "Feature",
      "id": "node/892546936",
      "properties": {
        "type": "Railway Node"
      },
      "geometry": {
        "type": "Point",
        "coordinates": [
          -77.9592997,
          44.5494306
        ]
      }
    },
    {
      "type": "Feature",
      "id": "node/892547325",
      "properties": {
        "type": "Railway Node"
      },
      "geometry": {
        "type": "Point",
        "coordinates": [
          -77.9338422,
          44.503126
        ]
      }
    },
    {
      "type": "Feature",
      "id": "node/892547526",
      "properties": {
        "type": "Railway Node"
      },
      "geometry": {
        "type": "Point",
        "coordinates": [
          -77.9334773,
          44.5010135
        ]
      }
    },
    {
      "type": "Feature",
      "id": "node/892548026",
      "properties": {
        "type": "Railway Node"
      },
      "geometry": {
        "type": "Point",
        "coordinates": [
          -77.933989,
          44.506971
        ]
      }
    },
    {
      "type": "Feature",
      "id": "node/892548092",
      "properties": {
        "type": "Railway Node"
      },
      "geometry": {
        "type": "Point",
        "coordinates": [
          -77.9583173,
          44.5464555
        ]
      }
    },
    {
      "type": "Feature",
      "id": "node/892548725",
      "properties": {
        "type": "Railway Node"
      },
      "geometry": {
        "type": "Point",
        "coordinates": [
          -77.9377046,
          44.5098159
        ]
      }
    },
    {
      "type": "Feature",
      "id": "node/892549085",
      "properties": {
        "type": "Railway Node"
      },
      "geometry": {
        "type": "Point",
        "coordinates": [
          -77.9599653,
          44.5517542
        ]
      }
    },
    {
      "type": "Feature",
      "id": "node/892549171",
      "properties": {
        "type": "Railway Node"
      },
      "geometry": {
        "type": "Point",
        "coordinates": [
          -77.9561505,
          44.5445657
        ]
      }
    },
    {
      "type": "Feature",
      "id": "node/892549675",
      "properties": {
        "type": "Railway Node"
      },
      "geometry": {
        "type": "Point",
        "coordinates": [
          -77.9524855,
          44.5292488
        ]
      }
    },
    {
      "type": "Feature",
      "id": "node/892549917",
      "properties": {
        "type": "Railway Node"
      },
      "geometry": {
        "type": "Point",
        "coordinates": [
          -77.9472441,
          44.522243
        ]
      }
    },
    {
      "type": "Feature",
      "id": "node/892550115",
      "properties": {
        "type": "Railway Node"
      },
      "geometry": {
        "type": "Point",
        "coordinates": [
          -77.9351501,
          44.5082427
        ]
      }
    },
    {
      "type": "Feature",
      "id": "node/892550434",
      "properties": {
        "type": "Railway Node"
      },
      "geometry": {
        "type": "Point",
        "coordinates": [
          -77.9609918,
          44.5536249
        ]
      }
    },
    {
      "type": "Feature",
      "id": "node/892551707",
      "properties": {
        "type": "Railway Node"
      },
      "geometry": {
        "type": "Point",
        "coordinates": [
          -77.940766,
          44.5154969
        ]
      }
    },
    {
      "type": "Feature",
      "id": "node/892551925",
      "properties": {
        "type": "Railway Node"
      },
      "geometry": {
        "type": "Point",
        "coordinates": [
          -77.9674436,
          44.5603967
        ]
      }
    },
    {
      "type": "Feature",
      "id": "node/892552206",
      "properties": {
        "type": "Railway Node"
      },
      "geometry": {
        "type": "Point",
        "coordinates": [
          -77.9484453,
          44.5237786
        ]
      }
    },
    {
      "type": "Feature",
      "id": "node/892552223",
      "properties": {
        "type": "Railway Node"
      },
      "geometry": {
        "type": "Point",
        "coordinates": [
          -77.9336911,
          44.5060155
        ]
      }
    },
    {
      "type": "Feature",
      "id": "node/892552554",
      "properties": {
        "type": "Railway Node"
      },
      "geometry": {
        "type": "Point",
        "coordinates": [
          -77.9464532,
          44.5214378
        ]
      }
    },
    {
      "type": "Feature",
      "id": "node/892552989",
      "properties": {
        "type": "Railway Node"
      },
      "geometry": {
        "type": "Point",
        "coordinates": [
          -77.9389604,
          44.5109414
        ]
      }
    },
    {
      "type": "Feature",
      "id": "node/903705529",
      "properties": {
        "type": "Railway Node"
      },
      "geometry": {
        "type": "Point",
        "coordinates": [
          -79.4075896,
          43.6390359
        ]
      }
    },
    {
      "type": "Feature",
      "id": "node/903705549",
      "properties": {
        "type": "Railway Node"
      },
      "geometry": {
        "type": "Point",
        "coordinates": [
          -79.4090287,
          43.6386385
        ]
      }
    },
    {
      "type": "Feature",
      "id": "node/904799280",
      "properties": {
        "type": "Railway Node"
      },
      "geometry": {
        "type": "Point",
        "coordinates": [
          -78.6447337,
          43.9311953
        ]
      }
    },
    {
      "type": "Feature",
      "id": "node/904799425",
      "properties": {
        "type": "Railway Node"
      },
      "geometry": {
        "type": "Point",
        "coordinates": [
          -78.6741671,
          43.932348
        ]
      }
    },
    {
      "type": "Feature",
      "id": "node/904799676",
      "properties": {
        "type": "Railway Node"
      },
      "geometry": {
        "type": "Point",
        "coordinates": [
          -78.624927,
          43.9262973
        ]
      }
    },
    {
      "type": "Feature",
      "id": "node/904799863",
      "properties": {
        "type": "Railway Node"
      },
      "geometry": {
        "type": "Point",
        "coordinates": [
          -78.6570586,
          43.9319307
        ]
      }
    },
    {
      "type": "Feature",
      "id": "node/904800005",
      "properties": {
        "type": "Railway Node"
      },
      "geometry": {
        "type": "Point",
        "coordinates": [
          -78.687469,
          43.9201896
        ]
      }
    },
    {
      "type": "Feature",
      "id": "node/904800142",
      "properties": {
        "type": "Railway Node"
      },
      "geometry": {
        "type": "Point",
        "coordinates": [
          -78.6853903,
          43.9223403
        ]
      }
    },
    {
      "type": "Feature",
      "id": "node/904800214",
      "properties": {
        "type": "Railway Node"
      },
      "geometry": {
        "type": "Point",
        "coordinates": [
          -78.6460711,
          43.9314233
        ]
      }
    },
    {
      "type": "Feature",
      "id": "node/904800939",
      "properties": {
        "type": "Railway Node"
      },
      "geometry": {
        "type": "Point",
        "coordinates": [
          -78.6339646,
          43.9285158
        ]
      }
    },
    {
      "type": "Feature",
      "id": "node/904801079",
      "properties": {
        "type": "Railway Node"
      },
      "geometry": {
        "type": "Point",
        "coordinates": [
          -78.6680499,
          43.9323794
        ]
      }
    },
    {
      "type": "Feature",
      "id": "node/904801979",
      "properties": {
        "type": "Railway Node"
      },
      "geometry": {
        "type": "Point",
        "coordinates": [
          -78.6763858,
          43.931577
        ]
      }
    },
    {
      "type": "Feature",
      "id": "node/904802151",
      "properties": {
        "type": "Railway Node"
      },
      "geometry": {
        "type": "Point",
        "coordinates": [
          -78.6372201,
          43.9293259
        ]
      }
    },
    {
      "type": "Feature",
      "id": "node/904802299",
      "properties": {
        "type": "Railway Node"
      },
      "geometry": {
        "type": "Point",
        "coordinates": [
          -78.6728973,
          43.9325166
        ]
      }
    },
    {
      "type": "Feature",
      "id": "node/904803193",
      "properties": {
        "type": "Railway Node"
      },
      "geometry": {
        "type": "Point",
        "coordinates": [
          -78.6779885,
          43.9304276
        ]
      }
    },
    {
      "type": "Feature",
      "id": "node/904804168",
      "properties": {
        "type": "Railway Node"
      },
      "geometry": {
        "type": "Point",
        "coordinates": [
          -78.6948276,
          43.9142591
        ]
      }
    },
    {
      "type": "Feature",
      "id": "node/904805467",
      "properties": {
        "type": "Railway Node"
      },
      "geometry": {
        "type": "Point",
        "coordinates": [
          -78.6968061,
          43.9127237
        ]
      }
    },
    {
      "type": "Feature",
      "id": "node/904808753",
      "properties": {
        "type": "Railway Node"
      },
      "geometry": {
        "type": "Point",
        "coordinates": [
          -78.6883924,
          43.9192342
        ]
      }
    },
    {
      "type": "Feature",
      "id": "node/904810648",
      "properties": {
        "type": "Railway Node"
      },
      "geometry": {
        "type": "Point",
        "coordinates": [
          -78.6901021,
          43.9179209
        ]
      }
    },
    {
      "type": "Feature",
      "id": "node/904810652",
      "properties": {
        "type": "Railway Node"
      },
      "geometry": {
        "type": "Point",
        "coordinates": [
          -78.6957448,
          43.9135687
        ]
      }
    },
    {
      "type": "Feature",
      "id": "node/904812025",
      "properties": {
        "type": "Railway Node"
      },
      "geometry": {
        "type": "Point",
        "coordinates": [
          -78.7013234,
          43.9092862
        ]
      }
    },
    {
      "type": "Feature",
      "id": "node/904812288",
      "properties": {
        "type": "Railway Node"
      },
      "geometry": {
        "type": "Point",
        "coordinates": [
          -78.6918896,
          43.9165313
        ]
      }
    },
    {
      "type": "Feature",
      "id": "node/904813795",
      "properties": {
        "type": "Railway Node"
      },
      "geometry": {
        "type": "Point",
        "coordinates": [
          -78.7052188,
          43.906326
        ]
      }
    },
    {
      "type": "Feature",
      "id": "node/904815787",
      "properties": {
        "type": "Railway Node"
      },
      "geometry": {
        "type": "Point",
        "coordinates": [
          -78.7320417,
          43.8884777
        ]
      }
    },
    {
      "type": "Feature",
      "id": "node/904816502",
      "properties": {
        "type": "Railway Node"
      },
      "geometry": {
        "type": "Point",
        "coordinates": [
          -78.7460469,
          43.8819635
        ]
      }
    },
    {
      "type": "Feature",
      "id": "node/904816806",
      "properties": {
        "type": "Railway Node"
      },
      "geometry": {
        "type": "Point",
        "coordinates": [
          -78.7092796,
          43.9032231
        ]
      }
    },
    {
      "type": "Feature",
      "id": "node/904816972",
      "properties": {
        "type": "Railway Node"
      },
      "geometry": {
        "type": "Point",
        "coordinates": [
          -78.748168,
          43.8818995
        ]
      }
    },
    {
      "type": "Feature",
      "id": "node/904817397",
      "properties": {
        "type": "Railway Node"
      },
      "geometry": {
        "type": "Point",
        "coordinates": [
          -78.7442894,
          43.882393
        ]
      }
    },
    {
      "type": "Feature",
      "id": "node/904817423",
      "properties": {
        "type": "Railway Node"
      },
      "geometry": {
        "type": "Point",
        "coordinates": [
          -78.7499088,
          43.8821599
        ]
      }
    },
    {
      "type": "Feature",
      "id": "node/904817636",
      "properties": {
        "type": "Railway Node"
      },
      "geometry": {
        "type": "Point",
        "coordinates": [
          -78.7202793,
          43.8947679
        ]
      }
    },
    {
      "type": "Feature",
      "id": "node/904818073",
      "properties": {
        "type": "Railway Node"
      },
      "geometry": {
        "type": "Point",
        "coordinates": [
          -78.7071392,
          43.9048666
        ]
      }
    },
    {
      "type": "Feature",
      "id": "node/904818095",
      "properties": {
        "type": "Railway Node"
      },
      "geometry": {
        "type": "Point",
        "coordinates": [
          -78.7225504,
          43.8932879
        ]
      }
    },
    {
      "type": "Feature",
      "id": "node/904821398",
      "properties": {
        "type": "Railway Node"
      },
      "geometry": {
        "type": "Point",
        "coordinates": [
          -78.7635086,
          43.8846947
        ]
      }
    },
    {
      "type": "Feature",
      "id": "node/904821476",
      "properties": {
        "type": "Railway Node"
      },
      "geometry": {
        "type": "Point",
        "coordinates": [
          -78.8010928,
          43.8769978
        ]
      }
    },
    {
      "type": "Feature",
      "id": "node/904821481",
      "properties": {
        "type": "Railway Node"
      },
      "geometry": {
        "type": "Point",
        "coordinates": [
          -78.7897047,
          43.8770619
        ]
      }
    },
    {
      "type": "Feature",
      "id": "node/904821559",
      "properties": {
        "type": "Railway Node"
      },
      "geometry": {
        "type": "Point",
        "coordinates": [
          -78.8095235,
          43.8820138
        ]
      }
    },
    {
      "type": "Feature",
      "id": "node/904821864",
      "properties": {
        "type": "Railway Node"
      },
      "geometry": {
        "type": "Point",
        "coordinates": [
          -78.7941686,
          43.8750078
        ]
      }
    },
    {
      "type": "Feature",
      "id": "node/904822170",
      "properties": {
        "type": "Railway Node"
      },
      "geometry": {
        "type": "Point",
        "coordinates": [
          -78.8022398,
          43.8790731
        ]
      }
    },
    {
      "type": "Feature",
      "id": "node/904822493",
      "properties": {
        "type": "Railway Node"
      },
      "geometry": {
        "type": "Point",
        "coordinates": [
          -78.7726706,
          43.876426
        ]
      }
    },
    {
      "type": "Feature",
      "id": "node/904822570",
      "properties": {
        "type": "Railway Node"
      },
      "geometry": {
        "type": "Point",
        "coordinates": [
          -78.7973859,
          43.8767746
        ]
      }
    },
    {
      "type": "Feature",
      "id": "node/904823308",
      "properties": {
        "type": "Railway Node"
      },
      "geometry": {
        "type": "Point",
        "coordinates": [
          -78.7658989,
          43.8840705
        ]
      }
    },
    {
      "type": "Feature",
      "id": "node/904823362",
      "properties": {
        "type": "Railway Node"
      },
      "geometry": {
        "type": "Point",
        "coordinates": [
          -78.7642447,
          43.8750384
        ]
      }
    },
    {
      "type": "Feature",
      "id": "node/904823523",
      "properties": {
        "type": "Railway Node"
      },
      "geometry": {
        "type": "Point",
        "coordinates": [
          -78.7922099,
          43.8765184
        ]
      }
    },
    {
      "type": "Feature",
      "id": "node/904823600",
      "properties": {
        "type": "Railway Node"
      },
      "geometry": {
        "type": "Point",
        "coordinates": [
          -78.8123209,
          43.883202
        ]
      }
    },
    {
      "type": "Feature",
      "id": "node/904823878",
      "properties": {
        "type": "Railway Node"
      },
      "geometry": {
        "type": "Point",
        "coordinates": [
          -78.7596795,
          43.8846397
        ]
      }
    },
    {
      "type": "Feature",
      "id": "node/904824044",
      "properties": {
        "type": "Railway Node"
      },
      "geometry": {
        "type": "Point",
        "coordinates": [
          -78.8042096,
          43.8786391
        ]
      }
    },
    {
      "type": "Feature",
      "id": "node/904824655",
      "properties": {
        "type": "Railway Node"
      },
      "geometry": {
        "type": "Point",
        "coordinates": [
          -78.7992573,
          43.8773516
        ]
      }
    },
    {
      "type": "Feature",
      "id": "node/904824754",
      "properties": {
        "type": "Railway Node"
      },
      "geometry": {
        "type": "Point",
        "coordinates": [
          -78.8125858,
          43.887034
        ]
      }
    },
    {
      "type": "Feature",
      "id": "node/904824974",
      "properties": {
        "type": "Railway Node"
      },
      "geometry": {
        "type": "Point",
        "coordinates": [
          -78.7754705,
          43.8812526
        ]
      }
    },
    {
      "type": "Feature",
      "id": "node/904824997",
      "properties": {
        "type": "Railway Node"
      },
      "geometry": {
        "type": "Point",
        "coordinates": [
          -78.7673985,
          43.8758097
        ]
      }
    },
    {
      "type": "Feature",
      "id": "node/904825364",
      "properties": {
        "type": "Railway Node"
      },
      "geometry": {
        "type": "Point",
        "coordinates": [
          -78.7613556,
          43.8848488
        ]
      }
    },
    {
      "type": "Feature",
      "id": "node/904825536",
      "properties": {
        "type": "Railway Node"
      },
      "geometry": {
        "type": "Point",
        "coordinates": [
          -78.7984039,
          43.8760187
        ]
      }
    },
    {
      "type": "Feature",
      "id": "node/904825698",
      "properties": {
        "type": "Railway Node"
      },
      "geometry": {
        "type": "Point",
        "coordinates": [
          -78.8078652,
          43.8810658
        ]
      }
    },
    {
      "type": "Feature",
      "id": "node/904826476",
      "properties": {
        "type": "Railway Node"
      },
      "geometry": {
        "type": "Point",
        "coordinates": [
          -78.788128,
          43.875061
        ]
      }
    },
    {
      "type": "Feature",
      "id": "node/904826537",
      "properties": {
        "type": "Railway Node"
      },
      "geometry": {
        "type": "Point",
        "coordinates": [
          -78.8004672,
          43.8779055
        ]
      }
    },
    {
      "type": "Feature",
      "id": "node/904826862",
      "properties": {
        "type": "Railway Node"
      },
      "geometry": {
        "type": "Point",
        "coordinates": [
          -78.7694653,
          43.8761588
        ]
      }
    },
    {
      "type": "Feature",
      "id": "node/904826923",
      "properties": {
        "type": "Railway Node"
      },
      "geometry": {
        "type": "Point",
        "coordinates": [
          -78.7951078,
          43.8764345
        ]
      }
    },
    {
      "type": "Feature",
      "id": "node/904867892",
      "properties": {
        "type": "Railway Node"
      },
      "geometry": {
        "type": "Point",
        "coordinates": [
          -78.8556359,
          43.8876146
        ]
      }
    },
    {
      "type": "Feature",
      "id": "node/904868046",
      "properties": {
        "type": "Railway Node"
      },
      "geometry": {
        "type": "Point",
        "coordinates": [
          -78.8484512,
          43.8807151
        ]
      }
    },
    {
      "type": "Feature",
      "id": "node/904868645",
      "properties": {
        "type": "Railway Node"
      },
      "geometry": {
        "type": "Point",
        "coordinates": [
          -78.848921,
          43.8891001
        ]
      }
    },
    {
      "type": "Feature",
      "id": "node/904869727",
      "properties": {
        "type": "Railway Node"
      },
      "geometry": {
        "type": "Point",
        "coordinates": [
          -78.8170128,
          43.8903571
        ]
      }
    },
    {
      "type": "Feature",
      "id": "node/904869737",
      "properties": {
        "type": "Railway Node"
      },
      "geometry": {
        "type": "Point",
        "coordinates": [
          -78.8680774,
          43.8848588
        ]
      }
    },
    {
      "type": "Feature",
      "id": "node/904870820",
      "properties": {
        "type": "Railway Node"
      },
      "geometry": {
        "type": "Point",
        "coordinates": [
          -78.8274688,
          43.8929865
        ]
      }
    },
    {
      "type": "Feature",
      "id": "node/904870940",
      "properties": {
        "type": "Railway Node"
      },
      "geometry": {
        "type": "Point",
        "coordinates": [
          -78.8189996,
          43.884715
        ]
      }
    },
    {
      "type": "Feature",
      "id": "node/904871107",
      "properties": {
        "type": "Railway Node"
      },
      "geometry": {
        "type": "Point",
        "coordinates": [
          -78.858715,
          43.886964
        ]
      }
    },
    {
      "type": "Feature",
      "id": "node/904871128",
      "properties": {
        "type": "Railway Node"
      },
      "geometry": {
        "type": "Point",
        "coordinates": [
          -78.8306738,
          43.8751557
        ]
      }
    },
    {
      "type": "Feature",
      "id": "node/904871310",
      "properties": {
        "type": "Railway Node"
      },
      "geometry": {
        "type": "Point",
        "coordinates": [
          -78.8625905,
          43.8780487
        ]
      }
    },
    {
      "type": "Feature",
      "id": "node/904871601",
      "properties": {
        "type": "Railway Node"
      },
      "geometry": {
        "type": "Point",
        "coordinates": [
          -78.8208916,
          43.8920501
        ]
      }
    },
    {
      "type": "Feature",
      "id": "node/904871627",
      "properties": {
        "type": "Railway Node"
      },
      "geometry": {
        "type": "Point",
        "coordinates": [
          -78.8387596,
          43.8913599
        ]
      }
    },
    {
      "type": "Feature",
      "id": "node/904872332",
      "properties": {
        "type": "Railway Node"
      },
      "geometry": {
        "type": "Point",
        "coordinates": [
          -78.8544411,
          43.8796297
        ]
      }
    },
    {
      "type": "Feature",
      "id": "node/904872451",
      "properties": {
        "type": "Railway Node"
      },
      "geometry": {
        "type": "Point",
        "coordinates": [
          -78.8340198,
          43.8832186
        ]
      }
    },
    {
      "type": "Feature",
      "id": "node/904873113",
      "properties": {
        "type": "Railway Node"
      },
      "geometry": {
        "type": "Point",
        "coordinates": [
          -78.8309967,
          43.8928586
        ]
      }
    },
    {
      "type": "Feature",
      "id": "node/904873232",
      "properties": {
        "type": "Railway Node"
      },
      "geometry": {
        "type": "Point",
        "coordinates": [
          -78.8235163,
          43.8848413
        ]
      }
    },
    {
      "type": "Feature",
      "id": "node/904873284",
      "properties": {
        "type": "Railway Node"
      },
      "geometry": {
        "type": "Point",
        "coordinates": [
          -78.8253255,
          43.8928291
        ]
      }
    },
    {
      "type": "Feature",
      "id": "node/904873490",
      "properties": {
        "type": "Railway Node"
      },
      "geometry": {
        "type": "Point",
        "coordinates": [
          -78.8453376,
          43.8812586
        ]
      }
    },
    {
      "type": "Feature",
      "id": "node/904873578",
      "properties": {
        "type": "Railway Node"
      },
      "geometry": {
        "type": "Point",
        "coordinates": [
          -78.8721502,
          43.8750337
        ]
      }
    },
    {
      "type": "Feature",
      "id": "node/904874153",
      "properties": {
        "type": "Railway Node"
      },
      "geometry": {
        "type": "Point",
        "coordinates": [
          -78.8367315,
          43.8827583
        ]
      }
    },
    {
      "type": "Feature",
      "id": "node/904874660",
      "properties": {
        "type": "Railway Node"
      },
      "geometry": {
        "type": "Point",
        "coordinates": [
          -78.8369203,
          43.8917713
        ]
      }
    },
    {
      "type": "Feature",
      "id": "node/904875122",
      "properties": {
        "type": "Railway Node"
      },
      "geometry": {
        "type": "Point",
        "coordinates": [
          -78.8579481,
          43.8789792
        ]
      }
    },
    {
      "type": "Feature",
      "id": "node/904875456",
      "properties": {
        "type": "Railway Node"
      },
      "geometry": {
        "type": "Point",
        "coordinates": [
          -78.8374827,
          43.8817083
        ]
      }
    },
    {
      "type": "Feature",
      "id": "node/904876117",
      "properties": {
        "type": "Railway Node"
      },
      "geometry": {
        "type": "Point",
        "coordinates": [
          -78.8299776,
          43.8839406
        ]
      }
    },
    {
      "type": "Feature",
      "id": "node/904877783",
      "properties": {
        "type": "Railway Node"
      },
      "geometry": {
        "type": "Point",
        "coordinates": [
          -78.8702147,
          43.8751526
        ]
      }
    },
    {
      "type": "Feature",
      "id": "node/904878596",
      "properties": {
        "type": "Railway Node"
      },
      "geometry": {
        "type": "Point",
        "coordinates": [
          -78.815397,
          43.8841156
        ]
      }
    },
    {
      "type": "Feature",
      "id": "node/904879068",
      "properties": {
        "type": "Railway Node"
      },
      "geometry": {
        "type": "Point",
        "coordinates": [
          -78.8568749,
          43.8873641
        ]
      }
    },
    {
      "type": "Feature",
      "id": "node/904879699",
      "properties": {
        "type": "Railway Node"
      },
      "geometry": {
        "type": "Point",
        "coordinates": [
          -78.8597039,
          43.8786667
        ]
      }
    },
    {
      "type": "Feature",
      "id": "node/904880138",
      "properties": {
        "type": "Railway Node"
      },
      "geometry": {
        "type": "Point",
        "coordinates": [
          -78.8182843,
          43.8910508
        ]
      }
    },
    {
      "type": "Feature",
      "id": "node/904881462",
      "properties": {
        "type": "Railway Node"
      },
      "geometry": {
        "type": "Point",
        "coordinates": [
          -78.8264381,
          43.8845571
        ]
      }
    },
    {
      "type": "Feature",
      "id": "node/904882336",
      "properties": {
        "type": "Railway Node"
      },
      "geometry": {
        "type": "Point",
        "coordinates": [
          -78.8634725,
          43.8858673
        ]
      }
    },
    {
      "type": "Feature",
      "id": "node/904882940",
      "properties": {
        "type": "Railway Node"
      },
      "geometry": {
        "type": "Point",
        "coordinates": [
          -78.8289597,
          43.8929304
        ]
      }
    },
    {
      "type": "Feature",
      "id": "node/904882983",
      "properties": {
        "type": "Railway Node"
      },
      "geometry": {
        "type": "Point",
        "coordinates": [
          -78.851121,
          43.8802129
        ]
      }
    },
    {
      "type": "Feature",
      "id": "node/904883215",
      "properties": {
        "type": "Railway Node"
      },
      "geometry": {
        "type": "Point",
        "coordinates": [
          -78.8208405,
          43.88485
        ]
      }
    },
    {
      "type": "Feature",
      "id": "node/904883492",
      "properties": {
        "type": "Railway Node"
      },
      "geometry": {
        "type": "Point",
        "coordinates": [
          -78.8379894,
          43.8825468
        ]
      }
    },
    {
      "type": "Feature",
      "id": "node/904883579",
      "properties": {
        "type": "Railway Node"
      },
      "geometry": {
        "type": "Point",
        "coordinates": [
          -78.8657259,
          43.8771857
        ]
      }
    },
    {
      "type": "Feature",
      "id": "node/904883792",
      "properties": {
        "type": "Railway Node"
      },
      "geometry": {
        "type": "Point",
        "coordinates": [
          -78.8221065,
          43.8923422
        ]
      }
    },
    {
      "type": "Feature",
      "id": "node/904885097",
      "properties": {
        "type": "Railway Node"
      },
      "geometry": {
        "type": "Point",
        "coordinates": [
          -78.8329091,
          43.8926089
        ]
      }
    },
    {
      "type": "Feature",
      "id": "node/904969026",
      "properties": {
        "type": "Railway Node"
      },
      "geometry": {
        "type": "Point",
        "coordinates": [
          -78.8964616,
          43.8781092
        ]
      }
    },
    {
      "type": "Feature",
      "id": "node/904969723",
      "properties": {
        "type": "Railway Node"
      },
      "geometry": {
        "type": "Point",
        "coordinates": [
          -78.8810578,
          43.8757887
        ]
      }
    },
    {
      "type": "Feature",
      "id": "node/904969977",
      "properties": {
        "type": "Railway Node"
      },
      "geometry": {
        "type": "Point",
        "coordinates": [
          -78.9211686,
          43.8809458
        ]
      }
    },
    {
      "type": "Feature",
      "id": "node/904970168",
      "properties": {
        "type": "Railway Node"
      },
      "geometry": {
        "type": "Point",
        "coordinates": [
          -78.9241737,
          43.8823004
        ]
      }
    },
    {
      "type": "Feature",
      "id": "node/904971826",
      "properties": {
        "type": "Railway Node"
      },
      "geometry": {
        "type": "Point",
        "coordinates": [
          -78.9015352,
          43.8751109
        ]
      }
    },
    {
      "type": "Feature",
      "id": "node/904973799",
      "properties": {
        "type": "Railway Node"
      },
      "geometry": {
        "type": "Point",
        "coordinates": [
          -78.8907425,
          43.8814049
        ]
      }
    },
    {
      "type": "Feature",
      "id": "node/904974074",
      "properties": {
        "type": "Railway Node"
      },
      "geometry": {
        "type": "Point",
        "coordinates": [
          -78.8751396,
          43.8838565
        ]
      }
    },
    {
      "type": "Feature",
      "id": "node/904979448",
      "properties": {
        "type": "Railway Node"
      },
      "geometry": {
        "type": "Point",
        "coordinates": [
          -78.8819427,
          43.8830201
        ]
      }
    },
    {
      "type": "Feature",
      "id": "node/904985325",
      "properties": {
        "type": "Railway Node"
      },
      "geometry": {
        "type": "Point",
        "coordinates": [
          -78.9083921,
          43.8751272
        ]
      }
    },
    {
      "type": "Feature",
      "id": "node/905044302",
      "properties": {
        "type": "Railway Node"
      },
      "geometry": {
        "type": "Point",
        "coordinates": [
          -78.8746791,
          43.8740034
        ]
      }
    },
    {
      "type": "Feature",
      "id": "node/905044619",
      "properties": {
        "type": "Railway Node"
      },
      "geometry": {
        "type": "Point",
        "coordinates": [
          -78.8720001,
          43.8686144
        ]
      }
    },
    {
      "type": "Feature",
      "id": "node/905044801",
      "properties": {
        "type": "Railway Node"
      },
      "geometry": {
        "type": "Point",
        "coordinates": [
          -78.8739544,
          43.8588142
        ]
      }
    },
    {
      "type": "Feature",
      "id": "node/905045076",
      "properties": {
        "type": "Railway Node"
      },
      "geometry": {
        "type": "Point",
        "coordinates": [
          -78.8731116,
          43.8713503
        ]
      }
    },
    {
      "type": "Feature",
      "id": "node/905046482",
      "properties": {
        "type": "Railway Node"
      },
      "geometry": {
        "type": "Point",
        "coordinates": [
          -78.8714041,
          43.8673271
        ]
      }
    },
    {
      "type": "Feature",
      "id": "node/905046616",
      "properties": {
        "type": "Railway Node"
      },
      "geometry": {
        "type": "Point",
        "coordinates": [
          -78.7550902,
          43.8728585
        ]
      }
    },
    {
      "type": "Feature",
      "id": "node/905046706",
      "properties": {
        "type": "Railway Node"
      },
      "geometry": {
        "type": "Point",
        "coordinates": [
          -78.8750604,
          43.8658973
        ]
      }
    },
    {
      "type": "Feature",
      "id": "node/905046729",
      "properties": {
        "type": "Railway Node"
      },
      "geometry": {
        "type": "Point",
        "coordinates": [
          -78.8738576,
          43.8730014
        ]
      }
    },
    {
      "type": "Feature",
      "id": "node/905046889",
      "properties": {
        "type": "Railway Node"
      },
      "geometry": {
        "type": "Point",
        "coordinates": [
          -78.8694505,
          43.8628055
        ]
      }
    },
    {
      "type": "Feature",
      "id": "node/905049710",
      "properties": {
        "type": "Railway Node"
      },
      "geometry": {
        "type": "Point",
        "coordinates": [
          -78.8703941,
          43.8649215
        ]
      }
    },
    {
      "type": "Feature",
      "id": "node/905050286",
      "properties": {
        "type": "Railway Node"
      },
      "geometry": {
        "type": "Point",
        "coordinates": [
          -78.761657,
          43.874419
        ]
      }
    },
    {
      "type": "Feature",
      "id": "node/905051699",
      "properties": {
        "type": "Railway Node"
      },
      "geometry": {
        "type": "Point",
        "coordinates": [
          -78.7904825,
          43.8748081
        ]
      }
    },
    {
      "type": "Feature",
      "id": "node/905051978",
      "properties": {
        "type": "Railway Node"
      },
      "geometry": {
        "type": "Point",
        "coordinates": [
          -78.8699495,
          43.8639906
        ]
      }
    },
    {
      "type": "Feature",
      "id": "node/905053221",
      "properties": {
        "type": "Railway Node"
      },
      "geometry": {
        "type": "Point",
        "coordinates": [
          -78.8731764,
          43.8743823
        ]
      }
    },
    {
      "type": "Feature",
      "id": "node/905053270",
      "properties": {
        "type": "Railway Node"
      },
      "geometry": {
        "type": "Point",
        "coordinates": [
          -78.7919253,
          43.87478
        ]
      }
    },
    {
      "type": "Feature",
      "id": "node/905398290",
      "properties": {
        "type": "Railway Node"
      },
      "geometry": {
        "type": "Point",
        "coordinates": [
          -78.8765859,
          43.8665194
        ]
      }
    },
    {
      "type": "Feature",
      "id": "node/905398409",
      "properties": {
        "type": "Railway Node"
      },
      "geometry": {
        "type": "Point",
        "coordinates": [
          -78.9968578,
          43.858084
        ]
      }
    },
    {
      "type": "Feature",
      "id": "node/905398818",
      "properties": {
        "type": "Railway Node"
      },
      "geometry": {
        "type": "Point",
        "coordinates": [
          -78.891237,
          43.868147
        ]
      }
    },
    {
      "type": "Feature",
      "id": "node/905399045",
      "properties": {
        "type": "Railway Node"
      },
      "geometry": {
        "type": "Point",
        "coordinates": [
          -78.8786507,
          43.8714493
        ]
      }
    },
    {
      "type": "Feature",
      "id": "node/905399277",
      "properties": {
        "type": "Railway Node"
      },
      "geometry": {
        "type": "Point",
        "coordinates": [
          -78.8834344,
          43.8700671
        ]
      }
    },
    {
      "type": "Feature",
      "id": "node/905399327",
      "properties": {
        "type": "Railway Node"
      },
      "geometry": {
        "type": "Point",
        "coordinates": [
          -78.8822803,
          43.871075
        ]
      }
    },
    {
      "type": "Feature",
      "id": "node/905400904",
      "properties": {
        "type": "Railway Node"
      },
      "geometry": {
        "type": "Point",
        "coordinates": [
          -78.8850276,
          43.8696943
        ]
      }
    },
    {
      "type": "Feature",
      "id": "node/905401292",
      "properties": {
        "type": "Railway Node"
      },
      "geometry": {
        "type": "Point",
        "coordinates": [
          -78.8890582,
          43.868158
        ]
      }
    },
    {
      "type": "Feature",
      "id": "node/905403057",
      "properties": {
        "type": "Railway Node"
      },
      "geometry": {
        "type": "Point",
        "coordinates": [
          -78.8798032,
          43.8697864
        ]
      }
    },
    {
      "type": "Feature",
      "id": "node/905403263",
      "properties": {
        "type": "Railway Node"
      },
      "geometry": {
        "type": "Point",
        "coordinates": [
          -78.8805748,
          43.8708227
        ]
      }
    },
    {
      "type": "Feature",
      "id": "node/905403330",
      "properties": {
        "type": "Railway Node"
      },
      "geometry": {
        "type": "Point",
        "coordinates": [
          -78.8802751,
          43.872305
        ]
      }
    },
    {
      "type": "Feature",
      "id": "node/905403673",
      "properties": {
        "type": "Railway Node"
      },
      "geometry": {
        "type": "Point",
        "coordinates": [
          -78.9216612,
          43.8605302
        ]
      }
    },
    {
      "type": "Feature",
      "id": "node/905404392",
      "properties": {
        "type": "Railway Node"
      },
      "geometry": {
        "type": "Point",
        "coordinates": [
          -78.9074035,
          43.8594188
        ]
      }
    },
    {
      "type": "Feature",
      "id": "node/905404640",
      "properties": {
        "type": "Railway Node"
      },
      "geometry": {
        "type": "Point",
        "coordinates": [
          -78.9066192,
          43.8576566
        ]
      }
    },
    {
      "type": "Feature",
      "id": "node/905406034",
      "properties": {
        "type": "Railway Node"
      },
      "geometry": {
        "type": "Point",
        "coordinates": [
          -78.8878394,
          43.868482
        ]
      }
    },
    {
      "type": "Feature",
      "id": "node/905406370",
      "properties": {
        "type": "Railway Node"
      },
      "geometry": {
        "type": "Point",
        "coordinates": [
          -78.8784359,
          43.8664447
        ]
      }
    },
    {
      "type": "Feature",
      "id": "node/905407123",
      "properties": {
        "type": "Railway Node"
      },
      "geometry": {
        "type": "Point",
        "coordinates": [
          -78.8785792,
          43.8695261
        ]
      }
    },
    {
      "type": "Feature",
      "id": "node/905407601",
      "properties": {
        "type": "Railway Node"
      },
      "geometry": {
        "type": "Point",
        "coordinates": [
          -78.9060261,
          43.8601433
        ]
      }
    },
    {
      "type": "Feature",
      "id": "node/905408073",
      "properties": {
        "type": "Railway Node"
      },
      "geometry": {
        "type": "Point",
        "coordinates": [
          -78.8776274,
          43.8679657
        ]
      }
    },
    {
      "type": "Feature",
      "id": "node/905410627",
      "properties": {
        "type": "Railway Node"
      },
      "geometry": {
        "type": "Point",
        "coordinates": [
          -78.9072322,
          43.8609916
        ]
      }
    },
    {
      "type": "Feature",
      "id": "node/905413453",
      "properties": {
        "type": "Railway Node"
      },
      "geometry": {
        "type": "Point",
        "coordinates": [
          -78.8854675,
          43.8686553
        ]
      }
    },
    {
      "type": "Feature",
      "id": "node/905414627",
      "properties": {
        "type": "Railway Node"
      },
      "geometry": {
        "type": "Point",
        "coordinates": [
          -78.9052954,
          43.8743007
        ]
      }
    },
    {
      "type": "Feature",
      "id": "node/905420453",
      "properties": {
        "type": "Railway Node"
      },
      "geometry": {
        "type": "Point",
        "coordinates": [
          -78.8787739,
          43.8674721
        ]
      }
    },
    {
      "type": "Feature",
      "id": "node/905421287",
      "properties": {
        "type": "Railway Node"
      },
      "geometry": {
        "type": "Point",
        "coordinates": [
          -78.921231,
          43.8595371
        ]
      }
    },
    {
      "type": "Feature",
      "id": "node/905421845",
      "properties": {
        "type": "Railway Node"
      },
      "geometry": {
        "type": "Point",
        "coordinates": [
          -78.9999028,
          43.857404
        ]
      }
    },
    {
      "type": "Feature",
      "id": "node/905428148",
      "properties": {
        "type": "Railway Node"
      },
      "geometry": {
        "type": "Point",
        "coordinates": [
          -78.9048529,
          43.8638465
        ]
      }
    },
    {
      "type": "Feature",
      "id": "node/905431563",
      "properties": {
        "type": "Railway Node"
      },
      "geometry": {
        "type": "Point",
        "coordinates": [
          -78.8812856,
          43.8717012
        ]
      }
    },
    {
      "type": "Feature",
      "id": "node/905431583",
      "properties": {
        "type": "Railway Node"
      },
      "geometry": {
        "type": "Point",
        "coordinates": [
          -78.906741,
          43.8618291
        ]
      }
    },
    {
      "type": "Feature",
      "id": "node/905431945",
      "properties": {
        "type": "Railway Node"
      },
      "geometry": {
        "type": "Point",
        "coordinates": [
          -78.9035445,
          43.8744205
        ]
      }
    },
    {
      "type": "Feature",
      "id": "node/905438109",
      "properties": {
        "type": "Railway Node"
      },
      "geometry": {
        "type": "Point",
        "coordinates": [
          -78.8803941,
          43.8743981
        ]
      }
    },
    {
      "type": "Feature",
      "id": "node/905439036",
      "properties": {
        "type": "Railway Node"
      },
      "geometry": {
        "type": "Point",
        "coordinates": [
          -78.9068692,
          43.8745328
        ]
      }
    },
    {
      "type": "Feature",
      "id": "node/905439675",
      "properties": {
        "type": "Railway Node"
      },
      "geometry": {
        "type": "Point",
        "coordinates": [
          -78.9226649,
          43.8619846
        ]
      }
    },
    {
      "type": "Feature",
      "id": "node/909692881",
      "properties": {
        "type": "Railway Node"
      },
      "geometry": {
        "type": "Point",
        "coordinates": [
          -78.597314,
          43.9060492
        ]
      }
    },
    {
      "type": "Feature",
      "id": "node/909692883",
      "properties": {
        "type": "Railway Node"
      },
      "geometry": {
        "type": "Point",
        "coordinates": [
          -78.6198098,
          43.9029618
        ]
      }
    },
    {
      "type": "Feature",
      "id": "node/909692885",
      "properties": {
        "type": "Railway Node"
      },
      "geometry": {
        "type": "Point",
        "coordinates": [
          -78.6233889,
          43.9021907
        ]
      }
    },
    {
      "type": "Feature",
      "id": "node/909692886",
      "properties": {
        "type": "Railway Node"
      },
      "geometry": {
        "type": "Point",
        "coordinates": [
          -78.6073682,
          43.9047078
        ]
      }
    },
    {
      "type": "Feature",
      "id": "node/909692889",
      "properties": {
        "type": "Railway Node"
      },
      "geometry": {
        "type": "Point",
        "coordinates": [
          -78.5929701,
          43.9066403
        ]
      }
    },
    {
      "type": "Feature",
      "id": "node/909708275",
      "properties": {
        "type": "Railway Node"
      },
      "geometry": {
        "type": "Point",
        "coordinates": [
          -78.5842893,
          43.9074228
        ]
      }
    },
    {
      "type": "Feature",
      "id": "node/909708296",
      "properties": {
        "type": "Railway Node"
      },
      "geometry": {
        "type": "Point",
        "coordinates": [
          -78.5878805,
          43.9073022
        ]
      }
    },
    {
      "type": "Feature",
      "id": "node/909708306",
      "properties": {
        "type": "Railway Node"
      },
      "geometry": {
        "type": "Point",
        "coordinates": [
          -78.5394406,
          43.8987595
        ]
      }
    },
    {
      "type": "Feature",
      "id": "node/909708309",
      "properties": {
        "type": "Railway Node"
      },
      "geometry": {
        "type": "Point",
        "coordinates": [
          -78.5817064,
          43.9072574
        ]
      }
    },
    {
      "type": "Feature",
      "id": "node/909708310",
      "properties": {
        "type": "Railway Node"
      },
      "geometry": {
        "type": "Point",
        "coordinates": [
          -78.5510283,
          43.8998303
        ]
      }
    },
    {
      "type": "Feature",
      "id": "node/909708316",
      "properties": {
        "type": "Railway Node"
      },
      "geometry": {
        "type": "Point",
        "coordinates": [
          -78.5659978,
          43.9051942
        ]
      }
    },
    {
      "type": "Feature",
      "id": "node/909708319",
      "properties": {
        "type": "Railway Node"
      },
      "geometry": {
        "type": "Point",
        "coordinates": [
          -78.5000251,
          43.9056521
        ]
      }
    },
    {
      "type": "Feature",
      "id": "node/909708321",
      "properties": {
        "type": "Railway Node"
      },
      "geometry": {
        "type": "Point",
        "coordinates": [
          -78.5430008,
          43.8985932
        ]
      }
    },
    {
      "type": "Feature",
      "id": "node/909708331",
      "properties": {
        "type": "Railway Node"
      },
      "geometry": {
        "type": "Point",
        "coordinates": [
          -78.5085649,
          43.903014
        ]
      }
    },
    {
      "type": "Feature",
      "id": "node/909708333",
      "properties": {
        "type": "Railway Node"
      },
      "geometry": {
        "type": "Point",
        "coordinates": [
          -78.5144536,
          43.9019701
        ]
      }
    },
    {
      "type": "Feature",
      "id": "node/909708339",
      "properties": {
        "type": "Railway Node"
      },
      "geometry": {
        "type": "Point",
        "coordinates": [
          -78.5488778,
          43.8992692
        ]
      }
    },
    {
      "type": "Feature",
      "id": "node/909708341",
      "properties": {
        "type": "Railway Node"
      },
      "geometry": {
        "type": "Point",
        "coordinates": [
          -78.5461355,
          43.8988135
        ]
      }
    },
    {
      "type": "Feature",
      "id": "node/909708345",
      "properties": {
        "type": "Railway Node"
      },
      "geometry": {
        "type": "Point",
        "coordinates": [
          -78.5685495,
          43.9056977
        ]
      }
    },
    {
      "type": "Feature",
      "id": "node/909708346",
      "properties": {
        "type": "Railway Node"
      },
      "geometry": {
        "type": "Point",
        "coordinates": [
          -78.5638862,
          43.9045905
        ]
      }
    },
    {
      "type": "Feature",
      "id": "node/909708349",
      "properties": {
        "type": "Railway Node"
      },
      "geometry": {
        "type": "Point",
        "coordinates": [
          -78.5410488,
          43.8986392
        ]
      }
    },
    {
      "type": "Feature",
      "id": "node/909708358",
      "properties": {
        "type": "Railway Node"
      },
      "geometry": {
        "type": "Point",
        "coordinates": [
          -78.5118779,
          43.9023547
        ]
      }
    },
    {
      "type": "Feature",
      "id": "node/909708360",
      "properties": {
        "type": "Railway Node"
      },
      "geometry": {
        "type": "Point",
        "coordinates": [
          -78.505991,
          43.9036716
        ]
      }
    },
    {
      "type": "Feature",
      "id": "node/909723816",
      "properties": {
        "type": "Railway Node"
      },
      "geometry": {
        "type": "Point",
        "coordinates": [
          -78.5701019,
          43.9058918
        ]
      }
    },
    {
      "type": "Feature",
      "id": "node/910156023",
      "properties": {
        "type": "Railway Node"
      },
      "geometry": {
        "type": "Point",
        "coordinates": [
          -78.6124535,
          43.9232836
        ]
      }
    },
    {
      "type": "Feature",
      "id": "node/910156024",
      "properties": {
        "type": "Railway Node"
      },
      "geometry": {
        "type": "Point",
        "coordinates": [
          -78.6085465,
          43.9227769
        ]
      }
    },
    {
      "type": "Feature",
      "id": "node/910156028",
      "properties": {
        "type": "Railway Node"
      },
      "geometry": {
        "type": "Point",
        "coordinates": [
          -78.6042852,
          43.9227931
        ]
      }
    },
    {
      "type": "Feature",
      "id": "node/910156037",
      "properties": {
        "type": "Railway Node"
      },
      "geometry": {
        "type": "Point",
        "coordinates": [
          -78.5942029,
          43.9228551
        ]
      }
    },
    {
      "type": "Feature",
      "id": "node/910156038",
      "properties": {
        "type": "Railway Node"
      },
      "geometry": {
        "type": "Point",
        "coordinates": [
          -78.5833534,
          43.9228788
        ]
      }
    },
    {
      "type": "Feature",
      "id": "node/910156053",
      "properties": {
        "type": "Railway Node"
      },
      "geometry": {
        "type": "Point",
        "coordinates": [
          -78.5724495,
          43.9214055
        ]
      }
    },
    {
      "type": "Feature",
      "id": "node/910156054",
      "properties": {
        "type": "Railway Node"
      },
      "geometry": {
        "type": "Point",
        "coordinates": [
          -78.5754253,
          43.9226945
        ]
      }
    },
    {
      "type": "Feature",
      "id": "node/910156055",
      "properties": {
        "type": "Railway Node"
      },
      "geometry": {
        "type": "Point",
        "coordinates": [
          -78.5778193,
          43.9228966
        ]
      }
    },
    {
      "type": "Feature",
      "id": "node/910156060",
      "properties": {
        "type": "Railway Node"
      },
      "geometry": {
        "type": "Point",
        "coordinates": [
          -78.5736848,
          43.9221164
        ]
      }
    },
    {
      "type": "Feature",
      "id": "node/910156068",
      "properties": {
        "type": "Railway Node"
      },
      "geometry": {
        "type": "Point",
        "coordinates": [
          -78.5705392,
          43.9193508
        ]
      }
    },
    {
      "type": "Feature",
      "id": "node/910156073",
      "properties": {
        "type": "Railway Node"
      },
      "geometry": {
        "type": "Point",
        "coordinates": [
          -78.5669762,
          43.9145941
        ]
      }
    },
    {
      "type": "Feature",
      "id": "node/910156083",
      "properties": {
        "type": "Railway Node"
      },
      "geometry": {
        "type": "Point",
        "coordinates": [
          -78.5716398,
          43.9207098
        ]
      }
    },
    {
      "type": "Feature",
      "id": "node/910156085",
      "properties": {
        "type": "Railway Node"
      },
      "geometry": {
        "type": "Point",
        "coordinates": [
          -78.5617762,
          43.9076628
        ]
      }
    },
    {
      "type": "Feature",
      "id": "node/910156118",
      "properties": {
        "type": "Railway Node"
      },
      "geometry": {
        "type": "Point",
        "coordinates": [
          -78.5594535,
          43.9046358
        ]
      }
    },
    {
      "type": "Feature",
      "id": "node/910156119",
      "properties": {
        "type": "Railway Node"
      },
      "geometry": {
        "type": "Point",
        "coordinates": [
          -78.5552948,
          43.901802
        ]
      }
    },
    {
      "type": "Feature",
      "id": "node/910156123",
      "properties": {
        "type": "Railway Node"
      },
      "geometry": {
        "type": "Point",
        "coordinates": [
          -78.5583302,
          43.9035791
        ]
      }
    },
    {
      "type": "Feature",
      "id": "node/910156127",
      "properties": {
        "type": "Railway Node"
      },
      "geometry": {
        "type": "Point",
        "coordinates": [
          -78.5370215,
          43.899597
        ]
      }
    },
    {
      "type": "Feature",
      "id": "node/910156136",
      "properties": {
        "type": "Railway Node"
      },
      "geometry": {
        "type": "Point",
        "coordinates": [
          -78.5571033,
          43.9027148
        ]
      }
    },
    {
      "type": "Feature",
      "id": "node/910156157",
      "properties": {
        "type": "Railway Node"
      },
      "geometry": {
        "type": "Point",
        "coordinates": [
          -78.5049646,
          43.9044414
        ]
      }
    },
    {
      "type": "Feature",
      "id": "node/910160477",
      "properties": {
        "type": "Railway Node"
      },
      "geometry": {
        "type": "Point",
        "coordinates": [
          -78.5474767,
          43.8993084
        ]
      }
    },
    {
      "type": "Feature",
      "id": "node/913381613",
      "properties": {
        "type": "Railway Node"
      },
      "geometry": {
        "type": "Point",
        "coordinates": [
          -78.0611928,
          44.3661543
        ]
      }
    },
    {
      "type": "Feature",
      "id": "node/913382419",
      "properties": {
        "type": "Railway Node"
      },
      "geometry": {
        "type": "Point",
        "coordinates": [
          -78.0241716,
          44.3719643
        ]
      }
    },
    {
      "type": "Feature",
      "id": "node/913383733",
      "properties": {
        "type": "Railway Node"
      },
      "geometry": {
        "type": "Point",
        "coordinates": [
          -78.0645182,
          44.363624
        ]
      }
    },
    {
      "type": "Feature",
      "id": "node/913384835",
      "properties": {
        "type": "Railway Node"
      },
      "geometry": {
        "type": "Point",
        "coordinates": [
          -78.0279193,
          44.37077
        ]
      }
    },
    {
      "type": "Feature",
      "id": "node/913386452",
      "properties": {
        "type": "Railway Node"
      },
      "geometry": {
        "type": "Point",
        "coordinates": [
          -78.1084216,
          44.3528913
        ]
      }
    },
    {
      "type": "Feature",
      "id": "node/913388335",
      "properties": {
        "type": "Railway Node"
      },
      "geometry": {
        "type": "Point",
        "coordinates": [
          -78.0925264,
          44.35568
        ]
      }
    },
    {
      "type": "Feature",
      "id": "node/913390738",
      "properties": {
        "type": "Railway Node"
      },
      "geometry": {
        "type": "Point",
        "coordinates": [
          -78.0591921,
          44.3672433
        ]
      }
    },
    {
      "type": "Feature",
      "id": "node/913392167",
      "properties": {
        "type": "Railway Node"
      },
      "geometry": {
        "type": "Point",
        "coordinates": [
          -78.0261822,
          44.3711701
        ]
      }
    },
    {
      "type": "Feature",
      "id": "node/913392605",
      "properties": {
        "type": "Railway Node"
      },
      "geometry": {
        "type": "Point",
        "coordinates": [
          -78.1118137,
          44.3522063
        ]
      }
    },
    {
      "type": "Feature",
      "id": "node/913393155",
      "properties": {
        "type": "Railway Node"
      },
      "geometry": {
        "type": "Point",
        "coordinates": [
          -78.0762536,
          44.3600264
        ]
      }
    },
    {
      "type": "Feature",
      "id": "node/913394082",
      "properties": {
        "type": "Railway Node"
      },
      "geometry": {
        "type": "Point",
        "coordinates": [
          -78.0566508,
          44.3679616
        ]
      }
    },
    {
      "type": "Feature",
      "id": "node/913396158",
      "properties": {
        "type": "Railway Node"
      },
      "geometry": {
        "type": "Point",
        "coordinates": [
          -78.0442416,
          44.3691607
        ]
      }
    },
    {
      "type": "Feature",
      "id": "node/913396364",
      "properties": {
        "type": "Railway Node"
      },
      "geometry": {
        "type": "Point",
        "coordinates": [
          -78.0671387,
          44.3625138
        ]
      }
    },
    {
      "type": "Feature",
      "id": "node/913397582",
      "properties": {
        "type": "Railway Node"
      },
      "geometry": {
        "type": "Point",
        "coordinates": [
          -78.0683366,
          44.3621591
        ]
      }
    },
    {
      "type": "Feature",
      "id": "node/913397930",
      "properties": {
        "type": "Railway Node"
      },
      "geometry": {
        "type": "Point",
        "coordinates": [
          -78.0295904,
          44.3705707
        ]
      }
    },
    {
      "type": "Feature",
      "id": "node/913399642",
      "properties": {
        "type": "Railway Node"
      },
      "geometry": {
        "type": "Point",
        "coordinates": [
          -78.0184046,
          44.374999
        ]
      }
    },
    {
      "type": "Feature",
      "id": "node/913399677",
      "properties": {
        "type": "Railway Node"
      },
      "geometry": {
        "type": "Point",
        "coordinates": [
          -78.0905601,
          44.3561031
        ]
      }
    },
    {
      "type": "Feature",
      "id": "node/913403703",
      "properties": {
        "type": "Railway Node"
      },
      "geometry": {
        "type": "Point",
        "coordinates": [
          -78.1329816,
          44.3460503
        ]
      }
    },
    {
      "type": "Feature",
      "id": "node/913404720",
      "properties": {
        "type": "Railway Node"
      },
      "geometry": {
        "type": "Point",
        "coordinates": [
          -78.1548704,
          44.3397915
        ]
      }
    },
    {
      "type": "Feature",
      "id": "node/913405622",
      "properties": {
        "type": "Railway Node"
      },
      "geometry": {
        "type": "Point",
        "coordinates": [
          -78.2138711,
          44.3272343
        ]
      }
    },
    {
      "type": "Feature",
      "id": "node/913405841",
      "properties": {
        "type": "Railway Node"
      },
      "geometry": {
        "type": "Point",
        "coordinates": [
          -78.2179676,
          44.3245622
        ]
      }
    },
    {
      "type": "Feature",
      "id": "node/913406134",
      "properties": {
        "type": "Railway Node"
      },
      "geometry": {
        "type": "Point",
        "coordinates": [
          -78.1492612,
          44.3399666
        ]
      }
    },
    {
      "type": "Feature",
      "id": "node/913409136",
      "properties": {
        "type": "Railway Node"
      },
      "geometry": {
        "type": "Point",
        "coordinates": [
          -78.1250757,
          44.3483557
        ]
      }
    },
    {
      "type": "Feature",
      "id": "node/913409273",
      "properties": {
        "type": "Railway Node"
      },
      "geometry": {
        "type": "Point",
        "coordinates": [
          -78.2353095,
          44.312443
        ]
      }
    },
    {
      "type": "Feature",
      "id": "node/913410036",
      "properties": {
        "type": "Railway Node"
      },
      "geometry": {
        "type": "Point",
        "coordinates": [
          -78.1828833,
          44.3321545
        ]
      }
    },
    {
      "type": "Feature",
      "id": "node/913411148",
      "properties": {
        "type": "Railway Node"
      },
      "geometry": {
        "type": "Point",
        "coordinates": [
          -78.1660474,
          44.3388301
        ]
      }
    },
    {
      "type": "Feature",
      "id": "node/913411150",
      "properties": {
        "type": "Railway Node"
      },
      "geometry": {
        "type": "Point",
        "coordinates": [
          -78.164188,
          44.3394732
        ]
      }
    },
    {
      "type": "Feature",
      "id": "node/913412287",
      "properties": {
        "type": "Railway Node"
      },
      "geometry": {
        "type": "Point",
        "coordinates": [
          -78.1727334,
          44.3361735
        ]
      }
    },
    {
      "type": "Feature",
      "id": "node/913412368",
      "properties": {
        "type": "Railway Node"
      },
      "geometry": {
        "type": "Point",
        "coordinates": [
          -78.1389146,
          44.3437567
        ]
      }
    },
    {
      "type": "Feature",
      "id": "node/913412485",
      "properties": {
        "type": "Railway Node"
      },
      "geometry": {
        "type": "Point",
        "coordinates": [
          -78.1866955,
          44.3312615
        ]
      }
    },
    {
      "type": "Feature",
      "id": "node/913412901",
      "properties": {
        "type": "Railway Node"
      },
      "geometry": {
        "type": "Point",
        "coordinates": [
          -78.1523974,
          44.3397184
        ]
      }
    },
    {
      "type": "Feature",
      "id": "node/913414413",
      "properties": {
        "type": "Railway Node"
      },
      "geometry": {
        "type": "Point",
        "coordinates": [
          -78.1623096,
          44.3398295
        ]
      }
    },
    {
      "type": "Feature",
      "id": "node/913414768",
      "properties": {
        "type": "Railway Node"
      },
      "geometry": {
        "type": "Point",
        "coordinates": [
          -78.1569836,
          44.3398663
        ]
      }
    },
    {
      "type": "Feature",
      "id": "node/913415060",
      "properties": {
        "type": "Railway Node"
      },
      "geometry": {
        "type": "Point",
        "coordinates": [
          -78.1406139,
          44.343098
        ]
      }
    },
    {
      "type": "Feature",
      "id": "node/913415633",
      "properties": {
        "type": "Railway Node"
      },
      "geometry": {
        "type": "Point",
        "coordinates": [
          -78.2031599,
          44.3304546
        ]
      }
    },
    {
      "type": "Feature",
      "id": "node/913415671",
      "properties": {
        "type": "Railway Node"
      },
      "geometry": {
        "type": "Point",
        "coordinates": [
          -78.1477849,
          44.3403421
        ]
      }
    },
    {
      "type": "Feature",
      "id": "node/913417982",
      "properties": {
        "type": "Railway Node"
      },
      "geometry": {
        "type": "Point",
        "coordinates": [
          -78.1425894,
          44.3423401
        ]
      }
    },
    {
      "type": "Feature",
      "id": "node/913418554",
      "properties": {
        "type": "Railway Node"
      },
      "geometry": {
        "type": "Point",
        "coordinates": [
          -78.2118228,
          44.3280685
        ]
      }
    },
    {
      "type": "Feature",
      "id": "node/913419578",
      "properties": {
        "type": "Railway Node"
      },
      "geometry": {
        "type": "Point",
        "coordinates": [
          -78.160727,
          44.3399418
        ]
      }
    },
    {
      "type": "Feature",
      "id": "node/913420296",
      "properties": {
        "type": "Railway Node"
      },
      "geometry": {
        "type": "Point",
        "coordinates": [
          -78.1841984,
          44.331708
        ]
      }
    },
    {
      "type": "Feature",
      "id": "node/913421053",
      "properties": {
        "type": "Railway Node"
      },
      "geometry": {
        "type": "Point",
        "coordinates": [
          -78.2149391,
          44.3266427
        ]
      }
    },
    {
      "type": "Feature",
      "id": "node/913422811",
      "properties": {
        "type": "Railway Node"
      },
      "geometry": {
        "type": "Point",
        "coordinates": [
          -78.2052712,
          44.3299871
        ]
      }
    },
    {
      "type": "Feature",
      "id": "node/913425068",
      "properties": {
        "type": "Railway Node"
      },
      "geometry": {
        "type": "Point",
        "coordinates": [
          -78.1505057,
          44.3397835
        ]
      }
    },
    {
      "type": "Feature",
      "id": "node/913455518",
      "properties": {
        "type": "Railway Node"
      },
      "geometry": {
        "type": "Point",
        "coordinates": [
          -78.2383682,
          44.3108918
        ]
      }
    },
    {
      "type": "Feature",
      "id": "node/913461773",
      "properties": {
        "type": "Railway Node"
      },
      "geometry": {
        "type": "Point",
        "coordinates": [
          -78.2396932,
          44.3106388
        ]
      }
    },
    {
      "type": "Feature",
      "id": "node/913469109",
      "properties": {
        "type": "Railway Node"
      },
      "geometry": {
        "type": "Point",
        "coordinates": [
          -78.241444,
          44.3105879
        ]
      }
    },
    {
      "type": "Feature",
      "id": "node/913469345",
      "properties": {
        "type": "Railway Node"
      },
      "geometry": {
        "type": "Point",
        "coordinates": [
          -78.2370147,
          44.3113708
        ]
      }
    },
    {
      "type": "Feature",
      "id": "node/913494454",
      "properties": {
        "type": "Railway Node"
      },
      "geometry": {
        "type": "Point",
        "coordinates": [
          -78.006865,
          44.3808105
        ]
      }
    },
    {
      "type": "Feature",
      "id": "node/913501289",
      "properties": {
        "type": "Railway Node"
      },
      "geometry": {
        "type": "Point",
        "coordinates": [
          -78.0090456,
          44.3800408
        ]
      }
    },
    {
      "type": "Feature",
      "id": "node/913501856",
      "properties": {
        "type": "Railway Node"
      },
      "geometry": {
        "type": "Point",
        "coordinates": [
          -78.0055457,
          44.3811275
        ]
      }
    },
    {
      "type": "Feature",
      "id": "node/913504426",
      "properties": {
        "type": "Railway Node"
      },
      "geometry": {
        "type": "Point",
        "coordinates": [
          -78.0126424,
          44.3780312
        ]
      }
    },
    {
      "type": "Feature",
      "id": "node/914124213",
      "properties": {
        "type": "Railway Node"
      },
      "geometry": {
        "type": "Point",
        "coordinates": [
          -78.2597637,
          44.3115205
        ]
      }
    },
    {
      "type": "Feature",
      "id": "node/914124293",
      "properties": {
        "type": "Railway Node"
      },
      "geometry": {
        "type": "Point",
        "coordinates": [
          -78.25,
          44.3119511
        ]
      }
    },
    {
      "type": "Feature",
      "id": "node/914124304",
      "properties": {
        "type": "Railway Node"
      },
      "geometry": {
        "type": "Point",
        "coordinates": [
          -78.2661412,
          44.3101625
        ]
      }
    },
    {
      "type": "Feature",
      "id": "node/914124813",
      "properties": {
        "type": "Railway Node"
      },
      "geometry": {
        "type": "Point",
        "coordinates": [
          -78.2566209,
          44.3121903
        ]
      }
    },
    {
      "type": "Feature",
      "id": "node/914125429",
      "properties": {
        "type": "Railway Node"
      },
      "geometry": {
        "type": "Point",
        "coordinates": [
          -78.2810119,
          44.3069916
        ]
      }
    },
    {
      "type": "Feature",
      "id": "node/914125715",
      "properties": {
        "type": "Railway Node"
      },
      "geometry": {
        "type": "Point",
        "coordinates": [
          -78.2645564,
          44.3104992
        ]
      }
    },
    {
      "type": "Feature",
      "id": "node/914125766",
      "properties": {
        "type": "Railway Node"
      },
      "geometry": {
        "type": "Point",
        "coordinates": [
          -78.258154,
          44.3118853
        ]
      }
    },
    {
      "type": "Feature",
      "id": "node/914126043",
      "properties": {
        "type": "Railway Node"
      },
      "geometry": {
        "type": "Point",
        "coordinates": [
          -78.2697231,
          44.309406
        ]
      }
    },
    {
      "type": "Feature",
      "id": "node/914126564",
      "properties": {
        "type": "Railway Node"
      },
      "geometry": {
        "type": "Point",
        "coordinates": [
          -78.2545219,
          44.3123959
        ]
      }
    },
    {
      "type": "Feature",
      "id": "node/914139385",
      "properties": {
        "type": "Railway Node"
      },
      "geometry": {
        "type": "Point",
        "coordinates": [
          -78.3502945,
          44.2702594
        ]
      }
    },
    {
      "type": "Feature",
      "id": "node/914140583",
      "properties": {
        "type": "Railway Node"
      },
      "geometry": {
        "type": "Point",
        "coordinates": [
          -78.3498058,
          44.2711384
        ]
      }
    },
    {
      "type": "Feature",
      "id": "node/914687354",
      "properties": {
        "type": "Railway Node"
      },
      "geometry": {
        "type": "Point",
        "coordinates": [
          -78.3300735,
          44.2898098
        ]
      }
    },
    {
      "type": "Feature",
      "id": "node/914699795",
      "properties": {
        "type": "Railway Node"
      },
      "geometry": {
        "type": "Point",
        "coordinates": [
          -78.336962,
          44.2841942
        ]
      }
    },
    {
      "type": "Feature",
      "id": "node/914705425",
      "properties": {
        "type": "Railway Node"
      },
      "geometry": {
        "type": "Point",
        "coordinates": [
          -78.3266296,
          44.2933669
        ]
      }
    },
    {
      "type": "Feature",
      "id": "node/914709704",
      "properties": {
        "type": "Railway Node"
      },
      "geometry": {
        "type": "Point",
        "coordinates": [
          -78.3255,
          44.2945855
        ]
      }
    },
    {
      "type": "Feature",
      "id": "node/916263310",
      "properties": {
        "type": "Railway Node"
      },
      "geometry": {
        "type": "Point",
        "coordinates": [
          -78.9216004,
          44.0328997
        ]
      }
    },
    {
      "type": "Feature",
      "id": "node/918592187",
      "properties": {
        "type": "Railway Node"
      },
      "geometry": {
        "type": "Point",
        "coordinates": [
          -78.4639253,
          44.1927033
        ]
      }
    },
    {
      "type": "Feature",
      "id": "node/918945534",
      "properties": {
        "type": "Railway Node"
      },
      "geometry": {
        "type": "Point",
        "coordinates": [
          -79.4154611,
          43.637002
        ]
      }
    },
    {
      "type": "Feature",
      "id": "node/918948927",
      "properties": {
        "type": "Railway Node"
      },
      "geometry": {
        "type": "Point",
        "coordinates": [
          -79.4215397,
          43.6352194
        ]
      }
    },
    {
      "type": "Feature",
      "id": "node/918949861",
      "properties": {
        "type": "Railway Node"
      },
      "geometry": {
        "type": "Point",
        "coordinates": [
          -79.4239897,
          43.6345518
        ]
      }
    },
    {
      "type": "Feature",
      "id": "node/924693850",
      "properties": {
        "type": "Railway Node"
      },
      "geometry": {
        "type": "Point",
        "coordinates": [
          -78.1284763,
          43.9686796
        ]
      }
    },
    {
      "type": "Feature",
      "id": "node/924693856",
      "properties": {
        "type": "Railway Node"
      },
      "geometry": {
        "type": "Point",
        "coordinates": [
          -78.1733068,
          43.966908
        ]
      }
    },
    {
      "type": "Feature",
      "id": "node/924693901",
      "properties": {
        "type": "Railway Node"
      },
      "geometry": {
        "type": "Point",
        "coordinates": [
          -78.1721205,
          43.9679166
        ]
      }
    },
    {
      "type": "Feature",
      "id": "node/924694055",
      "properties": {
        "type": "Railway Node"
      },
      "geometry": {
        "type": "Point",
        "coordinates": [
          -78.1661611,
          43.9689112
        ]
      }
    },
    {
      "type": "Feature",
      "id": "node/924694624",
      "properties": {
        "type": "Railway Node"
      },
      "geometry": {
        "type": "Point",
        "coordinates": [
          -78.1808264,
          43.9633124
        ]
      }
    },
    {
      "type": "Feature",
      "id": "node/924694848",
      "properties": {
        "type": "Railway Node"
      },
      "geometry": {
        "type": "Point",
        "coordinates": [
          -78.1270477,
          43.9685721
        ]
      }
    },
    {
      "type": "Feature",
      "id": "node/924695716",
      "properties": {
        "type": "Railway Node"
      },
      "geometry": {
        "type": "Point",
        "coordinates": [
          -78.1627584,
          43.9687216
        ]
      }
    },
    {
      "type": "Feature",
      "id": "node/924696353",
      "properties": {
        "type": "Railway Node"
      },
      "geometry": {
        "type": "Point",
        "coordinates": [
          -78.169612,
          43.9683212
        ]
      }
    },
    {
      "type": "Feature",
      "id": "node/924697294",
      "properties": {
        "type": "Railway Node"
      },
      "geometry": {
        "type": "Point",
        "coordinates": [
          -78.1768647,
          43.9655315
        ]
      }
    },
    {
      "type": "Feature",
      "id": "node/924697588",
      "properties": {
        "type": "Railway Node"
      },
      "geometry": {
        "type": "Point",
        "coordinates": [
          -78.1739335,
          43.9680401
        ]
      }
    },
    {
      "type": "Feature",
      "id": "node/924698436",
      "properties": {
        "type": "Railway Node"
      },
      "geometry": {
        "type": "Point",
        "coordinates": [
          -78.1249551,
          43.9663486
        ]
      }
    },
    {
      "type": "Feature",
      "id": "node/924700022",
      "properties": {
        "type": "Railway Node"
      },
      "geometry": {
        "type": "Point",
        "coordinates": [
          -78.1821861,
          43.9625299
        ]
      }
    },
    {
      "type": "Feature",
      "id": "node/924700805",
      "properties": {
        "type": "Railway Node"
      },
      "geometry": {
        "type": "Point",
        "coordinates": [
          -78.185855,
          43.9604774
        ]
      }
    },
    {
      "type": "Feature",
      "id": "node/924707155",
      "properties": {
        "type": "Railway Node"
      },
      "geometry": {
        "type": "Point",
        "coordinates": [
          -78.1666308,
          43.9713495
        ]
      }
    },
    {
      "type": "Feature",
      "id": "node/924707988",
      "properties": {
        "type": "Railway Node"
      },
      "geometry": {
        "type": "Point",
        "coordinates": [
          -78.135994,
          43.9693862
        ]
      }
    },
    {
      "type": "Feature",
      "id": "node/924708089",
      "properties": {
        "type": "Railway Node"
      },
      "geometry": {
        "type": "Point",
        "coordinates": [
          -78.1666882,
          43.9752605
        ]
      }
    },
    {
      "type": "Feature",
      "id": "node/924708325",
      "properties": {
        "type": "Railway Node"
      },
      "geometry": {
        "type": "Point",
        "coordinates": [
          -78.1308997,
          43.9688681
        ]
      }
    },
    {
      "type": "Feature",
      "id": "node/924708917",
      "properties": {
        "type": "Railway Node"
      },
      "geometry": {
        "type": "Point",
        "coordinates": [
          -78.1333904,
          43.9690378
        ]
      }
    },
    {
      "type": "Feature",
      "id": "node/924709243",
      "properties": {
        "type": "Railway Node"
      },
      "geometry": {
        "type": "Point",
        "coordinates": [
          -78.1547461,
          43.969149
        ]
      }
    },
    {
      "type": "Feature",
      "id": "node/924711387",
      "properties": {
        "type": "Railway Node"
      },
      "geometry": {
        "type": "Point",
        "coordinates": [
          -78.1615472,
          43.9691269
        ]
      }
    },
    {
      "type": "Feature",
      "id": "node/924711587",
      "properties": {
        "type": "Railway Node"
      },
      "geometry": {
        "type": "Point",
        "coordinates": [
          -78.1677739,
          43.9740369
        ]
      }
    },
    {
      "type": "Feature",
      "id": "node/924713816",
      "properties": {
        "type": "Railway Node"
      },
      "geometry": {
        "type": "Point",
        "coordinates": [
          -78.1660856,
          43.970036
        ]
      }
    },
    {
      "type": "Feature",
      "id": "node/924715402",
      "properties": {
        "type": "Railway Node"
      },
      "geometry": {
        "type": "Point",
        "coordinates": [
          -78.1670984,
          43.9723912
        ]
      }
    },
    {
      "type": "Feature",
      "id": "node/924716884",
      "properties": {
        "type": "Railway Node"
      },
      "geometry": {
        "type": "Point",
        "coordinates": [
          -78.1570706,
          43.9688632
        ]
      }
    },
    {
      "type": "Feature",
      "id": "node/924818324",
      "properties": {
        "type": "Railway Node"
      },
      "geometry": {
        "type": "Point",
        "coordinates": [
          -78.0009021,
          44.5886144
        ]
      }
    },
    {
      "type": "Feature",
      "id": "node/924818449",
      "properties": {
        "type": "Railway Node"
      },
      "geometry": {
        "type": "Point",
        "coordinates": [
          -78.0138973,
          44.6094577
        ]
      }
    },
    {
      "type": "Feature",
      "id": "node/924818888",
      "properties": {
        "type": "Railway Node"
      },
      "geometry": {
        "type": "Point",
        "coordinates": [
          -78.0081772,
          44.6032158
        ]
      }
    },
    {
      "type": "Feature",
      "id": "node/924819168",
      "properties": {
        "type": "Railway Node"
      },
      "geometry": {
        "type": "Point",
        "coordinates": [
          -78.0025791,
          44.5909334
        ]
      }
    },
    {
      "type": "Feature",
      "id": "node/924819456",
      "properties": {
        "type": "Railway Node"
      },
      "geometry": {
        "type": "Point",
        "coordinates": [
          -78.0068506,
          44.6166818
        ]
      }
    },
    {
      "type": "Feature",
      "id": "node/924819625",
      "properties": {
        "type": "Railway Node"
      },
      "geometry": {
        "type": "Point",
        "coordinates": [
          -78.0136311,
          44.608415
        ]
      }
    },
    {
      "type": "Feature",
      "id": "node/924819935",
      "properties": {
        "type": "Railway Node"
      },
      "geometry": {
        "type": "Point",
        "coordinates": [
          -78.0055699,
          44.593252
        ]
      }
    },
    {
      "type": "Feature",
      "id": "node/924821912",
      "properties": {
        "type": "Railway Node"
      },
      "geometry": {
        "type": "Point",
        "coordinates": [
          -78.0008286,
          44.6195798
        ]
      }
    },
    {
      "type": "Feature",
      "id": "node/924822620",
      "properties": {
        "type": "Railway Node"
      },
      "geometry": {
        "type": "Point",
        "coordinates": [
          -78.0060756,
          44.5941829
        ]
      }
    },
    {
      "type": "Feature",
      "id": "node/924823291",
      "properties": {
        "type": "Railway Node"
      },
      "geometry": {
        "type": "Point",
        "coordinates": [
          -78.0094019,
          44.6138905
        ]
      }
    },
    {
      "type": "Feature",
      "id": "node/924827000",
      "properties": {
        "type": "Railway Node"
      },
      "geometry": {
        "type": "Point",
        "coordinates": [
          -78.002467,
          44.6184864
        ]
      }
    },
    {
      "type": "Feature",
      "id": "node/924828836",
      "properties": {
        "type": "Railway Node"
      },
      "geometry": {
        "type": "Point",
        "coordinates": [
          -78.0043792,
          44.5921977
        ]
      }
    },
    {
      "type": "Feature",
      "id": "node/924927744",
      "properties": {
        "type": "Railway Node"
      },
      "geometry": {
        "type": "Point",
        "coordinates": [
          -78.0014788,
          44.6265314
        ]
      }
    },
    {
      "type": "Feature",
      "id": "node/924932529",
      "properties": {
        "type": "Railway Node"
      },
      "geometry": {
        "type": "Point",
        "coordinates": [
          -78.0004087,
          44.6271671
        ]
      }
    },
    {
      "type": "Feature",
      "id": "node/928624735",
      "properties": {
        "type": "Railway Node"
      },
      "geometry": {
        "type": "Point",
        "coordinates": [
          -79.5198134,
          43.6047032
        ]
      }
    },
    {
      "type": "Feature",
      "id": "node/928626045",
      "properties": {
        "type": "Railway Node"
      },
      "geometry": {
        "type": "Point",
        "coordinates": [
          -79.5074418,
          43.6107662
        ]
      }
    },
    {
      "type": "Feature",
      "id": "node/928626059",
      "properties": {
        "type": "Railway Node"
      },
      "geometry": {
        "type": "Point",
        "coordinates": [
          -79.504048,
          43.6114387
        ]
      }
    },
    {
      "type": "Feature",
      "id": "node/928626115",
      "properties": {
        "type": "Railway Node"
      },
      "geometry": {
        "type": "Point",
        "coordinates": [
          -79.5018496,
          43.6115478
        ]
      }
    },
    {
      "type": "Feature",
      "id": "node/928626154",
      "properties": {
        "type": "Railway Node"
      },
      "geometry": {
        "type": "Point",
        "coordinates": [
          -79.5,
          43.613196
        ]
      }
    },
    {
      "type": "Feature",
      "id": "node/937362872",
      "properties": {
        "type": "Railway Node"
      },
      "geometry": {
        "type": "Point",
        "coordinates": [
          -77.8843782,
          43.99046
        ]
      }
    },
    {
      "type": "Feature",
      "id": "node/937363356",
      "properties": {
        "type": "Railway Node"
      },
      "geometry": {
        "type": "Point",
        "coordinates": [
          -77.8588252,
          43.998133
        ]
      }
    },
    {
      "type": "Feature",
      "id": "node/937363370",
      "properties": {
        "type": "Railway Node"
      },
      "geometry": {
        "type": "Point",
        "coordinates": [
          -77.8791875,
          43.9919644
        ]
      }
    },
    {
      "type": "Feature",
      "id": "node/937364099",
      "properties": {
        "type": "Railway Node"
      },
      "geometry": {
        "type": "Point",
        "coordinates": [
          -77.9159724,
          43.9912666
        ]
      }
    },
    {
      "type": "Feature",
      "id": "node/937364164",
      "properties": {
        "type": "Railway Node"
      },
      "geometry": {
        "type": "Point",
        "coordinates": [
          -77.867274,
          43.9953622
        ]
      }
    },
    {
      "type": "Feature",
      "id": "node/937364470",
      "properties": {
        "type": "Railway Node"
      },
      "geometry": {
        "type": "Point",
        "coordinates": [
          -77.8947277,
          43.9879462
        ]
      }
    },
    {
      "type": "Feature",
      "id": "node/937364704",
      "properties": {
        "type": "Railway Node"
      },
      "geometry": {
        "type": "Point",
        "coordinates": [
          -77.914062,
          43.9910003
        ]
      }
    },
    {
      "type": "Feature",
      "id": "node/937365434",
      "properties": {
        "type": "Railway Node"
      },
      "geometry": {
        "type": "Point",
        "coordinates": [
          -77.9027733,
          43.9888494
        ]
      }
    },
    {
      "type": "Feature",
      "id": "node/937366021",
      "properties": {
        "type": "Railway Node"
      },
      "geometry": {
        "type": "Point",
        "coordinates": [
          -77.8983154,
          43.9881078
        ]
      }
    },
    {
      "type": "Feature",
      "id": "node/937366449",
      "properties": {
        "type": "Railway Node"
      },
      "geometry": {
        "type": "Point",
        "coordinates": [
          -77.9003016,
          43.9946136
        ]
      }
    },
    {
      "type": "Feature",
      "id": "node/937366511",
      "properties": {
        "type": "Railway Node"
      },
      "geometry": {
        "type": "Point",
        "coordinates": [
          -77.9968599,
          43.9811771
        ]
      }
    },
    {
      "type": "Feature",
      "id": "node/937367183",
      "properties": {
        "type": "Railway Node"
      },
      "geometry": {
        "type": "Point",
        "coordinates": [
          -77.9046228,
          43.9939937
        ]
      }
    },
    {
      "type": "Feature",
      "id": "node/937368340",
      "properties": {
        "type": "Railway Node"
      },
      "geometry": {
        "type": "Point",
        "coordinates": [
          -77.9203279,
          43.9918575
        ]
      }
    },
    {
      "type": "Feature",
      "id": "node/937368391",
      "properties": {
        "type": "Railway Node"
      },
      "geometry": {
        "type": "Point",
        "coordinates": [
          -77.9090902,
          43.993404
        ]
      }
    },
    {
      "type": "Feature",
      "id": "node/937369844",
      "properties": {
        "type": "Railway Node"
      },
      "geometry": {
        "type": "Point",
        "coordinates": [
          -77.9009241,
          43.9885016
        ]
      }
    },
    {
      "type": "Feature",
      "id": "node/937369960",
      "properties": {
        "type": "Railway Node"
      },
      "geometry": {
        "type": "Point",
        "coordinates": [
          -77.9151753,
          43.992532
        ]
      }
    },
    {
      "type": "Feature",
      "id": "node/937370438",
      "properties": {
        "type": "Railway Node"
      },
      "geometry": {
        "type": "Point",
        "coordinates": [
          -77.8888614,
          43.9891806
        ]
      }
    },
    {
      "type": "Feature",
      "id": "node/937370451",
      "properties": {
        "type": "Railway Node"
      },
      "geometry": {
        "type": "Point",
        "coordinates": [
          -77.9866081,
          43.9825622
        ]
      }
    },
    {
      "type": "Feature",
      "id": "node/937370833",
      "properties": {
        "type": "Railway Node"
      },
      "geometry": {
        "type": "Point",
        "coordinates": [
          -77.8864074,
          43.9898746
        ]
      }
    },
    {
      "type": "Feature",
      "id": "node/937371089",
      "properties": {
        "type": "Railway Node"
      },
      "geometry": {
        "type": "Point",
        "coordinates": [
          -77.9559106,
          43.986869
        ]
      }
    },
    {
      "type": "Feature",
      "id": "node/937371444",
      "properties": {
        "type": "Railway Node"
      },
      "geometry": {
        "type": "Point",
        "coordinates": [
          -77.8528272,
          44.0000482
        ]
      }
    },
    {
      "type": "Feature",
      "id": "node/937372175",
      "properties": {
        "type": "Railway Node"
      },
      "geometry": {
        "type": "Point",
        "coordinates": [
          -77.9180704,
          43.9914205
        ]
      }
    },
    {
      "type": "Feature",
      "id": "node/937372435",
      "properties": {
        "type": "Railway Node"
      },
      "geometry": {
        "type": "Point",
        "coordinates": [
          -77.891668,
          43.9883964
        ]
      }
    },
    {
      "type": "Feature",
      "id": "node/937373037",
      "properties": {
        "type": "Railway Node"
      },
      "geometry": {
        "type": "Point",
        "coordinates": [
          -77.9456891,
          43.9880604
        ]
      }
    },
    {
      "type": "Feature",
      "id": "node/937374986",
      "properties": {
        "type": "Railway Node"
      },
      "geometry": {
        "type": "Point",
        "coordinates": [
          -77.869256,
          43.9994169
        ]
      }
    },
    {
      "type": "Feature",
      "id": "node/985750158",
      "properties": {
        "type": "Railway Node"
      },
      "geometry": {
        "type": "Point",
        "coordinates": [
          -79.2608234,
          43.728833
        ]
      }
    },
    {
      "type": "Feature",
      "id": "node/985757569",
      "properties": {
        "type": "Railway Node"
      },
      "geometry": {
        "type": "Point",
        "coordinates": [
          -79.2697702,
          43.728661
        ]
      }
    },
    {
      "type": "Feature",
      "id": "node/1031511488",
      "properties": {
        "type": "Railway Node"
      },
      "geometry": {
        "type": "Point",
        "coordinates": [
          -77.5763069,
          44.1178544
        ]
      }
    },
    {
      "type": "Feature",
      "id": "node/1031520722",
      "properties": {
        "type": "Railway Node"
      },
      "geometry": {
        "type": "Point",
        "coordinates": [
          -77.5544047,
          44.1222218
        ]
      }
    },
    {
      "type": "Feature",
      "id": "node/1050961339",
      "properties": {
        "type": "Railway Node"
      },
      "geometry": {
        "type": "Point",
        "coordinates": [
          -78.97525,
          43.8919638
        ]
      }
    },
    {
      "type": "Feature",
      "id": "node/1082970916",
      "properties": {
        "type": "Railway Node"
      },
      "geometry": {
        "type": "Point",
        "coordinates": [
          -79.4004417,
          43.9564322
        ]
      }
    },
    {
      "type": "Feature",
      "id": "node/1086796175",
      "properties": {
        "type": "Railway Node"
      },
      "geometry": {
        "type": "Point",
        "coordinates": [
          -79.3485353,
          44.0749644
        ]
      }
    },
    {
      "type": "Feature",
      "id": "node/1086796205",
      "properties": {
        "type": "Railway Node"
      },
      "geometry": {
        "type": "Point",
        "coordinates": [
          -79.3461842,
          44.0956755
        ]
      }
    },
    {
      "type": "Feature",
      "id": "node/1086796206",
      "properties": {
        "type": "Railway Node"
      },
      "geometry": {
        "type": "Point",
        "coordinates": [
          -79.3600805,
          44.0489783
        ]
      }
    },
    {
      "type": "Feature",
      "id": "node/1086796243",
      "properties": {
        "type": "Railway Node"
      },
      "geometry": {
        "type": "Point",
        "coordinates": [
          -79.3646981,
          44.0404938
        ]
      }
    },
    {
      "type": "Feature",
      "id": "node/1086796248",
      "properties": {
        "type": "Railway Node"
      },
      "geometry": {
        "type": "Point",
        "coordinates": [
          -79.3211333,
          44.1273511
        ]
      }
    },
    {
      "type": "Feature",
      "id": "node/1086796253",
      "properties": {
        "type": "Railway Node"
      },
      "geometry": {
        "type": "Point",
        "coordinates": [
          -79.3699803,
          44.0334186
        ]
      }
    },
    {
      "type": "Feature",
      "id": "node/1086796259",
      "properties": {
        "type": "Railway Node"
      },
      "geometry": {
        "type": "Point",
        "coordinates": [
          -79.3362493,
          44.099905
        ]
      }
    },
    {
      "type": "Feature",
      "id": "node/1086796295",
      "properties": {
        "type": "Railway Node"
      },
      "geometry": {
        "type": "Point",
        "coordinates": [
          -79.3317115,
          44.1064555
        ]
      }
    },
    {
      "type": "Feature",
      "id": "node/1086796304",
      "properties": {
        "type": "Railway Node"
      },
      "geometry": {
        "type": "Point",
        "coordinates": [
          -79.3253452,
          44.1222385
        ]
      }
    },
    {
      "type": "Feature",
      "id": "node/1086796338",
      "properties": {
        "type": "Railway Node"
      },
      "geometry": {
        "type": "Point",
        "coordinates": [
          -79.3790547,
          44.0196553
        ]
      }
    },
    {
      "type": "Feature",
      "id": "node/1086796349",
      "properties": {
        "type": "Railway Node"
      },
      "geometry": {
        "type": "Point",
        "coordinates": [
          -79.3398584,
          44.0863948
        ]
      }
    },
    {
      "type": "Feature",
      "id": "node/1086796372",
      "properties": {
        "type": "Railway Node"
      },
      "geometry": {
        "type": "Point",
        "coordinates": [
          -79.3335223,
          44.1037554
        ]
      }
    },
    {
      "type": "Feature",
      "id": "node/1086796373",
      "properties": {
        "type": "Railway Node"
      },
      "geometry": {
        "type": "Point",
        "coordinates": [
          -79.3525783,
          44.0627914
        ]
      }
    },
    {
      "type": "Feature",
      "id": "node/1086796376",
      "properties": {
        "type": "Railway Node"
      },
      "geometry": {
        "type": "Point",
        "coordinates": [
          -79.3747668,
          44.0278419
        ]
      }
    },
    {
      "type": "Feature",
      "id": "node/1086796378",
      "properties": {
        "type": "Railway Node"
      },
      "geometry": {
        "type": "Point",
        "coordinates": [
          -79.3265416,
          44.1181325
        ]
      }
    },
    {
      "type": "Feature",
      "id": "node/1086796381",
      "properties": {
        "type": "Railway Node"
      },
      "geometry": {
        "type": "Point",
        "coordinates": [
          -79.3662599,
          44.0375761
        ]
      }
    },
    {
      "type": "Feature",
      "id": "node/1086796384",
      "properties": {
        "type": "Railway Node"
      },
      "geometry": {
        "type": "Point",
        "coordinates": [
          -79.3386271,
          44.0983532
        ]
      }
    },
    {
      "type": "Feature",
      "id": "node/1086796429",
      "properties": {
        "type": "Railway Node"
      },
      "geometry": {
        "type": "Point",
        "coordinates": [
          -79.3761245,
          44.0252435
        ]
      }
    },
    {
      "type": "Feature",
      "id": "node/1086796430",
      "properties": {
        "type": "Railway Node"
      },
      "geometry": {
        "type": "Point",
        "coordinates": [
          -79.3491561,
          44.0733884
        ]
      }
    },
    {
      "type": "Feature",
      "id": "node/1086796438",
      "properties": {
        "type": "Railway Node"
      },
      "geometry": {
        "type": "Point",
        "coordinates": [
          -79.3427939,
          44.0895835
        ]
      }
    },
    {
      "type": "Feature",
      "id": "node/1086808315",
      "properties": {
        "type": "Railway Node"
      },
      "geometry": {
        "type": "Point",
        "coordinates": [
          -79.3233119,
          44.1675712
        ]
      }
    },
    {
      "type": "Feature",
      "id": "node/1086808394",
      "properties": {
        "type": "Railway Node"
      },
      "geometry": {
        "type": "Point",
        "coordinates": [
          -79.322217,
          44.1483038
        ]
      }
    },
    {
      "type": "Feature",
      "id": "node/1086808398",
      "properties": {
        "type": "Railway Node"
      },
      "geometry": {
        "type": "Point",
        "coordinates": [
          -79.3199595,
          44.1288767
        ]
      }
    },
    {
      "type": "Feature",
      "id": "node/1086808404",
      "properties": {
        "type": "Railway Node"
      },
      "geometry": {
        "type": "Point",
        "coordinates": [
          -79.3194644,
          44.1310286
        ]
      }
    },
    {
      "type": "Feature",
      "id": "node/1086808410",
      "properties": {
        "type": "Railway Node"
      },
      "geometry": {
        "type": "Point",
        "coordinates": [
          -79.324535,
          44.1653406
        ]
      }
    },
    {
      "type": "Feature",
      "id": "node/1086808414",
      "properties": {
        "type": "Railway Node"
      },
      "geometry": {
        "type": "Point",
        "coordinates": [
          -79.3238665,
          44.158258
        ]
      }
    },
    {
      "type": "Feature",
      "id": "node/1086808451",
      "properties": {
        "type": "Railway Node"
      },
      "geometry": {
        "type": "Point",
        "coordinates": [
          -79.3210109,
          44.1410116
        ]
      }
    },
    {
      "type": "Feature",
      "id": "node/1086808455",
      "properties": {
        "type": "Railway Node"
      },
      "geometry": {
        "type": "Point",
        "coordinates": [
          -79.3199011,
          44.1339239
        ]
      }
    },
    {
      "type": "Feature",
      "id": "node/1086816540",
      "properties": {
        "type": "Railway Node"
      },
      "geometry": {
        "type": "Point",
        "coordinates": [
          -79.315269,
          44.1803492
        ]
      }
    },
    {
      "type": "Feature",
      "id": "node/1086833954",
      "properties": {
        "type": "Railway Node"
      },
      "geometry": {
        "type": "Point",
        "coordinates": [
          -79.3063099,
          44.1947202
        ]
      }
    },
    {
      "type": "Feature",
      "id": "node/1086833957",
      "properties": {
        "type": "Railway Node"
      },
      "geometry": {
        "type": "Point",
        "coordinates": [
          -79.2905911,
          44.2199127
        ]
      }
    },
    {
      "type": "Feature",
      "id": "node/1086833959",
      "properties": {
        "type": "Railway Node"
      },
      "geometry": {
        "type": "Point",
        "coordinates": [
          -79.3000235,
          44.2064456
        ]
      }
    },
    {
      "type": "Feature",
      "id": "node/1086833964",
      "properties": {
        "type": "Railway Node"
      },
      "geometry": {
        "type": "Point",
        "coordinates": [
          -79.2938414,
          44.2138778
        ]
      }
    },
    {
      "type": "Feature",
      "id": "node/1086833999",
      "properties": {
        "type": "Railway Node"
      },
      "geometry": {
        "type": "Point",
        "coordinates": [
          -79.2855039,
          44.2497095
        ]
      }
    },
    {
      "type": "Feature",
      "id": "node/1086834005",
      "properties": {
        "type": "Railway Node"
      },
      "geometry": {
        "type": "Point",
        "coordinates": [
          -79.3120058,
          44.1855346
        ]
      }
    },
    {
      "type": "Feature",
      "id": "node/1086834013",
      "properties": {
        "type": "Railway Node"
      },
      "geometry": {
        "type": "Point",
        "coordinates": [
          -79.3092382,
          44.1900484
        ]
      }
    },
    {
      "type": "Feature",
      "id": "node/1086834019",
      "properties": {
        "type": "Railway Node"
      },
      "geometry": {
        "type": "Point",
        "coordinates": [
          -79.3049904,
          44.1968478
        ]
      }
    },
    {
      "type": "Feature",
      "id": "node/1086834022",
      "properties": {
        "type": "Railway Node"
      },
      "geometry": {
        "type": "Point",
        "coordinates": [
          -79.2954616,
          44.211983
        ]
      }
    },
    {
      "type": "Feature",
      "id": "node/1086834062",
      "properties": {
        "type": "Railway Node"
      },
      "geometry": {
        "type": "Point",
        "coordinates": [
          -79.2878941,
          44.2446391
        ]
      }
    },
    {
      "type": "Feature",
      "id": "node/1086834065",
      "properties": {
        "type": "Railway Node"
      },
      "geometry": {
        "type": "Point",
        "coordinates": [
          -79.2892387,
          44.2322294
        ]
      }
    },
    {
      "type": "Feature",
      "id": "node/1086834072",
      "properties": {
        "type": "Railway Node"
      },
      "geometry": {
        "type": "Point",
        "coordinates": [
          -79.2872866,
          44.2469644
        ]
      }
    },
    {
      "type": "Feature",
      "id": "node/1086834083",
      "properties": {
        "type": "Railway Node"
      },
      "geometry": {
        "type": "Point",
        "coordinates": [
          -79.3036637,
          44.1992441
        ]
      }
    },
    {
      "type": "Feature",
      "id": "node/1086834089",
      "properties": {
        "type": "Railway Node"
      },
      "geometry": {
        "type": "Point",
        "coordinates": [
          -79.288911,
          44.2352252
        ]
      }
    },
    {
      "type": "Feature",
      "id": "node/1086834098",
      "properties": {
        "type": "Railway Node"
      },
      "geometry": {
        "type": "Point",
        "coordinates": [
          -79.2736015,
          44.2590476
        ]
      }
    },
    {
      "type": "Feature",
      "id": "node/1086834125",
      "properties": {
        "type": "Railway Node"
      },
      "geometry": {
        "type": "Point",
        "coordinates": [
          -79.3033307,
          44.2006678
        ]
      }
    },
    {
      "type": "Feature",
      "id": "node/1086834139",
      "properties": {
        "type": "Railway Node"
      },
      "geometry": {
        "type": "Point",
        "coordinates": [
          -79.2658776,
          44.2650081
        ]
      }
    },
    {
      "type": "Feature",
      "id": "node/1086834143",
      "properties": {
        "type": "Railway Node"
      },
      "geometry": {
        "type": "Point",
        "coordinates": [
          -79.2189978,
          44.3008977
        ]
      }
    },
    {
      "type": "Feature",
      "id": "node/1086834148",
      "properties": {
        "type": "Railway Node"
      },
      "geometry": {
        "type": "Point",
        "coordinates": [
          -79.2912007,
          44.217326
        ]
      }
    },
    {
      "type": "Feature",
      "id": "node/1086834164",
      "properties": {
        "type": "Railway Node"
      },
      "geometry": {
        "type": "Point",
        "coordinates": [
          -79.2846218,
          44.2505548
        ]
      }
    },
    {
      "type": "Feature",
      "id": "node/1086838848",
      "properties": {
        "type": "Railway Node"
      },
      "geometry": {
        "type": "Point",
        "coordinates": [
          -79.2004816,
          44.3391125
        ]
      }
    },
    {
      "type": "Feature",
      "id": "node/1086838851",
      "properties": {
        "type": "Railway Node"
      },
      "geometry": {
        "type": "Point",
        "coordinates": [
          -79.2026362,
          44.3179597
        ]
      }
    },
    {
      "type": "Feature",
      "id": "node/1086838860",
      "properties": {
        "type": "Railway Node"
      },
      "geometry": {
        "type": "Point",
        "coordinates": [
          -79.2009656,
          44.3343886
        ]
      }
    },
    {
      "type": "Feature",
      "id": "node/1086854449",
      "properties": {
        "type": "Railway Node"
      },
      "geometry": {
        "type": "Point",
        "coordinates": [
          -79.1997937,
          44.342016
        ]
      }
    },
    {
      "type": "Feature",
      "id": "node/1086854452",
      "properties": {
        "type": "Railway Node"
      },
      "geometry": {
        "type": "Point",
        "coordinates": [
          -79.1751986,
          44.3893058
        ]
      }
    },
    {
      "type": "Feature",
      "id": "node/1086854453",
      "properties": {
        "type": "Railway Node"
      },
      "geometry": {
        "type": "Point",
        "coordinates": [
          -79.1598827,
          44.4312961
        ]
      }
    },
    {
      "type": "Feature",
      "id": "node/1086854456",
      "properties": {
        "type": "Railway Node"
      },
      "geometry": {
        "type": "Point",
        "coordinates": [
          -79.1576081,
          44.4433879
        ]
      }
    },
    {
      "type": "Feature",
      "id": "node/1086854474",
      "properties": {
        "type": "Railway Node"
      },
      "geometry": {
        "type": "Point",
        "coordinates": [
          -79.1828132,
          44.3746524
        ]
      }
    },
    {
      "type": "Feature",
      "id": "node/1086854475",
      "properties": {
        "type": "Railway Node"
      },
      "geometry": {
        "type": "Point",
        "coordinates": [
          -79.1582917,
          44.4374417
        ]
      }
    },
    {
      "type": "Feature",
      "id": "node/1086854476",
      "properties": {
        "type": "Railway Node"
      },
      "geometry": {
        "type": "Point",
        "coordinates": [
          -79.1731094,
          44.3932324
        ]
      }
    },
    {
      "type": "Feature",
      "id": "node/1086854478",
      "properties": {
        "type": "Railway Node"
      },
      "geometry": {
        "type": "Point",
        "coordinates": [
          -79.1648942,
          44.4160555
        ]
      }
    },
    {
      "type": "Feature",
      "id": "node/1086854482",
      "properties": {
        "type": "Railway Node"
      },
      "geometry": {
        "type": "Point",
        "coordinates": [
          -79.169551,
          44.4018164
        ]
      }
    },
    {
      "type": "Feature",
      "id": "node/1086854485",
      "properties": {
        "type": "Railway Node"
      },
      "geometry": {
        "type": "Point",
        "coordinates": [
          -79.1567733,
          44.4496025
        ]
      }
    },
    {
      "type": "Feature",
      "id": "node/1086854498",
      "properties": {
        "type": "Railway Node"
      },
      "geometry": {
        "type": "Point",
        "coordinates": [
          -79.1558307,
          44.4573109
        ]
      }
    },
    {
      "type": "Feature",
      "id": "node/1086854505",
      "properties": {
        "type": "Railway Node"
      },
      "geometry": {
        "type": "Point",
        "coordinates": [
          -79.192445,
          44.3562864
        ]
      }
    },
    {
      "type": "Feature",
      "id": "node/1086854507",
      "properties": {
        "type": "Railway Node"
      },
      "geometry": {
        "type": "Point",
        "coordinates": [
          -79.1573705,
          44.4660756
        ]
      }
    },
    {
      "type": "Feature",
      "id": "node/1086854511",
      "properties": {
        "type": "Railway Node"
      },
      "geometry": {
        "type": "Point",
        "coordinates": [
          -79.1584617,
          44.4686763
        ]
      }
    },
    {
      "type": "Feature",
      "id": "node/1086854514",
      "properties": {
        "type": "Railway Node"
      },
      "geometry": {
        "type": "Point",
        "coordinates": [
          -79.1868053,
          44.3670806
        ]
      }
    },
    {
      "type": "Feature",
      "id": "node/1086854529",
      "properties": {
        "type": "Railway Node"
      },
      "geometry": {
        "type": "Point",
        "coordinates": [
          -79.1602018,
          44.4304218
        ]
      }
    },
    {
      "type": "Feature",
      "id": "node/1086854537",
      "properties": {
        "type": "Railway Node"
      },
      "geometry": {
        "type": "Point",
        "coordinates": [
          -79.1737502,
          44.3919988
        ]
      }
    },
    {
      "type": "Feature",
      "id": "node/1086854546",
      "properties": {
        "type": "Railway Node"
      },
      "geometry": {
        "type": "Point",
        "coordinates": [
          -79.1846471,
          44.3711942
        ]
      }
    },
    {
      "type": "Feature",
      "id": "node/1087573199",
      "properties": {
        "type": "Railway Node"
      },
      "geometry": {
        "type": "Point",
        "coordinates": [
          -79.3063266,
          43.866492
        ]
      }
    },
    {
      "type": "Feature",
      "id": "node/1141699650",
      "properties": {
        "type": "Railway Node"
      },
      "geometry": {
        "type": "Point",
        "coordinates": [
          -79.3857686,
          43.643245
        ]
      }
    },
    {
      "type": "Feature",
      "id": "node/1141791842",
      "properties": {
        "type": "Railway Node"
      },
      "geometry": {
        "type": "Point",
        "coordinates": [
          -77.5377849,
          44.1369885
        ]
      }
    },
    {
      "type": "Feature",
      "id": "node/1141791843",
      "properties": {
        "type": "Railway Node"
      },
      "geometry": {
        "type": "Point",
        "coordinates": [
          -77.5453678,
          44.1358946
        ]
      }
    },
    {
      "type": "Feature",
      "id": "node/1141792209",
      "properties": {
        "type": "Railway Node"
      },
      "geometry": {
        "type": "Point",
        "coordinates": [
          -77.5804004,
          44.1278667
        ]
      }
    },
    {
      "type": "Feature",
      "id": "node/1141792210",
      "properties": {
        "type": "Railway Node"
      },
      "geometry": {
        "type": "Point",
        "coordinates": [
          -77.6583316,
          44.0724511
        ]
      }
    },
    {
      "type": "Feature",
      "id": "node/1141792213",
      "properties": {
        "type": "Railway Node"
      },
      "geometry": {
        "type": "Point",
        "coordinates": [
          -77.6018513,
          44.111719
        ]
      }
    },
    {
      "type": "Feature",
      "id": "node/1141792314",
      "properties": {
        "type": "Railway Node"
      },
      "geometry": {
        "type": "Point",
        "coordinates": [
          -77.6750466,
          44.061734
        ]
      }
    },
    {
      "type": "Feature",
      "id": "node/1141792362",
      "properties": {
        "type": "Railway Node"
      },
      "geometry": {
        "type": "Point",
        "coordinates": [
          -77.7350293,
          44.0379269
        ]
      }
    },
    {
      "type": "Feature",
      "id": "node/1141793425",
      "properties": {
        "type": "Railway Node"
      },
      "geometry": {
        "type": "Point",
        "coordinates": [
          -77.8356794,
          44.0090503
        ]
      }
    },
    {
      "type": "Feature",
      "id": "node/1141793426",
      "properties": {
        "type": "Railway Node"
      },
      "geometry": {
        "type": "Point",
        "coordinates": [
          -77.7877663,
          44.0228068
        ]
      }
    },
    {
      "type": "Feature",
      "id": "node/1141793427",
      "properties": {
        "type": "Railway Node"
      },
      "geometry": {
        "type": "Point",
        "coordinates": [
          -77.8312212,
          44.0103335
        ]
      }
    },
    {
      "type": "Feature",
      "id": "node/1141793430",
      "properties": {
        "type": "Railway Node"
      },
      "geometry": {
        "type": "Point",
        "coordinates": [
          -77.7634228,
          44.0290598
        ]
      }
    },
    {
      "type": "Feature",
      "id": "node/1141793437",
      "properties": {
        "type": "Railway Node"
      },
      "geometry": {
        "type": "Point",
        "coordinates": [
          -77.7445486,
          44.0351897
        ]
      }
    },
    {
      "type": "Feature",
      "id": "node/1143412734",
      "properties": {
        "type": "Railway Node"
      },
      "geometry": {
        "type": "Point",
        "coordinates": [
          -79.0284805,
          43.8372664
        ]
      }
    },
    {
      "type": "Feature",
      "id": "node/1245045593",
      "properties": {
        "type": "Railway Node"
      },
      "geometry": {
        "type": "Point",
        "coordinates": [
          -79.4313617,
          43.6705851
        ]
      }
    },
    {
      "type": "Feature",
      "id": "node/1245045601",
      "properties": {
        "type": "Railway Node"
      },
      "geometry": {
        "type": "Point",
        "coordinates": [
          -79.4533724,
          43.6671236
        ]
      }
    },
    {
      "type": "Feature",
      "id": "node/1245045610",
      "properties": {
        "type": "Railway Node"
      },
      "geometry": {
        "type": "Point",
        "coordinates": [
          -79.441634,
          43.6685618
        ]
      }
    },
    {
      "type": "Feature",
      "id": "node/1245045628",
      "properties": {
        "type": "Railway Node"
      },
      "geometry": {
        "type": "Point",
        "coordinates": [
          -79.442919,
          43.6683282
        ]
      }
    },
    {
      "type": "Feature",
      "id": "node/1245045646",
      "properties": {
        "type": "Railway Node"
      },
      "geometry": {
        "type": "Point",
        "coordinates": [
          -79.4351934,
          43.6698471
        ]
      }
    },
    {
      "type": "Feature",
      "id": "node/1245046447",
      "properties": {
        "type": "Railway Node"
      },
      "geometry": {
        "type": "Point",
        "coordinates": [
          -79.4187122,
          43.6730999
        ]
      }
    },
    {
      "type": "Feature",
      "id": "node/1245046452",
      "properties": {
        "type": "Railway Node"
      },
      "geometry": {
        "type": "Point",
        "coordinates": [
          -79.423307,
          43.6721643
        ]
      }
    },
    {
      "type": "Feature",
      "id": "node/1245046456",
      "properties": {
        "type": "Railway Node"
      },
      "geometry": {
        "type": "Point",
        "coordinates": [
          -79.4043319,
          43.6761463
        ]
      }
    },
    {
      "type": "Feature",
      "id": "node/1245046461",
      "properties": {
        "type": "Railway Node"
      },
      "geometry": {
        "type": "Point",
        "coordinates": [
          -79.4018339,
          43.6766501
        ]
      }
    },
    {
      "type": "Feature",
      "id": "node/1245046462",
      "properties": {
        "type": "Railway Node"
      },
      "geometry": {
        "type": "Point",
        "coordinates": [
          -79.4109516,
          43.6747586
        ]
      }
    },
    {
      "type": "Feature",
      "id": "node/1245046481",
      "properties": {
        "type": "Railway Node"
      },
      "geometry": {
        "type": "Point",
        "coordinates": [
          -79.399336,
          43.6774473
        ]
      }
    },
    {
      "type": "Feature",
      "id": "node/1245047723",
      "properties": {
        "type": "Railway Node"
      },
      "geometry": {
        "type": "Point",
        "coordinates": [
          -79.3929585,
          43.6802929
        ]
      }
    },
    {
      "type": "Feature",
      "id": "node/1245047725",
      "properties": {
        "type": "Railway Node"
      },
      "geometry": {
        "type": "Point",
        "coordinates": [
          -79.396176,
          43.6788619
        ]
      }
    },
    {
      "type": "Feature",
      "id": "node/1245047732",
      "properties": {
        "type": "Railway Node"
      },
      "geometry": {
        "type": "Point",
        "coordinates": [
          -79.3947703,
          43.6794916
        ]
      }
    },
    {
      "type": "Feature",
      "id": "node/1245047733",
      "properties": {
        "type": "Railway Node"
      },
      "geometry": {
        "type": "Point",
        "coordinates": [
          -79.3725489,
          43.6889657
        ]
      }
    },
    {
      "type": "Feature",
      "id": "node/1245047743",
      "properties": {
        "type": "Railway Node"
      },
      "geometry": {
        "type": "Point",
        "coordinates": [
          -79.3896526,
          43.6818083
        ]
      }
    },
    {
      "type": "Feature",
      "id": "node/1245047745",
      "properties": {
        "type": "Railway Node"
      },
      "geometry": {
        "type": "Point",
        "coordinates": [
          -79.3865295,
          43.6831975
        ]
      }
    },
    {
      "type": "Feature",
      "id": "node/1276654938",
      "properties": {
        "type": "Railway Node"
      },
      "geometry": {
        "type": "Point",
        "coordinates": [
          -79.3425019,
          43.7427712
        ]
      }
    },
    {
      "type": "Feature",
      "id": "node/1279657227",
      "properties": {
        "type": "Railway Node"
      },
      "geometry": {
        "type": "Point",
        "coordinates": [
          -79.4063369,
          43.6395753
        ]
      }
    },
    {
      "type": "Feature",
      "id": "node/1279659039",
      "properties": {
        "type": "Railway Node"
      },
      "geometry": {
        "type": "Point",
        "coordinates": [
          -79.4029743,
          43.6401412
        ]
      }
    },
    {
      "type": "Feature",
      "id": "node/1279987527",
      "properties": {
        "type": "Railway Node"
      },
      "geometry": {
        "type": "Point",
        "coordinates": [
          -79.4116644,
          43.6379553
        ]
      }
    },
    {
      "type": "Feature",
      "id": "node/1281134239",
      "properties": {
        "type": "Railway Node"
      },
      "geometry": {
        "type": "Point",
        "coordinates": [
          -79.371631,
          43.6461891
        ]
      }
    },
    {
      "type": "Feature",
      "id": "node/1281134245",
      "properties": {
        "type": "Railway Node"
      },
      "geometry": {
        "type": "Point",
        "coordinates": [
          -79.376202,
          43.6455222
        ]
      }
    },
    {
      "type": "Feature",
      "id": "node/1281134250",
      "properties": {
        "type": "Railway Node"
      },
      "geometry": {
        "type": "Point",
        "coordinates": [
          -79.365109,
          43.6475362
        ]
      }
    },
    {
      "type": "Feature",
      "id": "node/1281134254",
      "properties": {
        "type": "Railway Node"
      },
      "geometry": {
        "type": "Point",
        "coordinates": [
          -79.369992,
          43.6463876
        ]
      }
    },
    {
      "type": "Feature",
      "id": "node/1281134256",
      "properties": {
        "type": "Railway Node"
      },
      "geometry": {
        "type": "Point",
        "coordinates": [
          -79.3730714,
          43.6458125
        ]
      }
    },
    {
      "type": "Feature",
      "id": "node/1281134257",
      "properties": {
        "type": "Railway Node"
      },
      "geometry": {
        "type": "Point",
        "coordinates": [
          -79.3629611,
          43.647791
        ]
      }
    },
    {
      "type": "Feature",
      "id": "node/1281134299",
      "properties": {
        "type": "Railway Node"
      },
      "geometry": {
        "type": "Point",
        "coordinates": [
          -79.3663917,
          43.6473379
        ]
      }
    },
    {
      "type": "Feature",
      "id": "node/1281134309",
      "properties": {
        "type": "Railway Node"
      },
      "geometry": {
        "type": "Point",
        "coordinates": [
          -79.3747515,
          43.6456071
        ]
      }
    },
    {
      "type": "Feature",
      "id": "node/1281134510",
      "properties": {
        "type": "Railway Node"
      },
      "geometry": {
        "type": "Point",
        "coordinates": [
          -79.3677215,
          43.6468686
        ]
      }
    },
    {
      "type": "Feature",
      "id": "node/1281139046",
      "properties": {
        "type": "Railway Node"
      },
      "geometry": {
        "type": "Point",
        "coordinates": [
          -79.3585015,
          43.6493429
        ]
      }
    },
    {
      "type": "Feature",
      "id": "node/1281139074",
      "properties": {
        "type": "Railway Node"
      },
      "geometry": {
        "type": "Point",
        "coordinates": [
          -79.3598632,
          43.6488057
        ]
      }
    },
    {
      "type": "Feature",
      "id": "node/1281145510",
      "properties": {
        "type": "Railway Node"
      },
      "geometry": {
        "type": "Point",
        "coordinates": [
          -79.3523595,
          43.6522972
        ]
      }
    },
    {
      "type": "Feature",
      "id": "node/1312612602",
      "properties": {
        "type": "Railway Node"
      },
      "geometry": {
        "type": "Point",
        "coordinates": [
          -79.4774113,
          43.6311092
        ]
      }
    },
    {
      "type": "Feature",
      "id": "node/1312612674",
      "properties": {
        "type": "Railway Node"
      },
      "geometry": {
        "type": "Point",
        "coordinates": [
          -79.4816636,
          43.6280282
        ]
      }
    },
    {
      "type": "Feature",
      "id": "node/1312612675",
      "properties": {
        "type": "Railway Node"
      },
      "geometry": {
        "type": "Point",
        "coordinates": [
          -79.4798109,
          43.6293356
        ]
      }
    },
    {
      "type": "Feature",
      "id": "node/1312651195",
      "properties": {
        "type": "Railway Node"
      },
      "geometry": {
        "type": "Point",
        "coordinates": [
          -79.4834787,
          43.6266756
        ]
      }
    },
    {
      "type": "Feature",
      "id": "node/1312653942",
      "properties": {
        "type": "Railway Node"
      },
      "geometry": {
        "type": "Point",
        "coordinates": [
          -79.4931821,
          43.6192949
        ]
      }
    },
    {
      "type": "Feature",
      "id": "node/1312653943",
      "properties": {
        "type": "Railway Node"
      },
      "geometry": {
        "type": "Point",
        "coordinates": [
          -79.4913729,
          43.620668
        ]
      }
    },
    {
      "type": "Feature",
      "id": "node/1312654205",
      "properties": {
        "type": "Railway Node"
      },
      "geometry": {
        "type": "Point",
        "coordinates": [
          -79.489873,
          43.6216382
        ]
      }
    },
    {
      "type": "Feature",
      "id": "node/1312654222",
      "properties": {
        "type": "Railway Node"
      },
      "geometry": {
        "type": "Point",
        "coordinates": [
          -79.4879746,
          43.6230819
        ]
      }
    },
    {
      "type": "Feature",
      "id": "node/1324527451",
      "properties": {
        "type": "Railway Node"
      },
      "geometry": {
        "type": "Point",
        "coordinates": [
          -79.4326716,
          43.8830972
        ]
      }
    },
    {
      "type": "Feature",
      "id": "node/1324527464",
      "properties": {
        "type": "Railway Node"
      },
      "geometry": {
        "type": "Point",
        "coordinates": [
          -79.4307592,
          43.880376
        ]
      }
    },
    {
      "type": "Feature",
      "id": "node/1331859480",
      "properties": {
        "type": "Railway Node"
      },
      "geometry": {
        "type": "Point",
        "coordinates": [
          -79.4998174,
          43.7933585
        ]
      }
    },
    {
      "type": "Feature",
      "id": "node/1331859481",
      "properties": {
        "type": "Railway Node"
      },
      "geometry": {
        "type": "Point",
        "coordinates": [
          -79.5002649,
          43.7951985
        ]
      }
    },
    {
      "type": "Feature",
      "id": "node/1331891736",
      "properties": {
        "type": "Railway Node"
      },
      "geometry": {
        "type": "Point",
        "coordinates": [
          -79.4992436,
          43.6143519
        ]
      }
    },
    {
      "type": "Feature",
      "id": "node/1367189605",
      "properties": {
        "type": "Railway Node"
      },
      "geometry": {
        "type": "Point",
        "coordinates": [
          -79.29537,
          43.8097905
        ]
      }
    },
    {
      "type": "Feature",
      "id": "node/1367189613",
      "properties": {
        "type": "Railway Node"
      },
      "geometry": {
        "type": "Point",
        "coordinates": [
          -79.2967227,
          43.8099943
        ]
      }
    },
    {
      "type": "Feature",
      "id": "node/1373339688",
      "properties": {
        "type": "Railway Node"
      },
      "geometry": {
        "type": "Point",
        "coordinates": [
          -79.400384,
          43.9506899
        ]
      }
    },
    {
      "type": "Feature",
      "id": "node/1373362576",
      "properties": {
        "type": "Railway Node"
      },
      "geometry": {
        "type": "Point",
        "coordinates": [
          -79.2503326,
          43.9532553
        ]
      }
    },
    {
      "type": "Feature",
      "id": "node/1373362577",
      "properties": {
        "type": "Railway Node"
      },
      "geometry": {
        "type": "Point",
        "coordinates": [
          -79.2506964,
          43.9558752
        ]
      }
    },
    {
      "type": "Feature",
      "id": "node/1373362578",
      "properties": {
        "type": "Railway Node"
      },
      "geometry": {
        "type": "Point",
        "coordinates": [
          -79.2509817,
          43.9588661
        ]
      }
    },
    {
      "type": "Feature",
      "id": "node/1373368727",
      "properties": {
        "type": "Railway Node"
      },
      "geometry": {
        "type": "Point",
        "coordinates": [
          -79.25062,
          43.9638026
        ]
      }
    },
    {
      "type": "Feature",
      "id": "node/1373368728",
      "properties": {
        "type": "Railway Node"
      },
      "geometry": {
        "type": "Point",
        "coordinates": [
          -79.25039,
          43.9672159
        ]
      }
    },
    {
      "type": "Feature",
      "id": "node/1376228965",
      "properties": {
        "type": "Railway Node"
      },
      "geometry": {
        "type": "Point",
        "coordinates": [
          -79.1750897,
          43.9365459
        ]
      }
    },
    {
      "type": "Feature",
      "id": "node/1376228967",
      "properties": {
        "type": "Railway Node"
      },
      "geometry": {
        "type": "Point",
        "coordinates": [
          -79.1732449,
          43.9391119
        ]
      }
    },
    {
      "type": "Feature",
      "id": "node/1376228969",
      "properties": {
        "type": "Railway Node"
      },
      "geometry": {
        "type": "Point",
        "coordinates": [
          -79.1674349,
          43.9472555
        ]
      }
    },
    {
      "type": "Feature",
      "id": "node/1376228970",
      "properties": {
        "type": "Railway Node"
      },
      "geometry": {
        "type": "Point",
        "coordinates": [
          -79.1647908,
          43.9509424
        ]
      }
    },
    {
      "type": "Feature",
      "id": "node/1376228972",
      "properties": {
        "type": "Railway Node"
      },
      "geometry": {
        "type": "Point",
        "coordinates": [
          -79.1624628,
          43.954216
        ]
      }
    },
    {
      "type": "Feature",
      "id": "node/1376228973",
      "properties": {
        "type": "Railway Node"
      },
      "geometry": {
        "type": "Point",
        "coordinates": [
          -79.1602314,
          43.9573378
        ]
      }
    },
    {
      "type": "Feature",
      "id": "node/1376228974",
      "properties": {
        "type": "Railway Node"
      },
      "geometry": {
        "type": "Point",
        "coordinates": [
          -79.1552104,
          43.9643995
        ]
      }
    },
    {
      "type": "Feature",
      "id": "node/1376228975",
      "properties": {
        "type": "Railway Node"
      },
      "geometry": {
        "type": "Point",
        "coordinates": [
          -79.151817,
          43.9682843
        ]
      }
    },
    {
      "type": "Feature",
      "id": "node/1376241969",
      "properties": {
        "type": "Railway Node"
      },
      "geometry": {
        "type": "Point",
        "coordinates": [
          -79.2499736,
          43.9735226
        ]
      }
    },
    {
      "type": "Feature",
      "id": "node/1376361056",
      "properties": {
        "type": "Railway Node"
      },
      "geometry": {
        "type": "Point",
        "coordinates": [
          -79.0387848,
          44.0018405
        ]
      }
    },
    {
      "type": "Feature",
      "id": "node/1376436372",
      "properties": {
        "type": "Railway Node"
      },
      "geometry": {
        "type": "Point",
        "coordinates": [
          -79.2388079,
          43.8046346
        ]
      }
    },
    {
      "type": "Feature",
      "id": "node/1376436376",
      "properties": {
        "type": "Railway Node"
      },
      "geometry": {
        "type": "Point",
        "coordinates": [
          -79.2390475,
          43.805678
        ]
      }
    },
    {
      "type": "Feature",
      "id": "node/1376436377",
      "properties": {
        "type": "Railway Node"
      },
      "geometry": {
        "type": "Point",
        "coordinates": [
          -79.2394841,
          43.8067624
        ]
      }
    },
    {
      "type": "Feature",
      "id": "node/1376436379",
      "properties": {
        "type": "Railway Node"
      },
      "geometry": {
        "type": "Point",
        "coordinates": [
          -79.242423,
          43.8071004
        ]
      }
    },
    {
      "type": "Feature",
      "id": "node/1376436383",
      "properties": {
        "type": "Railway Node"
      },
      "geometry": {
        "type": "Point",
        "coordinates": [
          -79.2407537,
          43.8073144
        ]
      }
    },
    {
      "type": "Feature",
      "id": "node/1378318166",
      "properties": {
        "type": "Railway Node"
      },
      "geometry": {
        "type": "Point",
        "coordinates": [
          -79.0835345,
          43.8321016
        ]
      }
    },
    {
      "type": "Feature",
      "id": "node/1405052282",
      "properties": {
        "type": "Railway Node"
      },
      "geometry": {
        "type": "Point",
        "coordinates": [
          -77.590811,
          44.1074632
        ]
      }
    },
    {
      "type": "Feature",
      "id": "node/1415123142",
      "properties": {
        "type": "Railway Node"
      },
      "geometry": {
        "type": "Point",
        "coordinates": [
          -78.293871,
          44.3042813
        ]
      }
    },
    {
      "type": "Feature",
      "id": "node/1415130092",
      "properties": {
        "type": "Railway Node"
      },
      "geometry": {
        "type": "Point",
        "coordinates": [
          -78.4058856,
          44.2291903
        ]
      }
    },
    {
      "type": "Feature",
      "id": "node/1415140196",
      "properties": {
        "type": "Railway Node"
      },
      "geometry": {
        "type": "Point",
        "coordinates": [
          -78.8562156,
          44.0414297
        ]
      }
    },
    {
      "type": "Feature",
      "id": "node/1415140198",
      "properties": {
        "type": "Railway Node"
      },
      "geometry": {
        "type": "Point",
        "coordinates": [
          -78.8472991,
          44.0444386
        ]
      }
    },
    {
      "type": "Feature",
      "id": "node/1415140200",
      "properties": {
        "type": "Railway Node"
      },
      "geometry": {
        "type": "Point",
        "coordinates": [
          -78.8411499,
          44.046507
        ]
      }
    },
    {
      "type": "Feature",
      "id": "node/1415140201",
      "properties": {
        "type": "Railway Node"
      },
      "geometry": {
        "type": "Point",
        "coordinates": [
          -78.8339731,
          44.0489131
        ]
      }
    },
    {
      "type": "Feature",
      "id": "node/1415140203",
      "properties": {
        "type": "Railway Node"
      },
      "geometry": {
        "type": "Point",
        "coordinates": [
          -78.8324684,
          44.0493877
        ]
      }
    },
    {
      "type": "Feature",
      "id": "node/1415140205",
      "properties": {
        "type": "Railway Node"
      },
      "geometry": {
        "type": "Point",
        "coordinates": [
          -78.8297793,
          44.0500175
        ]
      }
    },
    {
      "type": "Feature",
      "id": "node/1415140207",
      "properties": {
        "type": "Railway Node"
      },
      "geometry": {
        "type": "Point",
        "coordinates": [
          -78.8249564,
          44.0511874
        ]
      }
    },
    {
      "type": "Feature",
      "id": "node/1415140212",
      "properties": {
        "type": "Railway Node"
      },
      "geometry": {
        "type": "Point",
        "coordinates": [
          -78.8233974,
          44.0513863
        ]
      }
    },
    {
      "type": "Feature",
      "id": "node/1415150650",
      "properties": {
        "type": "Railway Node"
      },
      "geometry": {
        "type": "Point",
        "coordinates": [
          -79.0510163,
          43.9973165
        ]
      }
    },
    {
      "type": "Feature",
      "id": "node/1415172262",
      "properties": {
        "type": "Railway Node"
      },
      "geometry": {
        "type": "Point",
        "coordinates": [
          -79.0278708,
          44.0060222
        ]
      }
    },
    {
      "type": "Feature",
      "id": "node/1415172263",
      "properties": {
        "type": "Railway Node"
      },
      "geometry": {
        "type": "Point",
        "coordinates": [
          -79.0232593,
          44.0075658
        ]
      }
    },
    {
      "type": "Feature",
      "id": "node/1415172269",
      "properties": {
        "type": "Railway Node"
      },
      "geometry": {
        "type": "Point",
        "coordinates": [
          -79.010608,
          44.0115287
        ]
      }
    },
    {
      "type": "Feature",
      "id": "node/1415172270",
      "properties": {
        "type": "Railway Node"
      },
      "geometry": {
        "type": "Point",
        "coordinates": [
          -78.9972302,
          44.0159275
        ]
      }
    },
    {
      "type": "Feature",
      "id": "node/1415172271",
      "properties": {
        "type": "Railway Node"
      },
      "geometry": {
        "type": "Point",
        "coordinates": [
          -78.97254,
          44.0179171
        ]
      }
    },
    {
      "type": "Feature",
      "id": "node/1415172272",
      "properties": {
        "type": "Railway Node"
      },
      "geometry": {
        "type": "Point",
        "coordinates": [
          -78.9692884,
          44.0181018
        ]
      }
    },
    {
      "type": "Feature",
      "id": "node/1415172273",
      "properties": {
        "type": "Railway Node"
      },
      "geometry": {
        "type": "Point",
        "coordinates": [
          -78.9680646,
          44.018392
        ]
      }
    },
    {
      "type": "Feature",
      "id": "node/1415172274",
      "properties": {
        "type": "Railway Node"
      },
      "geometry": {
        "type": "Point",
        "coordinates": [
          -78.9763977,
          44.0183526
        ]
      }
    },
    {
      "type": "Feature",
      "id": "node/1415172279",
      "properties": {
        "type": "Railway Node"
      },
      "geometry": {
        "type": "Point",
        "coordinates": [
          -78.9606075,
          44.0213275
        ]
      }
    },
    {
      "type": "Feature",
      "id": "node/1415172280",
      "properties": {
        "type": "Railway Node"
      },
      "geometry": {
        "type": "Point",
        "coordinates": [
          -78.9567495,
          44.022962
        ]
      }
    },
    {
      "type": "Feature",
      "id": "node/1415172281",
      "properties": {
        "type": "Railway Node"
      },
      "geometry": {
        "type": "Point",
        "coordinates": [
          -78.9536106,
          44.024032
        ]
      }
    },
    {
      "type": "Feature",
      "id": "node/1415172282",
      "properties": {
        "type": "Railway Node"
      },
      "geometry": {
        "type": "Point",
        "coordinates": [
          -78.9466239,
          44.0258553
        ]
      }
    },
    {
      "type": "Feature",
      "id": "node/1415172283",
      "properties": {
        "type": "Railway Node"
      },
      "geometry": {
        "type": "Point",
        "coordinates": [
          -78.9403988,
          44.0279572
        ]
      }
    },
    {
      "type": "Feature",
      "id": "node/1415172288",
      "properties": {
        "type": "Railway Node"
      },
      "geometry": {
        "type": "Point",
        "coordinates": [
          -78.9359127,
          44.030559
        ]
      }
    },
    {
      "type": "Feature",
      "id": "node/1415172291",
      "properties": {
        "type": "Railway Node"
      },
      "geometry": {
        "type": "Point",
        "coordinates": [
          -78.931092,
          44.0316795
        ]
      }
    },
    {
      "type": "Feature",
      "id": "node/1415172292",
      "properties": {
        "type": "Railway Node"
      },
      "geometry": {
        "type": "Point",
        "coordinates": [
          -78.9254392,
          44.032129
        ]
      }
    },
    {
      "type": "Feature",
      "id": "node/1415172297",
      "properties": {
        "type": "Railway Node"
      },
      "geometry": {
        "type": "Point",
        "coordinates": [
          -78.918228,
          44.0337179
        ]
      }
    },
    {
      "type": "Feature",
      "id": "node/1415172298",
      "properties": {
        "type": "Railway Node"
      },
      "geometry": {
        "type": "Point",
        "coordinates": [
          -78.9061521,
          44.0341926
        ]
      }
    },
    {
      "type": "Feature",
      "id": "node/1415172300",
      "properties": {
        "type": "Railway Node"
      },
      "geometry": {
        "type": "Point",
        "coordinates": [
          -78.9159607,
          44.0341989
        ]
      }
    },
    {
      "type": "Feature",
      "id": "node/1415172302",
      "properties": {
        "type": "Railway Node"
      },
      "geometry": {
        "type": "Point",
        "coordinates": [
          -78.9036691,
          44.0342876
        ]
      }
    },
    {
      "type": "Feature",
      "id": "node/1415172303",
      "properties": {
        "type": "Railway Node"
      },
      "geometry": {
        "type": "Point",
        "coordinates": [
          -78.9127029,
          44.0343319
        ]
      }
    },
    {
      "type": "Feature",
      "id": "node/1415172304",
      "properties": {
        "type": "Railway Node"
      },
      "geometry": {
        "type": "Point",
        "coordinates": [
          -78.8970918,
          44.0345408
        ]
      }
    },
    {
      "type": "Feature",
      "id": "node/1415172310",
      "properties": {
        "type": "Railway Node"
      },
      "geometry": {
        "type": "Point",
        "coordinates": [
          -78.8871655,
          44.0351996
        ]
      }
    },
    {
      "type": "Feature",
      "id": "node/1415172313",
      "properties": {
        "type": "Railway Node"
      },
      "geometry": {
        "type": "Point",
        "coordinates": [
          -78.8756476,
          44.0356348
        ]
      }
    },
    {
      "type": "Feature",
      "id": "node/1415172314",
      "properties": {
        "type": "Railway Node"
      },
      "geometry": {
        "type": "Point",
        "coordinates": [
          -78.872742,
          44.0362361
        ]
      }
    },
    {
      "type": "Feature",
      "id": "node/1415172315",
      "properties": {
        "type": "Railway Node"
      },
      "geometry": {
        "type": "Point",
        "coordinates": [
          -78.8680479,
          44.0374546
        ]
      }
    },
    {
      "type": "Feature",
      "id": "node/1415172319",
      "properties": {
        "type": "Railway Node"
      },
      "geometry": {
        "type": "Point",
        "coordinates": [
          -78.8044502,
          44.0521094
        ]
      }
    },
    {
      "type": "Feature",
      "id": "node/1415172336",
      "properties": {
        "type": "Railway Node"
      },
      "geometry": {
        "type": "Point",
        "coordinates": [
          -78.7853695,
          44.0585143
        ]
      }
    },
    {
      "type": "Feature",
      "id": "node/1415172337",
      "properties": {
        "type": "Railway Node"
      },
      "geometry": {
        "type": "Point",
        "coordinates": [
          -78.7828388,
          44.0592319
        ]
      }
    },
    {
      "type": "Feature",
      "id": "node/1415172340",
      "properties": {
        "type": "Railway Node"
      },
      "geometry": {
        "type": "Point",
        "coordinates": [
          -78.7316887,
          44.0706283
        ]
      }
    },
    {
      "type": "Feature",
      "id": "node/1415172341",
      "properties": {
        "type": "Railway Node"
      },
      "geometry": {
        "type": "Point",
        "coordinates": [
          -78.715265,
          44.0748984
        ]
      }
    },
    {
      "type": "Feature",
      "id": "node/1415172348",
      "properties": {
        "type": "Railway Node"
      },
      "geometry": {
        "type": "Point",
        "coordinates": [
          -78.7025907,
          44.0791042
        ]
      }
    },
    {
      "type": "Feature",
      "id": "node/1415172350",
      "properties": {
        "type": "Railway Node"
      },
      "geometry": {
        "type": "Point",
        "coordinates": [
          -78.6822164,
          44.0862107
        ]
      }
    },
    {
      "type": "Feature",
      "id": "node/1415172351",
      "properties": {
        "type": "Railway Node"
      },
      "geometry": {
        "type": "Point",
        "coordinates": [
          -78.6616437,
          44.0864194
        ]
      }
    },
    {
      "type": "Feature",
      "id": "node/1415172353",
      "properties": {
        "type": "Railway Node"
      },
      "geometry": {
        "type": "Point",
        "coordinates": [
          -78.6579545,
          44.0874313
        ]
      }
    },
    {
      "type": "Feature",
      "id": "node/1415172355",
      "properties": {
        "type": "Railway Node"
      },
      "geometry": {
        "type": "Point",
        "coordinates": [
          -78.6475154,
          44.0925317
        ]
      }
    },
    {
      "type": "Feature",
      "id": "node/1415172356",
      "properties": {
        "type": "Railway Node"
      },
      "geometry": {
        "type": "Point",
        "coordinates": [
          -78.6356012,
          44.0961158
        ]
      }
    },
    {
      "type": "Feature",
      "id": "node/1415172361",
      "properties": {
        "type": "Railway Node"
      },
      "geometry": {
        "type": "Point",
        "coordinates": [
          -78.6278284,
          44.1005189
        ]
      }
    },
    {
      "type": "Feature",
      "id": "node/1415172367",
      "properties": {
        "type": "Railway Node"
      },
      "geometry": {
        "type": "Point",
        "coordinates": [
          -78.5757812,
          44.1254463
        ]
      }
    },
    {
      "type": "Feature",
      "id": "node/1415172371",
      "properties": {
        "type": "Railway Node"
      },
      "geometry": {
        "type": "Point",
        "coordinates": [
          -78.5697314,
          44.1268508
        ]
      }
    },
    {
      "type": "Feature",
      "id": "node/1426937119",
      "properties": {
        "type": "Railway Node"
      },
      "geometry": {
        "type": "Point",
        "coordinates": [
          -79.3365601,
          43.727276
        ]
      }
    },
    {
      "type": "Feature",
      "id": "node/1426937126",
      "properties": {
        "type": "Railway Node"
      },
      "geometry": {
        "type": "Point",
        "coordinates": [
          -79.3350392,
          43.7280929
        ]
      }
    },
    {
      "type": "Feature",
      "id": "node/1426937127",
      "properties": {
        "type": "Railway Node"
      },
      "geometry": {
        "type": "Point",
        "coordinates": [
          -79.3331167,
          43.7292291
        ]
      }
    },
    {
      "type": "Feature",
      "id": "node/1426937136",
      "properties": {
        "type": "Railway Node"
      },
      "geometry": {
        "type": "Point",
        "coordinates": [
          -79.3239341,
          43.7344151
        ]
      }
    },
    {
      "type": "Feature",
      "id": "node/1430424165",
      "properties": {
        "type": "Railway Node"
      },
      "geometry": {
        "type": "Point",
        "coordinates": [
          -79.2614083,
          43.7299018
        ]
      }
    },
    {
      "type": "Feature",
      "id": "node/1430424171",
      "properties": {
        "type": "Railway Node"
      },
      "geometry": {
        "type": "Point",
        "coordinates": [
          -79.2622097,
          43.7308505
        ]
      }
    },
    {
      "type": "Feature",
      "id": "node/1430424178",
      "properties": {
        "type": "Railway Node"
      },
      "geometry": {
        "type": "Point",
        "coordinates": [
          -79.2656362,
          43.7313097
        ]
      }
    },
    {
      "type": "Feature",
      "id": "node/1430426594",
      "properties": {
        "type": "Railway Node"
      },
      "geometry": {
        "type": "Point",
        "coordinates": [
          -79.2685976,
          43.7467192
        ]
      }
    },
    {
      "type": "Feature",
      "id": "node/1430426607",
      "properties": {
        "type": "Railway Node"
      },
      "geometry": {
        "type": "Point",
        "coordinates": [
          -79.2765218,
          43.7678961
        ]
      }
    },
    {
      "type": "Feature",
      "id": "node/1430426614",
      "properties": {
        "type": "Railway Node"
      },
      "geometry": {
        "type": "Point",
        "coordinates": [
          -79.2765779,
          43.7689063
        ]
      }
    },
    {
      "type": "Feature",
      "id": "node/1430426628",
      "properties": {
        "type": "Railway Node"
      },
      "geometry": {
        "type": "Point",
        "coordinates": [
          -79.2759397,
          43.7697005
        ]
      }
    },
    {
      "type": "Feature",
      "id": "node/1430428750",
      "properties": {
        "type": "Railway Node"
      },
      "geometry": {
        "type": "Point",
        "coordinates": [
          -79.275828,
          43.7660332
        ]
      }
    },
    {
      "type": "Feature",
      "id": "node/1430429149",
      "properties": {
        "type": "Railway Node"
      },
      "geometry": {
        "type": "Point",
        "coordinates": [
          -79.2741964,
          43.7618102
        ]
      }
    },
    {
      "type": "Feature",
      "id": "node/1430431759",
      "properties": {
        "type": "Railway Node"
      },
      "geometry": {
        "type": "Point",
        "coordinates": [
          -79.2697255,
          43.7494342
        ]
      }
    },
    {
      "type": "Feature",
      "id": "node/1430431762",
      "properties": {
        "type": "Railway Node"
      },
      "geometry": {
        "type": "Point",
        "coordinates": [
          -79.2701751,
          43.751254
        ]
      }
    },
    {
      "type": "Feature",
      "id": "node/1430474946",
      "properties": {
        "type": "Railway Node"
      },
      "geometry": {
        "type": "Point",
        "coordinates": [
          -79.2766239,
          43.7189708
        ]
      }
    },
    {
      "type": "Feature",
      "id": "node/1430474948",
      "properties": {
        "type": "Railway Node"
      },
      "geometry": {
        "type": "Point",
        "coordinates": [
          -79.2762158,
          43.7198255
        ]
      }
    },
    {
      "type": "Feature",
      "id": "node/1430474951",
      "properties": {
        "type": "Railway Node"
      },
      "geometry": {
        "type": "Point",
        "coordinates": [
          -79.2741785,
          43.7237782
        ]
      }
    },
    {
      "type": "Feature",
      "id": "node/1430474959",
      "properties": {
        "type": "Railway Node"
      },
      "geometry": {
        "type": "Point",
        "coordinates": [
          -79.273129,
          43.7249503
        ]
      }
    },
    {
      "type": "Feature",
      "id": "node/1430474961",
      "properties": {
        "type": "Railway Node"
      },
      "geometry": {
        "type": "Point",
        "coordinates": [
          -79.2724585,
          43.7257728
        ]
      }
    },
    {
      "type": "Feature",
      "id": "node/1430474964",
      "properties": {
        "type": "Railway Node"
      },
      "geometry": {
        "type": "Point",
        "coordinates": [
          -79.2706685,
          43.7277445
        ]
      }
    },
    {
      "type": "Feature",
      "id": "node/1430486818",
      "properties": {
        "type": "Railway Node"
      },
      "geometry": {
        "type": "Point",
        "coordinates": [
          -79.2529479,
          43.7205871
        ]
      }
    },
    {
      "type": "Feature",
      "id": "node/1430486834",
      "properties": {
        "type": "Railway Node"
      },
      "geometry": {
        "type": "Point",
        "coordinates": [
          -79.2530725,
          43.7221734
        ]
      }
    },
    {
      "type": "Feature",
      "id": "node/1430486847",
      "properties": {
        "type": "Railway Node"
      },
      "geometry": {
        "type": "Point",
        "coordinates": [
          -79.2554359,
          43.7258841
        ]
      }
    },
    {
      "type": "Feature",
      "id": "node/1430486851",
      "properties": {
        "type": "Railway Node"
      },
      "geometry": {
        "type": "Point",
        "coordinates": [
          -79.2564765,
          43.7265673
        ]
      }
    },
    {
      "type": "Feature",
      "id": "node/1430486857",
      "properties": {
        "type": "Railway Node"
      },
      "geometry": {
        "type": "Point",
        "coordinates": [
          -79.2576576,
          43.7270879
        ]
      }
    },
    {
      "type": "Feature",
      "id": "node/1430486869",
      "properties": {
        "type": "Railway Node"
      },
      "geometry": {
        "type": "Point",
        "coordinates": [
          -79.2591548,
          43.7276034
        ]
      }
    },
    {
      "type": "Feature",
      "id": "node/1437116919",
      "properties": {
        "type": "Railway Node"
      },
      "geometry": {
        "type": "Point",
        "coordinates": [
          -79.3651271,
          43.6960969
        ]
      }
    },
    {
      "type": "Feature",
      "id": "node/1437116922",
      "properties": {
        "type": "Railway Node"
      },
      "geometry": {
        "type": "Point",
        "coordinates": [
          -79.3641407,
          43.6970292
        ]
      }
    },
    {
      "type": "Feature",
      "id": "node/1437116924",
      "properties": {
        "type": "Railway Node"
      },
      "geometry": {
        "type": "Point",
        "coordinates": [
          -79.3629406,
          43.6981861
        ]
      }
    },
    {
      "type": "Feature",
      "id": "node/1437116926",
      "properties": {
        "type": "Railway Node"
      },
      "geometry": {
        "type": "Point",
        "coordinates": [
          -79.3619839,
          43.6991041
        ]
      }
    },
    {
      "type": "Feature",
      "id": "node/1437116936",
      "properties": {
        "type": "Railway Node"
      },
      "geometry": {
        "type": "Point",
        "coordinates": [
          -79.3576613,
          43.7031972
        ]
      }
    },
    {
      "type": "Feature",
      "id": "node/1437116939",
      "properties": {
        "type": "Railway Node"
      },
      "geometry": {
        "type": "Point",
        "coordinates": [
          -79.3563778,
          43.7044817
        ]
      }
    },
    {
      "type": "Feature",
      "id": "node/1437116944",
      "properties": {
        "type": "Railway Node"
      },
      "geometry": {
        "type": "Point",
        "coordinates": [
          -79.3532043,
          43.7075338
        ]
      }
    },
    {
      "type": "Feature",
      "id": "node/1437116946",
      "properties": {
        "type": "Railway Node"
      },
      "geometry": {
        "type": "Point",
        "coordinates": [
          -79.3519175,
          43.7087115
        ]
      }
    },
    {
      "type": "Feature",
      "id": "node/1437116951",
      "properties": {
        "type": "Railway Node"
      },
      "geometry": {
        "type": "Point",
        "coordinates": [
          -79.3510823,
          43.7096101
        ]
      }
    },
    {
      "type": "Feature",
      "id": "node/1437116961",
      "properties": {
        "type": "Railway Node"
      },
      "geometry": {
        "type": "Point",
        "coordinates": [
          -79.3502797,
          43.7105506
        ]
      }
    },
    {
      "type": "Feature",
      "id": "node/1437116976",
      "properties": {
        "type": "Railway Node"
      },
      "geometry": {
        "type": "Point",
        "coordinates": [
          -79.3491741,
          43.7133301
        ]
      }
    },
    {
      "type": "Feature",
      "id": "node/1437129550",
      "properties": {
        "type": "Railway Node"
      },
      "geometry": {
        "type": "Point",
        "coordinates": [
          -79.3204605,
          43.7374038
        ]
      }
    },
    {
      "type": "Feature",
      "id": "node/1437129552",
      "properties": {
        "type": "Railway Node"
      },
      "geometry": {
        "type": "Point",
        "coordinates": [
          -79.3177466,
          43.7399447
        ]
      }
    },
    {
      "type": "Feature",
      "id": "node/1437133630",
      "properties": {
        "type": "Railway Node"
      },
      "geometry": {
        "type": "Point",
        "coordinates": [
          -79.3142866,
          43.7431824
        ]
      }
    },
    {
      "type": "Feature",
      "id": "node/1437133631",
      "properties": {
        "type": "Railway Node"
      },
      "geometry": {
        "type": "Point",
        "coordinates": [
          -79.3125759,
          43.74477
        ]
      }
    },
    {
      "type": "Feature",
      "id": "node/1437157454",
      "properties": {
        "type": "Railway Node"
      },
      "geometry": {
        "type": "Point",
        "coordinates": [
          -79.3072379,
          43.7507682
        ]
      }
    },
    {
      "type": "Feature",
      "id": "node/1437157456",
      "properties": {
        "type": "Railway Node"
      },
      "geometry": {
        "type": "Point",
        "coordinates": [
          -79.3053287,
          43.7535945
        ]
      }
    },
    {
      "type": "Feature",
      "id": "node/1437157457",
      "properties": {
        "type": "Railway Node"
      },
      "geometry": {
        "type": "Point",
        "coordinates": [
          -79.3043571,
          43.7550199
        ]
      }
    },
    {
      "type": "Feature",
      "id": "node/1437157460",
      "properties": {
        "type": "Railway Node"
      },
      "geometry": {
        "type": "Point",
        "coordinates": [
          -79.3022046,
          43.7581921
        ]
      }
    },
    {
      "type": "Feature",
      "id": "node/1437158453",
      "properties": {
        "type": "Railway Node"
      },
      "geometry": {
        "type": "Point",
        "coordinates": [
          -79.2974907,
          43.765203
        ]
      }
    },
    {
      "type": "Feature",
      "id": "node/1437158588",
      "properties": {
        "type": "Railway Node"
      },
      "geometry": {
        "type": "Point",
        "coordinates": [
          -79.2843495,
          43.7796026
        ]
      }
    },
    {
      "type": "Feature",
      "id": "node/1444898510",
      "properties": {
        "type": "Railway Node"
      },
      "geometry": {
        "type": "Point",
        "coordinates": [
          -79.3406964,
          44.7033911
        ]
      }
    },
    {
      "type": "Feature",
      "id": "node/1445131433",
      "properties": {
        "type": "Railway Node"
      },
      "geometry": {
        "type": "Point",
        "coordinates": [
          -79.4205344,
          43.8043386
        ]
      }
    },
    {
      "type": "Feature",
      "id": "node/1445960880",
      "properties": {
        "type": "Railway Node"
      },
      "geometry": {
        "type": "Point",
        "coordinates": [
          -79.4160495,
          43.805314
        ]
      }
    },
    {
      "type": "Feature",
      "id": "node/1445960895",
      "properties": {
        "type": "Railway Node"
      },
      "geometry": {
        "type": "Point",
        "coordinates": [
          -79.4109281,
          43.80713
        ]
      }
    },
    {
      "type": "Feature",
      "id": "node/1445964167",
      "properties": {
        "type": "Railway Node"
      },
      "geometry": {
        "type": "Point",
        "coordinates": [
          -79.4436449,
          43.7970564
        ]
      }
    },
    {
      "type": "Feature",
      "id": "node/1445964175",
      "properties": {
        "type": "Railway Node"
      },
      "geometry": {
        "type": "Point",
        "coordinates": [
          -79.4337673,
          43.8004817
        ]
      }
    },
    {
      "type": "Feature",
      "id": "node/1445964181",
      "properties": {
        "type": "Railway Node"
      },
      "geometry": {
        "type": "Point",
        "coordinates": [
          -79.4267852,
          43.8029502
        ]
      }
    },
    {
      "type": "Feature",
      "id": "node/1450271674",
      "properties": {
        "type": "Railway Node"
      },
      "geometry": {
        "type": "Point",
        "coordinates": [
          -79.4225281,
          43.8374101
        ]
      }
    },
    {
      "type": "Feature",
      "id": "node/1450271716",
      "properties": {
        "type": "Railway Node"
      },
      "geometry": {
        "type": "Point",
        "coordinates": [
          -79.426722,
          43.842394
        ]
      }
    },
    {
      "type": "Feature",
      "id": "node/1450271718",
      "properties": {
        "type": "Railway Node"
      },
      "geometry": {
        "type": "Point",
        "coordinates": [
          -79.4276571,
          43.84406
        ]
      }
    },
    {
      "type": "Feature",
      "id": "node/1485284458",
      "properties": {
        "type": "Railway Node"
      },
      "geometry": {
        "type": "Point",
        "coordinates": [
          -79.2531496,
          43.8131492
        ]
      }
    },
    {
      "type": "Feature",
      "id": "node/1485284468",
      "properties": {
        "type": "Railway Node"
      },
      "geometry": {
        "type": "Point",
        "coordinates": [
          -79.2494664,
          43.8139273
        ]
      }
    },
    {
      "type": "Feature",
      "id": "node/1502583083",
      "properties": {
        "type": "Railway Node"
      },
      "geometry": {
        "type": "Point",
        "coordinates": [
          -79.1267379,
          43.7839994
        ]
      }
    },
    {
      "type": "Feature",
      "id": "node/1502607974",
      "properties": {
        "type": "Railway Node"
      },
      "geometry": {
        "type": "Point",
        "coordinates": [
          -79.121137,
          43.7905441
        ]
      }
    },
    {
      "type": "Feature",
      "id": "node/1502607988",
      "properties": {
        "type": "Railway Node"
      },
      "geometry": {
        "type": "Point",
        "coordinates": [
          -79.119051,
          43.7932608
        ]
      }
    },
    {
      "type": "Feature",
      "id": "node/1502625030",
      "properties": {
        "type": "Railway Node"
      },
      "geometry": {
        "type": "Point",
        "coordinates": [
          -79.1372811,
          43.7727383
        ]
      }
    },
    {
      "type": "Feature",
      "id": "node/1502626440",
      "properties": {
        "type": "Railway Node"
      },
      "geometry": {
        "type": "Point",
        "coordinates": [
          -79.1511639,
          43.7648433
        ]
      }
    },
    {
      "type": "Feature",
      "id": "node/1502629668",
      "properties": {
        "type": "Railway Node"
      },
      "geometry": {
        "type": "Point",
        "coordinates": [
          -79.1550179,
          43.7638611
        ]
      }
    },
    {
      "type": "Feature",
      "id": "node/1502631584",
      "properties": {
        "type": "Railway Node"
      },
      "geometry": {
        "type": "Point",
        "coordinates": [
          -79.1999388,
          43.7546437
        ]
      }
    },
    {
      "type": "Feature",
      "id": "node/1502631588",
      "properties": {
        "type": "Railway Node"
      },
      "geometry": {
        "type": "Point",
        "coordinates": [
          -79.1931399,
          43.7559573
        ]
      }
    },
    {
      "type": "Feature",
      "id": "node/1502631592",
      "properties": {
        "type": "Railway Node"
      },
      "geometry": {
        "type": "Point",
        "coordinates": [
          -79.1902377,
          43.7564797
        ]
      }
    },
    {
      "type": "Feature",
      "id": "node/1502634288",
      "properties": {
        "type": "Railway Node"
      },
      "geometry": {
        "type": "Point",
        "coordinates": [
          -79.1981023,
          43.7549618
        ]
      }
    },
    {
      "type": "Feature",
      "id": "node/1503571706",
      "properties": {
        "type": "Railway Node"
      },
      "geometry": {
        "type": "Point",
        "coordinates": [
          -79.1044565,
          43.8221444
        ]
      }
    },
    {
      "type": "Feature",
      "id": "node/1503571721",
      "properties": {
        "type": "Railway Node"
      },
      "geometry": {
        "type": "Point",
        "coordinates": [
          -79.0995298,
          43.8244267
        ]
      }
    },
    {
      "type": "Feature",
      "id": "node/1503583937",
      "properties": {
        "type": "Railway Node"
      },
      "geometry": {
        "type": "Point",
        "coordinates": [
          -79.0878194,
          43.8298755
        ]
      }
    },
    {
      "type": "Feature",
      "id": "node/1503584077",
      "properties": {
        "type": "Railway Node"
      },
      "geometry": {
        "type": "Point",
        "coordinates": [
          -79.0565715,
          43.8442403
        ]
      }
    },
    {
      "type": "Feature",
      "id": "node/1503584266",
      "properties": {
        "type": "Railway Node"
      },
      "geometry": {
        "type": "Point",
        "coordinates": [
          -79.0701421,
          43.838097
        ]
      }
    },
    {
      "type": "Feature",
      "id": "node/1503584657",
      "properties": {
        "type": "Railway Node"
      },
      "geometry": {
        "type": "Point",
        "coordinates": [
          -79.0433548,
          43.8476645
        ]
      }
    },
    {
      "type": "Feature",
      "id": "node/1503584663",
      "properties": {
        "type": "Railway Node"
      },
      "geometry": {
        "type": "Point",
        "coordinates": [
          -79.0364958,
          43.8491822
        ]
      }
    },
    {
      "type": "Feature",
      "id": "node/1503585263",
      "properties": {
        "type": "Railway Node"
      },
      "geometry": {
        "type": "Point",
        "coordinates": [
          -79.0013504,
          43.8570842
        ]
      }
    },
    {
      "type": "Feature",
      "id": "node/1503612439",
      "properties": {
        "type": "Railway Node"
      },
      "geometry": {
        "type": "Point",
        "coordinates": [
          -78.984933,
          43.8607264
        ]
      }
    },
    {
      "type": "Feature",
      "id": "node/1506900228",
      "properties": {
        "type": "Railway Node"
      },
      "geometry": {
        "type": "Point",
        "coordinates": [
          -79.1153466,
          43.80218
        ]
      }
    },
    {
      "type": "Feature",
      "id": "node/1506900232",
      "properties": {
        "type": "Railway Node"
      },
      "geometry": {
        "type": "Point",
        "coordinates": [
          -79.1150939,
          43.8053352
        ]
      }
    },
    {
      "type": "Feature",
      "id": "node/1506900239",
      "properties": {
        "type": "Railway Node"
      },
      "geometry": {
        "type": "Point",
        "coordinates": [
          -79.1146979,
          43.80994
        ]
      }
    },
    {
      "type": "Feature",
      "id": "node/1507037314",
      "properties": {
        "type": "Railway Node"
      },
      "geometry": {
        "type": "Point",
        "coordinates": [
          -79.3664472,
          43.6783123
        ]
      }
    },
    {
      "type": "Feature",
      "id": "node/1507037342",
      "properties": {
        "type": "Railway Node"
      },
      "geometry": {
        "type": "Point",
        "coordinates": [
          -79.3655046,
          43.6827595
        ]
      }
    },
    {
      "type": "Feature",
      "id": "node/1507037369",
      "properties": {
        "type": "Railway Node"
      },
      "geometry": {
        "type": "Point",
        "coordinates": [
          -79.3601157,
          43.6928033
        ]
      }
    },
    {
      "type": "Feature",
      "id": "node/1507037404",
      "properties": {
        "type": "Railway Node"
      },
      "geometry": {
        "type": "Point",
        "coordinates": [
          -79.3306076,
          43.7069034
        ]
      }
    },
    {
      "type": "Feature",
      "id": "node/1513779063",
      "properties": {
        "type": "Railway Node"
      },
      "geometry": {
        "type": "Point",
        "coordinates": [
          -79.5056843,
          43.6655107
        ]
      }
    },
    {
      "type": "Feature",
      "id": "node/1513779089",
      "properties": {
        "type": "Railway Node"
      },
      "geometry": {
        "type": "Point",
        "coordinates": [
          -79.504419,
          43.6656131
        ]
      }
    },
    {
      "type": "Feature",
      "id": "node/1513779096",
      "properties": {
        "type": "Railway Node"
      },
      "geometry": {
        "type": "Point",
        "coordinates": [
          -79.502768,
          43.6656737
        ]
      }
    },
    {
      "type": "Feature",
      "id": "node/1524162366",
      "properties": {
        "type": "Railway Node"
      },
      "geometry": {
        "type": "Point",
        "coordinates": [
          -79.4759293,
          43.6671958
        ]
      }
    },
    {
      "type": "Feature",
      "id": "node/1524163441",
      "properties": {
        "type": "Railway Node"
      },
      "geometry": {
        "type": "Point",
        "coordinates": [
          -79.4787805,
          43.6672885
        ]
      }
    },
    {
      "type": "Feature",
      "id": "node/1524163455",
      "properties": {
        "type": "Railway Node"
      },
      "geometry": {
        "type": "Point",
        "coordinates": [
          -79.4747407,
          43.6675153
        ]
      }
    },
    {
      "type": "Feature",
      "id": "node/1524163481",
      "properties": {
        "type": "Railway Node"
      },
      "geometry": {
        "type": "Point",
        "coordinates": [
          -79.4711818,
          43.6676394
        ]
      }
    },
    {
      "type": "Feature",
      "id": "node/1524182388",
      "properties": {
        "type": "Railway Node"
      },
      "geometry": {
        "type": "Point",
        "coordinates": [
          -79.4815193,
          43.6670126
        ]
      }
    },
    {
      "type": "Feature",
      "id": "node/1524182392",
      "properties": {
        "type": "Railway Node"
      },
      "geometry": {
        "type": "Point",
        "coordinates": [
          -79.4800496,
          43.6671078
        ]
      }
    },
    {
      "type": "Feature",
      "id": "node/1524190236",
      "properties": {
        "type": "Railway Node"
      },
      "geometry": {
        "type": "Point",
        "coordinates": [
          -79.4865897,
          43.6665815
        ]
      }
    },
    {
      "type": "Feature",
      "id": "node/1524190238",
      "properties": {
        "type": "Railway Node"
      },
      "geometry": {
        "type": "Point",
        "coordinates": [
          -79.4878845,
          43.666647
        ]
      }
    },
    {
      "type": "Feature",
      "id": "node/1524192458",
      "properties": {
        "type": "Railway Node"
      },
      "geometry": {
        "type": "Point",
        "coordinates": [
          -79.4844672,
          43.6669497
        ]
      }
    },
    {
      "type": "Feature",
      "id": "node/1524194855",
      "properties": {
        "type": "Railway Node"
      },
      "geometry": {
        "type": "Point",
        "coordinates": [
          -79.4931994,
          43.6661913
        ]
      }
    },
    {
      "type": "Feature",
      "id": "node/1529164559",
      "properties": {
        "type": "Railway Node"
      },
      "geometry": {
        "type": "Point",
        "coordinates": [
          -79.1375902,
          43.8183924
        ]
      }
    },
    {
      "type": "Feature",
      "id": "node/1529168739",
      "properties": {
        "type": "Railway Node"
      },
      "geometry": {
        "type": "Point",
        "coordinates": [
          -79.2305854,
          43.8443686
        ]
      }
    },
    {
      "type": "Feature",
      "id": "node/1536222141",
      "properties": {
        "type": "Railway Node"
      },
      "geometry": {
        "type": "Point",
        "coordinates": [
          -79.4963567,
          43.6167291
        ]
      }
    },
    {
      "type": "Feature",
      "id": "node/1553099857",
      "properties": {
        "type": "Railway Node"
      },
      "geometry": {
        "type": "Point",
        "coordinates": [
          -79.2980159,
          43.8709472
        ]
      }
    },
    {
      "type": "Feature",
      "id": "node/1553099886",
      "properties": {
        "type": "Railway Node"
      },
      "geometry": {
        "type": "Point",
        "coordinates": [
          -79.2965856,
          43.8716867
        ]
      }
    },
    {
      "type": "Feature",
      "id": "node/1553099952",
      "properties": {
        "type": "Railway Node"
      },
      "geometry": {
        "type": "Point",
        "coordinates": [
          -79.2904651,
          43.8733971
        ]
      }
    },
    {
      "type": "Feature",
      "id": "node/1553120877",
      "properties": {
        "type": "Railway Node"
      },
      "geometry": {
        "type": "Point",
        "coordinates": [
          -79.2813651,
          43.8758738
        ]
      }
    },
    {
      "type": "Feature",
      "id": "node/1553120879",
      "properties": {
        "type": "Railway Node"
      },
      "geometry": {
        "type": "Point",
        "coordinates": [
          -79.2790425,
          43.8764513
        ]
      }
    },
    {
      "type": "Feature",
      "id": "node/1553120881",
      "properties": {
        "type": "Railway Node"
      },
      "geometry": {
        "type": "Point",
        "coordinates": [
          -79.2765701,
          43.8770292
        ]
      }
    },
    {
      "type": "Feature",
      "id": "node/1553122937",
      "properties": {
        "type": "Railway Node"
      },
      "geometry": {
        "type": "Point",
        "coordinates": [
          -79.2658767,
          43.8795849
        ]
      }
    },
    {
      "type": "Feature",
      "id": "node/1553122940",
      "properties": {
        "type": "Railway Node"
      },
      "geometry": {
        "type": "Point",
        "coordinates": [
          -79.2645965,
          43.8801196
        ]
      }
    },
    {
      "type": "Feature",
      "id": "node/1553122949",
      "properties": {
        "type": "Railway Node"
      },
      "geometry": {
        "type": "Point",
        "coordinates": [
          -79.2628515,
          43.8821013
        ]
      }
    },
    {
      "type": "Feature",
      "id": "node/1553394558",
      "properties": {
        "type": "Railway Node"
      },
      "geometry": {
        "type": "Point",
        "coordinates": [
          -79.5312313,
          43.5990852
        ]
      }
    },
    {
      "type": "Feature",
      "id": "node/1553394565",
      "properties": {
        "type": "Railway Node"
      },
      "geometry": {
        "type": "Point",
        "coordinates": [
          -79.5296031,
          43.5998883
        ]
      }
    },
    {
      "type": "Feature",
      "id": "node/1553394574",
      "properties": {
        "type": "Railway Node"
      },
      "geometry": {
        "type": "Point",
        "coordinates": [
          -79.5270678,
          43.6011006
        ]
      }
    },
    {
      "type": "Feature",
      "id": "node/1553394576",
      "properties": {
        "type": "Railway Node"
      },
      "geometry": {
        "type": "Point",
        "coordinates": [
          -79.5259057,
          43.6017222
        ]
      }
    },
    {
      "type": "Feature",
      "id": "node/1553394581",
      "properties": {
        "type": "Railway Node"
      },
      "geometry": {
        "type": "Point",
        "coordinates": [
          -79.5245763,
          43.60238
        ]
      }
    },
    {
      "type": "Feature",
      "id": "node/1553394592",
      "properties": {
        "type": "Railway Node"
      },
      "geometry": {
        "type": "Point",
        "coordinates": [
          -79.5210181,
          43.604098
        ]
      }
    },
    {
      "type": "Feature",
      "id": "node/1561116513",
      "properties": {
        "type": "Railway Node"
      },
      "geometry": {
        "type": "Point",
        "coordinates": [
          -79.3988063,
          43.8145111
        ]
      }
    },
    {
      "type": "Feature",
      "id": "node/1561116519",
      "properties": {
        "type": "Railway Node"
      },
      "geometry": {
        "type": "Point",
        "coordinates": [
          -79.3977054,
          43.8151349
        ]
      }
    },
    {
      "type": "Feature",
      "id": "node/1561116523",
      "properties": {
        "type": "Railway Node"
      },
      "geometry": {
        "type": "Point",
        "coordinates": [
          -79.3965685,
          43.815654
        ]
      }
    },
    {
      "type": "Feature",
      "id": "node/1561116528",
      "properties": {
        "type": "Railway Node"
      },
      "geometry": {
        "type": "Point",
        "coordinates": [
          -79.3951711,
          43.8163016
        ]
      }
    },
    {
      "type": "Feature",
      "id": "node/1570142035",
      "properties": {
        "type": "Railway Node"
      },
      "geometry": {
        "type": "Point",
        "coordinates": [
          -79.4265565,
          43.8747611
        ]
      }
    },
    {
      "type": "Feature",
      "id": "node/1583488473",
      "properties": {
        "type": "Railway Node"
      },
      "geometry": {
        "type": "Point",
        "coordinates": [
          -79.4314395,
          43.898256
        ]
      }
    },
    {
      "type": "Feature",
      "id": "node/1583488475",
      "properties": {
        "type": "Railway Node"
      },
      "geometry": {
        "type": "Point",
        "coordinates": [
          -79.4306735,
          43.9006276
        ]
      }
    },
    {
      "type": "Feature",
      "id": "node/1583489282",
      "properties": {
        "type": "Railway Node"
      },
      "geometry": {
        "type": "Point",
        "coordinates": [
          -79.4296782,
          43.9036675
        ]
      }
    },
    {
      "type": "Feature",
      "id": "node/1595651901",
      "properties": {
        "type": "Railway Node"
      },
      "geometry": {
        "type": "Point",
        "coordinates": [
          -79.1041453,
          43.8257923
        ]
      }
    },
    {
      "type": "Feature",
      "id": "node/1595651905",
      "properties": {
        "type": "Railway Node"
      },
      "geometry": {
        "type": "Point",
        "coordinates": [
          -79.1025892,
          43.826066
        ]
      }
    },
    {
      "type": "Feature",
      "id": "node/1617288305",
      "properties": {
        "type": "Railway Node"
      },
      "geometry": {
        "type": "Point",
        "coordinates": [
          -79.4055369,
          43.8262859
        ]
      }
    },
    {
      "type": "Feature",
      "id": "node/1617288318",
      "properties": {
        "type": "Railway Node"
      },
      "geometry": {
        "type": "Point",
        "coordinates": [
          -79.4145172,
          43.829645
        ]
      }
    },
    {
      "type": "Feature",
      "id": "node/1617288321",
      "properties": {
        "type": "Railway Node"
      },
      "geometry": {
        "type": "Point",
        "coordinates": [
          -79.4153716,
          43.8304538
        ]
      }
    },
    {
      "type": "Feature",
      "id": "node/1617288565",
      "properties": {
        "type": "Railway Node"
      },
      "geometry": {
        "type": "Point",
        "coordinates": [
          -79.4199912,
          43.834763
        ]
      }
    },
    {
      "type": "Feature",
      "id": "node/1617288568",
      "properties": {
        "type": "Railway Node"
      },
      "geometry": {
        "type": "Point",
        "coordinates": [
          -79.4235538,
          43.8385629
        ]
      }
    },
    {
      "type": "Feature",
      "id": "node/1618422082",
      "properties": {
        "type": "Railway Node"
      },
      "geometry": {
        "type": "Point",
        "coordinates": [
          -79.397055,
          43.9785718
        ]
      }
    },
    {
      "type": "Feature",
      "id": "node/1618422093",
      "properties": {
        "type": "Railway Node"
      },
      "geometry": {
        "type": "Point",
        "coordinates": [
          -79.3969232,
          43.9800347
        ]
      }
    },
    {
      "type": "Feature",
      "id": "node/1618422098",
      "properties": {
        "type": "Railway Node"
      },
      "geometry": {
        "type": "Point",
        "coordinates": [
          -79.3968573,
          43.9815602
        ]
      }
    },
    {
      "type": "Feature",
      "id": "node/1618422102",
      "properties": {
        "type": "Railway Node"
      },
      "geometry": {
        "type": "Point",
        "coordinates": [
          -79.3971868,
          43.9825256
        ]
      }
    },
    {
      "type": "Feature",
      "id": "node/1618422104",
      "properties": {
        "type": "Railway Node"
      },
      "geometry": {
        "type": "Point",
        "coordinates": [
          -79.3981357,
          43.9843081
        ]
      }
    },
    {
      "type": "Feature",
      "id": "node/1618422110",
      "properties": {
        "type": "Railway Node"
      },
      "geometry": {
        "type": "Point",
        "coordinates": [
          -79.3987222,
          43.9853526
        ]
      }
    },
    {
      "type": "Feature",
      "id": "node/1618422113",
      "properties": {
        "type": "Railway Node"
      },
      "geometry": {
        "type": "Point",
        "coordinates": [
          -79.3991901,
          43.9862191
        ]
      }
    },
    {
      "type": "Feature",
      "id": "node/1618422117",
      "properties": {
        "type": "Railway Node"
      },
      "geometry": {
        "type": "Point",
        "coordinates": [
          -79.3994932,
          43.9871582
        ]
      }
    },
    {
      "type": "Feature",
      "id": "node/1618422120",
      "properties": {
        "type": "Railway Node"
      },
      "geometry": {
        "type": "Point",
        "coordinates": [
          -79.3993054,
          43.9881763
        ]
      }
    },
    {
      "type": "Feature",
      "id": "node/1618422130",
      "properties": {
        "type": "Railway Node"
      },
      "geometry": {
        "type": "Point",
        "coordinates": [
          -79.3986234,
          43.9890988
        ]
      }
    },
    {
      "type": "Feature",
      "id": "node/1618422133",
      "properties": {
        "type": "Railway Node"
      },
      "geometry": {
        "type": "Point",
        "coordinates": [
          -79.3976151,
          43.9902652
        ]
      }
    },
    {
      "type": "Feature",
      "id": "node/1618422134",
      "properties": {
        "type": "Railway Node"
      },
      "geometry": {
        "type": "Point",
        "coordinates": [
          -79.3962045,
          43.9918338
        ]
      }
    },
    {
      "type": "Feature",
      "id": "node/1618422135",
      "properties": {
        "type": "Railway Node"
      },
      "geometry": {
        "type": "Point",
        "coordinates": [
          -79.3953417,
          43.9928517
        ]
      }
    },
    {
      "type": "Feature",
      "id": "node/1618422136",
      "properties": {
        "type": "Railway Node"
      },
      "geometry": {
        "type": "Point",
        "coordinates": [
          -79.3945312,
          43.9937643
        ]
      }
    },
    {
      "type": "Feature",
      "id": "node/1618422137",
      "properties": {
        "type": "Railway Node"
      },
      "geometry": {
        "type": "Point",
        "coordinates": [
          -79.393457,
          43.9949801
        ]
      }
    },
    {
      "type": "Feature",
      "id": "node/1618422138",
      "properties": {
        "type": "Railway Node"
      },
      "geometry": {
        "type": "Point",
        "coordinates": [
          -79.391803,
          43.9968582
        ]
      }
    },
    {
      "type": "Feature",
      "id": "node/1618422148",
      "properties": {
        "type": "Railway Node"
      },
      "geometry": {
        "type": "Point",
        "coordinates": [
          -79.3910452,
          43.9977149
        ]
      }
    },
    {
      "type": "Feature",
      "id": "node/1619754927",
      "properties": {
        "type": "Railway Node"
      },
      "geometry": {
        "type": "Point",
        "coordinates": [
          -79.4617496,
          44.0301635
        ]
      }
    },
    {
      "type": "Feature",
      "id": "node/1621148162",
      "properties": {
        "type": "Railway Node"
      },
      "geometry": {
        "type": "Point",
        "coordinates": [
          -79.4590052,
          44.037078
        ]
      }
    },
    {
      "type": "Feature",
      "id": "node/1621148163",
      "properties": {
        "type": "Railway Node"
      },
      "geometry": {
        "type": "Point",
        "coordinates": [
          -79.456645,
          44.0434985
        ]
      }
    },
    {
      "type": "Feature",
      "id": "node/1621148165",
      "properties": {
        "type": "Railway Node"
      },
      "geometry": {
        "type": "Point",
        "coordinates": [
          -79.4544014,
          44.049648
        ]
      }
    },
    {
      "type": "Feature",
      "id": "node/1713596580",
      "properties": {
        "type": "Railway Node"
      },
      "geometry": {
        "type": "Point",
        "coordinates": [
          -78.8721107,
          43.8842205
        ]
      }
    },
    {
      "type": "Feature",
      "id": "node/1719284461",
      "properties": {
        "type": "Railway Node"
      },
      "geometry": {
        "type": "Point",
        "coordinates": [
          -78.815671,
          43.8893995
        ]
      }
    },
    {
      "type": "Feature",
      "id": "node/1721325173",
      "properties": {
        "type": "Railway Node"
      },
      "geometry": {
        "type": "Point",
        "coordinates": [
          -79.4996563,
          43.7853656
        ]
      }
    },
    {
      "type": "Feature",
      "id": "node/1725798497",
      "properties": {
        "type": "Railway Node"
      },
      "geometry": {
        "type": "Point",
        "coordinates": [
          -79.2741618,
          43.7701586
        ]
      }
    },
    {
      "type": "Feature",
      "id": "node/1725798972",
      "properties": {
        "type": "Railway Node"
      },
      "geometry": {
        "type": "Point",
        "coordinates": [
          -79.2726045,
          43.7706269
        ]
      }
    },
    {
      "type": "Feature",
      "id": "node/1725850337",
      "properties": {
        "type": "Railway Node"
      },
      "geometry": {
        "type": "Point",
        "coordinates": [
          -79.27022,
          43.7521806
        ]
      }
    },
    {
      "type": "Feature",
      "id": "node/1725850440",
      "properties": {
        "type": "Railway Node"
      },
      "geometry": {
        "type": "Point",
        "coordinates": [
          -79.2706394,
          43.7530457
        ]
      }
    },
    {
      "type": "Feature",
      "id": "node/1726902642",
      "properties": {
        "type": "Railway Node"
      },
      "geometry": {
        "type": "Point",
        "coordinates": [
          -79.4032331,
          43.9335319
        ]
      }
    },
    {
      "type": "Feature",
      "id": "node/1728603136",
      "properties": {
        "type": "Railway Node"
      },
      "geometry": {
        "type": "Point",
        "coordinates": [
          -79.2400105,
          43.8259138
        ]
      }
    },
    {
      "type": "Feature",
      "id": "node/1730052651",
      "properties": {
        "type": "Railway Node"
      },
      "geometry": {
        "type": "Point",
        "coordinates": [
          -79.4987224,
          43.9445216
        ]
      }
    },
    {
      "type": "Feature",
      "id": "node/1730054881",
      "properties": {
        "type": "Railway Node"
      },
      "geometry": {
        "type": "Point",
        "coordinates": [
          -79.497574,
          43.9461852
        ]
      }
    },
    {
      "type": "Feature",
      "id": "node/1730064311",
      "properties": {
        "type": "Railway Node"
      },
      "geometry": {
        "type": "Point",
        "coordinates": [
          -79.4943338,
          43.9508561
        ]
      }
    },
    {
      "type": "Feature",
      "id": "node/1731280154",
      "properties": {
        "type": "Railway Node"
      },
      "geometry": {
        "type": "Point",
        "coordinates": [
          -79.3137864,
          43.8587542
        ]
      }
    },
    {
      "type": "Feature",
      "id": "node/1734734044",
      "properties": {
        "type": "Railway Node"
      },
      "geometry": {
        "type": "Point",
        "coordinates": [
          -79.4003666,
          43.9466006
        ]
      }
    },
    {
      "type": "Feature",
      "id": "node/1734749492",
      "properties": {
        "type": "Railway Node"
      },
      "geometry": {
        "type": "Point",
        "coordinates": [
          -79.47363,
          43.9690441
        ]
      }
    },
    {
      "type": "Feature",
      "id": "node/1742329306",
      "properties": {
        "type": "Railway Node"
      },
      "geometry": {
        "type": "Point",
        "coordinates": [
          -79.2519958,
          43.9410687
        ]
      }
    },
    {
      "type": "Feature",
      "id": "node/1742329307",
      "properties": {
        "type": "Railway Node"
      },
      "geometry": {
        "type": "Point",
        "coordinates": [
          -79.2520042,
          43.9437866
        ]
      }
    },
    {
      "type": "Feature",
      "id": "node/1743766258",
      "properties": {
        "type": "Railway Node"
      },
      "geometry": {
        "type": "Point",
        "coordinates": [
          -79.3532678,
          43.7086936
        ]
      }
    },
    {
      "type": "Feature",
      "id": "node/1743766266",
      "properties": {
        "type": "Railway Node"
      },
      "geometry": {
        "type": "Point",
        "coordinates": [
          -79.3544772,
          43.7090885
        ]
      }
    },
    {
      "type": "Feature",
      "id": "node/1748168131",
      "properties": {
        "type": "Railway Node"
      },
      "geometry": {
        "type": "Point",
        "coordinates": [
          -79.2557735,
          43.9327433
        ]
      }
    },
    {
      "type": "Feature",
      "id": "node/1751999385",
      "properties": {
        "type": "Railway Node"
      },
      "geometry": {
        "type": "Point",
        "coordinates": [
          -79.5053255,
          43.6107986
        ]
      }
    },
    {
      "type": "Feature",
      "id": "node/1751999453",
      "properties": {
        "type": "Railway Node"
      },
      "geometry": {
        "type": "Point",
        "coordinates": [
          -79.5028327,
          43.6122757
        ]
      }
    },
    {
      "type": "Feature",
      "id": "node/1751999459",
      "properties": {
        "type": "Railway Node"
      },
      "geometry": {
        "type": "Point",
        "coordinates": [
          -79.5007502,
          43.6124116
        ]
      }
    },
    {
      "type": "Feature",
      "id": "node/1753402530",
      "properties": {
        "type": "Railway Node"
      },
      "geometry": {
        "type": "Point",
        "coordinates": [
          -79.3556283,
          43.7540451
        ]
      }
    },
    {
      "type": "Feature",
      "id": "node/1753402535",
      "properties": {
        "type": "Railway Node"
      },
      "geometry": {
        "type": "Point",
        "coordinates": [
          -79.3573552,
          43.7561612
        ]
      }
    },
    {
      "type": "Feature",
      "id": "node/1753402537",
      "properties": {
        "type": "Railway Node"
      },
      "geometry": {
        "type": "Point",
        "coordinates": [
          -79.359468,
          43.7588602
        ]
      }
    },
    {
      "type": "Feature",
      "id": "node/1753402540",
      "properties": {
        "type": "Railway Node"
      },
      "geometry": {
        "type": "Point",
        "coordinates": [
          -79.3606473,
          43.7603451
        ]
      }
    },
    {
      "type": "Feature",
      "id": "node/1754371479",
      "properties": {
        "type": "Railway Node"
      },
      "geometry": {
        "type": "Point",
        "coordinates": [
          -79.190365,
          43.9140182
        ]
      }
    },
    {
      "type": "Feature",
      "id": "node/1754375903",
      "properties": {
        "type": "Railway Node"
      },
      "geometry": {
        "type": "Point",
        "coordinates": [
          -79.1927516,
          43.9056063
        ]
      }
    },
    {
      "type": "Feature",
      "id": "node/1754412734",
      "properties": {
        "type": "Railway Node"
      },
      "geometry": {
        "type": "Point",
        "coordinates": [
          -79.1875847,
          43.9190767
        ]
      }
    },
    {
      "type": "Feature",
      "id": "node/1754433310",
      "properties": {
        "type": "Railway Node"
      },
      "geometry": {
        "type": "Point",
        "coordinates": [
          -79.5057575,
          43.6116881
        ]
      }
    },
    {
      "type": "Feature",
      "id": "node/1754433387",
      "properties": {
        "type": "Railway Node"
      },
      "geometry": {
        "type": "Point",
        "coordinates": [
          -79.5046892,
          43.6122156
        ]
      }
    },
    {
      "type": "Feature",
      "id": "node/1754799387",
      "properties": {
        "type": "Railway Node"
      },
      "geometry": {
        "type": "Point",
        "coordinates": [
          -78.2773179,
          43.9573398
        ]
      }
    },
    {
      "type": "Feature",
      "id": "node/1755700883",
      "properties": {
        "type": "Railway Node"
      },
      "geometry": {
        "type": "Point",
        "coordinates": [
          -79.4251309,
          43.8404429
        ]
      }
    },
    {
      "type": "Feature",
      "id": "node/1756665649",
      "properties": {
        "type": "Railway Node"
      },
      "geometry": {
        "type": "Point",
        "coordinates": [
          -79.1781843,
          43.9321934
        ]
      }
    },
    {
      "type": "Feature",
      "id": "node/1760531331",
      "properties": {
        "type": "Railway Node"
      },
      "geometry": {
        "type": "Point",
        "coordinates": [
          -79.2502282,
          43.9697013
        ]
      }
    },
    {
      "type": "Feature",
      "id": "node/1772027244",
      "properties": {
        "type": "Railway Node"
      },
      "geometry": {
        "type": "Point",
        "coordinates": [
          -79.0757671,
          43.8894948
        ]
      }
    },
    {
      "type": "Feature",
      "id": "node/1772098210",
      "properties": {
        "type": "Railway Node"
      },
      "geometry": {
        "type": "Point",
        "coordinates": [
          -79.0864654,
          43.8845397
        ]
      }
    },
    {
      "type": "Feature",
      "id": "node/1780558359",
      "properties": {
        "type": "Railway Node"
      },
      "geometry": {
        "type": "Point",
        "coordinates": [
          -79.4260563,
          43.8415241
        ]
      }
    },
    {
      "type": "Feature",
      "id": "node/1780558374",
      "properties": {
        "type": "Railway Node"
      },
      "geometry": {
        "type": "Point",
        "coordinates": [
          -79.4273417,
          43.8431815
        ]
      }
    },
    {
      "type": "Feature",
      "id": "node/1783076615",
      "properties": {
        "type": "Railway Node"
      },
      "geometry": {
        "type": "Point",
        "coordinates": [
          -78.5418266,
          44.1506641
        ]
      }
    },
    {
      "type": "Feature",
      "id": "node/1783076616",
      "properties": {
        "type": "Railway Node"
      },
      "geometry": {
        "type": "Point",
        "coordinates": [
          -78.5406486,
          44.152869
        ]
      }
    },
    {
      "type": "Feature",
      "id": "node/1783076618",
      "properties": {
        "type": "Railway Node"
      },
      "geometry": {
        "type": "Point",
        "coordinates": [
          -78.5406319,
          44.1547581
        ]
      }
    },
    {
      "type": "Feature",
      "id": "node/1855705938",
      "properties": {
        "type": "Railway Node"
      },
      "geometry": {
        "type": "Point",
        "coordinates": [
          -79.4638573,
          44.0128287
        ]
      }
    },
    {
      "type": "Feature",
      "id": "node/1856531466",
      "properties": {
        "type": "Railway Node"
      },
      "geometry": {
        "type": "Point",
        "coordinates": [
          -78.3747668,
          44.2481823
        ]
      }
    },
    {
      "type": "Feature",
      "id": "node/1874813970",
      "properties": {
        "type": "Railway Node"
      },
      "geometry": {
        "type": "Point",
        "coordinates": [
          -78.3638446,
          44.2582518
        ]
      }
    },
    {
      "type": "Feature",
      "id": "node/1894128800",
      "properties": {
        "type": "Railway Node"
      },
      "geometry": {
        "type": "Point",
        "coordinates": [
          -78.8788797,
          43.8833408
        ]
      }
    },
    {
      "type": "Feature",
      "id": "node/1894128803",
      "properties": {
        "type": "Railway Node"
      },
      "geometry": {
        "type": "Point",
        "coordinates": [
          -78.870626,
          43.8844037
        ]
      }
    },
    {
      "type": "Feature",
      "id": "node/1894128806",
      "properties": {
        "type": "Railway Node"
      },
      "geometry": {
        "type": "Point",
        "coordinates": [
          -78.8692989,
          43.8846041
        ]
      }
    },
    {
      "type": "Feature",
      "id": "node/1895264656",
      "properties": {
        "type": "Railway Node"
      },
      "geometry": {
        "type": "Point",
        "coordinates": [
          -79.2393036,
          43.8266871
        ]
      }
    },
    {
      "type": "Feature",
      "id": "node/1925717760",
      "properties": {
        "type": "Railway Node"
      },
      "geometry": {
        "type": "Point",
        "coordinates": [
          -78.3050255,
          44.3018769
        ]
      }
    },
    {
      "type": "Feature",
      "id": "node/1925717767",
      "properties": {
        "type": "Railway Node"
      },
      "geometry": {
        "type": "Point",
        "coordinates": [
          -78.3089682,
          44.3010308
        ]
      }
    },
    {
      "type": "Feature",
      "id": "node/1925717776",
      "properties": {
        "type": "Railway Node"
      },
      "geometry": {
        "type": "Point",
        "coordinates": [
          -78.3310433,
          44.2889467
        ]
      }
    },
    {
      "type": "Feature",
      "id": "node/1925717777",
      "properties": {
        "type": "Railway Node"
      },
      "geometry": {
        "type": "Point",
        "coordinates": [
          -78.334153,
          44.28662
        ]
      }
    },
    {
      "type": "Feature",
      "id": "node/1925717786",
      "properties": {
        "type": "Railway Node"
      },
      "geometry": {
        "type": "Point",
        "coordinates": [
          -78.310368,
          44.3007292
        ]
      }
    },
    {
      "type": "Feature",
      "id": "node/1938111644",
      "properties": {
        "type": "Railway Node"
      },
      "geometry": {
        "type": "Point",
        "coordinates": [
          -79.3843647,
          43.6420476
        ]
      }
    },
    {
      "type": "Feature",
      "id": "node/1948522776",
      "properties": {
        "type": "Railway Node"
      },
      "geometry": {
        "type": "Point",
        "coordinates": [
          -79.3091334,
          43.6830008
        ]
      }
    },
    {
      "type": "Feature",
      "id": "node/1955900300",
      "properties": {
        "type": "Railway Node"
      },
      "geometry": {
        "type": "Point",
        "coordinates": [
          -78.441403,
          43.9221177
        ]
      }
    },
    {
      "type": "Feature",
      "id": "node/2035116962",
      "properties": {
        "type": "Railway Node"
      },
      "geometry": {
        "type": "Point",
        "coordinates": [
          -79.3693483,
          43.6232819
        ]
      }
    },
    {
      "type": "Feature",
      "id": "node/2035116972",
      "properties": {
        "type": "Railway Node"
      },
      "geometry": {
        "type": "Point",
        "coordinates": [
          -79.3680701,
          43.6233564
        ]
      }
    },
    {
      "type": "Feature",
      "id": "node/2035501355",
      "properties": {
        "type": "Railway Node"
      },
      "geometry": {
        "type": "Point",
        "coordinates": [
          -79.3574316,
          43.6291468
        ]
      }
    },
    {
      "type": "Feature",
      "id": "node/2035501384",
      "properties": {
        "type": "Railway Node"
      },
      "geometry": {
        "type": "Point",
        "coordinates": [
          -79.3581734,
          43.6299244
        ]
      }
    },
    {
      "type": "Feature",
      "id": "node/2041504943",
      "properties": {
        "type": "Railway Node"
      },
      "geometry": {
        "type": "Point",
        "coordinates": [
          -79.5044492,
          43.7838412
        ]
      }
    },
    {
      "type": "Feature",
      "id": "node/2041505185",
      "properties": {
        "type": "Railway Node"
      },
      "geometry": {
        "type": "Point",
        "coordinates": [
          -79.4937747,
          43.7857944
        ]
      }
    },
    {
      "type": "Feature",
      "id": "node/2048074110",
      "properties": {
        "type": "Railway Node"
      },
      "geometry": {
        "type": "Point",
        "coordinates": [
          -79.5166561,
          43.7805885
        ]
      }
    },
    {
      "type": "Feature",
      "id": "node/2048074114",
      "properties": {
        "type": "Railway Node"
      },
      "geometry": {
        "type": "Point",
        "coordinates": [
          -79.5149894,
          43.7809639
        ]
      }
    },
    {
      "type": "Feature",
      "id": "node/2048074118",
      "properties": {
        "type": "Railway Node"
      },
      "geometry": {
        "type": "Point",
        "coordinates": [
          -79.5132038,
          43.7813659
        ]
      }
    },
    {
      "type": "Feature",
      "id": "node/2048074241",
      "properties": {
        "type": "Railway Node"
      },
      "geometry": {
        "type": "Point",
        "coordinates": [
          -79.505219,
          43.7866911
        ]
      }
    },
    {
      "type": "Feature",
      "id": "node/2048546300",
      "properties": {
        "type": "Railway Node"
      },
      "geometry": {
        "type": "Point",
        "coordinates": [
          -79.5071103,
          43.7912028
        ]
      }
    },
    {
      "type": "Feature",
      "id": "node/2048546306",
      "properties": {
        "type": "Railway Node"
      },
      "geometry": {
        "type": "Point",
        "coordinates": [
          -79.5071925,
          43.7923824
        ]
      }
    },
    {
      "type": "Feature",
      "id": "node/2048546320",
      "properties": {
        "type": "Railway Node"
      },
      "geometry": {
        "type": "Point",
        "coordinates": [
          -79.5071487,
          43.7932893
        ]
      }
    },
    {
      "type": "Feature",
      "id": "node/2060665911",
      "properties": {
        "type": "Railway Node"
      },
      "geometry": {
        "type": "Point",
        "coordinates": [
          -79.3407977,
          44.6981636
        ]
      }
    },
    {
      "type": "Feature",
      "id": "node/2060695837",
      "properties": {
        "type": "Railway Node"
      },
      "geometry": {
        "type": "Point",
        "coordinates": [
          -79.3342507,
          44.7424336
        ]
      }
    },
    {
      "type": "Feature",
      "id": "node/2060704687",
      "properties": {
        "type": "Railway Node"
      },
      "geometry": {
        "type": "Point",
        "coordinates": [
          -79.3366073,
          44.7295432
        ]
      }
    },
    {
      "type": "Feature",
      "id": "node/2060704694",
      "properties": {
        "type": "Railway Node"
      },
      "geometry": {
        "type": "Point",
        "coordinates": [
          -79.3351699,
          44.7340729
        ]
      }
    },
    {
      "type": "Feature",
      "id": "node/2065523309",
      "properties": {
        "type": "Railway Node"
      },
      "geometry": {
        "type": "Point",
        "coordinates": [
          -79.207815,
          44.6081567
        ]
      }
    },
    {
      "type": "Feature",
      "id": "node/2177176295",
      "properties": {
        "type": "Railway Node"
      },
      "geometry": {
        "type": "Point",
        "coordinates": [
          -77.4333285,
          44.1421637
        ]
      }
    },
    {
      "type": "Feature",
      "id": "node/2249613836",
      "properties": {
        "type": "Railway Node"
      },
      "geometry": {
        "type": "Point",
        "coordinates": [
          -78.3963172,
          43.9385671
        ]
      }
    },
    {
      "type": "Feature",
      "id": "node/2249613840",
      "properties": {
        "type": "Railway Node"
      },
      "geometry": {
        "type": "Point",
        "coordinates": [
          -78.3894714,
          43.9423772
        ]
      }
    },
    {
      "type": "Feature",
      "id": "node/2249613841",
      "properties": {
        "type": "Railway Node"
      },
      "geometry": {
        "type": "Point",
        "coordinates": [
          -78.3272851,
          43.9424801
        ]
      }
    },
    {
      "type": "Feature",
      "id": "node/2249613842",
      "properties": {
        "type": "Railway Node"
      },
      "geometry": {
        "type": "Point",
        "coordinates": [
          -78.3285481,
          43.9428505
        ]
      }
    },
    {
      "type": "Feature",
      "id": "node/2249613843",
      "properties": {
        "type": "Railway Node"
      },
      "geometry": {
        "type": "Point",
        "coordinates": [
          -78.3392531,
          43.9443148
        ]
      }
    },
    {
      "type": "Feature",
      "id": "node/2249613846",
      "properties": {
        "type": "Railway Node"
      },
      "geometry": {
        "type": "Point",
        "coordinates": [
          -78.3455595,
          43.9453192
        ]
      }
    },
    {
      "type": "Feature",
      "id": "node/2249613850",
      "properties": {
        "type": "Railway Node"
      },
      "geometry": {
        "type": "Point",
        "coordinates": [
          -78.343361,
          43.9470236
        ]
      }
    },
    {
      "type": "Feature",
      "id": "node/2249613851",
      "properties": {
        "type": "Railway Node"
      },
      "geometry": {
        "type": "Point",
        "coordinates": [
          -78.3563808,
          43.9470527
        ]
      }
    },
    {
      "type": "Feature",
      "id": "node/2249613852",
      "properties": {
        "type": "Railway Node"
      },
      "geometry": {
        "type": "Point",
        "coordinates": [
          -78.373094,
          43.9471602
        ]
      }
    },
    {
      "type": "Feature",
      "id": "node/2249613853",
      "properties": {
        "type": "Railway Node"
      },
      "geometry": {
        "type": "Point",
        "coordinates": [
          -78.3608924,
          43.947589
        ]
      }
    },
    {
      "type": "Feature",
      "id": "node/2249613854",
      "properties": {
        "type": "Railway Node"
      },
      "geometry": {
        "type": "Point",
        "coordinates": [
          -78.3645603,
          43.9477288
        ]
      }
    },
    {
      "type": "Feature",
      "id": "node/2249613855",
      "properties": {
        "type": "Railway Node"
      },
      "geometry": {
        "type": "Point",
        "coordinates": [
          -78.3441639,
          43.9477585
        ]
      }
    },
    {
      "type": "Feature",
      "id": "node/2249613856",
      "properties": {
        "type": "Railway Node"
      },
      "geometry": {
        "type": "Point",
        "coordinates": [
          -78.3645918,
          43.9498573
        ]
      }
    },
    {
      "type": "Feature",
      "id": "node/2249613857",
      "properties": {
        "type": "Railway Node"
      },
      "geometry": {
        "type": "Point",
        "coordinates": [
          -78.3466336,
          43.9498884
        ]
      }
    },
    {
      "type": "Feature",
      "id": "node/2249613858",
      "properties": {
        "type": "Railway Node"
      },
      "geometry": {
        "type": "Point",
        "coordinates": [
          -78.3620366,
          43.9504241
        ]
      }
    },
    {
      "type": "Feature",
      "id": "node/2249613859",
      "properties": {
        "type": "Railway Node"
      },
      "geometry": {
        "type": "Point",
        "coordinates": [
          -78.3490102,
          43.9508809
        ]
      }
    },
    {
      "type": "Feature",
      "id": "node/2249613860",
      "properties": {
        "type": "Railway Node"
      },
      "geometry": {
        "type": "Point",
        "coordinates": [
          -78.3581781,
          43.9510296
        ]
      }
    },
    {
      "type": "Feature",
      "id": "node/2249613862",
      "properties": {
        "type": "Railway Node"
      },
      "geometry": {
        "type": "Point",
        "coordinates": [
          -78.3569022,
          43.9511205
        ]
      }
    },
    {
      "type": "Feature",
      "id": "node/2249613863",
      "properties": {
        "type": "Railway Node"
      },
      "geometry": {
        "type": "Point",
        "coordinates": [
          -78.3523993,
          43.9511664
        ]
      }
    },
    {
      "type": "Feature",
      "id": "node/2249635366",
      "properties": {
        "type": "Railway Node"
      },
      "geometry": {
        "type": "Point",
        "coordinates": [
          -78.1895718,
          43.9582217
        ]
      }
    },
    {
      "type": "Feature",
      "id": "node/2249635373",
      "properties": {
        "type": "Railway Node"
      },
      "geometry": {
        "type": "Point",
        "coordinates": [
          -78.1842233,
          43.9605691
        ]
      }
    },
    {
      "type": "Feature",
      "id": "node/2349573313",
      "properties": {
        "type": "Railway Node"
      },
      "geometry": {
        "type": "Point",
        "coordinates": [
          -79.4867631,
          43.7705696
        ]
      }
    },
    {
      "type": "Feature",
      "id": "node/2349573319",
      "properties": {
        "type": "Railway Node"
      },
      "geometry": {
        "type": "Point",
        "coordinates": [
          -79.4849547,
          43.770972
        ]
      }
    },
    {
      "type": "Feature",
      "id": "node/2349573323",
      "properties": {
        "type": "Railway Node"
      },
      "geometry": {
        "type": "Point",
        "coordinates": [
          -79.4833524,
          43.7715844
        ]
      }
    },
    {
      "type": "Feature",
      "id": "node/2349573326",
      "properties": {
        "type": "Railway Node"
      },
      "geometry": {
        "type": "Point",
        "coordinates": [
          -79.4826678,
          43.7723575
        ]
      }
    },
    {
      "type": "Feature",
      "id": "node/2349573332",
      "properties": {
        "type": "Railway Node"
      },
      "geometry": {
        "type": "Point",
        "coordinates": [
          -79.4810372,
          43.773534
        ]
      }
    },
    {
      "type": "Feature",
      "id": "node/2349573339",
      "properties": {
        "type": "Railway Node"
      },
      "geometry": {
        "type": "Point",
        "coordinates": [
          -79.4797325,
          43.7736991
        ]
      }
    },
    {
      "type": "Feature",
      "id": "node/2349573346",
      "properties": {
        "type": "Railway Node"
      },
      "geometry": {
        "type": "Point",
        "coordinates": [
          -79.4778651,
          43.7741649
        ]
      }
    },
    {
      "type": "Feature",
      "id": "node/2349573352",
      "properties": {
        "type": "Railway Node"
      },
      "geometry": {
        "type": "Point",
        "coordinates": [
          -79.4830492,
          43.7770696
        ]
      }
    },
    {
      "type": "Feature",
      "id": "node/2421395344",
      "properties": {
        "type": "Railway Node"
      },
      "geometry": {
        "type": "Point",
        "coordinates": [
          -79.4174287,
          43.6363436
        ]
      }
    },
    {
      "type": "Feature",
      "id": "node/2451193747",
      "properties": {
        "type": "Railway Node"
      },
      "geometry": {
        "type": "Point",
        "coordinates": [
          -79.2960946,
          43.6873761
        ]
      }
    },
    {
      "type": "Feature",
      "id": "node/2451193759",
      "properties": {
        "type": "Railway Node"
      },
      "geometry": {
        "type": "Point",
        "coordinates": [
          -79.2925188,
          43.6881501
        ]
      }
    },
    {
      "type": "Feature",
      "id": "node/2451194531",
      "properties": {
        "type": "Railway Node"
      },
      "geometry": {
        "type": "Point",
        "coordinates": [
          -79.2904862,
          43.6885174
        ]
      }
    },
    {
      "type": "Feature",
      "id": "node/2499018259",
      "properties": {
        "type": "Railway Node"
      },
      "geometry": {
        "type": "Point",
        "coordinates": [
          -78.9423565,
          43.8655765
        ]
      }
    },
    {
      "type": "Feature",
      "id": "node/2499018260",
      "properties": {
        "type": "Railway Node"
      },
      "geometry": {
        "type": "Point",
        "coordinates": [
          -78.9454043,
          43.865838
        ]
      }
    },
    {
      "type": "Feature",
      "id": "node/2499018264",
      "properties": {
        "type": "Railway Node"
      },
      "geometry": {
        "type": "Point",
        "coordinates": [
          -78.9469408,
          43.8660513
        ]
      }
    },
    {
      "type": "Feature",
      "id": "node/2537270206",
      "properties": {
        "type": "Railway Node"
      },
      "geometry": {
        "type": "Point",
        "coordinates": [
          -79.3342639,
          44.7393805
        ]
      }
    },
    {
      "type": "Feature",
      "id": "node/2537270220",
      "properties": {
        "type": "Railway Node"
      },
      "geometry": {
        "type": "Point",
        "coordinates": [
          -79.3994915,
          44.7869861
        ]
      }
    },
    {
      "type": "Feature",
      "id": "node/2537270223",
      "properties": {
        "type": "Railway Node"
      },
      "geometry": {
        "type": "Point",
        "coordinates": [
          -79.3288902,
          44.7421717
        ]
      }
    },
    {
      "type": "Feature",
      "id": "node/2537270233",
      "properties": {
        "type": "Railway Node"
      },
      "geometry": {
        "type": "Point",
        "coordinates": [
          -79.3220609,
          44.7364556
        ]
      }
    },
    {
      "type": "Feature",
      "id": "node/2546772170",
      "properties": {
        "type": "Railway Node"
      },
      "geometry": {
        "type": "Point",
        "coordinates": [
          -79.5105283,
          43.6093183
        ]
      }
    },
    {
      "type": "Feature",
      "id": "node/2546772354",
      "properties": {
        "type": "Railway Node"
      },
      "geometry": {
        "type": "Point",
        "coordinates": [
          -79.5086838,
          43.6102776
        ]
      }
    },
    {
      "type": "Feature",
      "id": "node/2546772431",
      "properties": {
        "type": "Railway Node"
      },
      "geometry": {
        "type": "Point",
        "coordinates": [
          -79.5148699,
          43.607205
        ]
      }
    },
    {
      "type": "Feature",
      "id": "node/2546772860",
      "properties": {
        "type": "Railway Node"
      },
      "geometry": {
        "type": "Point",
        "coordinates": [
          -79.5163329,
          43.6063868
        ]
      }
    },
    {
      "type": "Feature",
      "id": "node/2546772889",
      "properties": {
        "type": "Railway Node"
      },
      "geometry": {
        "type": "Point",
        "coordinates": [
          -79.5174132,
          43.6058566
        ]
      }
    },
    {
      "type": "Feature",
      "id": "node/2548173600",
      "properties": {
        "type": "Railway Node"
      },
      "geometry": {
        "type": "Point",
        "coordinates": [
          -79.474371,
          43.7391297
        ]
      }
    },
    {
      "type": "Feature",
      "id": "node/2548173614",
      "properties": {
        "type": "Railway Node"
      },
      "geometry": {
        "type": "Point",
        "coordinates": [
          -79.475624,
          43.7410766
        ]
      }
    },
    {
      "type": "Feature",
      "id": "node/2548173623",
      "properties": {
        "type": "Railway Node"
      },
      "geometry": {
        "type": "Point",
        "coordinates": [
          -79.4813743,
          43.7670448
        ]
      }
    },
    {
      "type": "Feature",
      "id": "node/2548173626",
      "properties": {
        "type": "Railway Node"
      },
      "geometry": {
        "type": "Point",
        "coordinates": [
          -79.4815365,
          43.7680852
        ]
      }
    },
    {
      "type": "Feature",
      "id": "node/2548173669",
      "properties": {
        "type": "Railway Node"
      },
      "geometry": {
        "type": "Point",
        "coordinates": [
          -79.5012299,
          43.8179532
        ]
      }
    },
    {
      "type": "Feature",
      "id": "node/2548173677",
      "properties": {
        "type": "Railway Node"
      },
      "geometry": {
        "type": "Point",
        "coordinates": [
          -79.4978441,
          43.8181696
        ]
      }
    },
    {
      "type": "Feature",
      "id": "node/2548173694",
      "properties": {
        "type": "Railway Node"
      },
      "geometry": {
        "type": "Point",
        "coordinates": [
          -79.4960697,
          43.8182884
        ]
      }
    },
    {
      "type": "Feature",
      "id": "node/2553665116",
      "properties": {
        "type": "Railway Node"
      },
      "geometry": {
        "type": "Point",
        "coordinates": [
          -78.4826248,
          43.9120631
        ]
      }
    },
    {
      "type": "Feature",
      "id": "node/2553665122",
      "properties": {
        "type": "Railway Node"
      },
      "geometry": {
        "type": "Point",
        "coordinates": [
          -78.416242,
          43.9281908
        ]
      }
    },
    {
      "type": "Feature",
      "id": "node/2553665129",
      "properties": {
        "type": "Railway Node"
      },
      "geometry": {
        "type": "Point",
        "coordinates": [
          -78.2807839,
          43.9545496
        ]
      }
    },
    {
      "type": "Feature",
      "id": "node/2553665135",
      "properties": {
        "type": "Railway Node"
      },
      "geometry": {
        "type": "Point",
        "coordinates": [
          -78.5442687,
          43.89898
        ]
      }
    },
    {
      "type": "Feature",
      "id": "node/2553665139",
      "properties": {
        "type": "Railway Node"
      },
      "geometry": {
        "type": "Point",
        "coordinates": [
          -78.5099525,
          43.9030938
        ]
      }
    },
    {
      "type": "Feature",
      "id": "node/2553665140",
      "properties": {
        "type": "Railway Node"
      },
      "geometry": {
        "type": "Point",
        "coordinates": [
          -78.4260698,
          43.9246594
        ]
      }
    },
    {
      "type": "Feature",
      "id": "node/2553665157",
      "properties": {
        "type": "Railway Node"
      },
      "geometry": {
        "type": "Point",
        "coordinates": [
          -78.491996,
          43.9088566
        ]
      }
    },
    {
      "type": "Feature",
      "id": "node/2553665162",
      "properties": {
        "type": "Railway Node"
      },
      "geometry": {
        "type": "Point",
        "coordinates": [
          -78.2655668,
          43.958676
        ]
      }
    },
    {
      "type": "Feature",
      "id": "node/2553665176",
      "properties": {
        "type": "Railway Node"
      },
      "geometry": {
        "type": "Point",
        "coordinates": [
          -78.370757,
          43.9484002
        ]
      }
    },
    {
      "type": "Feature",
      "id": "node/2553665195",
      "properties": {
        "type": "Railway Node"
      },
      "geometry": {
        "type": "Point",
        "coordinates": [
          -78.2240424,
          43.95937
        ]
      }
    },
    {
      "type": "Feature",
      "id": "node/2553665200",
      "properties": {
        "type": "Railway Node"
      },
      "geometry": {
        "type": "Point",
        "coordinates": [
          -78.4703239,
          43.9182498
        ]
      }
    },
    {
      "type": "Feature",
      "id": "node/2553665207",
      "properties": {
        "type": "Railway Node"
      },
      "geometry": {
        "type": "Point",
        "coordinates": [
          -78.5521844,
          43.9006861
        ]
      }
    },
    {
      "type": "Feature",
      "id": "node/2553665210",
      "properties": {
        "type": "Railway Node"
      },
      "geometry": {
        "type": "Point",
        "coordinates": [
          -78.5278021,
          43.9002683
        ]
      }
    },
    {
      "type": "Feature",
      "id": "node/2553665211",
      "properties": {
        "type": "Railway Node"
      },
      "geometry": {
        "type": "Point",
        "coordinates": [
          -78.5630308,
          43.9093696
        ]
      }
    },
    {
      "type": "Feature",
      "id": "node/2553665219",
      "properties": {
        "type": "Railway Node"
      },
      "geometry": {
        "type": "Point",
        "coordinates": [
          -78.5610122,
          43.9065748
        ]
      }
    },
    {
      "type": "Feature",
      "id": "node/2553665226",
      "properties": {
        "type": "Railway Node"
      },
      "geometry": {
        "type": "Point",
        "coordinates": [
          -78.3882284,
          43.9425567
        ]
      }
    },
    {
      "type": "Feature",
      "id": "node/2553665231",
      "properties": {
        "type": "Railway Node"
      },
      "geometry": {
        "type": "Point",
        "coordinates": [
          -78.5236473,
          43.9011792
        ]
      }
    },
    {
      "type": "Feature",
      "id": "node/2553665242",
      "properties": {
        "type": "Railway Node"
      },
      "geometry": {
        "type": "Point",
        "coordinates": [
          -78.4848929,
          43.9105098
        ]
      }
    },
    {
      "type": "Feature",
      "id": "node/2553665245",
      "properties": {
        "type": "Railway Node"
      },
      "geometry": {
        "type": "Point",
        "coordinates": [
          -78.4776551,
          43.9144219
        ]
      }
    },
    {
      "type": "Feature",
      "id": "node/2553665253",
      "properties": {
        "type": "Railway Node"
      },
      "geometry": {
        "type": "Point",
        "coordinates": [
          -78.3822671,
          43.9449937
        ]
      }
    },
    {
      "type": "Feature",
      "id": "node/2553665254",
      "properties": {
        "type": "Railway Node"
      },
      "geometry": {
        "type": "Point",
        "coordinates": [
          -78.4904785,
          43.9089744
        ]
      }
    },
    {
      "type": "Feature",
      "id": "node/2553665259",
      "properties": {
        "type": "Railway Node"
      },
      "geometry": {
        "type": "Point",
        "coordinates": [
          -78.4048898,
          43.93263
        ]
      }
    },
    {
      "type": "Feature",
      "id": "node/2553665262",
      "properties": {
        "type": "Railway Node"
      },
      "geometry": {
        "type": "Point",
        "coordinates": [
          -78.2614812,
          43.958732
        ]
      }
    },
    {
      "type": "Feature",
      "id": "node/2553665266",
      "properties": {
        "type": "Railway Node"
      },
      "geometry": {
        "type": "Point",
        "coordinates": [
          -78.2593781,
          43.9587719
        ]
      }
    },
    {
      "type": "Feature",
      "id": "node/2553665283",
      "properties": {
        "type": "Railway Node"
      },
      "geometry": {
        "type": "Point",
        "coordinates": [
          -78.4629566,
          43.9200594
        ]
      }
    },
    {
      "type": "Feature",
      "id": "node/2553665293",
      "properties": {
        "type": "Railway Node"
      },
      "geometry": {
        "type": "Point",
        "coordinates": [
          -78.3306609,
          43.9431584
        ]
      }
    },
    {
      "type": "Feature",
      "id": "node/2553665294",
      "properties": {
        "type": "Railway Node"
      },
      "geometry": {
        "type": "Point",
        "coordinates": [
          -78.2565141,
          43.9588171
        ]
      }
    },
    {
      "type": "Feature",
      "id": "node/2553665297",
      "properties": {
        "type": "Railway Node"
      },
      "geometry": {
        "type": "Point",
        "coordinates": [
          -78.3229119,
          43.9421973
        ]
      }
    },
    {
      "type": "Feature",
      "id": "node/2553665302",
      "properties": {
        "type": "Railway Node"
      },
      "geometry": {
        "type": "Point",
        "coordinates": [
          -78.2449354,
          43.9590122
        ]
      }
    },
    {
      "type": "Feature",
      "id": "node/2553665312",
      "properties": {
        "type": "Railway Node"
      },
      "geometry": {
        "type": "Point",
        "coordinates": [
          -78.4006167,
          43.9352048
        ]
      }
    },
    {
      "type": "Feature",
      "id": "node/2553665314",
      "properties": {
        "type": "Railway Node"
      },
      "geometry": {
        "type": "Point",
        "coordinates": [
          -78.4306267,
          43.9232492
        ]
      }
    },
    {
      "type": "Feature",
      "id": "node/2553665333",
      "properties": {
        "type": "Railway Node"
      },
      "geometry": {
        "type": "Point",
        "coordinates": [
          -78.5208832,
          43.9011505
        ]
      }
    },
    {
      "type": "Feature",
      "id": "node/2553665365",
      "properties": {
        "type": "Railway Node"
      },
      "geometry": {
        "type": "Point",
        "coordinates": [
          -78.2402967,
          43.959097
        ]
      }
    },
    {
      "type": "Feature",
      "id": "node/2553665369",
      "properties": {
        "type": "Railway Node"
      },
      "geometry": {
        "type": "Point",
        "coordinates": [
          -78.2739129,
          43.9583998
        ]
      }
    },
    {
      "type": "Feature",
      "id": "node/2553665381",
      "properties": {
        "type": "Railway Node"
      },
      "geometry": {
        "type": "Point",
        "coordinates": [
          -78.4724618,
          43.9171543
        ]
      }
    },
    {
      "type": "Feature",
      "id": "node/2553665386",
      "properties": {
        "type": "Railway Node"
      },
      "geometry": {
        "type": "Point",
        "coordinates": [
          -78.4275526,
          43.9245785
        ]
      }
    },
    {
      "type": "Feature",
      "id": "node/2553665388",
      "properties": {
        "type": "Railway Node"
      },
      "geometry": {
        "type": "Point",
        "coordinates": [
          -78.495344,
          43.9077182
        ]
      }
    },
    {
      "type": "Feature",
      "id": "node/2553665389",
      "properties": {
        "type": "Railway Node"
      },
      "geometry": {
        "type": "Point",
        "coordinates": [
          -78.4861606,
          43.910198
        ]
      }
    },
    {
      "type": "Feature",
      "id": "node/2553665391",
      "properties": {
        "type": "Railway Node"
      },
      "geometry": {
        "type": "Point",
        "coordinates": [
          -78.251899,
          43.9588979
        ]
      }
    },
    {
      "type": "Feature",
      "id": "node/2553665393",
      "properties": {
        "type": "Railway Node"
      },
      "geometry": {
        "type": "Point",
        "coordinates": [
          -78.5177235,
          43.9015407
        ]
      }
    },
    {
      "type": "Feature",
      "id": "node/2553665394",
      "properties": {
        "type": "Railway Node"
      },
      "geometry": {
        "type": "Point",
        "coordinates": [
          -78.473571,
          43.9165586
        ]
      }
    },
    {
      "type": "Feature",
      "id": "node/2553665430",
      "properties": {
        "type": "Railway Node"
      },
      "geometry": {
        "type": "Point",
        "coordinates": [
          -78.4991994,
          43.9063961
        ]
      }
    },
    {
      "type": "Feature",
      "id": "node/2553665434",
      "properties": {
        "type": "Railway Node"
      },
      "geometry": {
        "type": "Point",
        "coordinates": [
          -78.4205372,
          43.9264822
        ]
      }
    },
    {
      "type": "Feature",
      "id": "node/2553665438",
      "properties": {
        "type": "Railway Node"
      },
      "geometry": {
        "type": "Point",
        "coordinates": [
          -78.2466249,
          43.9589736
        ]
      }
    },
    {
      "type": "Feature",
      "id": "node/2553665440",
      "properties": {
        "type": "Railway Node"
      },
      "geometry": {
        "type": "Point",
        "coordinates": [
          -78.3338606,
          43.9437683
        ]
      }
    },
    {
      "type": "Feature",
      "id": "node/2553665449",
      "properties": {
        "type": "Railway Node"
      },
      "geometry": {
        "type": "Point",
        "coordinates": [
          -78.4401947,
          43.9226233
        ]
      }
    },
    {
      "type": "Feature",
      "id": "node/2553665460",
      "properties": {
        "type": "Railway Node"
      },
      "geometry": {
        "type": "Point",
        "coordinates": [
          -78.4586585,
          43.9202607
        ]
      }
    },
    {
      "type": "Feature",
      "id": "node/2553665488",
      "properties": {
        "type": "Railway Node"
      },
      "geometry": {
        "type": "Point",
        "coordinates": [
          -78.2825077,
          43.9528066
        ]
      }
    },
    {
      "type": "Feature",
      "id": "node/2553665501",
      "properties": {
        "type": "Railway Node"
      },
      "geometry": {
        "type": "Point",
        "coordinates": [
          -78.3756929,
          43.9467174
        ]
      }
    },
    {
      "type": "Feature",
      "id": "node/2553665516",
      "properties": {
        "type": "Railway Node"
      },
      "geometry": {
        "type": "Point",
        "coordinates": [
          -78.3688971,
          43.9488582
        ]
      }
    },
    {
      "type": "Feature",
      "id": "node/2553665522",
      "properties": {
        "type": "Railway Node"
      },
      "geometry": {
        "type": "Point",
        "coordinates": [
          -78.4387307,
          43.9227246
        ]
      }
    },
    {
      "type": "Feature",
      "id": "node/2553665523",
      "properties": {
        "type": "Railway Node"
      },
      "geometry": {
        "type": "Point",
        "coordinates": [
          -78.3205709,
          43.9419839
        ]
      }
    },
    {
      "type": "Feature",
      "id": "node/2553665542",
      "properties": {
        "type": "Railway Node"
      },
      "geometry": {
        "type": "Point",
        "coordinates": [
          -78.5014927,
          43.9051258
        ]
      }
    },
    {
      "type": "Feature",
      "id": "node/2554387610",
      "properties": {
        "type": "Railway Node"
      },
      "geometry": {
        "type": "Point",
        "coordinates": [
          -78.2512632,
          43.9540795
        ]
      }
    },
    {
      "type": "Feature",
      "id": "node/2554387619",
      "properties": {
        "type": "Railway Node"
      },
      "geometry": {
        "type": "Point",
        "coordinates": [
          -78.2604159,
          43.9540319
        ]
      }
    },
    {
      "type": "Feature",
      "id": "node/2554387627",
      "properties": {
        "type": "Railway Node"
      },
      "geometry": {
        "type": "Point",
        "coordinates": [
          -78.2470213,
          43.9540139
        ]
      }
    },
    {
      "type": "Feature",
      "id": "node/2554387633",
      "properties": {
        "type": "Railway Node"
      },
      "geometry": {
        "type": "Point",
        "coordinates": [
          -78.2226266,
          43.9556242
        ]
      }
    },
    {
      "type": "Feature",
      "id": "node/2554387648",
      "properties": {
        "type": "Railway Node"
      },
      "geometry": {
        "type": "Point",
        "coordinates": [
          -78.2256046,
          43.9551713
        ]
      }
    },
    {
      "type": "Feature",
      "id": "node/2554387661",
      "properties": {
        "type": "Railway Node"
      },
      "geometry": {
        "type": "Point",
        "coordinates": [
          -78.2724088,
          43.9521295
        ]
      }
    },
    {
      "type": "Feature",
      "id": "node/2554387696",
      "properties": {
        "type": "Railway Node"
      },
      "geometry": {
        "type": "Point",
        "coordinates": [
          -78.2653545,
          43.9535343
        ]
      }
    },
    {
      "type": "Feature",
      "id": "node/2554387719",
      "properties": {
        "type": "Railway Node"
      },
      "geometry": {
        "type": "Point",
        "coordinates": [
          -78.2566902,
          43.9541288
        ]
      }
    },
    {
      "type": "Feature",
      "id": "node/2554387729",
      "properties": {
        "type": "Railway Node"
      },
      "geometry": {
        "type": "Point",
        "coordinates": [
          -78.1836512,
          43.9616556
        ]
      }
    },
    {
      "type": "Feature",
      "id": "node/2554387736",
      "properties": {
        "type": "Railway Node"
      },
      "geometry": {
        "type": "Point",
        "coordinates": [
          -78.1753071,
          43.9712332
        ]
      }
    },
    {
      "type": "Feature",
      "id": "node/2554387868",
      "properties": {
        "type": "Railway Node"
      },
      "geometry": {
        "type": "Point",
        "coordinates": [
          -78.2829179,
          43.9493219
        ]
      }
    },
    {
      "type": "Feature",
      "id": "node/2554387927",
      "properties": {
        "type": "Railway Node"
      },
      "geometry": {
        "type": "Point",
        "coordinates": [
          -78.2306773,
          43.9545082
        ]
      }
    },
    {
      "type": "Feature",
      "id": "node/2554387957",
      "properties": {
        "type": "Railway Node"
      },
      "geometry": {
        "type": "Point",
        "coordinates": [
          -78.1740733,
          43.9718046
        ]
      }
    },
    {
      "type": "Feature",
      "id": "node/2554388032",
      "properties": {
        "type": "Railway Node"
      },
      "geometry": {
        "type": "Point",
        "coordinates": [
          -78.1754935,
          43.9702758
        ]
      }
    },
    {
      "type": "Feature",
      "id": "node/2554388067",
      "properties": {
        "type": "Railway Node"
      },
      "geometry": {
        "type": "Point",
        "coordinates": [
          -78.2076733,
          43.9577134
        ]
      }
    },
    {
      "type": "Feature",
      "id": "node/2554388108",
      "properties": {
        "type": "Railway Node"
      },
      "geometry": {
        "type": "Point",
        "coordinates": [
          -78.2143603,
          43.9567412
        ]
      }
    },
    {
      "type": "Feature",
      "id": "node/2554388111",
      "properties": {
        "type": "Railway Node"
      },
      "geometry": {
        "type": "Point",
        "coordinates": [
          -78.240848,
          43.9538684
        ]
      }
    },
    {
      "type": "Feature",
      "id": "node/2554388139",
      "properties": {
        "type": "Railway Node"
      },
      "geometry": {
        "type": "Point",
        "coordinates": [
          -78.2787921,
          43.9504532
        ]
      }
    },
    {
      "type": "Feature",
      "id": "node/2554388179",
      "properties": {
        "type": "Railway Node"
      },
      "geometry": {
        "type": "Point",
        "coordinates": [
          -78.1982762,
          43.9580243
        ]
      }
    },
    {
      "type": "Feature",
      "id": "node/2554388218",
      "properties": {
        "type": "Railway Node"
      },
      "geometry": {
        "type": "Point",
        "coordinates": [
          -78.2553914,
          43.9541047
        ]
      }
    },
    {
      "type": "Feature",
      "id": "node/2554388321",
      "properties": {
        "type": "Railway Node"
      },
      "geometry": {
        "type": "Point",
        "coordinates": [
          -78.2184212,
          43.9561769
        ]
      }
    },
    {
      "type": "Feature",
      "id": "node/2554388322",
      "properties": {
        "type": "Railway Node"
      },
      "geometry": {
        "type": "Point",
        "coordinates": [
          -78.1870701,
          43.9599033
        ]
      }
    },
    {
      "type": "Feature",
      "id": "node/2554388328",
      "properties": {
        "type": "Railway Node"
      },
      "geometry": {
        "type": "Point",
        "coordinates": [
          -78.2018186,
          43.9582448
        ]
      }
    },
    {
      "type": "Feature",
      "id": "node/2554388377",
      "properties": {
        "type": "Railway Node"
      },
      "geometry": {
        "type": "Point",
        "coordinates": [
          -78.2443847,
          43.9539251
        ]
      }
    },
    {
      "type": "Feature",
      "id": "node/2554388439",
      "properties": {
        "type": "Railway Node"
      },
      "geometry": {
        "type": "Point",
        "coordinates": [
          -78.2851904,
          43.9487111
        ]
      }
    },
    {
      "type": "Feature",
      "id": "node/2554388528",
      "properties": {
        "type": "Railway Node"
      },
      "geometry": {
        "type": "Point",
        "coordinates": [
          -78.2977607,
          43.9441442
        ]
      }
    },
    {
      "type": "Feature",
      "id": "node/2554388537",
      "properties": {
        "type": "Railway Node"
      },
      "geometry": {
        "type": "Point",
        "coordinates": [
          -78.1758834,
          43.9661185
        ]
      }
    },
    {
      "type": "Feature",
      "id": "node/2554388545",
      "properties": {
        "type": "Railway Node"
      },
      "geometry": {
        "type": "Point",
        "coordinates": [
          -78.1879989,
          43.9585036
        ]
      }
    },
    {
      "type": "Feature",
      "id": "node/2554388546",
      "properties": {
        "type": "Railway Node"
      },
      "geometry": {
        "type": "Point",
        "coordinates": [
          -78.2692292,
          43.952853
        ]
      }
    },
    {
      "type": "Feature",
      "id": "node/2554388559",
      "properties": {
        "type": "Railway Node"
      },
      "geometry": {
        "type": "Point",
        "coordinates": [
          -78.1748048,
          43.9687725
        ]
      }
    },
    {
      "type": "Feature",
      "id": "node/2554388727",
      "properties": {
        "type": "Railway Node"
      },
      "geometry": {
        "type": "Point",
        "coordinates": [
          -78.210259,
          43.9573581
        ]
      }
    },
    {
      "type": "Feature",
      "id": "node/2554423529",
      "properties": {
        "type": "Railway Node"
      },
      "geometry": {
        "type": "Point",
        "coordinates": [
          -78.3173391,
          43.9414693
        ]
      }
    },
    {
      "type": "Feature",
      "id": "node/2554435641",
      "properties": {
        "type": "Railway Node"
      },
      "geometry": {
        "type": "Point",
        "coordinates": [
          -78.3408316,
          43.9445188
        ]
      }
    },
    {
      "type": "Feature",
      "id": "node/2554454188",
      "properties": {
        "type": "Railway Node"
      },
      "geometry": {
        "type": "Point",
        "coordinates": [
          -78.4615229,
          43.917836
        ]
      }
    },
    {
      "type": "Feature",
      "id": "node/2554454239",
      "properties": {
        "type": "Railway Node"
      },
      "geometry": {
        "type": "Point",
        "coordinates": [
          -78.3978205,
          43.9368494
        ]
      }
    },
    {
      "type": "Feature",
      "id": "node/2554454244",
      "properties": {
        "type": "Railway Node"
      },
      "geometry": {
        "type": "Point",
        "coordinates": [
          -78.4630761,
          43.9173045
        ]
      }
    },
    {
      "type": "Feature",
      "id": "node/2554454247",
      "properties": {
        "type": "Railway Node"
      },
      "geometry": {
        "type": "Point",
        "coordinates": [
          -78.3576474,
          43.9472493
        ]
      }
    },
    {
      "type": "Feature",
      "id": "node/2554454256",
      "properties": {
        "type": "Railway Node"
      },
      "geometry": {
        "type": "Point",
        "coordinates": [
          -78.4654827,
          43.9164003
        ]
      }
    },
    {
      "type": "Feature",
      "id": "node/2554454267",
      "properties": {
        "type": "Railway Node"
      },
      "geometry": {
        "type": "Point",
        "coordinates": [
          -78.4736143,
          43.9133716
        ]
      }
    },
    {
      "type": "Feature",
      "id": "node/2554454271",
      "properties": {
        "type": "Railway Node"
      },
      "geometry": {
        "type": "Point",
        "coordinates": [
          -78.4785446,
          43.912029
        ]
      }
    },
    {
      "type": "Feature",
      "id": "node/2554454307",
      "properties": {
        "type": "Railway Node"
      },
      "geometry": {
        "type": "Point",
        "coordinates": [
          -78.3967516,
          43.9374849
        ]
      }
    },
    {
      "type": "Feature",
      "id": "node/2554454317",
      "properties": {
        "type": "Railway Node"
      },
      "geometry": {
        "type": "Point",
        "coordinates": [
          -78.4697251,
          43.9147841
        ]
      }
    },
    {
      "type": "Feature",
      "id": "node/2554454331",
      "properties": {
        "type": "Railway Node"
      },
      "geometry": {
        "type": "Point",
        "coordinates": [
          -78.4800409,
          43.911621
        ]
      }
    },
    {
      "type": "Feature",
      "id": "node/2554635792",
      "properties": {
        "type": "Railway Node"
      },
      "geometry": {
        "type": "Point",
        "coordinates": [
          -78.5858592,
          43.9074182
        ]
      }
    },
    {
      "type": "Feature",
      "id": "node/2554635797",
      "properties": {
        "type": "Railway Node"
      },
      "geometry": {
        "type": "Point",
        "coordinates": [
          -78.5381322,
          43.8988626
        ]
      }
    },
    {
      "type": "Feature",
      "id": "node/2554635800",
      "properties": {
        "type": "Railway Node"
      },
      "geometry": {
        "type": "Point",
        "coordinates": [
          -78.6041755,
          43.9050974
        ]
      }
    },
    {
      "type": "Feature",
      "id": "node/2554635801",
      "properties": {
        "type": "Railway Node"
      },
      "geometry": {
        "type": "Point",
        "coordinates": [
          -78.6009762,
          43.9055711
        ]
      }
    },
    {
      "type": "Feature",
      "id": "node/2554635802",
      "properties": {
        "type": "Railway Node"
      },
      "geometry": {
        "type": "Point",
        "coordinates": [
          -78.7824922,
          43.8756241
        ]
      }
    },
    {
      "type": "Feature",
      "id": "node/2554635805",
      "properties": {
        "type": "Railway Node"
      },
      "geometry": {
        "type": "Point",
        "coordinates": [
          -78.6579125,
          43.8957761
        ]
      }
    },
    {
      "type": "Feature",
      "id": "node/2554635807",
      "properties": {
        "type": "Railway Node"
      },
      "geometry": {
        "type": "Point",
        "coordinates": [
          -78.7389131,
          43.8722357
        ]
      }
    },
    {
      "type": "Feature",
      "id": "node/2554635809",
      "properties": {
        "type": "Railway Node"
      },
      "geometry": {
        "type": "Point",
        "coordinates": [
          -78.7157199,
          43.8755361
        ]
      }
    },
    {
      "type": "Feature",
      "id": "node/2554635816",
      "properties": {
        "type": "Railway Node"
      },
      "geometry": {
        "type": "Point",
        "coordinates": [
          -78.577656,
          43.9068036
        ]
      }
    },
    {
      "type": "Feature",
      "id": "node/2554635818",
      "properties": {
        "type": "Railway Node"
      },
      "geometry": {
        "type": "Point",
        "coordinates": [
          -78.7230102,
          43.8740009
        ]
      }
    },
    {
      "type": "Feature",
      "id": "node/2554635825",
      "properties": {
        "type": "Railway Node"
      },
      "geometry": {
        "type": "Point",
        "coordinates": [
          -78.77398,
          43.8764385
        ]
      }
    },
    {
      "type": "Feature",
      "id": "node/2554635827",
      "properties": {
        "type": "Railway Node"
      },
      "geometry": {
        "type": "Point",
        "coordinates": [
          -78.5543435,
          43.9009809
        ]
      }
    },
    {
      "type": "Feature",
      "id": "node/2554635828",
      "properties": {
        "type": "Railway Node"
      },
      "geometry": {
        "type": "Point",
        "coordinates": [
          -78.6133896,
          43.9039396
        ]
      }
    },
    {
      "type": "Feature",
      "id": "node/2554635829",
      "properties": {
        "type": "Railway Node"
      },
      "geometry": {
        "type": "Point",
        "coordinates": [
          -78.8141603,
          43.8837569
        ]
      }
    },
    {
      "type": "Feature",
      "id": "node/2554635835",
      "properties": {
        "type": "Railway Node"
      },
      "geometry": {
        "type": "Point",
        "coordinates": [
          -78.7758221,
          43.8763196
        ]
      }
    },
    {
      "type": "Feature",
      "id": "node/2554635840",
      "properties": {
        "type": "Railway Node"
      },
      "geometry": {
        "type": "Point",
        "coordinates": [
          -78.7253123,
          43.8737901
        ]
      }
    },
    {
      "type": "Feature",
      "id": "node/2554635842",
      "properties": {
        "type": "Railway Node"
      },
      "geometry": {
        "type": "Point",
        "coordinates": [
          -78.6424657,
          43.8953368
        ]
      }
    },
    {
      "type": "Feature",
      "id": "node/2554635843",
      "properties": {
        "type": "Railway Node"
      },
      "geometry": {
        "type": "Point",
        "coordinates": [
          -78.8353452,
          43.8829459
        ]
      }
    },
    {
      "type": "Feature",
      "id": "node/2554635846",
      "properties": {
        "type": "Railway Node"
      },
      "geometry": {
        "type": "Point",
        "coordinates": [
          -78.7095545,
          43.8787925
        ]
      }
    },
    {
      "type": "Feature",
      "id": "node/2554635852",
      "properties": {
        "type": "Railway Node"
      },
      "geometry": {
        "type": "Point",
        "coordinates": [
          -78.706229,
          43.8808954
        ]
      }
    },
    {
      "type": "Feature",
      "id": "node/2554635862",
      "properties": {
        "type": "Railway Node"
      },
      "geometry": {
        "type": "Point",
        "coordinates": [
          -78.6949382,
          43.8882772
        ]
      }
    },
    {
      "type": "Feature",
      "id": "node/2554635870",
      "properties": {
        "type": "Railway Node"
      },
      "geometry": {
        "type": "Point",
        "coordinates": [
          -78.6633566,
          43.8962191
        ]
      }
    },
    {
      "type": "Feature",
      "id": "node/2554635872",
      "properties": {
        "type": "Railway Node"
      },
      "geometry": {
        "type": "Point",
        "coordinates": [
          -78.6663203,
          43.8962032
        ]
      }
    },
    {
      "type": "Feature",
      "id": "node/2554635880",
      "properties": {
        "type": "Railway Node"
      },
      "geometry": {
        "type": "Point",
        "coordinates": [
          -78.6833497,
          43.895059
        ]
      }
    },
    {
      "type": "Feature",
      "id": "node/2554635900",
      "properties": {
        "type": "Railway Node"
      },
      "geometry": {
        "type": "Point",
        "coordinates": [
          -78.6058409,
          43.9049206
        ]
      }
    },
    {
      "type": "Feature",
      "id": "node/2554635906",
      "properties": {
        "type": "Railway Node"
      },
      "geometry": {
        "type": "Point",
        "coordinates": [
          -78.799595,
          43.8764083
        ]
      }
    },
    {
      "type": "Feature",
      "id": "node/2554635918",
      "properties": {
        "type": "Railway Node"
      },
      "geometry": {
        "type": "Point",
        "coordinates": [
          -78.721289,
          43.874259
        ]
      }
    },
    {
      "type": "Feature",
      "id": "node/2554635922",
      "properties": {
        "type": "Railway Node"
      },
      "geometry": {
        "type": "Point",
        "coordinates": [
          -78.6211341,
          43.9027119
        ]
      }
    },
    {
      "type": "Feature",
      "id": "node/2554635939",
      "properties": {
        "type": "Railway Node"
      },
      "geometry": {
        "type": "Point",
        "coordinates": [
          -78.6933584,
          43.8893172
        ]
      }
    },
    {
      "type": "Feature",
      "id": "node/2554635960",
      "properties": {
        "type": "Railway Node"
      },
      "geometry": {
        "type": "Point",
        "coordinates": [
          -78.6561827,
          43.8955719
        ]
      }
    },
    {
      "type": "Feature",
      "id": "node/2554635966",
      "properties": {
        "type": "Railway Node"
      },
      "geometry": {
        "type": "Point",
        "coordinates": [
          -78.6983379,
          43.8860059
        ]
      }
    },
    {
      "type": "Feature",
      "id": "node/2554635988",
      "properties": {
        "type": "Railway Node"
      },
      "geometry": {
        "type": "Point",
        "coordinates": [
          -78.6174022,
          43.903385
        ]
      }
    },
    {
      "type": "Feature",
      "id": "node/2554636012",
      "properties": {
        "type": "Railway Node"
      },
      "geometry": {
        "type": "Point",
        "coordinates": [
          -78.751966,
          43.8720771
        ]
      }
    },
    {
      "type": "Feature",
      "id": "node/2554636067",
      "properties": {
        "type": "Railway Node"
      },
      "geometry": {
        "type": "Point",
        "coordinates": [
          -78.6153342,
          43.9035841
        ]
      }
    },
    {
      "type": "Feature",
      "id": "node/2554636073",
      "properties": {
        "type": "Railway Node"
      },
      "geometry": {
        "type": "Point",
        "coordinates": [
          -78.6487545,
          43.8947864
        ]
      }
    },
    {
      "type": "Feature",
      "id": "node/2554636085",
      "properties": {
        "type": "Railway Node"
      },
      "geometry": {
        "type": "Point",
        "coordinates": [
          -78.6362327,
          43.8972778
        ]
      }
    },
    {
      "type": "Feature",
      "id": "node/2554636103",
      "properties": {
        "type": "Railway Node"
      },
      "geometry": {
        "type": "Point",
        "coordinates": [
          -78.6023563,
          43.9053889
        ]
      }
    },
    {
      "type": "Feature",
      "id": "node/2554636125",
      "properties": {
        "type": "Railway Node"
      },
      "geometry": {
        "type": "Point",
        "coordinates": [
          -78.6098276,
          43.9043397
        ]
      }
    },
    {
      "type": "Feature",
      "id": "node/2554636127",
      "properties": {
        "type": "Railway Node"
      },
      "geometry": {
        "type": "Point",
        "coordinates": [
          -78.8177713,
          43.8845222
        ]
      }
    },
    {
      "type": "Feature",
      "id": "node/2554636139",
      "properties": {
        "type": "Railway Node"
      },
      "geometry": {
        "type": "Point",
        "coordinates": [
          -78.7710314,
          43.8763333
        ]
      }
    },
    {
      "type": "Feature",
      "id": "node/2554636141",
      "properties": {
        "type": "Railway Node"
      },
      "geometry": {
        "type": "Point",
        "coordinates": [
          -78.7582343,
          43.8735427
        ]
      }
    },
    {
      "type": "Feature",
      "id": "node/2554636144",
      "properties": {
        "type": "Railway Node"
      },
      "geometry": {
        "type": "Point",
        "coordinates": [
          -78.7355173,
          43.8726068
        ]
      }
    },
    {
      "type": "Feature",
      "id": "node/2554636163",
      "properties": {
        "type": "Railway Node"
      },
      "geometry": {
        "type": "Point",
        "coordinates": [
          -78.5945726,
          43.9063862
        ]
      }
    },
    {
      "type": "Feature",
      "id": "node/2554636165",
      "properties": {
        "type": "Railway Node"
      },
      "geometry": {
        "type": "Point",
        "coordinates": [
          -78.7537107,
          43.8724618
        ]
      }
    },
    {
      "type": "Feature",
      "id": "node/2554636196",
      "properties": {
        "type": "Railway Node"
      },
      "geometry": {
        "type": "Point",
        "coordinates": [
          -78.8021837,
          43.8774599
        ]
      }
    },
    {
      "type": "Feature",
      "id": "node/2554636217",
      "properties": {
        "type": "Railway Node"
      },
      "geometry": {
        "type": "Point",
        "coordinates": [
          -78.7964326,
          43.8754279
        ]
      }
    },
    {
      "type": "Feature",
      "id": "node/2554636285",
      "properties": {
        "type": "Railway Node"
      },
      "geometry": {
        "type": "Point",
        "coordinates": [
          -78.6114021,
          43.9041213
        ]
      }
    },
    {
      "type": "Feature",
      "id": "node/2554636303",
      "properties": {
        "type": "Railway Node"
      },
      "geometry": {
        "type": "Point",
        "coordinates": [
          -78.8247987,
          43.8847116
        ]
      }
    },
    {
      "type": "Feature",
      "id": "node/2554636327",
      "properties": {
        "type": "Railway Node"
      },
      "geometry": {
        "type": "Point",
        "coordinates": [
          -78.5622496,
          43.9040019
        ]
      }
    },
    {
      "type": "Feature",
      "id": "node/2554636329",
      "properties": {
        "type": "Railway Node"
      },
      "geometry": {
        "type": "Point",
        "coordinates": [
          -78.7118672,
          43.8773374
        ]
      }
    },
    {
      "type": "Feature",
      "id": "node/2554636369",
      "properties": {
        "type": "Railway Node"
      },
      "geometry": {
        "type": "Point",
        "coordinates": [
          -78.6737769,
          43.8960099
        ]
      }
    },
    {
      "type": "Feature",
      "id": "node/2554636380",
      "properties": {
        "type": "Railway Node"
      },
      "geometry": {
        "type": "Point",
        "coordinates": [
          -78.8061358,
          43.8798514
        ]
      }
    },
    {
      "type": "Feature",
      "id": "node/2554636431",
      "properties": {
        "type": "Railway Node"
      },
      "geometry": {
        "type": "Point",
        "coordinates": [
          -78.8110155,
          43.8826395
        ]
      }
    },
    {
      "type": "Feature",
      "id": "node/2554636457",
      "properties": {
        "type": "Railway Node"
      },
      "geometry": {
        "type": "Point",
        "coordinates": [
          -78.5332774,
          43.8994927
        ]
      }
    },
    {
      "type": "Feature",
      "id": "node/2554636467",
      "properties": {
        "type": "Railway Node"
      },
      "geometry": {
        "type": "Point",
        "coordinates": [
          -78.574196,
          43.9063379
        ]
      }
    },
    {
      "type": "Feature",
      "id": "node/2554636482",
      "properties": {
        "type": "Railway Node"
      },
      "geometry": {
        "type": "Point",
        "coordinates": [
          -78.8313164,
          43.8836638
        ]
      }
    },
    {
      "type": "Feature",
      "id": "node/2554636485",
      "properties": {
        "type": "Railway Node"
      },
      "geometry": {
        "type": "Point",
        "coordinates": [
          -78.5893236,
          43.9070954
        ]
      }
    },
    {
      "type": "Feature",
      "id": "node/2554636542",
      "properties": {
        "type": "Railway Node"
      },
      "geometry": {
        "type": "Point",
        "coordinates": [
          -78.7777553,
          43.8761576
        ]
      }
    },
    {
      "type": "Feature",
      "id": "node/2554636556",
      "properties": {
        "type": "Railway Node"
      },
      "geometry": {
        "type": "Point",
        "coordinates": [
          -78.5259349,
          43.900461
        ]
      }
    },
    {
      "type": "Feature",
      "id": "node/2554636576",
      "properties": {
        "type": "Railway Node"
      },
      "geometry": {
        "type": "Point",
        "coordinates": [
          -78.654064,
          43.8952793
        ]
      }
    },
    {
      "type": "Feature",
      "id": "node/2554636578",
      "properties": {
        "type": "Railway Node"
      },
      "geometry": {
        "type": "Point",
        "coordinates": [
          -78.6917088,
          43.8904055
        ]
      }
    },
    {
      "type": "Feature",
      "id": "node/2554636583",
      "properties": {
        "type": "Railway Node"
      },
      "geometry": {
        "type": "Point",
        "coordinates": [
          -78.690188,
          43.8913749
        ]
      }
    },
    {
      "type": "Feature",
      "id": "node/2554636644",
      "properties": {
        "type": "Railway Node"
      },
      "geometry": {
        "type": "Point",
        "coordinates": [
          -78.7326728,
          43.8729336
        ]
      }
    },
    {
      "type": "Feature",
      "id": "node/2554636648",
      "properties": {
        "type": "Railway Node"
      },
      "geometry": {
        "type": "Point",
        "coordinates": [
          -78.7310179,
          43.8731076
        ]
      }
    },
    {
      "type": "Feature",
      "id": "node/2554800636",
      "properties": {
        "type": "Railway Node"
      },
      "geometry": {
        "type": "Point",
        "coordinates": [
          -78.0290341,
          43.97668
        ]
      }
    },
    {
      "type": "Feature",
      "id": "node/2554800643",
      "properties": {
        "type": "Railway Node"
      },
      "geometry": {
        "type": "Point",
        "coordinates": [
          -78.1133239,
          43.9678007
        ]
      }
    },
    {
      "type": "Feature",
      "id": "node/2554800645",
      "properties": {
        "type": "Railway Node"
      },
      "geometry": {
        "type": "Point",
        "coordinates": [
          -78.0076376,
          43.9796827
        ]
      }
    },
    {
      "type": "Feature",
      "id": "node/2554800647",
      "properties": {
        "type": "Railway Node"
      },
      "geometry": {
        "type": "Point",
        "coordinates": [
          -77.896991,
          43.9879543
        ]
      }
    },
    {
      "type": "Feature",
      "id": "node/2554800657",
      "properties": {
        "type": "Railway Node"
      },
      "geometry": {
        "type": "Point",
        "coordinates": [
          -78.0188986,
          43.9781071
        ]
      }
    },
    {
      "type": "Feature",
      "id": "node/2554800663",
      "properties": {
        "type": "Railway Node"
      },
      "geometry": {
        "type": "Point",
        "coordinates": [
          -78.0574549,
          43.9727418
        ]
      }
    },
    {
      "type": "Feature",
      "id": "node/2554800673",
      "properties": {
        "type": "Railway Node"
      },
      "geometry": {
        "type": "Point",
        "coordinates": [
          -77.9752424,
          43.984193
        ]
      }
    },
    {
      "type": "Feature",
      "id": "node/2554800705",
      "properties": {
        "type": "Railway Node"
      },
      "geometry": {
        "type": "Point",
        "coordinates": [
          -78.1255912,
          43.9677684
        ]
      }
    },
    {
      "type": "Feature",
      "id": "node/2554800713",
      "properties": {
        "type": "Railway Node"
      },
      "geometry": {
        "type": "Point",
        "coordinates": [
          -78.0811108,
          43.9691203
        ]
      }
    },
    {
      "type": "Feature",
      "id": "node/2554800717",
      "properties": {
        "type": "Railway Node"
      },
      "geometry": {
        "type": "Point",
        "coordinates": [
          -77.9939221,
          43.9813314
        ]
      }
    },
    {
      "type": "Feature",
      "id": "node/2554800734",
      "properties": {
        "type": "Railway Node"
      },
      "geometry": {
        "type": "Point",
        "coordinates": [
          -78.1238246,
          43.9637963
        ]
      }
    },
    {
      "type": "Feature",
      "id": "node/2554800745",
      "properties": {
        "type": "Railway Node"
      },
      "geometry": {
        "type": "Point",
        "coordinates": [
          -77.9440952,
          43.9882512
        ]
      }
    },
    {
      "type": "Feature",
      "id": "node/2554800747",
      "properties": {
        "type": "Railway Node"
      },
      "geometry": {
        "type": "Point",
        "coordinates": [
          -78.0501033,
          43.9737649
        ]
      }
    },
    {
      "type": "Feature",
      "id": "node/2554800751",
      "properties": {
        "type": "Railway Node"
      },
      "geometry": {
        "type": "Point",
        "coordinates": [
          -77.9237256,
          43.9910905
        ]
      }
    },
    {
      "type": "Feature",
      "id": "node/2554800752",
      "properties": {
        "type": "Railway Node"
      },
      "geometry": {
        "type": "Point",
        "coordinates": [
          -78.0753588,
          43.969958
        ]
      }
    },
    {
      "type": "Feature",
      "id": "node/2554800754",
      "properties": {
        "type": "Railway Node"
      },
      "geometry": {
        "type": "Point",
        "coordinates": [
          -78.0141996,
          43.978717
        ]
      }
    },
    {
      "type": "Feature",
      "id": "node/2554800758",
      "properties": {
        "type": "Railway Node"
      },
      "geometry": {
        "type": "Point",
        "coordinates": [
          -78.0604122,
          43.9720327
        ]
      }
    },
    {
      "type": "Feature",
      "id": "node/2554800766",
      "properties": {
        "type": "Railway Node"
      },
      "geometry": {
        "type": "Point",
        "coordinates": [
          -78.0371864,
          43.9755246
        ]
      }
    },
    {
      "type": "Feature",
      "id": "node/2554800768",
      "properties": {
        "type": "Railway Node"
      },
      "geometry": {
        "type": "Point",
        "coordinates": [
          -78.1437697,
          43.9692565
        ]
      }
    },
    {
      "type": "Feature",
      "id": "node/2554800786",
      "properties": {
        "type": "Railway Node"
      },
      "geometry": {
        "type": "Point",
        "coordinates": [
          -78.0824858,
          43.9692272
        ]
      }
    },
    {
      "type": "Feature",
      "id": "node/2554800792",
      "properties": {
        "type": "Railway Node"
      },
      "geometry": {
        "type": "Point",
        "coordinates": [
          -78.1395608,
          43.9693076
        ]
      }
    },
    {
      "type": "Feature",
      "id": "node/2554800799",
      "properties": {
        "type": "Railway Node"
      },
      "geometry": {
        "type": "Point",
        "coordinates": [
          -78.1514087,
          43.9691581
        ]
      }
    },
    {
      "type": "Feature",
      "id": "node/2554800824",
      "properties": {
        "type": "Railway Node"
      },
      "geometry": {
        "type": "Point",
        "coordinates": [
          -77.9363768,
          43.9893359
        ]
      }
    },
    {
      "type": "Feature",
      "id": "node/2554800828",
      "properties": {
        "type": "Railway Node"
      },
      "geometry": {
        "type": "Point",
        "coordinates": [
          -78.0161654,
          43.9784632
        ]
      }
    },
    {
      "type": "Feature",
      "id": "node/2554800850",
      "properties": {
        "type": "Railway Node"
      },
      "geometry": {
        "type": "Point",
        "coordinates": [
          -78.1417227,
          43.9692767
        ]
      }
    },
    {
      "type": "Feature",
      "id": "node/2554800858",
      "properties": {
        "type": "Railway Node"
      },
      "geometry": {
        "type": "Point",
        "coordinates": [
          -78.0654444,
          43.9713372
        ]
      }
    },
    {
      "type": "Feature",
      "id": "node/2554800862",
      "properties": {
        "type": "Railway Node"
      },
      "geometry": {
        "type": "Point",
        "coordinates": [
          -78.1209543,
          43.968379
        ]
      }
    },
    {
      "type": "Feature",
      "id": "node/2554800864",
      "properties": {
        "type": "Railway Node"
      },
      "geometry": {
        "type": "Point",
        "coordinates": [
          -77.9801593,
          43.9832532
        ]
      }
    },
    {
      "type": "Feature",
      "id": "node/2554800866",
      "properties": {
        "type": "Railway Node"
      },
      "geometry": {
        "type": "Point",
        "coordinates": [
          -78.1225158,
          43.9609797
        ]
      }
    },
    {
      "type": "Feature",
      "id": "node/2554800878",
      "properties": {
        "type": "Railway Node"
      },
      "geometry": {
        "type": "Point",
        "coordinates": [
          -78.0617325,
          43.9718453
        ]
      }
    },
    {
      "type": "Feature",
      "id": "node/2554800885",
      "properties": {
        "type": "Railway Node"
      },
      "geometry": {
        "type": "Point",
        "coordinates": [
          -77.906435,
          43.989553
        ]
      }
    },
    {
      "type": "Feature",
      "id": "node/2554800889",
      "properties": {
        "type": "Railway Node"
      },
      "geometry": {
        "type": "Point",
        "coordinates": [
          -78.0404241,
          43.975085
        ]
      }
    },
    {
      "type": "Feature",
      "id": "node/2554915464",
      "properties": {
        "type": "Railway Node"
      },
      "geometry": {
        "type": "Point",
        "coordinates": [
          -77.6086202,
          44.1003617
        ]
      }
    },
    {
      "type": "Feature",
      "id": "node/2554915473",
      "properties": {
        "type": "Railway Node"
      },
      "geometry": {
        "type": "Point",
        "coordinates": [
          -77.5990534,
          44.1012756
        ]
      }
    },
    {
      "type": "Feature",
      "id": "node/2554915479",
      "properties": {
        "type": "Railway Node"
      },
      "geometry": {
        "type": "Point",
        "coordinates": [
          -77.5720838,
          44.1188681
        ]
      }
    },
    {
      "type": "Feature",
      "id": "node/2554915487",
      "properties": {
        "type": "Railway Node"
      },
      "geometry": {
        "type": "Point",
        "coordinates": [
          -77.605989,
          44.100599
        ]
      }
    },
    {
      "type": "Feature",
      "id": "node/2554915492",
      "properties": {
        "type": "Railway Node"
      },
      "geometry": {
        "type": "Point",
        "coordinates": [
          -77.7955299,
          44.0186595
        ]
      }
    },
    {
      "type": "Feature",
      "id": "node/2554915494",
      "properties": {
        "type": "Railway Node"
      },
      "geometry": {
        "type": "Point",
        "coordinates": [
          -77.724492,
          44.040575
        ]
      }
    },
    {
      "type": "Feature",
      "id": "node/2554915499",
      "properties": {
        "type": "Railway Node"
      },
      "geometry": {
        "type": "Point",
        "coordinates": [
          -77.8164404,
          44.0118929
        ]
      }
    },
    {
      "type": "Feature",
      "id": "node/2554915509",
      "properties": {
        "type": "Railway Node"
      },
      "geometry": {
        "type": "Point",
        "coordinates": [
          -77.6157736,
          44.0992638
        ]
      }
    },
    {
      "type": "Feature",
      "id": "node/2554915511",
      "properties": {
        "type": "Railway Node"
      },
      "geometry": {
        "type": "Point",
        "coordinates": [
          -77.5851782,
          44.1125581
        ]
      }
    },
    {
      "type": "Feature",
      "id": "node/2554915515",
      "properties": {
        "type": "Railway Node"
      },
      "geometry": {
        "type": "Point",
        "coordinates": [
          -77.7301928,
          44.0389334
        ]
      }
    },
    {
      "type": "Feature",
      "id": "node/2554915518",
      "properties": {
        "type": "Railway Node"
      },
      "geometry": {
        "type": "Point",
        "coordinates": [
          -77.550494,
          44.1229806
        ]
      }
    },
    {
      "type": "Feature",
      "id": "node/2554915523",
      "properties": {
        "type": "Railway Node"
      },
      "geometry": {
        "type": "Point",
        "coordinates": [
          -77.7539823,
          44.032103
        ]
      }
    },
    {
      "type": "Feature",
      "id": "node/2554915525",
      "properties": {
        "type": "Railway Node"
      },
      "geometry": {
        "type": "Point",
        "coordinates": [
          -77.544386,
          44.124189
        ]
      }
    },
    {
      "type": "Feature",
      "id": "node/2554915530",
      "properties": {
        "type": "Railway Node"
      },
      "geometry": {
        "type": "Point",
        "coordinates": [
          -77.6762018,
          44.060418
        ]
      }
    },
    {
      "type": "Feature",
      "id": "node/2554915531",
      "properties": {
        "type": "Railway Node"
      },
      "geometry": {
        "type": "Point",
        "coordinates": [
          -77.6133067,
          44.099935
        ]
      }
    },
    {
      "type": "Feature",
      "id": "node/2554915543",
      "properties": {
        "type": "Railway Node"
      },
      "geometry": {
        "type": "Point",
        "coordinates": [
          -77.5575604,
          44.1216598
        ]
      }
    },
    {
      "type": "Feature",
      "id": "node/2554915554",
      "properties": {
        "type": "Railway Node"
      },
      "geometry": {
        "type": "Point",
        "coordinates": [
          -77.6108229,
          44.1001642
        ]
      }
    },
    {
      "type": "Feature",
      "id": "node/2554915559",
      "properties": {
        "type": "Railway Node"
      },
      "geometry": {
        "type": "Point",
        "coordinates": [
          -77.5704986,
          44.1191376
        ]
      }
    },
    {
      "type": "Feature",
      "id": "node/2554915561",
      "properties": {
        "type": "Railway Node"
      },
      "geometry": {
        "type": "Point",
        "coordinates": [
          -77.5965053,
          44.1023619
        ]
      }
    },
    {
      "type": "Feature",
      "id": "node/2554915567",
      "properties": {
        "type": "Railway Node"
      },
      "geometry": {
        "type": "Point",
        "coordinates": [
          -77.6651859,
          44.0675029
        ]
      }
    },
    {
      "type": "Feature",
      "id": "node/2554915574",
      "properties": {
        "type": "Railway Node"
      },
      "geometry": {
        "type": "Point",
        "coordinates": [
          -77.696034,
          44.0497235
        ]
      }
    },
    {
      "type": "Feature",
      "id": "node/2554915579",
      "properties": {
        "type": "Railway Node"
      },
      "geometry": {
        "type": "Point",
        "coordinates": [
          -77.8370811,
          44.0051924
        ]
      }
    },
    {
      "type": "Feature",
      "id": "node/2554915584",
      "properties": {
        "type": "Railway Node"
      },
      "geometry": {
        "type": "Point",
        "coordinates": [
          -77.6378536,
          44.0851104
        ]
      }
    },
    {
      "type": "Feature",
      "id": "node/2554915585",
      "properties": {
        "type": "Railway Node"
      },
      "geometry": {
        "type": "Point",
        "coordinates": [
          -77.7280536,
          44.0395391
        ]
      }
    },
    {
      "type": "Feature",
      "id": "node/2554915586",
      "properties": {
        "type": "Railway Node"
      },
      "geometry": {
        "type": "Point",
        "coordinates": [
          -77.8355168,
          44.0057035
        ]
      }
    },
    {
      "type": "Feature",
      "id": "node/2554915590",
      "properties": {
        "type": "Railway Node"
      },
      "geometry": {
        "type": "Point",
        "coordinates": [
          -77.5462266,
          44.1238657
        ]
      }
    },
    {
      "type": "Feature",
      "id": "node/2554915591",
      "properties": {
        "type": "Railway Node"
      },
      "geometry": {
        "type": "Point",
        "coordinates": [
          -77.6817759,
          44.0568296
        ]
      }
    },
    {
      "type": "Feature",
      "id": "node/2554915599",
      "properties": {
        "type": "Railway Node"
      },
      "geometry": {
        "type": "Point",
        "coordinates": [
          -77.7027959,
          44.0470457
        ]
      }
    },
    {
      "type": "Feature",
      "id": "node/2554915608",
      "properties": {
        "type": "Railway Node"
      },
      "geometry": {
        "type": "Point",
        "coordinates": [
          -77.7081945,
          44.0452365
        ]
      }
    },
    {
      "type": "Feature",
      "id": "node/2554915610",
      "properties": {
        "type": "Railway Node"
      },
      "geometry": {
        "type": "Point",
        "coordinates": [
          -77.5645843,
          44.1202236
        ]
      }
    },
    {
      "type": "Feature",
      "id": "node/2554915623",
      "properties": {
        "type": "Railway Node"
      },
      "geometry": {
        "type": "Point",
        "coordinates": [
          -77.7049839,
          44.046266
        ]
      }
    },
    {
      "type": "Feature",
      "id": "node/2554915627",
      "properties": {
        "type": "Railway Node"
      },
      "geometry": {
        "type": "Point",
        "coordinates": [
          -77.6619291,
          44.0695969
        ]
      }
    },
    {
      "type": "Feature",
      "id": "node/2554915633",
      "properties": {
        "type": "Railway Node"
      },
      "geometry": {
        "type": "Point",
        "coordinates": [
          -77.7863948,
          44.0216057
        ]
      }
    },
    {
      "type": "Feature",
      "id": "node/2554915641",
      "properties": {
        "type": "Railway Node"
      },
      "geometry": {
        "type": "Point",
        "coordinates": [
          -77.6027817,
          44.1008845
        ]
      }
    },
    {
      "type": "Feature",
      "id": "node/2554915649",
      "properties": {
        "type": "Railway Node"
      },
      "geometry": {
        "type": "Point",
        "coordinates": [
          -77.6802459,
          44.0578112
        ]
      }
    },
    {
      "type": "Feature",
      "id": "node/2554915664",
      "properties": {
        "type": "Railway Node"
      },
      "geometry": {
        "type": "Point",
        "coordinates": [
          -77.5976318,
          44.1017166
        ]
      }
    },
    {
      "type": "Feature",
      "id": "node/2554915665",
      "properties": {
        "type": "Railway Node"
      },
      "geometry": {
        "type": "Point",
        "coordinates": [
          -77.6369684,
          44.0861903
        ]
      }
    },
    {
      "type": "Feature",
      "id": "node/2554915680",
      "properties": {
        "type": "Railway Node"
      },
      "geometry": {
        "type": "Point",
        "coordinates": [
          -77.6410917,
          44.0830227
        ]
      }
    },
    {
      "type": "Feature",
      "id": "node/2554915687",
      "properties": {
        "type": "Railway Node"
      },
      "geometry": {
        "type": "Point",
        "coordinates": [
          -77.7159038,
          44.0430568
        ]
      }
    },
    {
      "type": "Feature",
      "id": "node/2554915690",
      "properties": {
        "type": "Railway Node"
      },
      "geometry": {
        "type": "Point",
        "coordinates": [
          -77.7002605,
          44.0480358
        ]
      }
    },
    {
      "type": "Feature",
      "id": "node/2554915697",
      "properties": {
        "type": "Railway Node"
      },
      "geometry": {
        "type": "Point",
        "coordinates": [
          -77.64889,
          44.0785257
        ]
      }
    },
    {
      "type": "Feature",
      "id": "node/2554915727",
      "properties": {
        "type": "Railway Node"
      },
      "geometry": {
        "type": "Point",
        "coordinates": [
          -77.5734463,
          44.1184791
        ]
      }
    },
    {
      "type": "Feature",
      "id": "node/2554915740",
      "properties": {
        "type": "Railway Node"
      },
      "geometry": {
        "type": "Point",
        "coordinates": [
          -77.8291916,
          44.007753
        ]
      }
    },
    {
      "type": "Feature",
      "id": "node/2554915742",
      "properties": {
        "type": "Railway Node"
      },
      "geometry": {
        "type": "Point",
        "coordinates": [
          -77.810223,
          44.0138875
        ]
      }
    },
    {
      "type": "Feature",
      "id": "node/2554915745",
      "properties": {
        "type": "Railway Node"
      },
      "geometry": {
        "type": "Point",
        "coordinates": [
          -77.5561246,
          44.1218911
        ]
      }
    },
    {
      "type": "Feature",
      "id": "node/2554915770",
      "properties": {
        "type": "Railway Node"
      },
      "geometry": {
        "type": "Point",
        "coordinates": [
          -77.5589249,
          44.1214791
        ]
      }
    },
    {
      "type": "Feature",
      "id": "node/2554915782",
      "properties": {
        "type": "Railway Node"
      },
      "geometry": {
        "type": "Point",
        "coordinates": [
          -77.6294287,
          44.0905009
        ]
      }
    },
    {
      "type": "Feature",
      "id": "node/2554915811",
      "properties": {
        "type": "Railway Node"
      },
      "geometry": {
        "type": "Point",
        "coordinates": [
          -77.5930043,
          44.105485
        ]
      }
    },
    {
      "type": "Feature",
      "id": "node/2554915814",
      "properties": {
        "type": "Railway Node"
      },
      "geometry": {
        "type": "Point",
        "coordinates": [
          -77.5677916,
          44.1197106
        ]
      }
    },
    {
      "type": "Feature",
      "id": "node/2554915819",
      "properties": {
        "type": "Railway Node"
      },
      "geometry": {
        "type": "Point",
        "coordinates": [
          -77.6141005,
          44.1008208
        ]
      }
    },
    {
      "type": "Feature",
      "id": "node/2554915830",
      "properties": {
        "type": "Railway Node"
      },
      "geometry": {
        "type": "Point",
        "coordinates": [
          -77.6902559,
          44.0521439
        ]
      }
    },
    {
      "type": "Feature",
      "id": "node/2554915838",
      "properties": {
        "type": "Railway Node"
      },
      "geometry": {
        "type": "Point",
        "coordinates": [
          -77.6176737,
          44.0980461
        ]
      }
    },
    {
      "type": "Feature",
      "id": "node/2554915849",
      "properties": {
        "type": "Railway Node"
      },
      "geometry": {
        "type": "Point",
        "coordinates": [
          -77.733652,
          44.037984
        ]
      }
    },
    {
      "type": "Feature",
      "id": "node/2554917097",
      "properties": {
        "type": "Railway Node"
      },
      "geometry": {
        "type": "Point",
        "coordinates": [
          -77.4931377,
          44.1331654
        ]
      }
    },
    {
      "type": "Feature",
      "id": "node/2554917101",
      "properties": {
        "type": "Railway Node"
      },
      "geometry": {
        "type": "Point",
        "coordinates": [
          -77.4877652,
          44.134027
        ]
      }
    },
    {
      "type": "Feature",
      "id": "node/2554954738",
      "properties": {
        "type": "Railway Node"
      },
      "geometry": {
        "type": "Point",
        "coordinates": [
          -77.4567534,
          44.1386458
        ]
      }
    },
    {
      "type": "Feature",
      "id": "node/2555013791",
      "properties": {
        "type": "Railway Node"
      },
      "geometry": {
        "type": "Point",
        "coordinates": [
          -77.5873719,
          44.1119017
        ]
      }
    },
    {
      "type": "Feature",
      "id": "node/2555013798",
      "properties": {
        "type": "Railway Node"
      },
      "geometry": {
        "type": "Point",
        "coordinates": [
          -77.6020858,
          44.1201846
        ]
      }
    },
    {
      "type": "Feature",
      "id": "node/2555013807",
      "properties": {
        "type": "Railway Node"
      },
      "geometry": {
        "type": "Point",
        "coordinates": [
          -77.5938524,
          44.119666
        ]
      }
    },
    {
      "type": "Feature",
      "id": "node/2555013811",
      "properties": {
        "type": "Railway Node"
      },
      "geometry": {
        "type": "Point",
        "coordinates": [
          -77.6015531,
          44.1191048
        ]
      }
    },
    {
      "type": "Feature",
      "id": "node/2555013834",
      "properties": {
        "type": "Railway Node"
      },
      "geometry": {
        "type": "Point",
        "coordinates": [
          -77.5847042,
          44.1252443
        ]
      }
    },
    {
      "type": "Feature",
      "id": "node/2555013845",
      "properties": {
        "type": "Railway Node"
      },
      "geometry": {
        "type": "Point",
        "coordinates": [
          -77.6061482,
          44.1066886
        ]
      }
    },
    {
      "type": "Feature",
      "id": "node/2555013870",
      "properties": {
        "type": "Railway Node"
      },
      "geometry": {
        "type": "Point",
        "coordinates": [
          -77.6080414,
          44.1048349
        ]
      }
    },
    {
      "type": "Feature",
      "id": "node/2555565943",
      "properties": {
        "type": "Railway Node"
      },
      "geometry": {
        "type": "Point",
        "coordinates": [
          -78.0175048,
          43.9780392
        ]
      }
    },
    {
      "type": "Feature",
      "id": "node/2555565951",
      "properties": {
        "type": "Railway Node"
      },
      "geometry": {
        "type": "Point",
        "coordinates": [
          -77.8958591,
          43.9951933
        ]
      }
    },
    {
      "type": "Feature",
      "id": "node/2555565957",
      "properties": {
        "type": "Railway Node"
      },
      "geometry": {
        "type": "Point",
        "coordinates": [
          -77.8793952,
          43.9974881
        ]
      }
    },
    {
      "type": "Feature",
      "id": "node/2555565959",
      "properties": {
        "type": "Railway Node"
      },
      "geometry": {
        "type": "Point",
        "coordinates": [
          -77.8766094,
          43.9978742
        ]
      }
    },
    {
      "type": "Feature",
      "id": "node/2555565963",
      "properties": {
        "type": "Railway Node"
      },
      "geometry": {
        "type": "Point",
        "coordinates": [
          -77.8736383,
          43.9983567
        ]
      }
    },
    {
      "type": "Feature",
      "id": "node/2555565970",
      "properties": {
        "type": "Railway Node"
      },
      "geometry": {
        "type": "Point",
        "coordinates": [
          -77.8581056,
          44.0025829
        ]
      }
    },
    {
      "type": "Feature",
      "id": "node/2555565979",
      "properties": {
        "type": "Railway Node"
      },
      "geometry": {
        "type": "Point",
        "coordinates": [
          -77.8218946,
          44.0129788
        ]
      }
    },
    {
      "type": "Feature",
      "id": "node/2555565983",
      "properties": {
        "type": "Railway Node"
      },
      "geometry": {
        "type": "Point",
        "coordinates": [
          -77.8201339,
          44.0134626
        ]
      }
    },
    {
      "type": "Feature",
      "id": "node/2555565987",
      "properties": {
        "type": "Railway Node"
      },
      "geometry": {
        "type": "Point",
        "coordinates": [
          -77.8083129,
          44.0168643
        ]
      }
    },
    {
      "type": "Feature",
      "id": "node/2555565988",
      "properties": {
        "type": "Railway Node"
      },
      "geometry": {
        "type": "Point",
        "coordinates": [
          -77.8031537,
          44.0183483
        ]
      }
    },
    {
      "type": "Feature",
      "id": "node/2555565992",
      "properties": {
        "type": "Railway Node"
      },
      "geometry": {
        "type": "Point",
        "coordinates": [
          -77.7907165,
          44.0219071
        ]
      }
    },
    {
      "type": "Feature",
      "id": "node/2555565995",
      "properties": {
        "type": "Railway Node"
      },
      "geometry": {
        "type": "Point",
        "coordinates": [
          -77.7815709,
          44.0245591
        ]
      }
    },
    {
      "type": "Feature",
      "id": "node/2555565997",
      "properties": {
        "type": "Railway Node"
      },
      "geometry": {
        "type": "Point",
        "coordinates": [
          -77.7796653,
          44.0250835
        ]
      }
    },
    {
      "type": "Feature",
      "id": "node/2555566000",
      "properties": {
        "type": "Railway Node"
      },
      "geometry": {
        "type": "Point",
        "coordinates": [
          -77.7679452,
          44.0284509
        ]
      }
    },
    {
      "type": "Feature",
      "id": "node/2555566004",
      "properties": {
        "type": "Railway Node"
      },
      "geometry": {
        "type": "Point",
        "coordinates": [
          -77.7618921,
          44.0301839
        ]
      }
    },
    {
      "type": "Feature",
      "id": "node/2555566006",
      "properties": {
        "type": "Railway Node"
      },
      "geometry": {
        "type": "Point",
        "coordinates": [
          -77.7586351,
          44.03117
        ]
      }
    },
    {
      "type": "Feature",
      "id": "node/2555566007",
      "properties": {
        "type": "Railway Node"
      },
      "geometry": {
        "type": "Point",
        "coordinates": [
          -77.7572427,
          44.0315587
        ]
      }
    },
    {
      "type": "Feature",
      "id": "node/2555566011",
      "properties": {
        "type": "Railway Node"
      },
      "geometry": {
        "type": "Point",
        "coordinates": [
          -77.752203,
          44.0329694
        ]
      }
    },
    {
      "type": "Feature",
      "id": "node/2555566012",
      "properties": {
        "type": "Railway Node"
      },
      "geometry": {
        "type": "Point",
        "coordinates": [
          -77.7505827,
          44.0334267
        ]
      }
    },
    {
      "type": "Feature",
      "id": "node/2555566015",
      "properties": {
        "type": "Railway Node"
      },
      "geometry": {
        "type": "Point",
        "coordinates": [
          -77.7468794,
          44.0344905
        ]
      }
    },
    {
      "type": "Feature",
      "id": "node/2555566020",
      "properties": {
        "type": "Railway Node"
      },
      "geometry": {
        "type": "Point",
        "coordinates": [
          -77.7426353,
          44.0357011
        ]
      }
    },
    {
      "type": "Feature",
      "id": "node/2555566022",
      "properties": {
        "type": "Railway Node"
      },
      "geometry": {
        "type": "Point",
        "coordinates": [
          -77.739345,
          44.0366528
        ]
      }
    },
    {
      "type": "Feature",
      "id": "node/2555566024",
      "properties": {
        "type": "Railway Node"
      },
      "geometry": {
        "type": "Point",
        "coordinates": [
          -77.7380174,
          44.0370677
        ]
      }
    },
    {
      "type": "Feature",
      "id": "node/2555566026",
      "properties": {
        "type": "Railway Node"
      },
      "geometry": {
        "type": "Point",
        "coordinates": [
          -77.7365037,
          44.0374574
        ]
      }
    },
    {
      "type": "Feature",
      "id": "node/2555566038",
      "properties": {
        "type": "Railway Node"
      },
      "geometry": {
        "type": "Point",
        "coordinates": [
          -77.7226513,
          44.0414244
        ]
      }
    },
    {
      "type": "Feature",
      "id": "node/2555566054",
      "properties": {
        "type": "Railway Node"
      },
      "geometry": {
        "type": "Point",
        "coordinates": [
          -77.6988518,
          44.048657
        ]
      }
    },
    {
      "type": "Feature",
      "id": "node/2555566065",
      "properties": {
        "type": "Railway Node"
      },
      "geometry": {
        "type": "Point",
        "coordinates": [
          -77.6861837,
          44.0545678
        ]
      }
    },
    {
      "type": "Feature",
      "id": "node/2555566072",
      "properties": {
        "type": "Railway Node"
      },
      "geometry": {
        "type": "Point",
        "coordinates": [
          -77.6724046,
          44.0634485
        ]
      }
    },
    {
      "type": "Feature",
      "id": "node/2555566079",
      "properties": {
        "type": "Railway Node"
      },
      "geometry": {
        "type": "Point",
        "coordinates": [
          -77.6309325,
          44.0899918
        ]
      }
    },
    {
      "type": "Feature",
      "id": "node/2555566083",
      "properties": {
        "type": "Railway Node"
      },
      "geometry": {
        "type": "Point",
        "coordinates": [
          -77.5953263,
          44.1109264
        ]
      }
    },
    {
      "type": "Feature",
      "id": "node/2555566085",
      "properties": {
        "type": "Railway Node"
      },
      "geometry": {
        "type": "Point",
        "coordinates": [
          -77.5965529,
          44.1117078
        ]
      }
    },
    {
      "type": "Feature",
      "id": "node/2555566096",
      "properties": {
        "type": "Railway Node"
      },
      "geometry": {
        "type": "Point",
        "coordinates": [
          -77.6027214,
          44.1215155
        ]
      }
    },
    {
      "type": "Feature",
      "id": "node/2555577224",
      "properties": {
        "type": "Railway Node"
      },
      "geometry": {
        "type": "Point",
        "coordinates": [
          -78.0879747,
          43.9684263
        ]
      }
    },
    {
      "type": "Feature",
      "id": "node/2555577230",
      "properties": {
        "type": "Railway Node"
      },
      "geometry": {
        "type": "Point",
        "coordinates": [
          -78.0723598,
          43.9706522
        ]
      }
    },
    {
      "type": "Feature",
      "id": "node/2555577233",
      "properties": {
        "type": "Railway Node"
      },
      "geometry": {
        "type": "Point",
        "coordinates": [
          -78.0557252,
          43.9726958
        ]
      }
    },
    {
      "type": "Feature",
      "id": "node/2558703364",
      "properties": {
        "type": "Railway Node"
      },
      "geometry": {
        "type": "Point",
        "coordinates": [
          -77.5793358,
          44.1285136
        ]
      }
    },
    {
      "type": "Feature",
      "id": "node/2558703368",
      "properties": {
        "type": "Railway Node"
      },
      "geometry": {
        "type": "Point",
        "coordinates": [
          -77.577971,
          44.1293401
        ]
      }
    },
    {
      "type": "Feature",
      "id": "node/2558703403",
      "properties": {
        "type": "Railway Node"
      },
      "geometry": {
        "type": "Point",
        "coordinates": [
          -77.5685768,
          44.1325494
        ]
      }
    },
    {
      "type": "Feature",
      "id": "node/2558703407",
      "properties": {
        "type": "Railway Node"
      },
      "geometry": {
        "type": "Point",
        "coordinates": [
          -77.5672168,
          44.1327569
        ]
      }
    },
    {
      "type": "Feature",
      "id": "node/2558703409",
      "properties": {
        "type": "Railway Node"
      },
      "geometry": {
        "type": "Point",
        "coordinates": [
          -77.5655145,
          44.1330341
        ]
      }
    },
    {
      "type": "Feature",
      "id": "node/2558703415",
      "properties": {
        "type": "Railway Node"
      },
      "geometry": {
        "type": "Point",
        "coordinates": [
          -77.5570533,
          44.1342257
        ]
      }
    },
    {
      "type": "Feature",
      "id": "node/2558703424",
      "properties": {
        "type": "Railway Node"
      },
      "geometry": {
        "type": "Point",
        "coordinates": [
          -77.5433812,
          44.1362185
        ]
      }
    },
    {
      "type": "Feature",
      "id": "node/2558703434",
      "properties": {
        "type": "Railway Node"
      },
      "geometry": {
        "type": "Point",
        "coordinates": [
          -77.5328667,
          44.1376867
        ]
      }
    },
    {
      "type": "Feature",
      "id": "node/2558703438",
      "properties": {
        "type": "Railway Node"
      },
      "geometry": {
        "type": "Point",
        "coordinates": [
          -77.5306801,
          44.1380006
        ]
      }
    },
    {
      "type": "Feature",
      "id": "node/2558703454",
      "properties": {
        "type": "Railway Node"
      },
      "geometry": {
        "type": "Point",
        "coordinates": [
          -77.4980653,
          44.1460251
        ]
      }
    },
    {
      "type": "Feature",
      "id": "node/2558703457",
      "properties": {
        "type": "Railway Node"
      },
      "geometry": {
        "type": "Point",
        "coordinates": [
          -77.4802535,
          44.1505925
        ]
      }
    },
    {
      "type": "Feature",
      "id": "node/2558703459",
      "properties": {
        "type": "Railway Node"
      },
      "geometry": {
        "type": "Point",
        "coordinates": [
          -77.4780303,
          44.1511278
        ]
      }
    },
    {
      "type": "Feature",
      "id": "node/2558703468",
      "properties": {
        "type": "Railway Node"
      },
      "geometry": {
        "type": "Point",
        "coordinates": [
          -77.4394616,
          44.1609843
        ]
      }
    },
    {
      "type": "Feature",
      "id": "node/2558703474",
      "properties": {
        "type": "Railway Node"
      },
      "geometry": {
        "type": "Point",
        "coordinates": [
          -77.4292703,
          44.1636208
        ]
      }
    },
    {
      "type": "Feature",
      "id": "node/2563182411",
      "properties": {
        "type": "Railway Node"
      },
      "geometry": {
        "type": "Point",
        "coordinates": [
          -79.4155519,
          43.6403798
        ]
      }
    },
    {
      "type": "Feature",
      "id": "node/2588959789",
      "properties": {
        "type": "Railway Node"
      },
      "geometry": {
        "type": "Point",
        "coordinates": [
          -78.4604089,
          44.1985916
        ]
      }
    },
    {
      "type": "Feature",
      "id": "node/2588959790",
      "properties": {
        "type": "Railway Node"
      },
      "geometry": {
        "type": "Point",
        "coordinates": [
          -78.4677514,
          44.1932177
        ]
      }
    },
    {
      "type": "Feature",
      "id": "node/2588959792",
      "properties": {
        "type": "Railway Node"
      },
      "geometry": {
        "type": "Point",
        "coordinates": [
          -78.4169743,
          44.2235333
        ]
      }
    },
    {
      "type": "Feature",
      "id": "node/2588959794",
      "properties": {
        "type": "Railway Node"
      },
      "geometry": {
        "type": "Point",
        "coordinates": [
          -78.4687535,
          44.1926342
        ]
      }
    },
    {
      "type": "Feature",
      "id": "node/2588959798",
      "properties": {
        "type": "Railway Node"
      },
      "geometry": {
        "type": "Point",
        "coordinates": [
          -78.3546728,
          44.2666782
        ]
      }
    },
    {
      "type": "Feature",
      "id": "node/2588959799",
      "properties": {
        "type": "Railway Node"
      },
      "geometry": {
        "type": "Point",
        "coordinates": [
          -78.3323787,
          44.2879318
        ]
      }
    },
    {
      "type": "Feature",
      "id": "node/2588959804",
      "properties": {
        "type": "Railway Node"
      },
      "geometry": {
        "type": "Point",
        "coordinates": [
          -78.464746,
          44.1945667
        ]
      }
    },
    {
      "type": "Feature",
      "id": "node/2588959806",
      "properties": {
        "type": "Railway Node"
      },
      "geometry": {
        "type": "Point",
        "coordinates": [
          -78.3524203,
          44.2687543
        ]
      }
    },
    {
      "type": "Feature",
      "id": "node/2588959807",
      "properties": {
        "type": "Railway Node"
      },
      "geometry": {
        "type": "Point",
        "coordinates": [
          -78.3804019,
          44.2429635
        ]
      }
    },
    {
      "type": "Feature",
      "id": "node/2588959812",
      "properties": {
        "type": "Railway Node"
      },
      "geometry": {
        "type": "Point",
        "coordinates": [
          -78.450228,
          44.2060979
        ]
      }
    },
    {
      "type": "Feature",
      "id": "node/2588959814",
      "properties": {
        "type": "Railway Node"
      },
      "geometry": {
        "type": "Point",
        "coordinates": [
          -78.3990107,
          44.2327275
        ]
      }
    },
    {
      "type": "Feature",
      "id": "node/2588959819",
      "properties": {
        "type": "Railway Node"
      },
      "geometry": {
        "type": "Point",
        "coordinates": [
          -78.4466591,
          44.2083292
        ]
      }
    },
    {
      "type": "Feature",
      "id": "node/2588959821",
      "properties": {
        "type": "Railway Node"
      },
      "geometry": {
        "type": "Point",
        "coordinates": [
          -78.4730552,
          44.1906218
        ]
      }
    },
    {
      "type": "Feature",
      "id": "node/2588959825",
      "properties": {
        "type": "Railway Node"
      },
      "geometry": {
        "type": "Point",
        "coordinates": [
          -78.4664978,
          44.1940761
        ]
      }
    },
    {
      "type": "Feature",
      "id": "node/2588959828",
      "properties": {
        "type": "Railway Node"
      },
      "geometry": {
        "type": "Point",
        "coordinates": [
          -78.3450066,
          44.2756456
        ]
      }
    },
    {
      "type": "Feature",
      "id": "node/2588959832",
      "properties": {
        "type": "Railway Node"
      },
      "geometry": {
        "type": "Point",
        "coordinates": [
          -78.3843941,
          44.2401851
        ]
      }
    },
    {
      "type": "Feature",
      "id": "node/2588959840",
      "properties": {
        "type": "Railway Node"
      },
      "geometry": {
        "type": "Point",
        "coordinates": [
          -78.4522531,
          44.2046365
        ]
      }
    },
    {
      "type": "Feature",
      "id": "node/2588959845",
      "properties": {
        "type": "Railway Node"
      },
      "geometry": {
        "type": "Point",
        "coordinates": [
          -78.4397922,
          44.2118526
        ]
      }
    },
    {
      "type": "Feature",
      "id": "node/2588959848",
      "properties": {
        "type": "Railway Node"
      },
      "geometry": {
        "type": "Point",
        "coordinates": [
          -78.3355229,
          44.2855408
        ]
      }
    },
    {
      "type": "Feature",
      "id": "node/2588959850",
      "properties": {
        "type": "Railway Node"
      },
      "geometry": {
        "type": "Point",
        "coordinates": [
          -78.3467035,
          44.2740413
        ]
      }
    },
    {
      "type": "Feature",
      "id": "node/2588959851",
      "properties": {
        "type": "Railway Node"
      },
      "geometry": {
        "type": "Point",
        "coordinates": [
          -78.3430668,
          44.2776918
        ]
      }
    },
    {
      "type": "Feature",
      "id": "node/2588959858",
      "properties": {
        "type": "Railway Node"
      },
      "geometry": {
        "type": "Point",
        "coordinates": [
          -78.454428,
          44.2030038
        ]
      }
    },
    {
      "type": "Feature",
      "id": "node/2588959862",
      "properties": {
        "type": "Railway Node"
      },
      "geometry": {
        "type": "Point",
        "coordinates": [
          -78.4716105,
          44.1912289
        ]
      }
    },
    {
      "type": "Feature",
      "id": "node/2628571788",
      "properties": {
        "type": "Railway Node"
      },
      "geometry": {
        "type": "Point",
        "coordinates": [
          -79.3086378,
          44.191076
        ]
      }
    },
    {
      "type": "Feature",
      "id": "node/2706491869",
      "properties": {
        "type": "Railway Node"
      },
      "geometry": {
        "type": "Point",
        "coordinates": [
          -79.3550544,
          43.8274843
        ]
      }
    },
    {
      "type": "Feature",
      "id": "node/2940480627",
      "properties": {
        "type": "Railway Node"
      },
      "geometry": {
        "type": "Point",
        "coordinates": [
          -77.895514,
          44.4328328
        ]
      }
    },
    {
      "type": "Feature",
      "id": "node/2940480631",
      "properties": {
        "type": "Railway Node"
      },
      "geometry": {
        "type": "Point",
        "coordinates": [
          -77.9926511,
          44.5841821
        ]
      }
    },
    {
      "type": "Feature",
      "id": "node/2940480632",
      "properties": {
        "type": "Railway Node"
      },
      "geometry": {
        "type": "Point",
        "coordinates": [
          -77.9950061,
          44.5849333
        ]
      }
    },
    {
      "type": "Feature",
      "id": "node/2940480635",
      "properties": {
        "type": "Railway Node"
      },
      "geometry": {
        "type": "Point",
        "coordinates": [
          -78.0114713,
          44.6121219
        ]
      }
    },
    {
      "type": "Feature",
      "id": "node/2940480638",
      "properties": {
        "type": "Railway Node"
      },
      "geometry": {
        "type": "Point",
        "coordinates": [
          -78.0084156,
          44.6149722
        ]
      }
    },
    {
      "type": "Feature",
      "id": "node/2940480656",
      "properties": {
        "type": "Railway Node"
      },
      "geometry": {
        "type": "Point",
        "coordinates": [
          -77.9935989,
          44.6273848
        ]
      }
    },
    {
      "type": "Feature",
      "id": "node/2940481506",
      "properties": {
        "type": "Railway Node"
      },
      "geometry": {
        "type": "Point",
        "coordinates": [
          -77.9953176,
          44.6299982
        ]
      }
    },
    {
      "type": "Feature",
      "id": "node/2940481513",
      "properties": {
        "type": "Railway Node"
      },
      "geometry": {
        "type": "Point",
        "coordinates": [
          -77.9487572,
          44.6662976
        ]
      }
    },
    {
      "type": "Feature",
      "id": "node/2940481518",
      "properties": {
        "type": "Railway Node"
      },
      "geometry": {
        "type": "Point",
        "coordinates": [
          -77.9478707,
          44.6688445
        ]
      }
    },
    {
      "type": "Feature",
      "id": "node/2943843363",
      "properties": {
        "type": "Railway Node"
      },
      "geometry": {
        "type": "Point",
        "coordinates": [
          -78.9991718,
          44.0152865
        ]
      }
    },
    {
      "type": "Feature",
      "id": "node/2943843372",
      "properties": {
        "type": "Railway Node"
      },
      "geometry": {
        "type": "Point",
        "coordinates": [
          -78.7279138,
          44.0705589
        ]
      }
    },
    {
      "type": "Feature",
      "id": "node/2943843375",
      "properties": {
        "type": "Railway Node"
      },
      "geometry": {
        "type": "Point",
        "coordinates": [
          -78.7250033,
          44.0710581
        ]
      }
    },
    {
      "type": "Feature",
      "id": "node/2943843376",
      "properties": {
        "type": "Railway Node"
      },
      "geometry": {
        "type": "Point",
        "coordinates": [
          -78.7209829,
          44.0728113
        ]
      }
    },
    {
      "type": "Feature",
      "id": "node/2943843377",
      "properties": {
        "type": "Railway Node"
      },
      "geometry": {
        "type": "Point",
        "coordinates": [
          -78.7196484,
          44.0734353
        ]
      }
    },
    {
      "type": "Feature",
      "id": "node/2943843380",
      "properties": {
        "type": "Railway Node"
      },
      "geometry": {
        "type": "Point",
        "coordinates": [
          -78.5367778,
          44.1626209
        ]
      }
    },
    {
      "type": "Feature",
      "id": "node/2943843382",
      "properties": {
        "type": "Railway Node"
      },
      "geometry": {
        "type": "Point",
        "coordinates": [
          -78.5350078,
          44.1643372
        ]
      }
    },
    {
      "type": "Feature",
      "id": "node/2943843383",
      "properties": {
        "type": "Railway Node"
      },
      "geometry": {
        "type": "Point",
        "coordinates": [
          -78.5319129,
          44.1656058
        ]
      }
    },
    {
      "type": "Feature",
      "id": "node/2943843386",
      "properties": {
        "type": "Railway Node"
      },
      "geometry": {
        "type": "Point",
        "coordinates": [
          -78.5306727,
          44.1661485
        ]
      }
    },
    {
      "type": "Feature",
      "id": "node/2943843387",
      "properties": {
        "type": "Railway Node"
      },
      "geometry": {
        "type": "Point",
        "coordinates": [
          -78.5259341,
          44.1687795
        ]
      }
    },
    {
      "type": "Feature",
      "id": "node/2943843396",
      "properties": {
        "type": "Railway Node"
      },
      "geometry": {
        "type": "Point",
        "coordinates": [
          -78.5148136,
          44.1749536
        ]
      }
    },
    {
      "type": "Feature",
      "id": "node/2943843398",
      "properties": {
        "type": "Railway Node"
      },
      "geometry": {
        "type": "Point",
        "coordinates": [
          -78.5105293,
          44.1767008
        ]
      }
    },
    {
      "type": "Feature",
      "id": "node/2943843400",
      "properties": {
        "type": "Railway Node"
      },
      "geometry": {
        "type": "Point",
        "coordinates": [
          -78.5058004,
          44.1784268
        ]
      }
    },
    {
      "type": "Feature",
      "id": "node/2943843401",
      "properties": {
        "type": "Railway Node"
      },
      "geometry": {
        "type": "Point",
        "coordinates": [
          -78.5046016,
          44.1788622
        ]
      }
    },
    {
      "type": "Feature",
      "id": "node/2943843402",
      "properties": {
        "type": "Railway Node"
      },
      "geometry": {
        "type": "Point",
        "coordinates": [
          -78.5029584,
          44.1794711
        ]
      }
    },
    {
      "type": "Feature",
      "id": "node/2943843403",
      "properties": {
        "type": "Railway Node"
      },
      "geometry": {
        "type": "Point",
        "coordinates": [
          -78.5014381,
          44.1800213
        ]
      }
    },
    {
      "type": "Feature",
      "id": "node/2943843404",
      "properties": {
        "type": "Railway Node"
      },
      "geometry": {
        "type": "Point",
        "coordinates": [
          -78.500264,
          44.1805264
        ]
      }
    },
    {
      "type": "Feature",
      "id": "node/2943843405",
      "properties": {
        "type": "Railway Node"
      },
      "geometry": {
        "type": "Point",
        "coordinates": [
          -78.497534,
          44.1819731
        ]
      }
    },
    {
      "type": "Feature",
      "id": "node/2943843406",
      "properties": {
        "type": "Railway Node"
      },
      "geometry": {
        "type": "Point",
        "coordinates": [
          -78.4961145,
          44.1827437
        ]
      }
    },
    {
      "type": "Feature",
      "id": "node/2943843409",
      "properties": {
        "type": "Railway Node"
      },
      "geometry": {
        "type": "Point",
        "coordinates": [
          -78.4927362,
          44.18418
        ]
      }
    },
    {
      "type": "Feature",
      "id": "node/2943847841",
      "properties": {
        "type": "Railway Node"
      },
      "geometry": {
        "type": "Point",
        "coordinates": [
          -78.2087435,
          44.3290072
        ]
      }
    },
    {
      "type": "Feature",
      "id": "node/2943847846",
      "properties": {
        "type": "Railway Node"
      },
      "geometry": {
        "type": "Point",
        "coordinates": [
          -78.2017244,
          44.3305669
        ]
      }
    },
    {
      "type": "Feature",
      "id": "node/2943847856",
      "properties": {
        "type": "Railway Node"
      },
      "geometry": {
        "type": "Point",
        "coordinates": [
          -78.1359338,
          44.3449221
        ]
      }
    },
    {
      "type": "Feature",
      "id": "node/2943847857",
      "properties": {
        "type": "Railway Node"
      },
      "geometry": {
        "type": "Point",
        "coordinates": [
          -78.1344639,
          44.3454932
        ]
      }
    },
    {
      "type": "Feature",
      "id": "node/2943847861",
      "properties": {
        "type": "Railway Node"
      },
      "geometry": {
        "type": "Point",
        "coordinates": [
          -78.1100805,
          44.3525957
        ]
      }
    },
    {
      "type": "Feature",
      "id": "node/2943847876",
      "properties": {
        "type": "Railway Node"
      },
      "geometry": {
        "type": "Point",
        "coordinates": [
          -77.9833081,
          44.3854847
        ]
      }
    },
    {
      "type": "Feature",
      "id": "node/2943847879",
      "properties": {
        "type": "Railway Node"
      },
      "geometry": {
        "type": "Point",
        "coordinates": [
          -77.9820366,
          44.3858938
        ]
      }
    },
    {
      "type": "Feature",
      "id": "node/2943847886",
      "properties": {
        "type": "Railway Node"
      },
      "geometry": {
        "type": "Point",
        "coordinates": [
          -77.977909,
          44.3867002
        ]
      }
    },
    {
      "type": "Feature",
      "id": "node/2943847908",
      "properties": {
        "type": "Railway Node"
      },
      "geometry": {
        "type": "Point",
        "coordinates": [
          -77.8845864,
          44.4308721
        ]
      }
    },
    {
      "type": "Feature",
      "id": "node/2943847913",
      "properties": {
        "type": "Railway Node"
      },
      "geometry": {
        "type": "Point",
        "coordinates": [
          -77.8847618,
          44.4318311
        ]
      }
    },
    {
      "type": "Feature",
      "id": "node/2943847928",
      "properties": {
        "type": "Railway Node"
      },
      "geometry": {
        "type": "Point",
        "coordinates": [
          -77.8867824,
          44.4323541
        ]
      }
    },
    {
      "type": "Feature",
      "id": "node/2954563498",
      "properties": {
        "type": "Railway Node"
      },
      "geometry": {
        "type": "Point",
        "coordinates": [
          -79.4227598,
          43.9147592
        ]
      }
    },
    {
      "type": "Feature",
      "id": "node/2954563499",
      "properties": {
        "type": "Railway Node"
      },
      "geometry": {
        "type": "Point",
        "coordinates": [
          -79.4215961,
          43.9157265
        ]
      }
    },
    {
      "type": "Feature",
      "id": "node/2954563505",
      "properties": {
        "type": "Railway Node"
      },
      "geometry": {
        "type": "Point",
        "coordinates": [
          -79.4153386,
          43.9218524
        ]
      }
    },
    {
      "type": "Feature",
      "id": "node/2954563510",
      "properties": {
        "type": "Railway Node"
      },
      "geometry": {
        "type": "Point",
        "coordinates": [
          -79.4104508,
          43.9267827
        ]
      }
    },
    {
      "type": "Feature",
      "id": "node/3057372182",
      "properties": {
        "type": "Railway Node"
      },
      "geometry": {
        "type": "Point",
        "coordinates": [
          -79.2347659,
          43.9946289
        ]
      }
    },
    {
      "type": "Feature",
      "id": "node/3057372187",
      "properties": {
        "type": "Railway Node"
      },
      "geometry": {
        "type": "Point",
        "coordinates": [
          -79.2340298,
          43.995607
        ]
      }
    },
    {
      "type": "Feature",
      "id": "node/3113952431",
      "properties": {
        "type": "Railway Node"
      },
      "geometry": {
        "type": "Point",
        "coordinates": [
          -79.4176682,
          43.6737005
        ]
      }
    },
    {
      "type": "Feature",
      "id": "node/3203924402",
      "properties": {
        "type": "Railway Node"
      },
      "geometry": {
        "type": "Point",
        "coordinates": [
          -78.8295629,
          43.8738383
        ]
      }
    },
    {
      "type": "Feature",
      "id": "node/3203924403",
      "properties": {
        "type": "Railway Node"
      },
      "geometry": {
        "type": "Point",
        "coordinates": [
          -78.8269915,
          43.8710433
        ]
      }
    },
    {
      "type": "Feature",
      "id": "node/3205996153",
      "properties": {
        "type": "Railway Node"
      },
      "geometry": {
        "type": "Point",
        "coordinates": [
          -78.8260419,
          43.8701123
        ]
      }
    },
    {
      "type": "Feature",
      "id": "node/3205996155",
      "properties": {
        "type": "Railway Node"
      },
      "geometry": {
        "type": "Point",
        "coordinates": [
          -78.8245639,
          43.8697971
        ]
      }
    },
    {
      "type": "Feature",
      "id": "node/3266007964",
      "properties": {
        "type": "Railway Node"
      },
      "geometry": {
        "type": "Point",
        "coordinates": [
          -79.3085472,
          43.8319894
        ]
      }
    },
    {
      "type": "Feature",
      "id": "node/3266007968",
      "properties": {
        "type": "Railway Node"
      },
      "geometry": {
        "type": "Point",
        "coordinates": [
          -79.3096895,
          43.8330918
        ]
      }
    },
    {
      "type": "Feature",
      "id": "node/3309978060",
      "properties": {
        "type": "Railway Node"
      },
      "geometry": {
        "type": "Point",
        "coordinates": [
          -78.9654619,
          44.0193136
        ]
      }
    },
    {
      "type": "Feature",
      "id": "node/3309984764",
      "properties": {
        "type": "Railway Node"
      },
      "geometry": {
        "type": "Point",
        "coordinates": [
          -78.9635591,
          44.0201328
        ]
      }
    },
    {
      "type": "Feature",
      "id": "node/3309984766",
      "properties": {
        "type": "Railway Node"
      },
      "geometry": {
        "type": "Point",
        "coordinates": [
          -78.9619693,
          44.0207359
        ]
      }
    },
    {
      "type": "Feature",
      "id": "node/3310116785",
      "properties": {
        "type": "Railway Node"
      },
      "geometry": {
        "type": "Point",
        "coordinates": [
          -79.1353759,
          43.9810166
        ]
      }
    },
    {
      "type": "Feature",
      "id": "node/3364825934",
      "properties": {
        "type": "Railway Node"
      },
      "geometry": {
        "type": "Point",
        "coordinates": [
          -79.5022489,
          43.6947401
        ]
      }
    },
    {
      "type": "Feature",
      "id": "node/3399076867",
      "properties": {
        "type": "Railway Node"
      },
      "geometry": {
        "type": "Point",
        "coordinates": [
          -79.0897187,
          43.8829502
        ]
      }
    },
    {
      "type": "Feature",
      "id": "node/3427521996",
      "properties": {
        "type": "Railway Node"
      },
      "geometry": {
        "type": "Point",
        "coordinates": [
          -79.2329428,
          43.8055083
        ]
      }
    },
    {
      "type": "Feature",
      "id": "node/3427521998",
      "properties": {
        "type": "Railway Node"
      },
      "geometry": {
        "type": "Point",
        "coordinates": [
          -79.2354638,
          43.8045764
        ]
      }
    },
    {
      "type": "Feature",
      "id": "node/3429803978",
      "properties": {
        "type": "Railway Node"
      },
      "geometry": {
        "type": "Point",
        "coordinates": [
          -79.2657847,
          43.7912782
        ]
      }
    },
    {
      "type": "Feature",
      "id": "node/3429811055",
      "properties": {
        "type": "Railway Node"
      },
      "geometry": {
        "type": "Point",
        "coordinates": [
          -79.2534189,
          43.7968884
        ]
      }
    },
    {
      "type": "Feature",
      "id": "node/3429811110",
      "properties": {
        "type": "Railway Node"
      },
      "geometry": {
        "type": "Point",
        "coordinates": [
          -79.2468216,
          43.8123788
        ]
      }
    },
    {
      "type": "Feature",
      "id": "node/3429811112",
      "properties": {
        "type": "Railway Node"
      },
      "geometry": {
        "type": "Point",
        "coordinates": [
          -79.2461922,
          43.813326
        ]
      }
    },
    {
      "type": "Feature",
      "id": "node/3429811119",
      "properties": {
        "type": "Railway Node"
      },
      "geometry": {
        "type": "Point",
        "coordinates": [
          -79.2429172,
          43.8182751
        ]
      }
    },
    {
      "type": "Feature",
      "id": "node/3430897608",
      "properties": {
        "type": "Railway Node"
      },
      "geometry": {
        "type": "Point",
        "coordinates": [
          -79.2576153,
          43.7951044
        ]
      }
    },
    {
      "type": "Feature",
      "id": "node/3430897648",
      "properties": {
        "type": "Railway Node"
      },
      "geometry": {
        "type": "Point",
        "coordinates": [
          -79.2555414,
          43.7966413
        ]
      }
    },
    {
      "type": "Feature",
      "id": "node/3430897707",
      "properties": {
        "type": "Railway Node"
      },
      "geometry": {
        "type": "Point",
        "coordinates": [
          -79.2466242,
          43.8005818
        ]
      }
    },
    {
      "type": "Feature",
      "id": "node/3430897807",
      "properties": {
        "type": "Railway Node"
      },
      "geometry": {
        "type": "Point",
        "coordinates": [
          -79.2457292,
          43.8017211
        ]
      }
    },
    {
      "type": "Feature",
      "id": "node/3430897860",
      "properties": {
        "type": "Railway Node"
      },
      "geometry": {
        "type": "Point",
        "coordinates": [
          -79.2444321,
          43.8022789
        ]
      }
    },
    {
      "type": "Feature",
      "id": "node/3430897938",
      "properties": {
        "type": "Railway Node"
      },
      "geometry": {
        "type": "Point",
        "coordinates": [
          -79.2440268,
          43.8033166
        ]
      }
    },
    {
      "type": "Feature",
      "id": "node/3430897966",
      "properties": {
        "type": "Railway Node"
      },
      "geometry": {
        "type": "Point",
        "coordinates": [
          -79.2392652,
          43.8037472
        ]
      }
    },
    {
      "type": "Feature",
      "id": "node/3430898024",
      "properties": {
        "type": "Railway Node"
      },
      "geometry": {
        "type": "Point",
        "coordinates": [
          -79.2441765,
          43.8043671
        ]
      }
    },
    {
      "type": "Feature",
      "id": "node/3430898057",
      "properties": {
        "type": "Railway Node"
      },
      "geometry": {
        "type": "Point",
        "coordinates": [
          -79.2446397,
          43.8056792
        ]
      }
    },
    {
      "type": "Feature",
      "id": "node/3432293413",
      "properties": {
        "type": "Railway Node"
      },
      "geometry": {
        "type": "Point",
        "coordinates": [
          -78.9079659,
          43.8621078
        ]
      }
    },
    {
      "type": "Feature",
      "id": "node/3432293464",
      "properties": {
        "type": "Railway Node"
      },
      "geometry": {
        "type": "Point",
        "coordinates": [
          -78.9074901,
          43.8630304
        ]
      }
    },
    {
      "type": "Feature",
      "id": "node/3432293480",
      "properties": {
        "type": "Railway Node"
      },
      "geometry": {
        "type": "Point",
        "coordinates": [
          -78.9315079,
          43.8636383
        ]
      }
    },
    {
      "type": "Feature",
      "id": "node/3432293490",
      "properties": {
        "type": "Railway Node"
      },
      "geometry": {
        "type": "Point",
        "coordinates": [
          -78.9013742,
          43.865077
        ]
      }
    },
    {
      "type": "Feature",
      "id": "node/3432293596",
      "properties": {
        "type": "Railway Node"
      },
      "geometry": {
        "type": "Point",
        "coordinates": [
          -78.894215,
          43.8673282
        ]
      }
    },
    {
      "type": "Feature",
      "id": "node/3432293656",
      "properties": {
        "type": "Railway Node"
      },
      "geometry": {
        "type": "Point",
        "coordinates": [
          -78.8819886,
          43.876452
        ]
      }
    },
    {
      "type": "Feature",
      "id": "node/3432293658",
      "properties": {
        "type": "Railway Node"
      },
      "geometry": {
        "type": "Point",
        "coordinates": [
          -78.8832565,
          43.8768691
        ]
      }
    },
    {
      "type": "Feature",
      "id": "node/3432293672",
      "properties": {
        "type": "Railway Node"
      },
      "geometry": {
        "type": "Point",
        "coordinates": [
          -78.884274,
          43.877844
        ]
      }
    },
    {
      "type": "Feature",
      "id": "node/3432293679",
      "properties": {
        "type": "Railway Node"
      },
      "geometry": {
        "type": "Point",
        "coordinates": [
          -78.8849503,
          43.8786337
        ]
      }
    },
    {
      "type": "Feature",
      "id": "node/3432293690",
      "properties": {
        "type": "Railway Node"
      },
      "geometry": {
        "type": "Point",
        "coordinates": [
          -78.9122122,
          43.876925
        ]
      }
    },
    {
      "type": "Feature",
      "id": "node/3432293815",
      "properties": {
        "type": "Railway Node"
      },
      "geometry": {
        "type": "Point",
        "coordinates": [
          -78.8855419,
          43.882165
        ]
      }
    },
    {
      "type": "Feature",
      "id": "node/3432293825",
      "properties": {
        "type": "Railway Node"
      },
      "geometry": {
        "type": "Point",
        "coordinates": [
          -78.8843553,
          43.8826313
        ]
      }
    },
    {
      "type": "Feature",
      "id": "node/3435212292",
      "properties": {
        "type": "Railway Node"
      },
      "geometry": {
        "type": "Point",
        "coordinates": [
          -78.9135884,
          43.8775445
        ]
      }
    },
    {
      "type": "Feature",
      "id": "node/3435224993",
      "properties": {
        "type": "Railway Node"
      },
      "geometry": {
        "type": "Point",
        "coordinates": [
          -78.9151396,
          43.8782438
        ]
      }
    },
    {
      "type": "Feature",
      "id": "node/3435225003",
      "properties": {
        "type": "Railway Node"
      },
      "geometry": {
        "type": "Point",
        "coordinates": [
          -78.9295204,
          43.8846795
        ]
      }
    },
    {
      "type": "Feature",
      "id": "node/3435364886",
      "properties": {
        "type": "Railway Node"
      },
      "geometry": {
        "type": "Point",
        "coordinates": [
          -79.1565619,
          43.8177407
        ]
      }
    },
    {
      "type": "Feature",
      "id": "node/3435367996",
      "properties": {
        "type": "Railway Node"
      },
      "geometry": {
        "type": "Point",
        "coordinates": [
          -79.1607153,
          43.819307
        ]
      }
    },
    {
      "type": "Feature",
      "id": "node/3435368011",
      "properties": {
        "type": "Railway Node"
      },
      "geometry": {
        "type": "Point",
        "coordinates": [
          -79.1744393,
          43.8331105
        ]
      }
    },
    {
      "type": "Feature",
      "id": "node/3435368026",
      "properties": {
        "type": "Railway Node"
      },
      "geometry": {
        "type": "Point",
        "coordinates": [
          -79.3239768,
          43.8428281
        ]
      }
    },
    {
      "type": "Feature",
      "id": "node/3688939553",
      "properties": {
        "type": "Railway Node"
      },
      "geometry": {
        "type": "Point",
        "coordinates": [
          -78.2854601,
          44.3060542
        ]
      }
    },
    {
      "type": "Feature",
      "id": "node/3710064267",
      "properties": {
        "type": "Railway Node"
      },
      "geometry": {
        "type": "Point",
        "coordinates": [
          -79.417138,
          43.6404716
        ]
      }
    },
    {
      "type": "Feature",
      "id": "node/3792015909",
      "properties": {
        "type": "Railway Node"
      },
      "geometry": {
        "type": "Point",
        "coordinates": [
          -79.3500114,
          44.0708474
        ]
      }
    },
    {
      "type": "Feature",
      "id": "node/4214523763",
      "properties": {
        "type": "Railway Node"
      },
      "geometry": {
        "type": "Point",
        "coordinates": [
          -79.4980124,
          43.8371317
        ]
      }
    },
    {
      "type": "Feature",
      "id": "node/4214523777",
      "properties": {
        "type": "Railway Node"
      },
      "geometry": {
        "type": "Point",
        "coordinates": [
          -79.4983909,
          43.8393483
        ]
      }
    },
    {
      "type": "Feature",
      "id": "node/4255314074",
      "properties": {
        "type": "Railway Node"
      },
      "geometry": {
        "type": "Point",
        "coordinates": [
          -78.9912395,
          43.8943856
        ]
      }
    },
    {
      "type": "Feature",
      "id": "node/4257795455",
      "properties": {
        "type": "Railway Node"
      },
      "geometry": {
        "type": "Point",
        "coordinates": [
          -78.7431245,
          43.8828964
        ]
      }
    },
    {
      "type": "Feature",
      "id": "node/4257795457",
      "properties": {
        "type": "Railway Node"
      },
      "geometry": {
        "type": "Point",
        "coordinates": [
          -78.7392686,
          43.8848418
        ]
      }
    },
    {
      "type": "Feature",
      "id": "node/4285192600",
      "properties": {
        "type": "Railway Node"
      },
      "geometry": {
        "type": "Point",
        "coordinates": [
          -78.6332073,
          44.0973648
        ]
      }
    },
    {
      "type": "Feature",
      "id": "node/4285192602",
      "properties": {
        "type": "Railway Node"
      },
      "geometry": {
        "type": "Point",
        "coordinates": [
          -78.6321497,
          44.0979864
        ]
      }
    },
    {
      "type": "Feature",
      "id": "node/4285192609",
      "properties": {
        "type": "Railway Node"
      },
      "geometry": {
        "type": "Point",
        "coordinates": [
          -78.629619,
          44.0994374
        ]
      }
    },
    {
      "type": "Feature",
      "id": "node/4285192619",
      "properties": {
        "type": "Railway Node"
      },
      "geometry": {
        "type": "Point",
        "coordinates": [
          -78.6239957,
          44.1027429
        ]
      }
    },
    {
      "type": "Feature",
      "id": "node/4285192621",
      "properties": {
        "type": "Railway Node"
      },
      "geometry": {
        "type": "Point",
        "coordinates": [
          -78.6189281,
          44.1056786
        ]
      }
    },
    {
      "type": "Feature",
      "id": "node/4285192622",
      "properties": {
        "type": "Railway Node"
      },
      "geometry": {
        "type": "Point",
        "coordinates": [
          -78.6177476,
          44.1063897
        ]
      }
    },
    {
      "type": "Feature",
      "id": "node/4285192624",
      "properties": {
        "type": "Railway Node"
      },
      "geometry": {
        "type": "Point",
        "coordinates": [
          -78.6156231,
          44.1079433
        ]
      }
    },
    {
      "type": "Feature",
      "id": "node/4285192627",
      "properties": {
        "type": "Railway Node"
      },
      "geometry": {
        "type": "Point",
        "coordinates": [
          -78.6110315,
          44.110287
        ]
      }
    },
    {
      "type": "Feature",
      "id": "node/4285192630",
      "properties": {
        "type": "Railway Node"
      },
      "geometry": {
        "type": "Point",
        "coordinates": [
          -78.6081483,
          44.1122793
        ]
      }
    },
    {
      "type": "Feature",
      "id": "node/4285192633",
      "properties": {
        "type": "Railway Node"
      },
      "geometry": {
        "type": "Point",
        "coordinates": [
          -78.6056694,
          44.114118
        ]
      }
    },
    {
      "type": "Feature",
      "id": "node/4285192636",
      "properties": {
        "type": "Railway Node"
      },
      "geometry": {
        "type": "Point",
        "coordinates": [
          -78.6005052,
          44.115998
        ]
      }
    },
    {
      "type": "Feature",
      "id": "node/4285192637",
      "properties": {
        "type": "Railway Node"
      },
      "geometry": {
        "type": "Point",
        "coordinates": [
          -78.5884619,
          44.1198576
        ]
      }
    },
    {
      "type": "Feature",
      "id": "node/4285192642",
      "properties": {
        "type": "Railway Node"
      },
      "geometry": {
        "type": "Point",
        "coordinates": [
          -78.5818968,
          44.1221621
        ]
      }
    },
    {
      "type": "Feature",
      "id": "node/4285192646",
      "properties": {
        "type": "Railway Node"
      },
      "geometry": {
        "type": "Point",
        "coordinates": [
          -78.5650662,
          44.1282959
        ]
      }
    },
    {
      "type": "Feature",
      "id": "node/4285192647",
      "properties": {
        "type": "Railway Node"
      },
      "geometry": {
        "type": "Point",
        "coordinates": [
          -78.5577674,
          44.1331121
        ]
      }
    },
    {
      "type": "Feature",
      "id": "node/4285192648",
      "properties": {
        "type": "Railway Node"
      },
      "geometry": {
        "type": "Point",
        "coordinates": [
          -78.5570034,
          44.1338897
        ]
      }
    },
    {
      "type": "Feature",
      "id": "node/4285192650",
      "properties": {
        "type": "Railway Node"
      },
      "geometry": {
        "type": "Point",
        "coordinates": [
          -78.5553721,
          44.1362324
        ]
      }
    },
    {
      "type": "Feature",
      "id": "node/4285192651",
      "properties": {
        "type": "Railway Node"
      },
      "geometry": {
        "type": "Point",
        "coordinates": [
          -78.5549306,
          44.1371571
        ]
      }
    },
    {
      "type": "Feature",
      "id": "node/4285192655",
      "properties": {
        "type": "Railway Node"
      },
      "geometry": {
        "type": "Point",
        "coordinates": [
          -78.5461284,
          44.1451399
        ]
      }
    },
    {
      "type": "Feature",
      "id": "node/4285192657",
      "properties": {
        "type": "Railway Node"
      },
      "geometry": {
        "type": "Point",
        "coordinates": [
          -78.5454146,
          44.1459301
        ]
      }
    },
    {
      "type": "Feature",
      "id": "node/4300746098",
      "properties": {
        "type": "Railway Node"
      },
      "geometry": {
        "type": "Point",
        "coordinates": [
          -79.2467761,
          43.8094086
        ]
      }
    },
    {
      "type": "Feature",
      "id": "node/4301470144",
      "properties": {
        "type": "Railway Node"
      },
      "geometry": {
        "type": "Point",
        "coordinates": [
          -79.2448821,
          43.8066279
        ]
      }
    },
    {
      "type": "Feature",
      "id": "node/4301470154",
      "properties": {
        "type": "Railway Node"
      },
      "geometry": {
        "type": "Point",
        "coordinates": [
          -79.2452784,
          43.8078782
        ]
      }
    },
    {
      "type": "Feature",
      "id": "node/4306552639",
      "properties": {
        "type": "Railway Node"
      },
      "geometry": {
        "type": "Point",
        "coordinates": [
          -78.8675502,
          43.8590315
        ]
      }
    },
    {
      "type": "Feature",
      "id": "node/4308837862",
      "properties": {
        "type": "Railway Node"
      },
      "geometry": {
        "type": "Point",
        "coordinates": [
          -79.4256026,
          43.8661755
        ]
      }
    },
    {
      "type": "Feature",
      "id": "node/4331029044",
      "properties": {
        "type": "Railway Node"
      },
      "geometry": {
        "type": "Point",
        "coordinates": [
          -79.3405607,
          44.0830921
        ]
      }
    },
    {
      "type": "Feature",
      "id": "node/4331029050",
      "properties": {
        "type": "Railway Node"
      },
      "geometry": {
        "type": "Point",
        "coordinates": [
          -79.3455603,
          44.0912396
        ]
      }
    },
    {
      "type": "Feature",
      "id": "node/4331029054",
      "properties": {
        "type": "Railway Node"
      },
      "geometry": {
        "type": "Point",
        "coordinates": [
          -79.3470624,
          44.0933857
        ]
      }
    },
    {
      "type": "Feature",
      "id": "node/4333173485",
      "properties": {
        "type": "Railway Node"
      },
      "geometry": {
        "type": "Point",
        "coordinates": [
          -78.1651886,
          43.9756179
        ]
      }
    },
    {
      "type": "Feature",
      "id": "node/4333173794",
      "properties": {
        "type": "Railway Node"
      },
      "geometry": {
        "type": "Point",
        "coordinates": [
          -78.1638924,
          43.9758616
        ]
      }
    },
    {
      "type": "Feature",
      "id": "node/4339754478",
      "properties": {
        "type": "Railway Node"
      },
      "geometry": {
        "type": "Point",
        "coordinates": [
          -79.2090331,
          43.8702472
        ]
      }
    },
    {
      "type": "Feature",
      "id": "node/4344480750",
      "properties": {
        "type": "Railway Node"
      },
      "geometry": {
        "type": "Point",
        "coordinates": [
          -79.3430626,
          43.6667354
        ]
      }
    },
    {
      "type": "Feature",
      "id": "node/4407360243",
      "properties": {
        "type": "Railway Node"
      },
      "geometry": {
        "type": "Point",
        "coordinates": [
          -79.4507897,
          43.6577882
        ]
      }
    },
    {
      "type": "Feature",
      "id": "node/4747101225",
      "properties": {
        "type": "Railway Node"
      },
      "geometry": {
        "type": "Point",
        "coordinates": [
          -78.8214809,
          43.8701047
        ]
      }
    },
    {
      "type": "Feature",
      "id": "node/4747101226",
      "properties": {
        "type": "Railway Node"
      },
      "geometry": {
        "type": "Point",
        "coordinates": [
          -78.8228005,
          43.8697799
        ]
      }
    },
    {
      "type": "Feature",
      "id": "node/4747101237",
      "properties": {
        "type": "Railway Node"
      },
      "geometry": {
        "type": "Point",
        "coordinates": [
          -78.8223258,
          43.868639
        ]
      }
    },
    {
      "type": "Feature",
      "id": "node/4747101250",
      "properties": {
        "type": "Railway Node"
      },
      "geometry": {
        "type": "Point",
        "coordinates": [
          -78.8316142,
          43.8758241
        ]
      }
    },
    {
      "type": "Feature",
      "id": "node/4747101253",
      "properties": {
        "type": "Railway Node"
      },
      "geometry": {
        "type": "Point",
        "coordinates": [
          -78.8331645,
          43.8765607
        ]
      }
    },
    {
      "type": "Feature",
      "id": "node/4747101265",
      "properties": {
        "type": "Railway Node"
      },
      "geometry": {
        "type": "Point",
        "coordinates": [
          -78.827776,
          43.8728485
        ]
      }
    },
    {
      "type": "Feature",
      "id": "node/4749956749",
      "properties": {
        "type": "Railway Node"
      },
      "geometry": {
        "type": "Point",
        "coordinates": [
          -79.4721714,
          43.6790655
        ]
      }
    },
    {
      "type": "Feature",
      "id": "node/4749956765",
      "properties": {
        "type": "Railway Node"
      },
      "geometry": {
        "type": "Point",
        "coordinates": [
          -79.454281,
          43.6611722
        ]
      }
    },
    {
      "type": "Feature",
      "id": "node/4760895674",
      "properties": {
        "type": "Railway Node"
      },
      "geometry": {
        "type": "Point",
        "coordinates": [
          -79.4231528,
          43.6406864
        ]
      }
    },
    {
      "type": "Feature",
      "id": "node/4760895695",
      "properties": {
        "type": "Railway Node"
      },
      "geometry": {
        "type": "Point",
        "coordinates": [
          -79.4457915,
          43.6524099
        ]
      }
    },
    {
      "type": "Feature",
      "id": "node/4760895698",
      "properties": {
        "type": "Railway Node"
      },
      "geometry": {
        "type": "Point",
        "coordinates": [
          -79.4469907,
          43.6536162
        ]
      }
    },
    {
      "type": "Feature",
      "id": "node/4790655917",
      "properties": {
        "type": "Railway Node"
      },
      "geometry": {
        "type": "Point",
        "coordinates": [
          -79.4604368,
          44.033467
        ]
      }
    },
    {
      "type": "Feature",
      "id": "node/4896504678",
      "properties": {
        "type": "Railway Node"
      },
      "geometry": {
        "type": "Point",
        "coordinates": [
          -79.1322208,
          43.7781322
        ]
      }
    },
    {
      "type": "Feature",
      "id": "node/4927693839",
      "properties": {
        "type": "Railway Node"
      },
      "geometry": {
        "type": "Point",
        "coordinates": [
          -78.8761574,
          43.8735206
        ]
      }
    },
    {
      "type": "Feature",
      "id": "node/5094626742",
      "properties": {
        "type": "Railway Node"
      },
      "geometry": {
        "type": "Point",
        "coordinates": [
          -77.9595047,
          44.5506009
        ]
      }
    },
    {
      "type": "Feature",
      "id": "node/5095729614",
      "properties": {
        "type": "Railway Node"
      },
      "geometry": {
        "type": "Point",
        "coordinates": [
          -77.9476145,
          44.6715198
        ]
      }
    },
    {
      "type": "Feature",
      "id": "node/5142074521",
      "properties": {
        "type": "Railway Node"
      },
      "geometry": {
        "type": "Point",
        "coordinates": [
          -79.3399667,
          44.7667738
        ]
      }
    },
    {
      "type": "Feature",
      "id": "node/5177242141",
      "properties": {
        "type": "Railway Node"
      },
      "geometry": {
        "type": "Point",
        "coordinates": [
          -78.7906157,
          44.0569184
        ]
      }
    },
    {
      "type": "Feature",
      "id": "node/5177242142",
      "properties": {
        "type": "Railway Node"
      },
      "geometry": {
        "type": "Point",
        "coordinates": [
          -78.7865318,
          44.0581607
        ]
      }
    },
    {
      "type": "Feature",
      "id": "node/5201983997",
      "properties": {
        "type": "Railway Node"
      },
      "geometry": {
        "type": "Point",
        "coordinates": [
          -79.2201312,
          44.6210426
        ]
      }
    },
    {
      "type": "Feature",
      "id": "node/5292768161",
      "properties": {
        "type": "Railway Node"
      },
      "geometry": {
        "type": "Point",
        "coordinates": [
          -79.225942,
          43.8491109
        ]
      }
    },
    {
      "type": "Feature",
      "id": "node/5382079918",
      "properties": {
        "type": "Railway Node"
      },
      "geometry": {
        "type": "Point",
        "coordinates": [
          -78.6811904,
          43.9269264
        ]
      }
    },
    {
      "type": "Feature",
      "id": "node/5483769052",
      "properties": {
        "type": "Railway Node"
      },
      "geometry": {
        "type": "Point",
        "coordinates": [
          -79.4622566,
          43.6698826
        ]
      }
    },
    {
      "type": "Feature",
      "id": "node/6178607291",
      "properties": {
        "type": "Railway Node"
      },
      "geometry": {
        "type": "Point",
        "coordinates": [
          -79.4941018,
          43.690835
        ]
      }
    },
    {
      "type": "Feature",
      "id": "node/6178607300",
      "properties": {
        "type": "Railway Node"
      },
      "geometry": {
        "type": "Point",
        "coordinates": [
          -79.4955625,
          43.6914902
        ]
      }
    },
    {
      "type": "Feature",
      "id": "node/6178607304",
      "properties": {
        "type": "Railway Node"
      },
      "geometry": {
        "type": "Point",
        "coordinates": [
          -79.4968674,
          43.6921474
        ]
      }
    },
    {
      "type": "Feature",
      "id": "node/6178607309",
      "properties": {
        "type": "Railway Node"
      },
      "geometry": {
        "type": "Point",
        "coordinates": [
          -79.498183,
          43.6928458
        ]
      }
    },
    {
      "type": "Feature",
      "id": "node/6282109412",
      "properties": {
        "type": "Railway Node"
      },
      "geometry": {
        "type": "Point",
        "coordinates": [
          -79.3989912,
          43.9412592
        ]
      }
    },
    {
      "type": "Feature",
      "id": "node/6282109414",
      "properties": {
        "type": "Railway Node"
      },
      "geometry": {
        "type": "Point",
        "coordinates": [
          -79.4000265,
          43.9437738
        ]
      }
    },
    {
      "type": "Feature",
      "id": "node/6282110616",
      "properties": {
        "type": "Railway Node"
      },
      "geometry": {
        "type": "Point",
        "coordinates": [
          -79.3517578,
          44.0650525
        ]
      }
    },
    {
      "type": "Feature",
      "id": "node/6282110623",
      "properties": {
        "type": "Railway Node"
      },
      "geometry": {
        "type": "Point",
        "coordinates": [
          -79.342299,
          44.0812343
        ]
      }
    },
    {
      "type": "Feature",
      "id": "node/6282110624",
      "properties": {
        "type": "Railway Node"
      },
      "geometry": {
        "type": "Point",
        "coordinates": [
          -79.3466618,
          44.0771263
        ]
      }
    },
    {
      "type": "Feature",
      "id": "node/6282119496",
      "properties": {
        "type": "Railway Node"
      },
      "geometry": {
        "type": "Point",
        "coordinates": [
          -79.3202351,
          44.172456
        ]
      }
    },
    {
      "type": "Feature",
      "id": "node/6282119504",
      "properties": {
        "type": "Railway Node"
      },
      "geometry": {
        "type": "Point",
        "coordinates": [
          -79.3103063,
          44.1882104
        ]
      }
    },
    {
      "type": "Feature",
      "id": "node/6282119509",
      "properties": {
        "type": "Railway Node"
      },
      "geometry": {
        "type": "Point",
        "coordinates": [
          -79.3130395,
          44.1837924
        ]
      }
    },
    {
      "type": "Feature",
      "id": "node/6282119510",
      "properties": {
        "type": "Railway Node"
      },
      "geometry": {
        "type": "Point",
        "coordinates": [
          -79.3139058,
          44.1824268
        ]
      }
    },
    {
      "type": "Feature",
      "id": "node/6282119512",
      "properties": {
        "type": "Railway Node"
      },
      "geometry": {
        "type": "Point",
        "coordinates": [
          -79.3157646,
          44.1794665
        ]
      }
    },
    {
      "type": "Feature",
      "id": "node/6282119513",
      "properties": {
        "type": "Railway Node"
      },
      "geometry": {
        "type": "Point",
        "coordinates": [
          -79.3168106,
          44.1778083
        ]
      }
    },
    {
      "type": "Feature",
      "id": "node/6282119514",
      "properties": {
        "type": "Railway Node"
      },
      "geometry": {
        "type": "Point",
        "coordinates": [
          -79.3177655,
          44.1762809
        ]
      }
    },
    {
      "type": "Feature",
      "id": "node/6282128785",
      "properties": {
        "type": "Railway Node"
      },
      "geometry": {
        "type": "Point",
        "coordinates": [
          -79.2206249,
          44.2996318
        ]
      }
    },
    {
      "type": "Feature",
      "id": "node/6282128791",
      "properties": {
        "type": "Railway Node"
      },
      "geometry": {
        "type": "Point",
        "coordinates": [
          -79.2033448,
          44.3145472
        ]
      }
    },
    {
      "type": "Feature",
      "id": "node/6282128802",
      "properties": {
        "type": "Railway Node"
      },
      "geometry": {
        "type": "Point",
        "coordinates": [
          -79.2111141,
          44.3070018
        ]
      }
    },
    {
      "type": "Feature",
      "id": "node/6282128804",
      "properties": {
        "type": "Railway Node"
      },
      "geometry": {
        "type": "Point",
        "coordinates": [
          -79.2158402,
          44.3033991
        ]
      }
    },
    {
      "type": "Feature",
      "id": "node/6282133785",
      "properties": {
        "type": "Railway Node"
      },
      "geometry": {
        "type": "Point",
        "coordinates": [
          -79.1734557,
          44.5383675
        ]
      }
    },
    {
      "type": "Feature",
      "id": "node/6282133788",
      "properties": {
        "type": "Railway Node"
      },
      "geometry": {
        "type": "Point",
        "coordinates": [
          -79.1855541,
          44.5552252
        ]
      }
    },
    {
      "type": "Feature",
      "id": "node/6282133789",
      "properties": {
        "type": "Railway Node"
      },
      "geometry": {
        "type": "Point",
        "coordinates": [
          -79.1859556,
          44.5561477
        ]
      }
    },
    {
      "type": "Feature",
      "id": "node/6282133791",
      "properties": {
        "type": "Railway Node"
      },
      "geometry": {
        "type": "Point",
        "coordinates": [
          -79.1870717,
          44.5588197
        ]
      }
    },
    {
      "type": "Feature",
      "id": "node/6282133792",
      "properties": {
        "type": "Railway Node"
      },
      "geometry": {
        "type": "Point",
        "coordinates": [
          -79.1878983,
          44.560743
        ]
      }
    },
    {
      "type": "Feature",
      "id": "node/6282133793",
      "properties": {
        "type": "Railway Node"
      },
      "geometry": {
        "type": "Point",
        "coordinates": [
          -79.1888323,
          44.5630089
        ]
      }
    },
    {
      "type": "Feature",
      "id": "node/6282133794",
      "properties": {
        "type": "Railway Node"
      },
      "geometry": {
        "type": "Point",
        "coordinates": [
          -79.189374,
          44.5643032
        ]
      }
    },
    {
      "type": "Feature",
      "id": "node/6282133795",
      "properties": {
        "type": "Railway Node"
      },
      "geometry": {
        "type": "Point",
        "coordinates": [
          -79.1903407,
          44.5666122
        ]
      }
    },
    {
      "type": "Feature",
      "id": "node/6282133796",
      "properties": {
        "type": "Railway Node"
      },
      "geometry": {
        "type": "Point",
        "coordinates": [
          -79.1909945,
          44.5681227
        ]
      }
    },
    {
      "type": "Feature",
      "id": "node/6282133797",
      "properties": {
        "type": "Railway Node"
      },
      "geometry": {
        "type": "Point",
        "coordinates": [
          -79.1914849,
          44.5693204
        ]
      }
    },
    {
      "type": "Feature",
      "id": "node/6282137345",
      "properties": {
        "type": "Railway Node"
      },
      "geometry": {
        "type": "Point",
        "coordinates": [
          -79.2956469,
          44.6982427
        ]
      }
    },
    {
      "type": "Feature",
      "id": "node/6282137349",
      "properties": {
        "type": "Railway Node"
      },
      "geometry": {
        "type": "Point",
        "coordinates": [
          -79.2981561,
          44.7014962
        ]
      }
    },
    {
      "type": "Feature",
      "id": "node/6282137350",
      "properties": {
        "type": "Railway Node"
      },
      "geometry": {
        "type": "Point",
        "coordinates": [
          -79.2996165,
          44.7035328
        ]
      }
    },
    {
      "type": "Feature",
      "id": "node/6282137351",
      "properties": {
        "type": "Railway Node"
      },
      "geometry": {
        "type": "Point",
        "coordinates": [
          -79.3010215,
          44.7054073
        ]
      }
    },
    {
      "type": "Feature",
      "id": "node/6282137352",
      "properties": {
        "type": "Railway Node"
      },
      "geometry": {
        "type": "Point",
        "coordinates": [
          -79.3022847,
          44.7071066
        ]
      }
    },
    {
      "type": "Feature",
      "id": "node/6282137353",
      "properties": {
        "type": "Railway Node"
      },
      "geometry": {
        "type": "Point",
        "coordinates": [
          -79.3044353,
          44.7100539
        ]
      }
    },
    {
      "type": "Feature",
      "id": "node/6282137354",
      "properties": {
        "type": "Railway Node"
      },
      "geometry": {
        "type": "Point",
        "coordinates": [
          -79.3057663,
          44.7119457
        ]
      }
    },
    {
      "type": "Feature",
      "id": "node/6282137355",
      "properties": {
        "type": "Railway Node"
      },
      "geometry": {
        "type": "Point",
        "coordinates": [
          -79.306857,
          44.7134214
        ]
      }
    },
    {
      "type": "Feature",
      "id": "node/6282137357",
      "properties": {
        "type": "Railway Node"
      },
      "geometry": {
        "type": "Point",
        "coordinates": [
          -79.307452,
          44.7144297
        ]
      }
    },
    {
      "type": "Feature",
      "id": "node/6282155731",
      "properties": {
        "type": "Railway Node"
      },
      "geometry": {
        "type": "Point",
        "coordinates": [
          -79.3412285,
          44.7523393
        ]
      }
    },
    {
      "type": "Feature",
      "id": "node/6282155769",
      "properties": {
        "type": "Railway Node"
      },
      "geometry": {
        "type": "Point",
        "coordinates": [
          -79.3426028,
          44.7609377
        ]
      }
    },
    {
      "type": "Feature",
      "id": "node/6285217048",
      "properties": {
        "type": "Railway Node"
      },
      "geometry": {
        "type": "Point",
        "coordinates": [
          -79.3965641,
          44.778299
        ]
      }
    },
    {
      "type": "Feature",
      "id": "node/6294487725",
      "properties": {
        "type": "Railway Node"
      },
      "geometry": {
        "type": "Point",
        "coordinates": [
          -78.8394591,
          43.8822334
        ]
      }
    },
    {
      "type": "Feature",
      "id": "node/6320762145",
      "properties": {
        "type": "Railway Node"
      },
      "geometry": {
        "type": "Point",
        "coordinates": [
          -79.4993579,
          43.6936845
        ]
      }
    },
    {
      "type": "Feature",
      "id": "node/6334620507",
      "properties": {
        "type": "Railway Node"
      },
      "geometry": {
        "type": "Point",
        "coordinates": [
          -79.3408815,
          44.6921757
        ]
      }
    },
    {
      "type": "Feature",
      "id": "node/6334620510",
      "properties": {
        "type": "Railway Node"
      },
      "geometry": {
        "type": "Point",
        "coordinates": [
          -79.3418103,
          44.6747963
        ]
      }
    },
    {
      "type": "Feature",
      "id": "node/6334620511",
      "properties": {
        "type": "Railway Node"
      },
      "geometry": {
        "type": "Point",
        "coordinates": [
          -79.3418747,
          44.6735995
        ]
      }
    },
    {
      "type": "Feature",
      "id": "node/6334620512",
      "properties": {
        "type": "Railway Node"
      },
      "geometry": {
        "type": "Point",
        "coordinates": [
          -79.3419364,
          44.6724951
        ]
      }
    },
    {
      "type": "Feature",
      "id": "node/6334620514",
      "properties": {
        "type": "Railway Node"
      },
      "geometry": {
        "type": "Point",
        "coordinates": [
          -79.342041,
          44.6707135
        ]
      }
    },
    {
      "type": "Feature",
      "id": "node/6334620517",
      "properties": {
        "type": "Railway Node"
      },
      "geometry": {
        "type": "Point",
        "coordinates": [
          -79.3421027,
          44.6686716
        ]
      }
    },
    {
      "type": "Feature",
      "id": "node/6334620518",
      "properties": {
        "type": "Railway Node"
      },
      "geometry": {
        "type": "Point",
        "coordinates": [
          -79.3421698,
          44.6674507
        ]
      }
    },
    {
      "type": "Feature",
      "id": "node/6334620519",
      "properties": {
        "type": "Railway Node"
      },
      "geometry": {
        "type": "Point",
        "coordinates": [
          -79.3422717,
          44.6657874
        ]
      }
    },
    {
      "type": "Feature",
      "id": "node/6334620524",
      "properties": {
        "type": "Railway Node"
      },
      "geometry": {
        "type": "Point",
        "coordinates": [
          -79.341631,
          44.6779273
        ]
      }
    },
    {
      "type": "Feature",
      "id": "node/6408792238",
      "properties": {
        "type": "Railway Node"
      },
      "geometry": {
        "type": "Point",
        "coordinates": [
          -78.9154543,
          43.8626331
        ]
      }
    },
    {
      "type": "Feature",
      "id": "node/6417663037",
      "properties": {
        "type": "Railway Node"
      },
      "geometry": {
        "type": "Point",
        "coordinates": [
          -79.4549315,
          43.6671742
        ]
      }
    },
    {
      "type": "Feature",
      "id": "node/6419688708",
      "properties": {
        "type": "Railway Node"
      },
      "geometry": {
        "type": "Point",
        "coordinates": [
          -77.4344727,
          44.1622522
        ]
      }
    },
    {
      "type": "Feature",
      "id": "node/6448922085",
      "properties": {
        "type": "Railway Node"
      },
      "geometry": {
        "type": "Point",
        "coordinates": [
          -79.3559434,
          43.7093118
        ]
      }
    },
    {
      "type": "Feature",
      "id": "node/6448922087",
      "properties": {
        "type": "Railway Node"
      },
      "geometry": {
        "type": "Point",
        "coordinates": [
          -79.3578674,
          43.708902
        ]
      }
    },
    {
      "type": "Feature",
      "id": "node/6466875865",
      "properties": {
        "type": "Railway Node"
      },
      "geometry": {
        "type": "Point",
        "coordinates": [
          -79.2534868,
          43.8037073
        ]
      }
    },
    {
      "type": "Feature",
      "id": "node/6466875883",
      "properties": {
        "type": "Railway Node"
      },
      "geometry": {
        "type": "Point",
        "coordinates": [
          -79.2540005,
          43.8027994
        ]
      }
    },
    {
      "type": "Feature",
      "id": "node/6466876119",
      "properties": {
        "type": "Railway Node"
      },
      "geometry": {
        "type": "Point",
        "coordinates": [
          -79.2552517,
          43.8006873
        ]
      }
    },
    {
      "type": "Feature",
      "id": "node/6466876159",
      "properties": {
        "type": "Railway Node"
      },
      "geometry": {
        "type": "Point",
        "coordinates": [
          -79.24989,
          43.8067919
        ]
      }
    },
    {
      "type": "Feature",
      "id": "node/6467053713",
      "properties": {
        "type": "Railway Node"
      },
      "geometry": {
        "type": "Point",
        "coordinates": [
          -79.2639488,
          43.7928165
        ]
      }
    },
    {
      "type": "Feature",
      "id": "node/6467059032",
      "properties": {
        "type": "Railway Node"
      },
      "geometry": {
        "type": "Point",
        "coordinates": [
          -79.2512378,
          43.807451
        ]
      }
    },
    {
      "type": "Feature",
      "id": "node/6468344303",
      "properties": {
        "type": "Railway Node"
      },
      "geometry": {
        "type": "Point",
        "coordinates": [
          -79.246953,
          43.8043857
        ]
      }
    },
    {
      "type": "Feature",
      "id": "node/6468344379",
      "properties": {
        "type": "Railway Node"
      },
      "geometry": {
        "type": "Point",
        "coordinates": [
          -79.2475793,
          43.8012178
        ]
      }
    },
    {
      "type": "Feature",
      "id": "node/6475032473",
      "properties": {
        "type": "Railway Node"
      },
      "geometry": {
        "type": "Point",
        "coordinates": [
          -78.9193445,
          43.8630652
        ]
      }
    },
    {
      "type": "Feature",
      "id": "node/6475032478",
      "properties": {
        "type": "Railway Node"
      },
      "geometry": {
        "type": "Point",
        "coordinates": [
          -78.920729,
          43.8630417
        ]
      }
    },
    {
      "type": "Feature",
      "id": "node/6475044789",
      "properties": {
        "type": "Railway Node"
      },
      "geometry": {
        "type": "Point",
        "coordinates": [
          -78.9219418,
          43.8628104
        ]
      }
    },
    {
      "type": "Feature",
      "id": "node/6475044809",
      "properties": {
        "type": "Railway Node"
      },
      "geometry": {
        "type": "Point",
        "coordinates": [
          -78.9206663,
          43.8640693
        ]
      }
    },
    {
      "type": "Feature",
      "id": "node/6475044820",
      "properties": {
        "type": "Railway Node"
      },
      "geometry": {
        "type": "Point",
        "coordinates": [
          -78.9190828,
          43.8647203
        ]
      }
    },
    {
      "type": "Feature",
      "id": "node/6475045227",
      "properties": {
        "type": "Railway Node"
      },
      "geometry": {
        "type": "Point",
        "coordinates": [
          -78.9137078,
          43.8631364
        ]
      }
    },
    {
      "type": "Feature",
      "id": "node/6475045236",
      "properties": {
        "type": "Railway Node"
      },
      "geometry": {
        "type": "Point",
        "coordinates": [
          -78.9124099,
          43.8631057
        ]
      }
    },
    {
      "type": "Feature",
      "id": "node/6475045238",
      "properties": {
        "type": "Railway Node"
      },
      "geometry": {
        "type": "Point",
        "coordinates": [
          -78.9111308,
          43.8632594
        ]
      }
    },
    {
      "type": "Feature",
      "id": "node/6475045243",
      "properties": {
        "type": "Railway Node"
      },
      "geometry": {
        "type": "Point",
        "coordinates": [
          -78.9099284,
          43.8635676
        ]
      }
    },
    {
      "type": "Feature",
      "id": "node/6475045269",
      "properties": {
        "type": "Railway Node"
      },
      "geometry": {
        "type": "Point",
        "coordinates": [
          -78.9149319,
          43.8636017
        ]
      }
    },
    {
      "type": "Feature",
      "id": "node/6476855876",
      "properties": {
        "type": "Railway Node"
      },
      "geometry": {
        "type": "Point",
        "coordinates": [
          -78.9082505,
          43.8578183
        ]
      }
    },
    {
      "type": "Feature",
      "id": "node/6476856386",
      "properties": {
        "type": "Railway Node"
      },
      "geometry": {
        "type": "Point",
        "coordinates": [
          -78.9086863,
          43.8593508
        ]
      }
    },
    {
      "type": "Feature",
      "id": "node/6476856397",
      "properties": {
        "type": "Railway Node"
      },
      "geometry": {
        "type": "Point",
        "coordinates": [
          -78.9054589,
          43.8557632
        ]
      }
    },
    {
      "type": "Feature",
      "id": "node/6476856403",
      "properties": {
        "type": "Railway Node"
      },
      "geometry": {
        "type": "Point",
        "coordinates": [
          -78.9055279,
          43.8568192
        ]
      }
    },
    {
      "type": "Feature",
      "id": "node/6476856421",
      "properties": {
        "type": "Railway Node"
      },
      "geometry": {
        "type": "Point",
        "coordinates": [
          -78.9063227,
          43.8585931
        ]
      }
    },
    {
      "type": "Feature",
      "id": "node/6476856446",
      "properties": {
        "type": "Railway Node"
      },
      "geometry": {
        "type": "Point",
        "coordinates": [
          -78.9093525,
          43.8608261
        ]
      }
    },
    {
      "type": "Feature",
      "id": "node/6476856461",
      "properties": {
        "type": "Railway Node"
      },
      "geometry": {
        "type": "Point",
        "coordinates": [
          -78.9104522,
          43.8603546
        ]
      }
    },
    {
      "type": "Feature",
      "id": "node/6483459024",
      "properties": {
        "type": "Railway Node"
      },
      "geometry": {
        "type": "Point",
        "coordinates": [
          -79.2383953,
          43.830207
        ]
      }
    },
    {
      "type": "Feature",
      "id": "node/6483459043",
      "properties": {
        "type": "Railway Node"
      },
      "geometry": {
        "type": "Point",
        "coordinates": [
          -79.2410781,
          43.8212103
        ]
      }
    },
    {
      "type": "Feature",
      "id": "node/6483459068",
      "properties": {
        "type": "Railway Node"
      },
      "geometry": {
        "type": "Point",
        "coordinates": [
          -79.2316696,
          43.8434724
        ]
      }
    },
    {
      "type": "Feature",
      "id": "node/6483519634",
      "properties": {
        "type": "Railway Node"
      },
      "geometry": {
        "type": "Point",
        "coordinates": [
          -79.494547,
          43.6183196
        ]
      }
    },
    {
      "type": "Feature",
      "id": "node/6516171751",
      "properties": {
        "type": "Railway Node"
      },
      "geometry": {
        "type": "Point",
        "coordinates": [
          -79.2753504,
          43.7218236
        ]
      }
    },
    {
      "type": "Feature",
      "id": "node/6516171758",
      "properties": {
        "type": "Railway Node"
      },
      "geometry": {
        "type": "Point",
        "coordinates": [
          -79.2759104,
          43.7209451
        ]
      }
    },
    {
      "type": "Feature",
      "id": "node/6516171778",
      "properties": {
        "type": "Railway Node"
      },
      "geometry": {
        "type": "Point",
        "coordinates": [
          -79.2790879,
          43.7203113
        ]
      }
    },
    {
      "type": "Feature",
      "id": "node/6589804961",
      "properties": {
        "type": "Railway Node"
      },
      "geometry": {
        "type": "Point",
        "coordinates": [
          -79.4324799,
          43.8948504
        ]
      }
    },
    {
      "type": "Feature",
      "id": "node/6835858072",
      "properties": {
        "type": "Railway Node"
      },
      "geometry": {
        "type": "Point",
        "coordinates": [
          -79.4191936,
          43.6360879
        ]
      }
    },
    {
      "type": "Feature",
      "id": "node/6886287042",
      "properties": {
        "type": "Railway Node"
      },
      "geometry": {
        "type": "Point",
        "coordinates": [
          -79.0629429,
          43.8191726
        ]
      }
    },
    {
      "type": "Feature",
      "id": "node/6886287046",
      "properties": {
        "type": "Railway Node"
      },
      "geometry": {
        "type": "Point",
        "coordinates": [
          -79.0630655,
          43.8182734
        ]
      }
    },
    {
      "type": "Feature",
      "id": "node/6886287061",
      "properties": {
        "type": "Railway Node"
      },
      "geometry": {
        "type": "Point",
        "coordinates": [
          -79.0656683,
          43.8185926
        ]
      }
    },
    {
      "type": "Feature",
      "id": "node/7040007098",
      "properties": {
        "type": "Railway Node"
      },
      "geometry": {
        "type": "Point",
        "coordinates": [
          -79.1914514,
          43.9102819
        ]
      }
    },
    {
      "type": "Feature",
      "id": "node/7040782466",
      "properties": {
        "type": "Railway Node"
      },
      "geometry": {
        "type": "Point",
        "coordinates": [
          -79.1924582,
          43.9066173
        ]
      }
    },
    {
      "type": "Feature",
      "id": "node/7057415511",
      "properties": {
        "type": "Railway Node"
      },
      "geometry": {
        "type": "Point",
        "coordinates": [
          -79.489845,
          43.6889895
        ]
      }
    },
    {
      "type": "Feature",
      "id": "node/7057415519",
      "properties": {
        "type": "Railway Node"
      },
      "geometry": {
        "type": "Point",
        "coordinates": [
          -79.5043441,
          43.6961678
        ]
      }
    },
    {
      "type": "Feature",
      "id": "node/7126916205",
      "properties": {
        "type": "Railway Node"
      },
      "geometry": {
        "type": "Point",
        "coordinates": [
          -79.3530906,
          44.0618483
        ]
      }
    },
    {
      "type": "Feature",
      "id": "node/7126916247",
      "properties": {
        "type": "Railway Node"
      },
      "geometry": {
        "type": "Point",
        "coordinates": [
          -79.3958907,
          43.9630576
        ]
      }
    },
    {
      "type": "Feature",
      "id": "node/7150033555",
      "properties": {
        "type": "Railway Node"
      },
      "geometry": {
        "type": "Point",
        "coordinates": [
          -79.4807064,
          43.6286555
        ]
      }
    },
    {
      "type": "Feature",
      "id": "node/7150173168",
      "properties": {
        "type": "Railway Node"
      },
      "geometry": {
        "type": "Point",
        "coordinates": [
          -79.3079653,
          43.6834599
        ]
      }
    },
    {
      "type": "Feature",
      "id": "node/7150173170",
      "properties": {
        "type": "Railway Node"
      },
      "geometry": {
        "type": "Point",
        "coordinates": [
          -79.3053561,
          43.6844812
        ]
      }
    },
    {
      "type": "Feature",
      "id": "node/7150173174",
      "properties": {
        "type": "Railway Node"
      },
      "geometry": {
        "type": "Point",
        "coordinates": [
          -79.3324334,
          43.6738164
        ]
      }
    },
    {
      "type": "Feature",
      "id": "node/7150213291",
      "properties": {
        "type": "Railway Node"
      },
      "geometry": {
        "type": "Point",
        "coordinates": [
          -79.3458985,
          43.6589435
        ]
      }
    },
    {
      "type": "Feature",
      "id": "node/7150342526",
      "properties": {
        "type": "Railway Node"
      },
      "geometry": {
        "type": "Point",
        "coordinates": [
          -79.2583225,
          43.7119933
        ]
      }
    },
    {
      "type": "Feature",
      "id": "node/7151908059",
      "properties": {
        "type": "Railway Node"
      },
      "geometry": {
        "type": "Point",
        "coordinates": [
          -79.1887941,
          43.756759
        ]
      }
    },
    {
      "type": "Feature",
      "id": "node/7151994288",
      "properties": {
        "type": "Railway Node"
      },
      "geometry": {
        "type": "Point",
        "coordinates": [
          -79.0795506,
          43.8335375
        ]
      }
    },
    {
      "type": "Feature",
      "id": "node/7151994300",
      "properties": {
        "type": "Railway Node"
      },
      "geometry": {
        "type": "Point",
        "coordinates": [
          -79.1296354,
          43.7808317
        ]
      }
    },
    {
      "type": "Feature",
      "id": "node/7152258821",
      "properties": {
        "type": "Railway Node"
      },
      "geometry": {
        "type": "Point",
        "coordinates": [
          -78.8776092,
          43.87307
        ]
      }
    },
    {
      "type": "Feature",
      "id": "node/7152258823",
      "properties": {
        "type": "Railway Node"
      },
      "geometry": {
        "type": "Point",
        "coordinates": [
          -78.8788795,
          43.8725952
        ]
      }
    },
    {
      "type": "Feature",
      "id": "node/7152258850",
      "properties": {
        "type": "Railway Node"
      },
      "geometry": {
        "type": "Point",
        "coordinates": [
          -78.9002174,
          43.8655084
        ]
      }
    },
    {
      "type": "Feature",
      "id": "node/7152287401",
      "properties": {
        "type": "Railway Node"
      },
      "geometry": {
        "type": "Point",
        "coordinates": [
          -79.0590502,
          43.8431635
        ]
      }
    },
    {
      "type": "Feature",
      "id": "node/7155352110",
      "properties": {
        "type": "Railway Node"
      },
      "geometry": {
        "type": "Point",
        "coordinates": [
          -79.4589373,
          43.9980079
        ]
      }
    },
    {
      "type": "Feature",
      "id": "node/7155352116",
      "properties": {
        "type": "Railway Node"
      },
      "geometry": {
        "type": "Point",
        "coordinates": [
          -79.4549954,
          44.0767055
        ]
      }
    },
    {
      "type": "Feature",
      "id": "node/7155371569",
      "properties": {
        "type": "Railway Node"
      },
      "geometry": {
        "type": "Point",
        "coordinates": [
          -79.4801764,
          43.7624248
        ]
      }
    },
    {
      "type": "Feature",
      "id": "node/7155371575",
      "properties": {
        "type": "Railway Node"
      },
      "geometry": {
        "type": "Point",
        "coordinates": [
          -79.4841206,
          43.7824375
        ]
      }
    },
    {
      "type": "Feature",
      "id": "node/7155371577",
      "properties": {
        "type": "Railway Node"
      },
      "geometry": {
        "type": "Point",
        "coordinates": [
          -79.4839246,
          43.7811794
        ]
      }
    },
    {
      "type": "Feature",
      "id": "node/7155375898",
      "properties": {
        "type": "Railway Node"
      },
      "geometry": {
        "type": "Point",
        "coordinates": [
          -79.4822895,
          43.7732943
        ]
      }
    },
    {
      "type": "Feature",
      "id": "node/7155375899",
      "properties": {
        "type": "Railway Node"
      },
      "geometry": {
        "type": "Point",
        "coordinates": [
          -79.4978739,
          43.8360547
        ]
      }
    },
    {
      "type": "Feature",
      "id": "node/7157106387",
      "properties": {
        "type": "Railway Node"
      },
      "geometry": {
        "type": "Point",
        "coordinates": [
          -79.3980395,
          43.9606122
        ]
      }
    },
    {
      "type": "Feature",
      "id": "node/7157106388",
      "properties": {
        "type": "Railway Node"
      },
      "geometry": {
        "type": "Point",
        "coordinates": [
          -79.3989588,
          43.959709
        ]
      }
    },
    {
      "type": "Feature",
      "id": "node/7157106390",
      "properties": {
        "type": "Railway Node"
      },
      "geometry": {
        "type": "Point",
        "coordinates": [
          -79.4000014,
          43.955085
        ]
      }
    },
    {
      "type": "Feature",
      "id": "node/7157106406",
      "properties": {
        "type": "Railway Node"
      },
      "geometry": {
        "type": "Point",
        "coordinates": [
          -79.3994553,
          43.9500409
        ]
      }
    },
    {
      "type": "Feature",
      "id": "node/7157333528",
      "properties": {
        "type": "Railway Node"
      },
      "geometry": {
        "type": "Point",
        "coordinates": [
          -79.3291935,
          43.7335149
        ]
      }
    },
    {
      "type": "Feature",
      "id": "node/7157333533",
      "properties": {
        "type": "Railway Node"
      },
      "geometry": {
        "type": "Point",
        "coordinates": [
          -79.3850505,
          43.8106438
        ]
      }
    },
    {
      "type": "Feature",
      "id": "node/7157333543",
      "properties": {
        "type": "Railway Node"
      },
      "geometry": {
        "type": "Point",
        "coordinates": [
          -79.4255021,
          43.870559
        ]
      }
    },
    {
      "type": "Feature",
      "id": "node/7157551417",
      "properties": {
        "type": "Railway Node"
      },
      "geometry": {
        "type": "Point",
        "coordinates": [
          -79.2797487,
          43.7762245
        ]
      }
    },
    {
      "type": "Feature",
      "id": "node/7157551423",
      "properties": {
        "type": "Railway Node"
      },
      "geometry": {
        "type": "Point",
        "coordinates": [
          -79.3008929,
          43.8218685
        ]
      }
    },
    {
      "type": "Feature",
      "id": "node/7157551449",
      "properties": {
        "type": "Railway Node"
      },
      "geometry": {
        "type": "Point",
        "coordinates": [
          -79.2332112,
          43.9972763
        ]
      }
    },
    {
      "type": "Feature",
      "id": "node/7257827302",
      "properties": {
        "type": "Railway Node"
      },
      "geometry": {
        "type": "Point",
        "coordinates": [
          -78.0206645,
          43.9779099
        ]
      }
    },
    {
      "type": "Feature",
      "id": "node/7257827323",
      "properties": {
        "type": "Railway Node"
      },
      "geometry": {
        "type": "Point",
        "coordinates": [
          -78.1166446,
          43.9681561
        ]
      }
    },
    {
      "type": "Feature",
      "id": "node/7450008578",
      "properties": {
        "type": "Railway Node"
      },
      "geometry": {
        "type": "Point",
        "coordinates": [
          -79.4951343,
          43.8205344
        ]
      }
    },
    {
      "type": "Feature",
      "id": "node/7474448930",
      "properties": {
        "type": "Railway Node"
      },
      "geometry": {
        "type": "Point",
        "coordinates": [
          -79.4843936,
          43.6860908
        ]
      }
    },
    {
      "type": "Feature",
      "id": "node/7474448943",
      "properties": {
        "type": "Railway Node"
      },
      "geometry": {
        "type": "Point",
        "coordinates": [
          -79.4863522,
          43.6870696
        ]
      }
    },
    {
      "type": "Feature",
      "id": "node/7727436236",
      "properties": {
        "type": "Railway Node"
      },
      "geometry": {
        "type": "Point",
        "coordinates": [
          -78.3245028,
          44.295637
        ]
      }
    },
    {
      "type": "Feature",
      "id": "node/7756896934",
      "properties": {
        "type": "Railway Node"
      },
      "geometry": {
        "type": "Point",
        "coordinates": [
          -79.4261455,
          43.8641401
        ]
      }
    },
    {
      "type": "Feature",
      "id": "node/7797520413",
      "properties": {
        "type": "Railway Node"
      },
      "geometry": {
        "type": "Point",
        "coordinates": [
          -79.2631492,
          43.7337145
        ]
      }
    },
    {
      "type": "Feature",
      "id": "node/7900900621",
      "properties": {
        "type": "Railway Node"
      },
      "geometry": {
        "type": "Point",
        "coordinates": [
          -78.79383,
          43.8764023
        ]
      }
    },
    {
      "type": "Feature",
      "id": "node/7900900624",
      "properties": {
        "type": "Railway Node"
      },
      "geometry": {
        "type": "Point",
        "coordinates": [
          -78.790977,
          43.8767283
        ]
      }
    },
    {
      "type": "Feature",
      "id": "node/8693517276",
      "properties": {
        "type": "Railway Node"
      },
      "geometry": {
        "type": "Point",
        "coordinates": [
          -79.1705489,
          43.8280923
        ]
      }
    },
    {
      "type": "Feature",
      "id": "node/8693517280",
      "properties": {
        "type": "Railway Node"
      },
      "geometry": {
        "type": "Point",
        "coordinates": [
          -79.1714904,
          43.8293529
        ]
      }
    },
    {
      "type": "Feature",
      "id": "node/8693517282",
      "properties": {
        "type": "Railway Node"
      },
      "geometry": {
        "type": "Point",
        "coordinates": [
          -79.1724694,
          43.8306048
        ]
      }
    },
    {
      "type": "Feature",
      "id": "node/9108990757",
      "properties": {
        "type": "Railway Node"
      },
      "geometry": {
        "type": "Point",
        "coordinates": [
          -78.2611909,
          44.3112164
        ]
      }
    },
    {
      "type": "Feature",
      "id": "node/9108990758",
      "properties": {
        "type": "Railway Node"
      },
      "geometry": {
        "type": "Point",
        "coordinates": [
          -78.2521724,
          44.3122896
        ]
      }
    },
    {
      "type": "Feature",
      "id": "node/9109012352",
      "properties": {
        "type": "Railway Node"
      },
      "geometry": {
        "type": "Point",
        "coordinates": [
          -78.2719474,
          44.3089302
        ]
      }
    },
    {
      "type": "Feature",
      "id": "node/9118374626",
      "properties": {
        "type": "Railway Node"
      },
      "geometry": {
        "type": "Point",
        "coordinates": [
          -79.4486439,
          43.6660564
        ]
      }
    },
    {
      "type": "Feature",
      "id": "node/9118374627",
      "properties": {
        "type": "Railway Node"
      },
      "geometry": {
        "type": "Point",
        "coordinates": [
          -79.4469519,
          43.6619118
        ]
      }
    },
    {
      "type": "Feature",
      "id": "node/9118374629",
      "properties": {
        "type": "Railway Node"
      },
      "geometry": {
        "type": "Point",
        "coordinates": [
          -79.4452394,
          43.6577234
        ]
      }
    },
    {
      "type": "Feature",
      "id": "node/9201499329",
      "properties": {
        "type": "Railway Node"
      },
      "geometry": {
        "type": "Point",
        "coordinates": [
          -78.358954,
          44.2627582
        ]
      }
    },
    {
      "type": "Feature",
      "id": "node/9231181391",
      "properties": {
        "type": "Railway Node"
      },
      "geometry": {
        "type": "Point",
        "coordinates": [
          -77.8922491,
          44.4327088
        ]
      }
    },
    {
      "type": "Feature",
      "id": "node/9231181409",
      "properties": {
        "type": "Railway Node"
      },
      "geometry": {
        "type": "Point",
        "coordinates": [
          -77.8813398,
          44.4322608
        ]
      }
    },
    {
      "type": "Feature",
      "id": "node/9231181415",
      "properties": {
        "type": "Railway Node"
      },
      "geometry": {
        "type": "Point",
        "coordinates": [
          -77.87826,
          44.4330839
        ]
      }
    },
    {
      "type": "Feature",
      "id": "node/9231193240",
      "properties": {
        "type": "Railway Node"
      },
      "geometry": {
        "type": "Point",
        "coordinates": [
          -77.8840147,
          44.4328019
        ]
      }
    },
    {
      "type": "Feature",
      "id": "node/9231193286",
      "properties": {
        "type": "Railway Node"
      },
      "geometry": {
        "type": "Point",
        "coordinates": [
          -77.9028721,
          44.4306628
        ]
      }
    },
    {
      "type": "Feature",
      "id": "node/9424343628",
      "properties": {
        "type": "Railway Node"
      },
      "geometry": {
        "type": "Point",
        "coordinates": [
          -79.285839,
          43.7896621
        ]
      }
    },
    {
      "type": "Feature",
      "id": "node/9424343632",
      "properties": {
        "type": "Railway Node"
      },
      "geometry": {
        "type": "Point",
        "coordinates": [
          -79.2873651,
          43.7932837
        ]
      }
    },
    {
      "type": "Feature",
      "id": "node/9424343643",
      "properties": {
        "type": "Railway Node"
      },
      "geometry": {
        "type": "Point",
        "coordinates": [
          -79.2892636,
          43.797724
        ]
      }
    },
    {
      "type": "Feature",
      "id": "node/9424343658",
      "properties": {
        "type": "Railway Node"
      },
      "geometry": {
        "type": "Point",
        "coordinates": [
          -79.2929211,
          43.8044793
        ]
      }
    },
    {
      "type": "Feature",
      "id": "node/9424343664",
      "properties": {
        "type": "Railway Node"
      },
      "geometry": {
        "type": "Point",
        "coordinates": [
          -79.2959079,
          43.8108658
        ]
      }
    },
    {
      "type": "Feature",
      "id": "node/9581806248",
      "properties": {
        "type": "Railway Node"
      },
      "geometry": {
        "type": "Point",
        "coordinates": [
          -77.9769247,
          44.5749722
        ]
      }
    },
    {
      "type": "Feature",
      "id": "node/9581806262",
      "properties": {
        "type": "Railway Node"
      },
      "geometry": {
        "type": "Point",
        "coordinates": [
          -78.0016835,
          44.5894565
        ]
      }
    },
    {
      "type": "Feature",
      "id": "node/9581806269",
      "properties": {
        "type": "Railway Node"
      },
      "geometry": {
        "type": "Point",
        "coordinates": [
          -78.006338,
          44.5953317
        ]
      }
    },
    {
      "type": "Feature",
      "id": "node/9581806270",
      "properties": {
        "type": "Railway Node"
      },
      "geometry": {
        "type": "Point",
        "coordinates": [
          -78.0077891,
          44.602197
        ]
      }
    },
    {
      "type": "Feature",
      "id": "node/9581806273",
      "properties": {
        "type": "Railway Node"
      },
      "geometry": {
        "type": "Point",
        "coordinates": [
          -78.0094702,
          44.6046284
        ]
      }
    },
    {
      "type": "Feature",
      "id": "node/9581806274",
      "properties": {
        "type": "Railway Node"
      },
      "geometry": {
        "type": "Point",
        "coordinates": [
          -78.0126383,
          44.6074209
        ]
      }
    },
    {
      "type": "Feature",
      "id": "node/9581806290",
      "properties": {
        "type": "Railway Node"
      },
      "geometry": {
        "type": "Point",
        "coordinates": [
          -77.974254,
          44.6462078
        ]
      }
    },
    {
      "type": "Feature",
      "id": "node/9643766483",
      "properties": {
        "type": "Railway Node"
      },
      "geometry": {
        "type": "Point",
        "coordinates": [
          -78.2905179,
          44.3049881
        ]
      }
    },
    {
      "type": "Feature",
      "id": "node/9643766486",
      "properties": {
        "type": "Railway Node"
      },
      "geometry": {
        "type": "Point",
        "coordinates": [
          -78.2983579,
          44.3032435
        ]
      }
    },
    {
      "type": "Feature",
      "id": "node/9646400713",
      "properties": {
        "type": "Railway Node"
      },
      "geometry": {
        "type": "Point",
        "coordinates": [
          -77.8741205,
          43.9933995
        ]
      }
    },
    {
      "type": "Feature",
      "id": "node/9646422821",
      "properties": {
        "type": "Railway Node"
      },
      "geometry": {
        "type": "Point",
        "coordinates": [
          -77.8933726,
          43.9881437
        ]
      }
    },
    {
      "type": "Feature",
      "id": "node/9646422824",
      "properties": {
        "type": "Railway Node"
      },
      "geometry": {
        "type": "Point",
        "coordinates": [
          -77.8900767,
          43.9888739
        ]
      }
    },
    {
      "type": "Feature",
      "id": "node/9646422825",
      "properties": {
        "type": "Railway Node"
      },
      "geometry": {
        "type": "Point",
        "coordinates": [
          -77.8830567,
          43.9908784
        ]
      }
    },
    {
      "type": "Feature",
      "id": "node/9646422826",
      "properties": {
        "type": "Railway Node"
      },
      "geometry": {
        "type": "Point",
        "coordinates": [
          -77.8805891,
          43.9915949
        ]
      }
    },
    {
      "type": "Feature",
      "id": "node/9646422827",
      "properties": {
        "type": "Railway Node"
      },
      "geometry": {
        "type": "Point",
        "coordinates": [
          -77.8720024,
          43.9940533
        ]
      }
    },
    {
      "type": "Feature",
      "id": "node/9646450794",
      "properties": {
        "type": "Railway Node"
      },
      "geometry": {
        "type": "Point",
        "coordinates": [
          -78.77186,
          43.8823179
        ]
      }
    },
    {
      "type": "Feature",
      "id": "node/9646450795",
      "properties": {
        "type": "Railway Node"
      },
      "geometry": {
        "type": "Point",
        "coordinates": [
          -78.7837957,
          43.8788133
        ]
      }
    },
    {
      "type": "Feature",
      "id": "node/9646450797",
      "properties": {
        "type": "Railway Node"
      },
      "geometry": {
        "type": "Point",
        "coordinates": [
          -78.7823671,
          43.8791736
        ]
      }
    },
    {
      "type": "Feature",
      "id": "node/9646450808",
      "properties": {
        "type": "Railway Node"
      },
      "geometry": {
        "type": "Point",
        "coordinates": [
          -78.7566069,
          43.8838189
        ]
      }
    },
    {
      "type": "Feature",
      "id": "node/9646494557",
      "properties": {
        "type": "Railway Node"
      },
      "geometry": {
        "type": "Point",
        "coordinates": [
          -78.9389379,
          43.8877696
        ]
      }
    },
    {
      "type": "Feature",
      "id": "node/9646494565",
      "properties": {
        "type": "Railway Node"
      },
      "geometry": {
        "type": "Point",
        "coordinates": [
          -78.9497469,
          43.8888663
        ]
      }
    },
    {
      "type": "Feature",
      "id": "node/9646494566",
      "properties": {
        "type": "Railway Node"
      },
      "geometry": {
        "type": "Point",
        "coordinates": [
          -78.9480529,
          43.8886592
        ]
      }
    },
    {
      "type": "Feature",
      "id": "node/9646494570",
      "properties": {
        "type": "Railway Node"
      },
      "geometry": {
        "type": "Point",
        "coordinates": [
          -78.9465074,
          43.8885587
        ]
      }
    },
    {
      "type": "Feature",
      "id": "node/9646494590",
      "properties": {
        "type": "Railway Node"
      },
      "geometry": {
        "type": "Point",
        "coordinates": [
          -79.1332585,
          43.8433209
        ]
      }
    },
    {
      "type": "Feature",
      "id": "node/9646494606",
      "properties": {
        "type": "Railway Node"
      },
      "geometry": {
        "type": "Point",
        "coordinates": [
          -79.1213272,
          43.8530087
        ]
      }
    },
    {
      "type": "Feature",
      "id": "node/9696551155",
      "properties": {
        "type": "Railway Node"
      },
      "geometry": {
        "type": "Point",
        "coordinates": [
          -79.4615311,
          44.0057119
        ]
      }
    },
    {
      "type": "Feature",
      "id": "node/9757857634",
      "properties": {
        "type": "Railway Node"
      },
      "geometry": {
        "type": "Point",
        "coordinates": [
          -79.4888166,
          43.8058022
        ]
      }
    },
    {
      "type": "Feature",
      "id": "node/9757857635",
      "properties": {
        "type": "Railway Node"
      },
      "geometry": {
        "type": "Point",
        "coordinates": [
          -79.4889987,
          43.8067127
        ]
      }
    },
    {
      "type": "Feature",
      "id": "node/9757857646",
      "properties": {
        "type": "Railway Node"
      },
      "geometry": {
        "type": "Point",
        "coordinates": [
          -79.4913237,
          43.8128627
        ]
      }
    },
    {
      "type": "Feature",
      "id": "node/9757857648",
      "properties": {
        "type": "Railway Node"
      },
      "geometry": {
        "type": "Point",
        "coordinates": [
          -79.4919012,
          43.8138201
        ]
      }
    },
    {
      "type": "Feature",
      "id": "node/9757857668",
      "properties": {
        "type": "Railway Node"
      },
      "geometry": {
        "type": "Point",
        "coordinates": [
          -79.4954696,
          43.8221462
        ]
      }
    },
    {
      "type": "Feature",
      "id": "node/9757857670",
      "properties": {
        "type": "Railway Node"
      },
      "geometry": {
        "type": "Point",
        "coordinates": [
          -79.4958702,
          43.8244348
        ]
      }
    },
    {
      "type": "Feature",
      "id": "node/9757857671",
      "properties": {
        "type": "Railway Node"
      },
      "geometry": {
        "type": "Point",
        "coordinates": [
          -79.4961414,
          43.8259654
        ]
      }
    },
    {
      "type": "Feature",
      "id": "node/9757857672",
      "properties": {
        "type": "Railway Node"
      },
      "geometry": {
        "type": "Point",
        "coordinates": [
          -79.4963252,
          43.8270262
        ]
      }
    },
    {
      "type": "Feature",
      "id": "node/9757857673",
      "properties": {
        "type": "Railway Node"
      },
      "geometry": {
        "type": "Point",
        "coordinates": [
          -79.497064,
          43.8312407
        ]
      }
    },
    {
      "type": "Feature",
      "id": "node/9757857677",
      "properties": {
        "type": "Railway Node"
      },
      "geometry": {
        "type": "Point",
        "coordinates": [
          -79.4972567,
          43.8324842
        ]
      }
    },
    {
      "type": "Feature",
      "id": "node/9757857697",
      "properties": {
        "type": "Railway Node"
      },
      "geometry": {
        "type": "Point",
        "coordinates": [
          -79.4806126,
          43.7646161
        ]
      }
    },
    {
      "type": "Feature",
      "id": "node/9757857708",
      "properties": {
        "type": "Railway Node"
      },
      "geometry": {
        "type": "Point",
        "coordinates": [
          -79.4805261,
          43.7636819
        ]
      }
    },
    {
      "type": "Feature",
      "id": "node/9757857713",
      "properties": {
        "type": "Railway Node"
      },
      "geometry": {
        "type": "Point",
        "coordinates": [
          -79.4793817,
          43.7586907
        ]
      }
    },
    {
      "type": "Feature",
      "id": "node/9757887218",
      "properties": {
        "type": "Railway Node"
      },
      "geometry": {
        "type": "Point",
        "coordinates": [
          -79.4792042,
          43.7575492
        ]
      }
    },
    {
      "type": "Feature",
      "id": "node/9757887232",
      "properties": {
        "type": "Railway Node"
      },
      "geometry": {
        "type": "Point",
        "coordinates": [
          -79.4868208,
          43.7954969
        ]
      }
    },
    {
      "type": "Feature",
      "id": "node/9815023944",
      "properties": {
        "type": "Railway Node"
      },
      "geometry": {
        "type": "Point",
        "coordinates": [
          -79.3282619,
          43.6754568
        ]
      }
    },
    {
      "type": "Feature",
      "id": "node/9815023984",
      "properties": {
        "type": "Railway Node"
      },
      "geometry": {
        "type": "Point",
        "coordinates": [
          -79.3248791,
          43.6767825
        ]
      }
    },
    {
      "type": "Feature",
      "id": "node/9883288817",
      "properties": {
        "type": "Railway Node"
      },
      "geometry": {
        "type": "Point",
        "coordinates": [
          -79.2804524,
          43.7783624
        ]
      }
    },
    {
      "type": "Feature",
      "id": "node/9883288820",
      "properties": {
        "type": "Railway Node"
      },
      "geometry": {
        "type": "Point",
        "coordinates": [
          -79.2790657,
          43.774611
        ]
      }
    },
    {
      "type": "Feature",
      "id": "node/9883288826",
      "properties": {
        "type": "Railway Node"
      },
      "geometry": {
        "type": "Point",
        "coordinates": [
          -79.2771959,
          43.7697571
        ]
      }
    },
    {
      "type": "Feature",
      "id": "node/9984558740",
      "properties": {
        "type": "Railway Node"
      },
      "geometry": {
        "type": "Point",
        "coordinates": [
          -78.7503972,
          44.0666641
        ]
      }
    },
    {
      "type": "Feature",
      "id": "node/10065687299",
      "properties": {
        "type": "Railway Node"
      },
      "geometry": {
        "type": "Point",
        "coordinates": [
          -77.5919592,
          44.1064207
        ]
      }
    },
    {
      "type": "Feature",
      "id": "node/10121984858",
      "properties": {
        "type": "Railway Node"
      },
      "geometry": {
        "type": "Point",
        "coordinates": [
          -79.2329634,
          43.9962926
        ]
      }
    },
    {
      "type": "Feature",
      "id": "node/10291717696",
      "properties": {
        "type": "Railway Node"
      },
      "geometry": {
        "type": "Point",
        "coordinates": [
          -77.872056,
          44.4328128
        ]
      }
    },
    {
      "type": "Feature",
      "id": "node/10592031939",
      "properties": {
        "type": "Railway Node"
      },
      "geometry": {
        "type": "Point",
        "coordinates": [
          -79.4482195,
          43.6650321
        ]
      }
    },
    {
      "type": "Feature",
      "id": "node/10592031949",
      "properties": {
        "type": "Railway Node"
      },
      "geometry": {
        "type": "Point",
        "coordinates": [
          -79.447843,
          43.6641231
        ]
      }
    },
    {
      "type": "Feature",
      "id": "node/10592031960",
      "properties": {
        "type": "Railway Node"
      },
      "geometry": {
        "type": "Point",
        "coordinates": [
          -79.4473936,
          43.6630168
        ]
      }
    },
    {
      "type": "Feature",
      "id": "node/10661642302",
      "properties": {
        "type": "Railway Node"
      },
      "geometry": {
        "type": "Point",
        "coordinates": [
          -79.031145,
          43.8355997
        ]
      }
    },
    {
      "type": "Feature",
      "id": "node/10742149598",
      "properties": {
        "type": "Railway Node"
      },
      "geometry": {
        "type": "Point",
        "coordinates": [
          -79.4500782,
          43.669188
        ]
      }
    },
    {
      "type": "Feature",
      "id": "node/10760358808",
      "properties": {
        "type": "Railway Node"
      },
      "geometry": {
        "type": "Point",
        "coordinates": [
          -77.4639947,
          44.137557
        ]
      }
    },
    {
      "type": "Feature",
      "id": "node/10760373710",
      "properties": {
        "type": "Railway Node"
      },
      "geometry": {
        "type": "Point",
        "coordinates": [
          -77.4306815,
          44.1632496
        ]
      }
    },
    {
      "type": "Feature",
      "id": "node/11021011674",
      "properties": {
        "type": "Railway Node"
      },
      "geometry": {
        "type": "Point",
        "coordinates": [
          -78.7854529,
          43.8783059
        ]
      }
    },
    {
      "type": "Feature",
      "id": "node/11021011676",
      "properties": {
        "type": "Railway Node"
      },
      "geometry": {
        "type": "Point",
        "coordinates": [
          -78.7808149,
          43.8796397
        ]
      }
    },
    {
      "type": "Feature",
      "id": "node/11021011686",
      "properties": {
        "type": "Railway Node"
      },
      "geometry": {
        "type": "Point",
        "coordinates": [
          -78.7784553,
          43.8803306
        ]
      }
    },
    {
      "type": "Feature",
      "id": "node/11028315472",
      "properties": {
        "type": "Railway Node"
      },
      "geometry": {
        "type": "Point",
        "coordinates": [
          -78.8786701,
          43.8587183
        ]
      }
    },
    {
      "type": "Feature",
      "id": "node/11028392800",
      "properties": {
        "type": "Railway Node"
      },
      "geometry": {
        "type": "Point",
        "coordinates": [
          -78.8727295,
          43.8704803
        ]
      }
    },
    {
      "type": "Feature",
      "id": "node/11028403205",
      "properties": {
        "type": "Railway Node"
      },
      "geometry": {
        "type": "Point",
        "coordinates": [
          -78.8798911,
          43.8687615
        ]
      }
    },
    {
      "type": "Feature",
      "id": "node/11028440301",
      "properties": {
        "type": "Railway Node"
      },
      "geometry": {
        "type": "Point",
        "coordinates": [
          -78.8796603,
          43.8667608
        ]
      }
    },
    {
      "type": "Feature",
      "id": "node/11028448172",
      "properties": {
        "type": "Railway Node"
      },
      "geometry": {
        "type": "Point",
        "coordinates": [
          -79.026243,
          43.848228
        ]
      }
    },
    {
      "type": "Feature",
      "id": "node/11028448173",
      "properties": {
        "type": "Railway Node"
      },
      "geometry": {
        "type": "Point",
        "coordinates": [
          -79.027492,
          43.8479426
        ]
      }
    },
    {
      "type": "Feature",
      "id": "node/11028448179",
      "properties": {
        "type": "Railway Node"
      },
      "geometry": {
        "type": "Point",
        "coordinates": [
          -79.0298727,
          43.8467418
        ]
      }
    },
    {
      "type": "Feature",
      "id": "node/11033603414",
      "properties": {
        "type": "Railway Node"
      },
      "geometry": {
        "type": "Point",
        "coordinates": [
          -77.4313866,
          44.1424556
        ]
      }
    },
    {
      "type": "Feature",
      "id": "node/11051825970",
      "properties": {
        "type": "Railway Node"
      },
      "geometry": {
        "type": "Point",
        "coordinates": [
          -78.8285311,
          44.0503089
        ]
      }
    },
    {
      "type": "Feature",
      "id": "node/11080290827",
      "properties": {
        "type": "Railway Node"
      },
      "geometry": {
        "type": "Point",
        "coordinates": [
          -77.8601845,
          43.9976872
        ]
      }
    },
    {
      "type": "Feature",
      "id": "node/11080290829",
      "properties": {
        "type": "Railway Node"
      },
      "geometry": {
        "type": "Point",
        "coordinates": [
          -77.863457,
          43.996614
        ]
      }
    },
    {
      "type": "Feature",
      "id": "node/11303567245",
      "properties": {
        "type": "Railway Node"
      },
      "geometry": {
        "type": "Point",
        "coordinates": [
          -79.2366205,
          43.9916675
        ]
      }
    },
    {
      "type": "Feature",
      "id": "node/11339620688",
      "properties": {
        "type": "Railway Node"
      },
      "geometry": {
        "type": "Point",
        "coordinates": [
          -79.4410139,
          43.635957
        ]
      }
    },
    {
      "type": "Feature",
      "id": "node/11363166911",
      "properties": {
        "type": "Railway Node"
      },
      "geometry": {
        "type": "Point",
        "coordinates": [
          -79.3692187,
          43.786823
        ]
      }
    },
    {
      "type": "Feature",
      "id": "node/11446710840",
      "properties": {
        "type": "Railway Node"
      },
      "geometry": {
        "type": "Point",
        "coordinates": [
          -79.2467602,
          43.8521203
        ]
      }
    },
    {
      "type": "Feature",
      "id": "node/11461767990",
      "properties": {
        "type": "Railway Node"
      },
      "geometry": {
        "type": "Point",
        "coordinates": [
          -78.6796229,
          43.9286423
        ]
      }
    },
    {
      "type": "Feature",
      "id": "node/11461768306",
      "properties": {
        "type": "Railway Node"
      },
      "geometry": {
        "type": "Point",
        "coordinates": [
          -78.6708787,
          43.9324936
        ]
      }
    },
    {
      "type": "Feature",
      "id": "node/11461768308",
      "properties": {
        "type": "Railway Node"
      },
      "geometry": {
        "type": "Point",
        "coordinates": [
          -78.6103514,
          43.9228831
        ]
      }
    },
    {
      "type": "Feature",
      "id": "node/11461789418",
      "properties": {
        "type": "Railway Node"
      },
      "geometry": {
        "type": "Point",
        "coordinates": [
          -78.2797523,
          43.9556112
        ]
      }
    },
    {
      "type": "Feature",
      "id": "node/11515153911",
      "properties": {
        "type": "Railway Node"
      },
      "geometry": {
        "type": "Point",
        "coordinates": [
          -79.1960712,
          43.894025
        ]
      }
    },
    {
      "type": "Feature",
      "id": "node/11515153912",
      "properties": {
        "type": "Railway Node"
      },
      "geometry": {
        "type": "Point",
        "coordinates": [
          -79.1968836,
          43.8911223
        ]
      }
    },
    {
      "type": "Feature",
      "id": "node/11515165344",
      "properties": {
        "type": "Railway Node"
      },
      "geometry": {
        "type": "Point",
        "coordinates": [
          -78.2457594,
          44.3112307
        ]
      }
    },
    {
      "type": "Feature",
      "id": "node/11515165345",
      "properties": {
        "type": "Railway Node"
      },
      "geometry": {
        "type": "Point",
        "coordinates": [
          -78.2432505,
          44.3108197
        ]
      }
    },
    {
      "type": "Feature",
      "id": "node/11515165785",
      "properties": {
        "type": "Railway Node"
      },
      "geometry": {
        "type": "Point",
        "coordinates": [
          -77.9552882,
          44.5424007
        ]
      }
    },
    {
      "type": "Feature",
      "id": "node/11515209901",
      "properties": {
        "type": "Railway Node"
      },
      "geometry": {
        "type": "Point",
        "coordinates": [
          -78.057993,
          44.367649
        ]
      }
    },
    {
      "type": "Feature",
      "id": "node/11776599633",
      "properties": {
        "type": "Railway Node"
      },
      "geometry": {
        "type": "Point",
        "coordinates": [
          -79.0638652,
          43.8163003
        ]
      }
    },
    {
      "type": "Feature",
      "id": "node/11776599638",
      "properties": {
        "type": "Railway Node"
      },
      "geometry": {
        "type": "Point",
        "coordinates": [
          -79.0639289,
          43.8175156
        ]
      }
    },
    {
      "type": "Feature",
      "id": "node/11777097749",
      "properties": {
        "type": "Railway Node"
      },
      "geometry": {
        "type": "Point",
        "coordinates": [
          -78.9186307,
          43.8638737
        ]
      }
    },
    {
      "type": "Feature",
      "id": "node/11777097767",
      "properties": {
        "type": "Railway Node"
      },
      "geometry": {
        "type": "Point",
        "coordinates": [
          -78.9174222,
          43.8644124
        ]
      }
    },
    {
      "type": "Feature",
      "id": "node/11890384367",
      "properties": {
        "type": "Railway Node"
      },
      "geometry": {
        "type": "Point",
        "coordinates": [
          -79.4974003,
          43.8334225
        ]
      }
    },
    {
      "type": "Feature",
      "id": "node/11890399279",
      "properties": {
        "type": "Railway Node"
      },
      "geometry": {
        "type": "Point",
        "coordinates": [
          -79.460342,
          44.0021782
        ]
      }
    },
    {
      "type": "Feature",
      "id": "node/12046904923",
      "properties": {
        "type": "Railway Node"
      },
      "geometry": {
        "type": "Point",
        "coordinates": [
          -79.3151557,
          43.8486146
        ]
      }
    },
    {
      "type": "Feature",
      "id": "node/12086043043",
      "properties": {
        "type": "Railway Node"
      },
      "geometry": {
        "type": "Point",
        "coordinates": [
          -78.5972221,
          43.9228391
        ]
      }
    },
    {
      "type": "Feature",
      "id": "node/12086043045",
      "properties": {
        "type": "Railway Node"
      },
      "geometry": {
        "type": "Point",
        "coordinates": [
          -78.6169717,
          43.9243736
        ]
      }
    },
    {
      "type": "Feature",
      "id": "node/12086043047",
      "properties": {
        "type": "Railway Node"
      },
      "geometry": {
        "type": "Point",
        "coordinates": [
          -78.5860875,
          43.9228724
        ]
      }
    },
    {
      "type": "Feature",
      "id": "node/12086043049",
      "properties": {
        "type": "Railway Node"
      },
      "geometry": {
        "type": "Point",
        "coordinates": [
          -78.5889227,
          43.9228676
        ]
      }
    },
    {
      "type": "Feature",
      "id": "node/12111224110",
      "properties": {
        "type": "Railway Node"
      },
      "geometry": {
        "type": "Point",
        "coordinates": [
          -79.4203426,
          43.635657
        ]
      }
    },
    {
      "type": "Feature",
      "id": "node/12150172281",
      "properties": {
        "type": "Railway Node"
      },
      "geometry": {
        "type": "Point",
        "coordinates": [
          -78.9439753,
          43.8656538
        ]
      }
    },
    {
      "type": "Feature",
      "id": "node/12159132922",
      "properties": {
        "type": "Railway Node"
      },
      "geometry": {
        "type": "Point",
        "coordinates": [
          -79.3334657,
          44.7440492
        ]
      }
    },
    {
      "type": "Feature",
      "id": "node/12162703864",
      "properties": {
        "type": "Railway Node"
      },
      "geometry": {
        "type": "Point",
        "coordinates": [
          -79.4909643,
          43.6896996
        ]
      }
    },
    {
      "type": "Feature",
      "id": "node/12179352833",
      "properties": {
        "type": "Railway Node"
      },
      "geometry": {
        "type": "Point",
        "coordinates": [
          -78.851949,
          43.8884295
        ]
      }
    },
    {
      "type": "Feature",
      "id": "node/12193629475",
      "properties": {
        "type": "Railway Node"
      },
      "geometry": {
        "type": "Point",
        "coordinates": [
          -77.7978102,
          44.0179173
        ]
      }
    },
    {
      "type": "Feature",
      "id": "node/12206255794",
      "properties": {
        "type": "Railway Node"
      },
      "geometry": {
        "type": "Point",
        "coordinates": [
          -78.9066351,
          43.8552552
        ]
      }
    },
    {
      "type": "Feature",
      "id": "node/12206284533",
      "properties": {
        "type": "Railway Node"
      },
      "geometry": {
        "type": "Point",
        "coordinates": [
          -79.0342475,
          43.8423476
        ]
      }
    },
    {
      "type": "Feature",
      "id": "node/12206284557",
      "properties": {
        "type": "Railway Node"
      },
      "geometry": {
        "type": "Point",
        "coordinates": [
          -79.0352435,
          43.8493918
        ]
      }
    },
    {
      "type": "Feature",
      "id": "node/12206284584",
      "properties": {
        "type": "Railway Node"
      },
      "geometry": {
        "type": "Point",
        "coordinates": [
          -79.0181524,
          43.8533329
        ]
      }
    },
    {
      "type": "Feature",
      "id": "node/12206284593",
      "properties": {
        "type": "Railway Node"
      },
      "geometry": {
        "type": "Point",
        "coordinates": [
          -79.0285367,
          43.851001
        ]
      }
    },
    {
      "type": "Feature",
      "id": "node/12207128106",
      "properties": {
        "type": "Railway Node"
      },
      "geometry": {
        "type": "Point",
        "coordinates": [
          -79.0559077,
          43.8226164
        ]
      }
    },
    {
      "type": "Feature",
      "id": "node/12207128114",
      "properties": {
        "type": "Railway Node"
      },
      "geometry": {
        "type": "Point",
        "coordinates": [
          -79.0543172,
          43.8227112
        ]
      }
    },
    {
      "type": "Feature",
      "id": "node/12207128152",
      "properties": {
        "type": "Railway Node"
      },
      "geometry": {
        "type": "Point",
        "coordinates": [
          -79.0643004,
          43.8188976
        ]
      }
    },
    {
      "type": "Feature",
      "id": "node/12207135536",
      "properties": {
        "type": "Railway Node"
      },
      "geometry": {
        "type": "Point",
        "coordinates": [
          -79.0586257,
          43.824552
        ]
      }
    },
    {
      "type": "Feature",
      "id": "node/12207135548",
      "properties": {
        "type": "Railway Node"
      },
      "geometry": {
        "type": "Point",
        "coordinates": [
          -79.060897,
          43.8299086
        ]
      }
    },
    {
      "type": "Feature",
      "id": "node/12207138097",
      "properties": {
        "type": "Railway Node"
      },
      "geometry": {
        "type": "Point",
        "coordinates": [
          -79.1732064,
          43.7585029
        ]
      }
    },
    {
      "type": "Feature",
      "id": "node/12207155506",
      "properties": {
        "type": "Railway Node"
      },
      "geometry": {
        "type": "Point",
        "coordinates": [
          -79.1700729,
          43.763159
        ]
      }
    },
    {
      "type": "Feature",
      "id": "node/12207212711",
      "properties": {
        "type": "Railway Node"
      },
      "geometry": {
        "type": "Point",
        "coordinates": [
          -79.2711269,
          43.753965
        ]
      }
    },
    {
      "type": "Feature",
      "id": "node/12207212727",
      "properties": {
        "type": "Railway Node"
      },
      "geometry": {
        "type": "Point",
        "coordinates": [
          -79.2715442,
          43.7548838
        ]
      }
    },
    {
      "type": "Feature",
      "id": "node/12207212736",
      "properties": {
        "type": "Railway Node"
      },
      "geometry": {
        "type": "Point",
        "coordinates": [
          -79.27123,
          43.7558125
        ]
      }
    },
    {
      "type": "Feature",
      "id": "node/12207212762",
      "properties": {
        "type": "Railway Node"
      },
      "geometry": {
        "type": "Point",
        "coordinates": [
          -79.2808861,
          43.7792774
        ]
      }
    },
    {
      "type": "Feature",
      "id": "node/12207212775",
      "properties": {
        "type": "Railway Node"
      },
      "geometry": {
        "type": "Point",
        "coordinates": [
          -79.2750015,
          43.7638845
        ]
      }
    },
    {
      "type": "Feature",
      "id": "node/12207212782",
      "properties": {
        "type": "Railway Node"
      },
      "geometry": {
        "type": "Point",
        "coordinates": [
          -79.2734161,
          43.7598005
        ]
      }
    },
    {
      "type": "Feature",
      "id": "node/12207212784",
      "properties": {
        "type": "Railway Node"
      },
      "geometry": {
        "type": "Point",
        "coordinates": [
          -79.2723878,
          43.757133
        ]
      }
    },
    {
      "type": "Feature",
      "id": "node/12207212798",
      "properties": {
        "type": "Railway Node"
      },
      "geometry": {
        "type": "Point",
        "coordinates": [
          -79.2669954,
          43.7429584
        ]
      }
    },
    {
      "type": "Feature",
      "id": "node/12207214202",
      "properties": {
        "type": "Railway Node"
      },
      "geometry": {
        "type": "Point",
        "coordinates": [
          -79.2661691,
          43.7410466
        ]
      }
    },
    {
      "type": "Feature",
      "id": "node/12207214203",
      "properties": {
        "type": "Railway Node"
      },
      "geometry": {
        "type": "Point",
        "coordinates": [
          -79.2652105,
          43.738792
        ]
      }
    },
    {
      "type": "Feature",
      "id": "node/12207214205",
      "properties": {
        "type": "Railway Node"
      },
      "geometry": {
        "type": "Point",
        "coordinates": [
          -79.2642428,
          43.7364826
        ]
      }
    },
    {
      "type": "Feature",
      "id": "node/12207230501",
      "properties": {
        "type": "Railway Node"
      },
      "geometry": {
        "type": "Point",
        "coordinates": [
          -79.3548292,
          43.7529189
        ]
      }
    },
    {
      "type": "Feature",
      "id": "node/12207230507",
      "properties": {
        "type": "Railway Node"
      },
      "geometry": {
        "type": "Point",
        "coordinates": [
          -79.356374,
          43.7548677
        ]
      }
    },
    {
      "type": "Feature",
      "id": "node/12215262760",
      "properties": {
        "type": "Railway Node"
      },
      "geometry": {
        "type": "Point",
        "coordinates": [
          -78.5277771,
          44.1677874
        ]
      }
    },
    {
      "type": "Feature",
      "id": "node/12215262768",
      "properties": {
        "type": "Railway Node"
      },
      "geometry": {
        "type": "Point",
        "coordinates": [
          -78.537459,
          44.1614588
        ]
      }
    },
    {
      "type": "Feature",
      "id": "node/12222868636",
      "properties": {
        "type": "Railway Node"
      },
      "geometry": {
        "type": "Point",
        "coordinates": [
          -78.4777259,
          44.1887241
        ]
      }
    },
    {
      "type": "Feature",
      "id": "node/12228766327",
      "properties": {
        "type": "Railway Node"
      },
      "geometry": {
        "type": "Point",
        "coordinates": [
          -78.8669366,
          43.8767998
        ]
      }
    },
    {
      "type": "Feature",
      "id": "node/12228766330",
      "properties": {
        "type": "Railway Node"
      },
      "geometry": {
        "type": "Point",
        "coordinates": [
          -78.8684591,
          43.8760385
        ]
      }
    },
    {
      "type": "Feature",
      "id": "node/12228766348",
      "properties": {
        "type": "Railway Node"
      },
      "geometry": {
        "type": "Point",
        "coordinates": [
          -78.8641759,
          43.8776812
        ]
      }
    },
    {
      "type": "Feature",
      "id": "node/12228766355",
      "properties": {
        "type": "Railway Node"
      },
      "geometry": {
        "type": "Point",
        "coordinates": [
          -78.8613744,
          43.8783295
        ]
      }
    },
    {
      "type": "Feature",
      "id": "node/12241555012",
      "properties": {
        "type": "Railway Node"
      },
      "geometry": {
        "type": "Point",
        "coordinates": [
          -78.6421823,
          43.9305779
        ]
      }
    },
    {
      "type": "Feature",
      "id": "node/12352433326",
      "properties": {
        "type": "Railway Node"
      },
      "geometry": {
        "type": "Point",
        "coordinates": [
          -78.513297,
          43.9024573
        ]
      }
    },
    {
      "type": "Feature",
      "id": "node/12386862667",
      "properties": {
        "type": "Railway Node"
      },
      "geometry": {
        "type": "Point",
        "coordinates": [
          -79.2379167,
          43.9894192
        ]
      }
    },
    {
      "type": "Feature",
      "id": "node/12449878272",
      "properties": {
        "type": "Railway Node"
      },
      "geometry": {
        "type": "Point",
        "coordinates": [
          -79.467095,
          43.6996369
        ]
      }
    },
    {
      "type": "Feature",
      "id": "node/12449888282",
      "properties": {
        "type": "Railway Node"
      },
      "geometry": {
        "type": "Point",
        "coordinates": [
          -79.4789187,
          43.7563876
        ]
      }
    },
    {
      "type": "Feature",
      "id": "node/12521907367",
      "properties": {
        "type": "Railway Node"
      },
      "geometry": {
        "type": "Point",
        "coordinates": [
          -79.444881,
          43.6568474
        ]
      }
    },
    {
      "type": "Feature",
      "id": "node/12521907371",
      "properties": {
        "type": "Railway Node"
      },
      "geometry": {
        "type": "Point",
        "coordinates": [
          -79.444513,
          43.6559274
        ]
      }
    },
    {
      "type": "Feature",
      "id": "node/12521907374",
      "properties": {
        "type": "Railway Node"
      },
      "geometry": {
        "type": "Point",
        "coordinates": [
          -79.4441542,
          43.6550413
        ]
      }
    },
    {
      "type": "Feature",
      "id": "node/12521907380",
      "properties": {
        "type": "Railway Node"
      },
      "geometry": {
        "type": "Point",
        "coordinates": [
          -79.4437542,
          43.6540847
        ]
      }
    },
    {
      "type": "Feature",
      "id": "node/12521907389",
      "properties": {
        "type": "Railway Node"
      },
      "geometry": {
        "type": "Point",
        "coordinates": [
          -79.4506634,
          43.6700884
        ]
      }
    },
    {
      "type": "Feature",
      "id": "node/12585496457",
      "properties": {
        "type": "Railway Node"
      },
      "geometry": {
        "type": "Point",
        "coordinates": [
          -79.2245771,
          43.8186708
        ]
      }
    },
    {
      "type": "Feature",
      "id": "node/12585496486",
      "properties": {
        "type": "Railway Node"
      },
      "geometry": {
        "type": "Point",
        "coordinates": [
          -79.2271849,
          43.8196181
        ]
      }
    },
    {
      "type": "Feature",
      "id": "node/12585496492",
      "properties": {
        "type": "Railway Node"
      },
      "geometry": {
        "type": "Point",
        "coordinates": [
          -79.229117,
          43.8204583
        ]
      }
    },
    {
      "type": "Feature",
      "id": "node/12585520223",
      "properties": {
        "type": "Railway Node"
      },
      "geometry": {
        "type": "Point",
        "coordinates": [
          -79.1973602,
          43.8319611
        ]
      }
    },
    {
      "type": "Feature",
      "id": "node/12585520224",
      "properties": {
        "type": "Railway Node"
      },
      "geometry": {
        "type": "Point",
        "coordinates": [
          -79.1957317,
          43.8323467
        ]
      }
    },
    {
      "type": "Feature",
      "id": "node/12750104104",
      "properties": {
        "type": "Railway Node"
      },
      "geometry": {
        "type": "Point",
        "coordinates": [
          -79.2636459,
          43.7350314
        ]
      }
    },
    {
      "type": "Feature",
      "id": "node/12750154931",
      "properties": {
        "type": "Railway Node"
      },
      "geometry": {
        "type": "Point",
        "coordinates": [
          -79.2967757,
          43.8169549
        ]
      }
    },
    {
      "type": "Feature",
      "id": "node/12750154939",
      "properties": {
        "type": "Railway Node"
      },
      "geometry": {
        "type": "Point",
        "coordinates": [
          -79.297804,
          43.8164369
        ]
      }
    },
    {
      "type": "Feature",
      "id": "node/12750187864",
      "properties": {
        "type": "Railway Node"
      },
      "geometry": {
        "type": "Point",
        "coordinates": [
          -77.518195,
          44.1293819
        ]
      }
    }
  ]
}