{
  "type": "FeatureCollection",
  "features": [
    {
      "type": "Feature",
      "id": "way/31372887",
      "properties": {
        "addr:city": "Toronto",
        "addr:housenumber": "12",
        "addr:postcode": "M2N 6N8",
        "addr:street": "Canterbury Place",
        "amenity": "fire_station",
        "building": "public",
        "emergency": "ambulance_station",
        "name": "Fire Station 114, EMS Station 22",
        "opendata:type": "103005",
        "wikidata": "Q124858414",
        "id": "way/31372887"
      },
      "geometry": {
        "type": "Polygon",
        "coordinates": [
          [
            [
              -79.4153251,
              43.7727888
            ],
            [
              -79.4155997,
              43.7727286
            ],
            [
              -79.4155815,
              43.7726853
            ],
            [
              -79.4156074,
              43.7726797
            ],
            [
              -79.4155147,
              43.7724593
            ],
            [
              -79.415216,
              43.7725248
            ],
            [
              -79.4152277,
              43.7725525
            ],
            [
              -79.4152411,
              43.7725844
            ],
            [
              -79.4152506,
              43.7726072
            ],
            [
              -79.415188,
              43.7726209
            ],
            [
              -79.4151997,
              43.7726489
            ],
            [
              -79.4152115,
              43.7726769
            ],
            [
              -79.4152724,
              43.7726636
            ],
            [
              -79.4152885,
              43.7727017
            ],
            [
              -79.4152994,
              43.7727278
            ],
            [
              -79.4153171,
              43.7727699
            ],
            [
              -79.4153251,
              43.7727888
            ]
          ]
        ]
      }
    },
    {
      "type": "Feature",
      "id": "way/43806314",
      "properties": {
        "addr:city": "North York",
        "addr:housenumber": "59",
        "addr:street": "Curlew Drive",
        "amenity": "fire_station",
        "building": "yes",
        "name": "Fire Station 233",
        "id": "way/43806314"
      },
      "geometry": {
        "type": "Polygon",
        "coordinates": [
          [
            [
              -79.314418,
              43.744076
            ],
            [
              -79.314499,
              43.744001
            ],
            [
              -79.314494,
              43.743998
            ],
            [
              -79.314521,
              43.743973
            ],
            [
              -79.314532,
              43.743979
            ],
            [
              -79.314602,
              43.743913
            ],
            [
              -79.314187,
              43.74368
            ],
            [
              -79.314125,
              43.743738
            ],
            [
              -79.314106,
              43.743728
            ],
            [
              -79.314067,
              43.743765
            ],
            [
              -79.314086,
              43.743775
            ],
            [
              -79.314032,
              43.743826
            ],
            [
              -79.314274,
              43.743962
            ],
            [
              -79.314252,
              43.743982
            ],
            [
              -79.314418,
              43.744076
            ]
          ]
        ]
      }
    },
    {
      "type": "Feature",
      "id": "way/55640944",
      "properties": {
        "addr:city": "Toronto",
        "addr:housenumber": "153",
        "addr:postcode": "M4J 1K8",
        "addr:street": "Chatham Avenue",
        "amenity": "fire_station",
        "building": "yes",
        "name": "Toronto Fire Station #323",
        "operator": "City of Toronto",
        "id": "way/55640944"
      },
      "geometry": {
        "type": "Polygon",
        "coordinates": [
          [
            [
              -79.334846,
              43.6796471
            ],
            [
              -79.3347194,
              43.6793333
            ],
            [
              -79.3345579,
              43.6793667
            ],
            [
              -79.3345932,
              43.6794569
            ],
            [
              -79.334429,
              43.6794907
            ],
            [
              -79.3344742,
              43.6796168
            ],
            [
              -79.3345367,
              43.6796063
            ],
            [
              -79.3345625,
              43.6796753
            ],
            [
              -79.334504,
              43.6796871
            ],
            [
              -79.334542,
              43.6797858
            ],
            [
              -79.3346737,
              43.6797574
            ],
            [
              -79.3346937,
              43.6797531
            ],
            [
              -79.3346681,
              43.6796867
            ],
            [
              -79.334846,
              43.6796471
            ]
          ]
        ]
      }
    },
    {
      "type": "Feature",
      "id": "way/56010052",
      "properties": {
        "amenity": "fire_station",
        "building": "yes",
        "name": "Whitby Fire Station No. 5 (Headquarters)",
        "source": "yahoo",
        "id": "way/56010052"
      },
      "geometry": {
        "type": "Polygon",
        "coordinates": [
          [
            [
              -78.9522953,
              43.9176779
            ],
            [
              -78.9521782,
              43.917439
            ],
            [
              -78.9523126,
              43.91731
            ],
            [
              -78.9520887,
              43.9172231
            ],
            [
              -78.9520405,
              43.9172827
            ],
            [
              -78.9517304,
              43.9173472
            ],
            [
              -78.9516615,
              43.9174464
            ],
            [
              -78.9518717,
              43.9175159
            ],
            [
              -78.9519888,
              43.9177467
            ],
            [
              -78.9520542,
              43.9177268
            ],
            [
              -78.9520818,
              43.9177665
            ],
            [
              -78.9521679,
              43.9177491
            ],
            [
              -78.9521541,
              43.917707
            ],
            [
              -78.9522953,
              43.9176779
            ]
          ]
        ]
      }
    },
    {
      "type": "Feature",
      "id": "way/56298352",
      "properties": {
        "amenity": "fire_station",
        "building": "yes",
        "name": "Richmond Hill Fire Station 8-5",
        "source": "User:tomtong",
        "id": "way/56298352"
      },
      "geometry": {
        "type": "Polygon",
        "coordinates": [
          [
            [
              -79.4228435,
              43.8426659
            ],
            [
              -79.4228494,
              43.8426545
            ],
            [
              -79.4228759,
              43.8426583
            ],
            [
              -79.4229334,
              43.8425466
            ],
            [
              -79.4229639,
              43.8425524
            ],
            [
              -79.4230358,
              43.842435
            ],
            [
              -79.4229663,
              43.8424102
            ],
            [
              -79.4230053,
              43.8423459
            ],
            [
              -79.4229702,
              43.8423354
            ],
            [
              -79.4229807,
              43.8423164
            ],
            [
              -79.4229764,
              43.8422923
            ],
            [
              -79.4229561,
              43.8422706
            ],
            [
              -79.4229182,
              43.8422596
            ],
            [
              -79.422887,
              43.8422602
            ],
            [
              -79.4228587,
              43.842276
            ],
            [
              -79.422845,
              43.8422918
            ],
            [
              -79.4228128,
              43.8422841
            ],
            [
              -79.4227961,
              43.842313
            ],
            [
              -79.4227486,
              43.8423035
            ],
            [
              -79.4227089,
              43.8423548
            ],
            [
              -79.4226939,
              43.8423475
            ],
            [
              -79.4226258,
              43.8424574
            ],
            [
              -79.4226512,
              43.8424674
            ],
            [
              -79.4225878,
              43.8425879
            ],
            [
              -79.4228435,
              43.8426659
            ]
          ]
        ]
      }
    },
    {
      "type": "Feature",
      "id": "way/56675979",
      "properties": {
        "addr:city": "Richmond Hill",
        "addr:housenumber": "191",
        "addr:province": "Ontario",
        "addr:street": "Major Mackenzie Drive West",
        "amenity": "fire_station",
        "building": "yes",
        "building:levels": "1",
        "building:material": "brick",
        "colour": "brown",
        "name": "Richmond Hill Fire Station 8-1",
        "source": "yahoo",
        "id": "way/56675979"
      },
      "geometry": {
        "type": "Polygon",
        "coordinates": [
          [
            [
              -79.4437275,
              43.869463
            ],
            [
              -79.4440462,
              43.8693974
            ],
            [
              -79.4439931,
              43.8692907
            ],
            [
              -79.444069,
              43.8692688
            ],
            [
              -79.444069,
              43.8691676
            ],
            [
              -79.4440538,
              43.8691074
            ],
            [
              -79.4438527,
              43.8691457
            ],
            [
              -79.4438489,
              43.869132
            ],
            [
              -79.4434809,
              43.8692032
            ],
            [
              -79.4435151,
              43.8692907
            ],
            [
              -79.4435796,
              43.8692797
            ],
            [
              -79.4436934,
              43.86937
            ],
            [
              -79.4437275,
              43.869463
            ]
          ]
        ]
      }
    },
    {
      "type": "Feature",
      "id": "way/56862433",
      "properties": {
        "addr:city": "Markham",
        "amenity": "fire_station",
        "building": "yes",
        "name": "Markham Fire Station 94",
        "id": "way/56862433"
      },
      "geometry": {
        "type": "Polygon",
        "coordinates": [
          [
            [
              -79.3187465,
              43.8317285
            ],
            [
              -79.318757,
              43.831729
            ],
            [
              -79.319096,
              43.831651
            ],
            [
              -79.3190992,
              43.8316495
            ],
            [
              -79.3191,
              43.831646
            ],
            [
              -79.3190282,
              43.8314839
            ],
            [
              -79.3190065,
              43.8314348
            ],
            [
              -79.319,
              43.831434
            ],
            [
              -79.31866,
              43.831512
            ],
            [
              -79.3186575,
              43.831513
            ],
            [
              -79.318655,
              43.831515
            ],
            [
              -79.318655,
              43.831517
            ],
            [
              -79.3186739,
              43.8315605
            ],
            [
              -79.318717,
              43.83166
            ],
            [
              -79.318713,
              43.831661
            ],
            [
              -79.318705,
              43.831668
            ],
            [
              -79.318703,
              43.831674
            ],
            [
              -79.318701,
              43.831677
            ],
            [
              -79.318701,
              43.831684
            ],
            [
              -79.318703,
              43.83169
            ],
            [
              -79.318705,
              43.831693
            ],
            [
              -79.318708,
              43.831696
            ],
            [
              -79.318714,
              43.8317
            ],
            [
              -79.3187255,
              43.831703
            ],
            [
              -79.318735,
              43.831705
            ],
            [
              -79.318738,
              43.831705
            ],
            [
              -79.3187465,
              43.8317285
            ]
          ]
        ]
      }
    },
    {
      "type": "Feature",
      "id": "way/56908047",
      "properties": {
        "amenity": "fire_station",
        "building": "yes",
        "source": "yahoo;knowledge",
        "id": "way/56908047"
      },
      "geometry": {
        "type": "Polygon",
        "coordinates": [
          [
            [
              -78.7058462,
              43.9107168
            ],
            [
              -78.7057848,
              43.9107097
            ],
            [
              -78.7057406,
              43.9109085
            ],
            [
              -78.7061294,
              43.9109533
            ],
            [
              -78.7061695,
              43.9107727
            ],
            [
              -78.7061542,
              43.910771
            ],
            [
              -78.7061572,
              43.9107577
            ],
            [
              -78.7061095,
              43.9107522
            ],
            [
              -78.7061305,
              43.9106577
            ],
            [
              -78.7061523,
              43.9105593
            ],
            [
              -78.7061569,
              43.9105389
            ],
            [
              -78.7058924,
              43.9105084
            ],
            [
              -78.705866,
              43.9106275
            ],
            [
              -78.7058462,
              43.9107168
            ]
          ]
        ]
      }
    },
    {
      "type": "Feature",
      "id": "way/57743553",
      "properties": {
        "addr:city": "Toronto",
        "addr:housenumber": "339",
        "addr:postcode": "M5J 3H3",
        "addr:street": "Queens Quay West",
        "amenity": "fire_station",
        "building": "yes",
        "emergency": "ambulance_station",
        "name": "Toronto Fire and Marine Station 334 EMS station 36",
        "source": "yahoo",
        "wikidata": "Q112036767",
        "id": "way/57743553"
      },
      "geometry": {
        "type": "Polygon",
        "coordinates": [
          [
            [
              -79.3886108,
              43.6378711
            ],
            [
              -79.388804,
              43.6378299
            ],
            [
              -79.3888427,
              43.6378439
            ],
            [
              -79.388866,
              43.6378147
            ],
            [
              -79.3888908,
              43.637808
            ],
            [
              -79.3888393,
              43.6376923
            ],
            [
              -79.3888,
              43.6376125
            ],
            [
              -79.3887803,
              43.6376158
            ],
            [
              -79.3887022,
              43.6375077
            ],
            [
              -79.3886459,
              43.6374493
            ],
            [
              -79.3885244,
              43.6374752
            ],
            [
              -79.3885221,
              43.6375261
            ],
            [
              -79.3885234,
              43.6375746
            ],
            [
              -79.3884975,
              43.6375784
            ],
            [
              -79.3885036,
              43.6376027
            ],
            [
              -79.3885277,
              43.6376006
            ],
            [
              -79.3885417,
              43.637675
            ],
            [
              -79.3885568,
              43.6377294
            ],
            [
              -79.3885873,
              43.6378093
            ],
            [
              -79.3886108,
              43.6378711
            ]
          ]
        ]
      }
    },
    {
      "type": "Feature",
      "id": "way/58326461",
      "properties": {
        "alt_name": "Harold J. Mills",
        "amenity": "fire_station",
        "building": "yes",
        "check_date": "2024-07-07",
        "name": "City of Richmond Hill Fire Department No. 8-3",
        "name:en": "Richmond Hill Fire Station 8-3",
        "wikipedia": "en:Fire Services in York Region",
        "id": "way/58326461"
      },
      "geometry": {
        "type": "Polygon",
        "coordinates": [
          [
            [
              -79.3905036,
              43.8611644
            ],
            [
              -79.3904975,
              43.8611434
            ],
            [
              -79.3905542,
              43.8611348
            ],
            [
              -79.390547,
              43.8611102
            ],
            [
              -79.3905889,
              43.8611039
            ],
            [
              -79.3905776,
              43.8610651
            ],
            [
              -79.3905278,
              43.8610716
            ],
            [
              -79.390483,
              43.8609174
            ],
            [
              -79.3902932,
              43.8609471
            ],
            [
              -79.3903625,
              43.8611857
            ],
            [
              -79.3905036,
              43.8611644
            ]
          ]
        ]
      }
    },
    {
      "type": "Feature",
      "id": "way/61511477",
      "properties": {
        "addr:city": "Toronto",
        "addr:housenumber": "260",
        "addr:postcode": "M5H 1X6",
        "addr:street": "Adelaide Street West",
        "amenity": "fire_station",
        "building": "yes",
        "name": "Toronto Fire Station 332",
        "ref": "332",
        "source": "yahoo",
        "wikidata": "Q112032415",
        "id": "way/61511477"
      },
      "geometry": {
        "type": "Polygon",
        "coordinates": [
          [
            [
              -79.389397,
              43.648503
            ],
            [
              -79.3898498,
              43.6484094
            ],
            [
              -79.3898163,
              43.6483245
            ],
            [
              -79.3897537,
              43.648166
            ],
            [
              -79.389713,
              43.6481744
            ],
            [
              -79.3897277,
              43.6482116
            ],
            [
              -79.3896871,
              43.64822
            ],
            [
              -79.389351,
              43.6482895
            ],
            [
              -79.3893396,
              43.6482608
            ],
            [
              -79.3893042,
              43.6482681
            ],
            [
              -79.389397,
              43.648503
            ]
          ]
        ]
      }
    },
    {
      "type": "Feature",
      "id": "way/62004710",
      "properties": {
        "addr:city": "Toronto",
        "addr:housenumber": "441",
        "addr:postcode": "M4W 1J1",
        "addr:street": "Bloor Street East",
        "amenity": "fire_station",
        "building": "yes",
        "name": "Toronto Fire Station 313",
        "source": "local_knowledge",
        "wikidata": "Q112032342",
        "id": "way/62004710"
      },
      "geometry": {
        "type": "Polygon",
        "coordinates": [
          [
            [
              -79.3752848,
              43.6721924
            ],
            [
              -79.3756775,
              43.672188
            ],
            [
              -79.3756739,
              43.6720184
            ],
            [
              -79.3752812,
              43.6720228
            ],
            [
              -79.3752848,
              43.6721924
            ]
          ]
        ]
      }
    },
    {
      "type": "Feature",
      "id": "way/66969036",
      "properties": {
        "addr:city": "Toronto",
        "addr:housenumber": "3135",
        "addr:street": "Yonge Street",
        "amenity": "fire_station",
        "building": "public",
        "name": "Toronto Fire Station 131",
        "opendata:type": "103002",
        "wikidata": "Q112108256",
        "id": "way/66969036"
      },
      "geometry": {
        "type": "Polygon",
        "coordinates": [
          [
            [
              -79.4019349,
              43.7262971
            ],
            [
              -79.4019749,
              43.726289
            ],
            [
              -79.4019761,
              43.726292
            ],
            [
              -79.4020851,
              43.72627
            ],
            [
              -79.4020861,
              43.7262724
            ],
            [
              -79.402125,
              43.7262646
            ],
            [
              -79.4021108,
              43.7262278
            ],
            [
              -79.4021974,
              43.7262103
            ],
            [
              -79.4021616,
              43.7261179
            ],
            [
              -79.4020231,
              43.7261459
            ],
            [
              -79.4020218,
              43.7261428
            ],
            [
              -79.4019262,
              43.7261622
            ],
            [
              -79.4019289,
              43.726169
            ],
            [
              -79.4018942,
              43.726176
            ],
            [
              -79.4019108,
              43.7262189
            ],
            [
              -79.4019051,
              43.7262201
            ],
            [
              -79.4019349,
              43.7262971
            ]
          ]
        ]
      }
    },
    {
      "type": "Feature",
      "id": "way/67141806",
      "properties": {
        "amenity": "fire_station",
        "building": "yes",
        "name": "Toronto Fire Station 245",
        "id": "way/67141806"
      },
      "geometry": {
        "type": "Polygon",
        "coordinates": [
          [
            [
              -79.291423,
              43.762783
            ],
            [
              -79.291599,
              43.762744
            ],
            [
              -79.291654,
              43.762732
            ],
            [
              -79.29159,
              43.762581
            ],
            [
              -79.291364,
              43.762631
            ],
            [
              -79.291375,
              43.762655
            ],
            [
              -79.291369,
              43.762656
            ],
            [
              -79.291423,
              43.762783
            ]
          ]
        ]
      }
    },
    {
      "type": "Feature",
      "id": "way/67923135",
      "properties": {
        "addr:city": "Toronto",
        "addr:housenumber": "20",
        "addr:postcode": "M4V 1J4",
        "addr:street": "Balmoral Avenue",
        "amenity": "fire_station",
        "building": "yes",
        "building:colour": "red",
        "building:levels": "3",
        "building:material": "brick",
        "built_date": "1911",
        "check_date": "2024-08-29",
        "name": "Toronto Fire Station #311",
        "opendata:type": "115001",
        "source": "local_knowledge",
        "id": "way/67923135"
      },
      "geometry": {
        "type": "Polygon",
        "coordinates": [
          [
            [
              -79.3938164,
              43.6858423
            ],
            [
              -79.3939156,
              43.6860792
            ],
            [
              -79.3940867,
              43.6860417
            ],
            [
              -79.3939817,
              43.6857911
            ],
            [
              -79.393926,
              43.6858033
            ],
            [
              -79.3939318,
              43.685817
            ],
            [
              -79.3938164,
              43.6858423
            ]
          ]
        ]
      }
    },
    {
      "type": "Feature",
      "id": "way/68021042",
      "properties": {
        "addr:city": "North York",
        "addr:housenumber": "143",
        "addr:street": "Bond Avenue",
        "amenity": "fire_station",
        "building": "fire_station",
        "name": "Fire Station 123",
        "opendata:type": "103002",
        "id": "way/68021042"
      },
      "geometry": {
        "type": "Polygon",
        "coordinates": [
          [
            [
              -79.3467982,
              43.7458627
            ],
            [
              -79.3467272,
              43.7456688
            ],
            [
              -79.3465547,
              43.7457018
            ],
            [
              -79.3466257,
              43.7458956
            ],
            [
              -79.3467982,
              43.7458627
            ]
          ]
        ]
      }
    },
    {
      "type": "Feature",
      "id": "way/68169299",
      "properties": {
        "addr:city": "Toronto",
        "addr:housenumber": "475",
        "addr:street": "Dundas Street East",
        "amenity": "fire_station",
        "building": "yes",
        "building:colour": "beige",
        "building:levels": "2",
        "building:material": "brick",
        "name": "Toronto Fire Station 325",
        "source": "CanVec 6.0 - NRCan",
        "wikidata": "Q112032412",
        "id": "way/68169299"
      },
      "geometry": {
        "type": "Polygon",
        "coordinates": [
          [
            [
              -79.3649973,
              43.6594672
            ],
            [
              -79.3648996,
              43.6592404
            ],
            [
              -79.3646997,
              43.6592855
            ],
            [
              -79.3647127,
              43.6593157
            ],
            [
              -79.3646369,
              43.6593328
            ],
            [
              -79.364663,
              43.6593934
            ],
            [
              -79.3646103,
              43.6594053
            ],
            [
              -79.3646386,
              43.659471
            ],
            [
              -79.364687,
              43.65946
            ],
            [
              -79.3646988,
              43.6594873
            ],
            [
              -79.3648893,
              43.6594443
            ],
            [
              -79.3649078,
              43.6594874
            ],
            [
              -79.3649973,
              43.6594672
            ]
          ]
        ]
      }
    },
    {
      "type": "Feature",
      "id": "way/76810852",
      "properties": {
        "addr:housenumber": "50",
        "addr:street": "Beatrice Street East",
        "amenity": "fire_station",
        "building": "fire_station",
        "name": "Oshawa Station #3",
        "id": "way/76810852"
      },
      "geometry": {
        "type": "Polygon",
        "coordinates": [
          [
            [
              -78.8735472,
              43.9270931
            ],
            [
              -78.8736631,
              43.9271342
            ],
            [
              -78.8736459,
              43.9271595
            ],
            [
              -78.8737938,
              43.9272119
            ],
            [
              -78.8738459,
              43.927135
            ],
            [
              -78.8738882,
              43.9271499
            ],
            [
              -78.8739339,
              43.9270825
            ],
            [
              -78.8740257,
              43.927115
            ],
            [
              -78.8740698,
              43.92705
            ],
            [
              -78.87394,
              43.927004
            ],
            [
              -78.8739771,
              43.9269492
            ],
            [
              -78.8738642,
              43.9269092
            ],
            [
              -78.8738564,
              43.9269206
            ],
            [
              -78.873817,
              43.9269066
            ],
            [
              -78.8737832,
              43.9269086
            ],
            [
              -78.8736866,
              43.9268744
            ],
            [
              -78.8736699,
              43.9268991
            ],
            [
              -78.8736022,
              43.9268751
            ],
            [
              -78.8735448,
              43.9269598
            ],
            [
              -78.8735621,
              43.926966
            ],
            [
              -78.8735312,
              43.9270114
            ],
            [
              -78.8735888,
              43.9270318
            ],
            [
              -78.8735472,
              43.9270931
            ]
          ]
        ]
      }
    },
    {
      "type": "Feature",
      "id": "way/76813715",
      "properties": {
        "addr:housenumber": "199",
        "addr:street": "Adelaide Avenue West",
        "amenity": "fire_station",
        "building": "yes",
        "name": "Oshawa Fire Services Headquarters",
        "source": "CanVec 6.0 - NRCan",
        "id": "way/76813715"
      },
      "geometry": {
        "type": "Polygon",
        "coordinates": [
          [
            [
              -78.8729717,
              43.9013493
            ],
            [
              -78.8729891,
              43.9013609
            ],
            [
              -78.8730325,
              43.9013271
            ],
            [
              -78.8730813,
              43.9013598
            ],
            [
              -78.8731424,
              43.9013121
            ],
            [
              -78.8730918,
              43.9012783
            ],
            [
              -78.8731774,
              43.9012114
            ],
            [
              -78.8732721,
              43.9011374
            ],
            [
              -78.87329,
              43.9011494
            ],
            [
              -78.8733086,
              43.9011348
            ],
            [
              -78.8731801,
              43.9010489
            ],
            [
              -78.8731607,
              43.9010641
            ],
            [
              -78.8731328,
              43.9010454
            ],
            [
              -78.8731405,
              43.9010394
            ],
            [
              -78.8730547,
              43.9009822
            ],
            [
              -78.8729583,
              43.9010579
            ],
            [
              -78.872855,
              43.901139
            ],
            [
              -78.872742,
              43.9010637
            ],
            [
              -78.8726147,
              43.9011638
            ],
            [
              -78.8729319,
              43.9013808
            ],
            [
              -78.8729524,
              43.9013646
            ],
            [
              -78.8729717,
              43.9013493
            ]
          ]
        ]
      }
    },
    {
      "type": "Feature",
      "id": "way/78486013",
      "properties": {
        "amenity": "fire_station",
        "building": "commercial",
        "name": "Toronto Fire Station 143",
        "source": "yahoo",
        "wikidata": "Q112108255",
        "id": "way/78486013"
      },
      "geometry": {
        "type": "Polygon",
        "coordinates": [
          [
            [
              -79.4598361,
              43.7507195
            ],
            [
              -79.4597756,
              43.7505634
            ],
            [
              -79.4596611,
              43.7505865
            ],
            [
              -79.4596666,
              43.7506005
            ],
            [
              -79.4596023,
              43.7506135
            ],
            [
              -79.459654,
              43.750747
            ],
            [
              -79.4597165,
              43.7507344
            ],
            [
              -79.4597198,
              43.750743
            ],
            [
              -79.4598361,
              43.7507195
            ]
          ]
        ]
      }
    },
    {
      "type": "Feature",
      "id": "way/79157054",
      "properties": {
        "addr:city": "Vaughan",
        "addr:housenumber": "835",
        "addr:postcode": "L4J 7M1",
        "addr:street": "Clark Avenue West",
        "amenity": "fire_station",
        "building": "public",
        "building:levels": "2",
        "name": "Vaughan Fire Station 7-1",
        "operator": "City of Vaughan",
        "website": "https://www.vaughan.ca/services/residential/fire_and_rescue/operations/Pages/default.aspx",
        "id": "way/79157054"
      },
      "geometry": {
        "type": "Polygon",
        "coordinates": [
          [
            [
              -79.449237,
              43.803067
            ],
            [
              -79.449363,
              43.80304
            ],
            [
              -79.449344,
              43.802993
            ],
            [
              -79.449552,
              43.802944
            ],
            [
              -79.449548,
              43.802932
            ],
            [
              -79.449559,
              43.80293
            ],
            [
              -79.449492,
              43.802765
            ],
            [
              -79.449143,
              43.802841
            ],
            [
              -79.449237,
              43.803067
            ]
          ]
        ]
      }
    },
    {
      "type": "Feature",
      "id": "way/92833105",
      "properties": {
        "amenity": "fire_station",
        "building": "yes",
        "name": "Whitby Fire Station No. 2",
        "source": "Bing",
        "id": "way/92833105"
      },
      "geometry": {
        "type": "Polygon",
        "coordinates": [
          [
            [
              -78.9161206,
              43.8957688
            ],
            [
              -78.9162597,
              43.895738
            ],
            [
              -78.9162743,
              43.8957723
            ],
            [
              -78.9163436,
              43.895757
            ],
            [
              -78.9162438,
              43.8955215
            ],
            [
              -78.9160107,
              43.8955732
            ],
            [
              -78.9160764,
              43.8957282
            ],
            [
              -78.916101,
              43.8957227
            ],
            [
              -78.9161206,
              43.8957688
            ]
          ]
        ]
      }
    },
    {
      "type": "Feature",
      "id": "way/104944359",
      "properties": {
        "amenity": "fire_station",
        "building": "public",
        "building:levels": "2",
        "name": "Toronto Fire Station 135",
        "source": "Bing",
        "id": "way/104944359"
      },
      "geometry": {
        "type": "Polygon",
        "coordinates": [
          [
            [
              -79.4189528,
              43.7031894
            ],
            [
              -79.4189122,
              43.7031183
            ],
            [
              -79.4189447,
              43.7031103
            ],
            [
              -79.4189237,
              43.7030711
            ],
            [
              -79.4187889,
              43.7030006
            ],
            [
              -79.4188058,
              43.7029785
            ],
            [
              -79.418725,
              43.7029361
            ],
            [
              -79.418714,
              43.7029118
            ],
            [
              -79.4186822,
              43.7029186
            ],
            [
              -79.4186669,
              43.7028857
            ],
            [
              -79.4186007,
              43.702848
            ],
            [
              -79.4184615,
              43.7029903
            ],
            [
              -79.4185845,
              43.7030572
            ],
            [
              -79.4186629,
              43.7031138
            ],
            [
              -79.4186324,
              43.7031443
            ],
            [
              -79.4186465,
              43.7031649
            ],
            [
              -79.4187034,
              43.7031442
            ],
            [
              -79.4187244,
              43.7031759
            ],
            [
              -79.4187353,
              43.7031801
            ],
            [
              -79.4187692,
              43.7032428
            ],
            [
              -79.4189528,
              43.7031894
            ]
          ]
        ]
      }
    },
    {
      "type": "Feature",
      "id": "way/105780345",
      "properties": {
        "amenity": "fire_station",
        "building": "yes",
        "created_by": "iLOE 1.9",
        "name": "Toronto Fire Station 134",
        "source": "Bing",
        "id": "way/105780345"
      },
      "geometry": {
        "type": "Polygon",
        "coordinates": [
          [
            [
              -79.3997551,
              43.709817
            ],
            [
              -79.3999208,
              43.7097803
            ],
            [
              -79.399929,
              43.7097784
            ],
            [
              -79.3999139,
              43.709743
            ],
            [
              -79.3998655,
              43.7097538
            ],
            [
              -79.3998487,
              43.7097145
            ],
            [
              -79.3999098,
              43.7097009
            ],
            [
              -79.3998517,
              43.7095643
            ],
            [
              -79.3997762,
              43.709581
            ],
            [
              -79.3997812,
              43.7095929
            ],
            [
              -79.3996704,
              43.7096175
            ],
            [
              -79.3997551,
              43.709817
            ]
          ]
        ]
      }
    },
    {
      "type": "Feature",
      "id": "way/108700348",
      "properties": {
        "addr:city": "North York",
        "addr:housenumber": "115",
        "addr:street": "Parkway Forest Drive",
        "amenity": "fire_station",
        "building": "civic",
        "name": "Fire Station 115, Ambulance Station 23",
        "opendata:type": "103005",
        "id": "way/108700348"
      },
      "geometry": {
        "type": "Polygon",
        "coordinates": [
          [
            [
              -79.340685,
              43.774524
            ],
            [
              -79.340867,
              43.774394
            ],
            [
              -79.340825,
              43.774363
            ],
            [
              -79.34085,
              43.774345
            ],
            [
              -79.340804,
              43.774312
            ],
            [
              -79.340827,
              43.774295
            ],
            [
              -79.340779,
              43.77426
            ],
            [
              -79.340734,
              43.774293
            ],
            [
              -79.34069,
              43.774261
            ],
            [
              -79.340665,
              43.774279
            ],
            [
              -79.340622,
              43.774247
            ],
            [
              -79.340576,
              43.77428
            ],
            [
              -79.340553,
              43.77428
            ],
            [
              -79.340554,
              43.774295
            ],
            [
              -79.340507,
              43.774329
            ],
            [
              -79.340552,
              43.774363
            ],
            [
              -79.340511,
              43.774392
            ],
            [
              -79.340555,
              43.774426
            ],
            [
              -79.340531,
              43.774443
            ],
            [
              -79.340555,
              43.774459
            ],
            [
              -79.340555,
              43.774494
            ],
            [
              -79.3406,
              43.774461
            ],
            [
              -79.340685,
              43.774524
            ]
          ]
        ]
      }
    },
    {
      "type": "Feature",
      "id": "way/109199283",
      "properties": {
        "addr:city": "North York",
        "addr:housenumber": "700",
        "addr:street": "Seneca Hill Drive",
        "amenity": "fire_station",
        "building": "fire_station",
        "building:levels": "2",
        "name": "Toronto Fire Station 113",
        "id": "way/109199283"
      },
      "geometry": {
        "type": "Polygon",
        "coordinates": [
          [
            [
              -79.350784,
              43.793296
            ],
            [
              -79.350971,
              43.79325
            ],
            [
              -79.35095,
              43.793206
            ],
            [
              -79.350966,
              43.793202
            ],
            [
              -79.350931,
              43.793126
            ],
            [
              -79.350937,
              43.793124
            ],
            [
              -79.350919,
              43.793063
            ],
            [
              -79.350672,
              43.793124
            ],
            [
              -79.350709,
              43.793177
            ],
            [
              -79.350717,
              43.793175
            ],
            [
              -79.350754,
              43.793254
            ],
            [
              -79.350763,
              43.793252
            ],
            [
              -79.350784,
              43.793296
            ]
          ]
        ]
      }
    },
    {
      "type": "Feature",
      "id": "way/114901127",
      "properties": {
        "addr:city": "Toronto",
        "addr:housenumber": "1904",
        "addr:street": "Queen Street East",
        "amenity": "fire_station",
        "building": "fire_station",
        "name": "Toronto Fire Station 227",
        "source": "Bing",
        "wikidata": "Q124857923",
        "id": "way/114901127"
      },
      "geometry": {
        "type": "Polygon",
        "coordinates": [
          [
            [
              -79.3049738,
              43.6692946
            ],
            [
              -79.3051819,
              43.6692474
            ],
            [
              -79.3050961,
              43.6690496
            ],
            [
              -79.3049501,
              43.6690828
            ],
            [
              -79.3049553,
              43.6690946
            ],
            [
              -79.3049239,
              43.6691017
            ],
            [
              -79.3048931,
              43.6691087
            ],
            [
              -79.3049738,
              43.6692946
            ]
          ]
        ]
      }
    },
    {
      "type": "Feature",
      "id": "way/120882312",
      "properties": {
        "addr:city": "North York",
        "addr:housenumber": "5700",
        "addr:street": "Bathurst Street",
        "amenity": "fire_station",
        "building": "yes",
        "emergency": "ambulance_station",
        "name": "Fire Station 112, Ambulance Station 5",
        "opendata:type": "103005",
        "source": "Bing",
        "wikidata": "Q112108259",
        "id": "way/120882312"
      },
      "geometry": {
        "type": "Polygon",
        "coordinates": [
          [
            [
              -79.4441492,
              43.7765179
            ],
            [
              -79.4443619,
              43.7764699
            ],
            [
              -79.4442946,
              43.7763145
            ],
            [
              -79.444498,
              43.7762686
            ],
            [
              -79.4444592,
              43.776179
            ],
            [
              -79.4445084,
              43.7761679
            ],
            [
              -79.4444803,
              43.7761029
            ],
            [
              -79.444015,
              43.776208
            ],
            [
              -79.4441492,
              43.7765179
            ]
          ]
        ]
      }
    },
    {
      "type": "Feature",
      "id": "way/123065109",
      "properties": {
        "addr:housename": "Markham Fire - Station 9-8",
        "addr:housenumber": "650",
        "addr:street": "Bur Oak Dr.",
        "amenity": "fire_station",
        "building": "yes",
        "name": "Markham Fire - Station 9-8",
        "source": "Bing",
        "id": "way/123065109"
      },
      "geometry": {
        "type": "Polygon",
        "coordinates": [
          [
            [
              -79.2900866,
              43.8954806
            ],
            [
              -79.2900193,
              43.8952082
            ],
            [
              -79.2899359,
              43.8952189
            ],
            [
              -79.2898555,
              43.8952292
            ],
            [
              -79.2898384,
              43.89516
            ],
            [
              -79.2897822,
              43.8951672
            ],
            [
              -79.2897907,
              43.8952018
            ],
            [
              -79.2896993,
              43.8952135
            ],
            [
              -79.2897028,
              43.8952275
            ],
            [
              -79.2896129,
              43.8952391
            ],
            [
              -79.2896853,
              43.8955321
            ],
            [
              -79.2900866,
              43.8954806
            ]
          ]
        ]
      }
    },
    {
      "type": "Feature",
      "id": "way/123814411",
      "properties": {
        "addr:city": "Toronto",
        "addr:housenumber": "33",
        "addr:street": "Claremont Street",
        "amenity": "fire_station",
        "building": "yes",
        "name": "Fire Station 331",
        "opendata:type": "103002",
        "source": "Bing",
        "id": "way/123814411"
      },
      "geometry": {
        "type": "Polygon",
        "coordinates": [
          [
            [
              -79.4097096,
              43.6471188
            ],
            [
              -79.4094857,
              43.6471658
            ],
            [
              -79.4095925,
              43.6474321
            ],
            [
              -79.409725,
              43.6474042
            ],
            [
              -79.4097125,
              43.647373
            ],
            [
              -79.4098039,
              43.6473539
            ],
            [
              -79.4097096,
              43.6471188
            ]
          ]
        ]
      }
    },
    {
      "type": "Feature",
      "id": "way/124105159",
      "properties": {
        "amenity": "fire_station",
        "building": "public",
        "name": "Toronto Fire Station 133",
        "source": "Bing",
        "id": "way/124105159"
      },
      "geometry": {
        "type": "Polygon",
        "coordinates": [
          [
            [
              -79.4823278,
              43.7072816
            ],
            [
              -79.4822238,
              43.7070415
            ],
            [
              -79.4820322,
              43.7070849
            ],
            [
              -79.4820481,
              43.7071215
            ],
            [
              -79.481905,
              43.7071539
            ],
            [
              -79.4819786,
              43.7073238
            ],
            [
              -79.4821269,
              43.7072902
            ],
            [
              -79.4821415,
              43.7073238
            ],
            [
              -79.4823278,
              43.7072816
            ]
          ]
        ]
      }
    },
    {
      "type": "Feature",
      "id": "way/130468302",
      "properties": {
        "amenity": "fire_station",
        "building": "yes",
        "name": "Toronto Fire Station 125",
        "source": "Bing",
        "id": "way/130468302"
      },
      "geometry": {
        "type": "Polygon",
        "coordinates": [
          [
            [
              -79.3491849,
              43.7212689
            ],
            [
              -79.3492171,
              43.7211756
            ],
            [
              -79.3492546,
              43.7211824
            ],
            [
              -79.3492901,
              43.7210798
            ],
            [
              -79.3489792,
              43.7210237
            ],
            [
              -79.3489395,
              43.7211383
            ],
            [
              -79.3489651,
              43.721143
            ],
            [
              -79.348937,
              43.7212241
            ],
            [
              -79.3491849,
              43.7212689
            ]
          ]
        ]
      }
    },
    {
      "type": "Feature",
      "id": "way/132647325",
      "properties": {
        "addr:city": "Toronto",
        "addr:housenumber": "207",
        "addr:postcode": "M5A 2B5",
        "addr:street": "Front Street East",
        "amenity": "fire_station",
        "building": "yes",
        "building:colour": "red",
        "building:levels": "2",
        "building:material": "brick",
        "name": "Toronto Fire Station 333",
        "wikidata": "Q112032406",
        "id": "way/132647325"
      },
      "geometry": {
        "type": "Polygon",
        "coordinates": [
          [
            [
              -79.3660407,
              43.6505776
            ],
            [
              -79.3663988,
              43.6504957
            ],
            [
              -79.3663223,
              43.6503207
            ],
            [
              -79.3659642,
              43.6504026
            ],
            [
              -79.3660407,
              43.6505776
            ]
          ]
        ]
      }
    },
    {
      "type": "Feature",
      "id": "way/134818544",
      "properties": {
        "addr:city": "North York",
        "addr:housenumber": "2545",
        "addr:street": "Bayview Avenue",
        "amenity": "fire_station",
        "building": "yes",
        "building:levels": "2",
        "name": "Toronto Fire Station 122",
        "opendata:type": "103002",
        "source": "Bing",
        "wikidata": "Q124858311",
        "id": "way/134818544"
      },
      "geometry": {
        "type": "Polygon",
        "coordinates": [
          [
            [
              -79.3836772,
              43.7487003
            ],
            [
              -79.3837235,
              43.7486679
            ],
            [
              -79.3837482,
              43.7486863
            ],
            [
              -79.3838318,
              43.7486279
            ],
            [
              -79.3837335,
              43.7485546
            ],
            [
              -79.3837592,
              43.7485366
            ],
            [
              -79.3836974,
              43.7484905
            ],
            [
              -79.3835419,
              43.7485994
            ],
            [
              -79.3836772,
              43.7487003
            ]
          ]
        ]
      }
    },
    {
      "type": "Feature",
      "id": "way/134823356",
      "properties": {
        "addr:city": "North York",
        "addr:housenumber": "10",
        "addr:street": "William Carson Crescent",
        "amenity": "fire_station",
        "building": "public",
        "name": "Fire Station 121",
        "opendata:type": "103002",
        "source": "Bing",
        "wikidata": "Q112108257",
        "id": "way/134823356"
      },
      "geometry": {
        "type": "Polygon",
        "coordinates": [
          [
            [
              -79.4066697,
              43.7485976
            ],
            [
              -79.4067222,
              43.7485913
            ],
            [
              -79.4067228,
              43.7485938
            ],
            [
              -79.4067439,
              43.7485912
            ],
            [
              -79.4067432,
              43.7485881
            ],
            [
              -79.4067606,
              43.7485859
            ],
            [
              -79.4067613,
              43.7485887
            ],
            [
              -79.4067823,
              43.7485862
            ],
            [
              -79.4067817,
              43.7485838
            ],
            [
              -79.4067953,
              43.7485822
            ],
            [
              -79.4067957,
              43.7485839
            ],
            [
              -79.4068188,
              43.7485811
            ],
            [
              -79.4068183,
              43.7485791
            ],
            [
              -79.4068281,
              43.7485779
            ],
            [
              -79.4068289,
              43.748581
            ],
            [
              -79.4068537,
              43.748578
            ],
            [
              -79.4068533,
              43.7485761
            ],
            [
              -79.4069057,
              43.7485698
            ],
            [
              -79.4068843,
              43.7484782
            ],
            [
              -79.4068778,
              43.7484789
            ],
            [
              -79.4068561,
              43.7483856
            ],
            [
              -79.4066268,
              43.7484134
            ],
            [
              -79.4066397,
              43.748469
            ],
            [
              -79.4066488,
              43.748508
            ],
            [
              -79.4066697,
              43.7485976
            ]
          ]
        ]
      }
    },
    {
      "type": "Feature",
      "id": "way/143179010",
      "properties": {
        "amenity": "fire_station",
        "building": "yes",
        "name": "Toronto City Centre Airport Firehall",
        "id": "way/143179010"
      },
      "geometry": {
        "type": "Polygon",
        "coordinates": [
          [
            [
              -79.3994641,
              43.6304223
            ],
            [
              -79.3992128,
              43.6305579
            ],
            [
              -79.399555,
              43.6308887
            ],
            [
              -79.3998058,
              43.6307548
            ],
            [
              -79.3994641,
              43.6304223
            ]
          ]
        ]
      }
    },
    {
      "type": "Feature",
      "id": "way/143604554",
      "properties": {
        "addr:city": "Markham",
        "addr:housename": "Markham Fire - Station 9-7",
        "addr:housenumber": "209",
        "addr:street": "Main Street Markham North",
        "amenity": "fire_station",
        "building": "yes",
        "building:colour": "red",
        "building:material": "brick",
        "name": "Markham Fire - Station 9-7",
        "id": "way/143604554"
      },
      "geometry": {
        "type": "Polygon",
        "coordinates": [
          [
            [
              -79.261436,
              43.882869
            ],
            [
              -79.261565,
              43.882853
            ],
            [
              -79.261557,
              43.882818
            ],
            [
              -79.261682,
              43.882803
            ],
            [
              -79.261662,
              43.882715
            ],
            [
              -79.26168,
              43.882713
            ],
            [
              -79.261678,
              43.882703
            ],
            [
              -79.261674,
              43.882686
            ],
            [
              -79.261671,
              43.882674
            ],
            [
              -79.261636,
              43.882678
            ],
            [
              -79.261635,
              43.882673
            ],
            [
              -79.261615,
              43.882589
            ],
            [
              -79.261615,
              43.882587
            ],
            [
              -79.261613,
              43.88258
            ],
            [
              -79.261599,
              43.882582
            ],
            [
              -79.261579,
              43.882584
            ],
            [
              -79.261573,
              43.882558
            ],
            [
              -79.261514,
              43.882565
            ],
            [
              -79.261518,
              43.882579
            ],
            [
              -79.261399,
              43.882594
            ],
            [
              -79.261395,
              43.88258
            ],
            [
              -79.261337,
              43.882587
            ],
            [
              -79.261343,
              43.882614
            ],
            [
              -79.261326,
              43.882616
            ],
            [
              -79.261313,
              43.882618
            ],
            [
              -79.261315,
              43.882627
            ],
            [
              -79.261336,
              43.882717
            ],
            [
              -79.261337,
              43.882722
            ],
            [
              -79.261337,
              43.882725
            ],
            [
              -79.261385,
              43.882719
            ],
            [
              -79.261396,
              43.88277
            ],
            [
              -79.261364,
              43.882774
            ],
            [
              -79.261367,
              43.882787
            ],
            [
              -79.261378,
              43.882832
            ],
            [
              -79.261386,
              43.882831
            ],
            [
              -79.261413,
              43.882828
            ],
            [
              -79.261415,
              43.882839
            ],
            [
              -79.261429,
              43.882837
            ],
            [
              -79.26143,
              43.88284
            ],
            [
              -79.261433,
              43.882856
            ],
            [
              -79.261436,
              43.882869
            ]
          ]
        ]
      }
    },
    {
      "type": "Feature",
      "id": "way/146589948",
      "properties": {
        "addr:city": "Thornhill",
        "addr:housenumber": "7801",
        "addr:province": "Ontario",
        "addr:street": "Bayview Avenue",
        "amenity": "fire_station",
        "building": "yes",
        "name": "Markham Fire Station 9-1",
        "id": "way/146589948"
      },
      "geometry": {
        "type": "Polygon",
        "coordinates": [
          [
            [
              -79.4013959,
              43.8218641
            ],
            [
              -79.4013862,
              43.821836
            ],
            [
              -79.4014157,
              43.8218307
            ],
            [
              -79.4014023,
              43.8217921
            ],
            [
              -79.401375,
              43.821797
            ],
            [
              -79.4013516,
              43.8217294
            ],
            [
              -79.4013666,
              43.8217267
            ],
            [
              -79.4013472,
              43.8216704
            ],
            [
              -79.4013673,
              43.8216668
            ],
            [
              -79.4013459,
              43.8216052
            ],
            [
              -79.4013216,
              43.8216096
            ],
            [
              -79.4013136,
              43.8215863
            ],
            [
              -79.4009988,
              43.821643
            ],
            [
              -79.4010221,
              43.8217104
            ],
            [
              -79.4009975,
              43.8217148
            ],
            [
              -79.4010113,
              43.8217547
            ],
            [
              -79.4010375,
              43.82175
            ],
            [
              -79.4010527,
              43.8217938
            ],
            [
              -79.4010663,
              43.8217913
            ],
            [
              -79.4010971,
              43.8218801
            ],
            [
              -79.4011113,
              43.8218776
            ],
            [
              -79.4011236,
              43.8219131
            ],
            [
              -79.4013959,
              43.8218641
            ]
          ]
        ]
      }
    },
    {
      "type": "Feature",
      "id": "way/161133125",
      "properties": {
        "addr:city": "Unionville",
        "addr:housenumber": "316",
        "addr:street": "Main Street",
        "amenity": "fire_station",
        "building": "yes",
        "name": "Markham Fire Station 95",
        "source": "Bing",
        "id": "way/161133125"
      },
      "geometry": {
        "type": "Polygon",
        "coordinates": [
          [
            [
              -79.3138685,
              43.8761881
            ],
            [
              -79.3140714,
              43.8761414
            ],
            [
              -79.3140786,
              43.8761604
            ],
            [
              -79.3142287,
              43.876125
            ],
            [
              -79.3141759,
              43.8760012
            ],
            [
              -79.3141531,
              43.8760064
            ],
            [
              -79.3140726,
              43.8758125
            ],
            [
              -79.3137425,
              43.8758896
            ],
            [
              -79.3138361,
              43.8761137
            ],
            [
              -79.3138181,
              43.8761293
            ],
            [
              -79.3138181,
              43.8761449
            ],
            [
              -79.3138301,
              43.8761578
            ],
            [
              -79.3138565,
              43.8761604
            ],
            [
              -79.3138685,
              43.8761881
            ]
          ]
        ]
      }
    },
    {
      "type": "Feature",
      "id": "way/165120190",
      "properties": {
        "addr:housenumber": "13067",
        "addr:street": "Yonge Street",
        "amenity": "fire_station",
        "building": "yes",
        "name": "Richmond Hill Fire Department Station 82",
        "source": "Bing",
        "id": "way/165120190"
      },
      "geometry": {
        "type": "Polygon",
        "coordinates": [
          [
            [
              -79.4544148,
              43.9465061
            ],
            [
              -79.4544713,
              43.9464943
            ],
            [
              -79.4544887,
              43.9465375
            ],
            [
              -79.4545669,
              43.9465211
            ],
            [
              -79.454579,
              43.9465511
            ],
            [
              -79.4546943,
              43.946527
            ],
            [
              -79.4546893,
              43.9465147
            ],
            [
              -79.4547538,
              43.9465012
            ],
            [
              -79.4547356,
              43.9464559
            ],
            [
              -79.4547469,
              43.9464536
            ],
            [
              -79.4547396,
              43.9464355
            ],
            [
              -79.4547467,
              43.946434
            ],
            [
              -79.454713,
              43.9463506
            ],
            [
              -79.4543802,
              43.9464204
            ],
            [
              -79.4544148,
              43.9465061
            ]
          ]
        ]
      }
    },
    {
      "type": "Feature",
      "id": "way/167395466",
      "properties": {
        "amenity": "fire_station",
        "building": "fire_station",
        "name": "Oshawa Station #5",
        "id": "way/167395466"
      },
      "geometry": {
        "type": "Polygon",
        "coordinates": [
          [
            [
              -78.8530214,
              43.9450122
            ],
            [
              -78.8529072,
              43.9447486
            ],
            [
              -78.8526685,
              43.9448026
            ],
            [
              -78.8527105,
              43.9448996
            ],
            [
              -78.8526112,
              43.9449221
            ],
            [
              -78.8525767,
              43.9448425
            ],
            [
              -78.8525403,
              43.9448507
            ],
            [
              -78.8525185,
              43.9448004
            ],
            [
              -78.8524451,
              43.944817
            ],
            [
              -78.8524491,
              43.9448263
            ],
            [
              -78.8523214,
              43.9448552
            ],
            [
              -78.852298,
              43.9448014
            ],
            [
              -78.8521755,
              43.9448291
            ],
            [
              -78.8522105,
              43.9449097
            ],
            [
              -78.8522569,
              43.9448992
            ],
            [
              -78.852268,
              43.9449247
            ],
            [
              -78.8522291,
              43.9449335
            ],
            [
              -78.8522477,
              43.9449764
            ],
            [
              -78.8522871,
              43.9449675
            ],
            [
              -78.8523651,
              43.9451474
            ],
            [
              -78.8524234,
              43.9451343
            ],
            [
              -78.8523965,
              43.9450722
            ],
            [
              -78.8525676,
              43.9450335
            ],
            [
              -78.8525774,
              43.9450561
            ],
            [
              -78.8526171,
              43.9450471
            ],
            [
              -78.8526394,
              43.9450986
            ],
            [
              -78.8530214,
              43.9450122
            ]
          ]
        ]
      }
    },
    {
      "type": "Feature",
      "id": "way/169783037",
      "properties": {
        "amenity": "fire_station",
        "building": "public",
        "name": "Brock township Fire Department Station Number 1",
        "source": "Bing",
        "id": "way/169783037"
      },
      "geometry": {
        "type": "Polygon",
        "coordinates": [
          [
            [
              -79.0726552,
              44.2610674
            ],
            [
              -79.0730126,
              44.2609805
            ],
            [
              -79.072911,
              44.2607551
            ],
            [
              -79.0725573,
              44.2608462
            ],
            [
              -79.0726552,
              44.2610674
            ]
          ]
        ]
      }
    },
    {
      "type": "Feature",
      "id": "way/170749499",
      "properties": {
        "addr:city": "Newmarket",
        "addr:housenumber": "984",
        "addr:street": "Gorham Street",
        "amenity": "fire_station",
        "building": "yes",
        "name": "Central York Fire Station 4-1",
        "source": "Bing",
        "id": "way/170749499"
      },
      "geometry": {
        "type": "Polygon",
        "coordinates": [
          [
            [
              -79.4343775,
              44.0550748
            ],
            [
              -79.4343012,
              44.0550865
            ],
            [
              -79.4342966,
              44.0550709
            ],
            [
              -79.4340153,
              44.0551138
            ],
            [
              -79.4340054,
              44.0550803
            ],
            [
              -79.4339357,
              44.055091
            ],
            [
              -79.4340181,
              44.0553702
            ],
            [
              -79.4340776,
              44.0553611
            ],
            [
              -79.4340679,
              44.0553282
            ],
            [
              -79.4342286,
              44.0553037
            ],
            [
              -79.434241,
              44.0553461
            ],
            [
              -79.4343465,
              44.05533
            ],
            [
              -79.4343681,
              44.055316
            ],
            [
              -79.4343681,
              44.0552982
            ],
            [
              -79.4344328,
              44.0552927
            ],
            [
              -79.4343775,
              44.0550748
            ]
          ]
        ]
      }
    },
    {
      "type": "Feature",
      "id": "way/180353347",
      "properties": {
        "amenity": "fire_station",
        "building": "yes",
        "building:colour": "red",
        "building:levels": "2",
        "building:material": "brick",
        "name": "Toronto Fire Station 345",
        "roof:colour": "gray",
        "roof:shape": "flat",
        "source": "Bing",
        "id": "way/180353347"
      },
      "geometry": {
        "type": "Polygon",
        "coordinates": [
          [
            [
              -79.4381634,
              43.6675778
            ],
            [
              -79.4382266,
              43.6675635
            ],
            [
              -79.4382133,
              43.6675329
            ],
            [
              -79.4383062,
              43.6675119
            ],
            [
              -79.4382462,
              43.667373
            ],
            [
              -79.4382138,
              43.6672979
            ],
            [
              -79.4381873,
              43.6672368
            ],
            [
              -79.4379645,
              43.6672871
            ],
            [
              -79.438016,
              43.6674064
            ],
            [
              -79.4380827,
              43.6675607
            ],
            [
              -79.4381494,
              43.6675456
            ],
            [
              -79.4381634,
              43.6675778
            ]
          ]
        ]
      }
    },
    {
      "type": "Feature",
      "id": "way/180731108",
      "properties": {
        "amenity": "fire_station",
        "building": "yes",
        "name": "Whitby Fire Station No. 1",
        "id": "way/180731108"
      },
      "geometry": {
        "type": "Polygon",
        "coordinates": [
          [
            [
              -78.9580025,
              43.9683069
            ],
            [
              -78.9580718,
              43.9684671
            ],
            [
              -78.9583059,
              43.9684143
            ],
            [
              -78.9582839,
              43.9683633
            ],
            [
              -78.9583243,
              43.9683542
            ],
            [
              -78.9582866,
              43.9682669
            ],
            [
              -78.9582729,
              43.96827
            ],
            [
              -78.958215,
              43.9681361
            ],
            [
              -78.9582058,
              43.9681382
            ],
            [
              -78.9581927,
              43.9681077
            ],
            [
              -78.9580949,
              43.9681297
            ],
            [
              -78.9580832,
              43.9681027
            ],
            [
              -78.9580059,
              43.9681201
            ],
            [
              -78.9580181,
              43.9681483
            ],
            [
              -78.957915,
              43.9681715
            ],
            [
              -78.957976,
              43.9683128
            ],
            [
              -78.9580025,
              43.9683069
            ]
          ]
        ]
      }
    },
    {
      "type": "Feature",
      "id": "way/191843386",
      "properties": {
        "addr:city": "North York",
        "addr:housenumber": "200",
        "addr:street": "Bermondsey Road",
        "amenity": "fire_station",
        "building": "yes",
        "name": "Toronto Fire Station 235",
        "opendata:type": "103002",
        "id": "way/191843386"
      },
      "geometry": {
        "type": "Polygon",
        "coordinates": [
          [
            [
              -79.31476,
              43.724342
            ],
            [
              -79.314943,
              43.724302
            ],
            [
              -79.315183,
              43.724249
            ],
            [
              -79.315128,
              43.724119
            ],
            [
              -79.314908,
              43.724168
            ],
            [
              -79.314693,
              43.724215
            ],
            [
              -79.314729,
              43.7243
            ],
            [
              -79.314741,
              43.724297
            ],
            [
              -79.31476,
              43.724342
            ]
          ]
        ]
      }
    },
    {
      "type": "Feature",
      "id": "way/193249081",
      "properties": {
        "addr:city": "Toronto",
        "addr:housenumber": "235",
        "addr:postcode": "M5J 1X9",
        "addr:street": "Cibola Avenue",
        "amenity": "fire_station",
        "building": "yes",
        "emergency": "ambulance_station",
        "name": "Fire Station 335, Ambulance Station 48",
        "opendata:type": "103005",
        "wikidata": "Q112036772",
        "id": "way/193249081"
      },
      "geometry": {
        "type": "Polygon",
        "coordinates": [
          [
            [
              -79.359201,
              43.6250113
            ],
            [
              -79.3590597,
              43.6251241
            ],
            [
              -79.3590347,
              43.6251441
            ],
            [
              -79.3592099,
              43.6252591
            ],
            [
              -79.3591989,
              43.6252679
            ],
            [
              -79.3592773,
              43.6253193
            ],
            [
              -79.3593246,
              43.6252816
            ],
            [
              -79.3593085,
              43.625271
            ],
            [
              -79.3593549,
              43.625234
            ],
            [
              -79.3594053,
              43.6251937
            ],
            [
              -79.3593431,
              43.6251529
            ],
            [
              -79.3593763,
              43.6251263
            ],
            [
              -79.359201,
              43.6250113
            ]
          ]
        ]
      }
    },
    {
      "type": "Feature",
      "id": "way/195846571",
      "properties": {
        "addr:city": "Toronto",
        "addr:housenumber": "132",
        "addr:street": "Bellevue Avenue",
        "amenity": "fire_station",
        "building": "yes",
        "building:material": "brick",
        "name": "Toronto Fire Station 315",
        "source": "Bing",
        "wikidata": "Q111490760",
        "id": "way/195846571"
      },
      "geometry": {
        "type": "Polygon",
        "coordinates": [
          [
            [
              -79.4049298,
              43.656625
            ],
            [
              -79.4046509,
              43.6566802
            ],
            [
              -79.4046579,
              43.6566987
            ],
            [
              -79.4046717,
              43.6567354
            ],
            [
              -79.404694,
              43.6567942
            ],
            [
              -79.4047221,
              43.6567886
            ],
            [
              -79.4047287,
              43.6568061
            ],
            [
              -79.4047354,
              43.656824
            ],
            [
              -79.4046685,
              43.6568372
            ],
            [
              -79.4046787,
              43.6568644
            ],
            [
              -79.4046885,
              43.6568903
            ],
            [
              -79.4047008,
              43.6569226
            ],
            [
              -79.4047514,
              43.6569126
            ],
            [
              -79.4047445,
              43.6568953
            ],
            [
              -79.4048993,
              43.6568646
            ],
            [
              -79.4048806,
              43.6568151
            ],
            [
              -79.4048736,
              43.6567966
            ],
            [
              -79.4049862,
              43.6567744
            ],
            [
              -79.4049298,
              43.656625
            ]
          ]
        ]
      }
    },
    {
      "type": "Feature",
      "id": "way/197081077",
      "properties": {
        "addr:city": "Toronto",
        "amenity": "fire_station",
        "building": "civic",
        "emergency": "ambulance_station",
        "name": "Toronto Fire Station 212, Toronto EMS Station 25",
        "source": "Bing",
        "id": "way/197081077"
      },
      "geometry": {
        "type": "Polygon",
        "coordinates": [
          [
            [
              -79.188841,
              43.805146
            ],
            [
              -79.189113,
              43.805061
            ],
            [
              -79.189098,
              43.805036
            ],
            [
              -79.189109,
              43.805033
            ],
            [
              -79.189049,
              43.804936
            ],
            [
              -79.189094,
              43.804921
            ],
            [
              -79.18908,
              43.804898
            ],
            [
              -79.1890301,
              43.8049129
            ],
            [
              -79.189049,
              43.804874
            ],
            [
              -79.189088,
              43.804861
            ],
            [
              -79.189095,
              43.804873
            ],
            [
              -79.189217,
              43.804834
            ],
            [
              -79.189156,
              43.804734
            ],
            [
              -79.189034,
              43.804773
            ],
            [
              -79.189041,
              43.804784
            ],
            [
              -79.189002,
              43.804797
            ],
            [
              -79.188955,
              43.804781
            ],
            [
              -79.188896,
              43.804684
            ],
            [
              -79.188864,
              43.804694
            ],
            [
              -79.188849,
              43.804669
            ],
            [
              -79.18862,
              43.804742
            ],
            [
              -79.188635,
              43.804767
            ],
            [
              -79.188603,
              43.804777
            ],
            [
              -79.188663,
              43.804875
            ],
            [
              -79.188644,
              43.804908
            ],
            [
              -79.188569,
              43.804932
            ],
            [
              -79.188609,
              43.804999
            ],
            [
              -79.188661,
              43.804982
            ],
            [
              -79.188695,
              43.804991
            ],
            [
              -79.188711,
              43.805017
            ],
            [
              -79.188757,
              43.805029
            ],
            [
              -79.188816,
              43.805127
            ],
            [
              -79.188827,
              43.805123
            ],
            [
              -79.188841,
              43.805146
            ]
          ]
        ]
      }
    },
    {
      "type": "Feature",
      "id": "way/202622533",
      "properties": {
        "addr:city": "Toronto",
        "addr:housenumber": "34",
        "addr:postcode": "M4W 1L5",
        "addr:street": "Yorkville Avenue",
        "amenity": "fire_station",
        "building": "yes",
        "building:colour": "beige",
        "building:material": "brick",
        "name": "Toronto Fire Station 312",
        "source": "local_knowledge",
        "wikidata": "Q124857883",
        "id": "way/202622533"
      },
      "geometry": {
        "type": "Polygon",
        "coordinates": [
          [
            [
              -79.388823,
              43.6720591
            ],
            [
              -79.3889037,
              43.672042
            ],
            [
              -79.3888948,
              43.67202
            ],
            [
              -79.3890249,
              43.6719923
            ],
            [
              -79.3889398,
              43.6717829
            ],
            [
              -79.3889235,
              43.6717426
            ],
            [
              -79.3888938,
              43.6717489
            ],
            [
              -79.3888677,
              43.6717545
            ],
            [
              -79.3888768,
              43.6717769
            ],
            [
              -79.3888594,
              43.6717806
            ],
            [
              -79.3888156,
              43.6717899
            ],
            [
              -79.3887635,
              43.671801
            ],
            [
              -79.3887865,
              43.6718575
            ],
            [
              -79.3887656,
              43.6718619
            ],
            [
              -79.3887447,
              43.6718663
            ],
            [
              -79.388823,
              43.6720591
            ]
          ]
        ]
      }
    },
    {
      "type": "Feature",
      "id": "way/207234268",
      "properties": {
        "amenity": "fire_station",
        "building": "yes",
        "name": "Toronto Fire Station 116",
        "wikidata": "Q124858343",
        "id": "way/207234268"
      },
      "geometry": {
        "type": "Polygon",
        "coordinates": [
          [
            [
              -79.3648381,
              43.7692109
            ],
            [
              -79.3649249,
              43.7691751
            ],
            [
              -79.3649236,
              43.7691734
            ],
            [
              -79.3649357,
              43.7691684
            ],
            [
              -79.3649489,
              43.7691851
            ],
            [
              -79.3649811,
              43.7691719
            ],
            [
              -79.365005,
              43.7692022
            ],
            [
              -79.3650328,
              43.7691908
            ],
            [
              -79.3650439,
              43.7692048
            ],
            [
              -79.3651302,
              43.7691692
            ],
            [
              -79.365108,
              43.7691411
            ],
            [
              -79.3652412,
              43.7690862
            ],
            [
              -79.3652227,
              43.7690627
            ],
            [
              -79.3652379,
              43.7690564
            ],
            [
              -79.3651167,
              43.7689031
            ],
            [
              -79.365102,
              43.7689092
            ],
            [
              -79.3650825,
              43.7688844
            ],
            [
              -79.3649527,
              43.7689379
            ],
            [
              -79.3649431,
              43.7689258
            ],
            [
              -79.3649133,
              43.7689381
            ],
            [
              -79.3649149,
              43.7689402
            ],
            [
              -79.364906,
              43.7689438
            ],
            [
              -79.364915,
              43.7689552
            ],
            [
              -79.3648747,
              43.7689719
            ],
            [
              -79.3648841,
              43.7689838
            ],
            [
              -79.3648246,
              43.7690083
            ],
            [
              -79.3648985,
              43.7691018
            ],
            [
              -79.3648873,
              43.7691064
            ],
            [
              -79.3648749,
              43.7691115
            ],
            [
              -79.3648668,
              43.7691012
            ],
            [
              -79.3647798,
              43.769137
            ],
            [
              -79.3648381,
              43.7692109
            ]
          ]
        ]
      }
    },
    {
      "type": "Feature",
      "id": "way/216566919",
      "properties": {
        "addr:city": "Toronto",
        "addr:housenumber": "12",
        "addr:province": "ON",
        "addr:street": "Grosvenor Street",
        "amenity": "fire_station",
        "building": "yes",
        "name": "Toronto Fire Station 314",
        "source": "Bing",
        "wikidata": "Q112032409",
        "id": "way/216566919"
      },
      "geometry": {
        "type": "Polygon",
        "coordinates": [
          [
            [
              -79.3847147,
              43.6630416
            ],
            [
              -79.3846917,
              43.6629862
            ],
            [
              -79.3845515,
              43.6630166
            ],
            [
              -79.3845763,
              43.6630766
            ],
            [
              -79.3845359,
              43.6630853
            ],
            [
              -79.3846411,
              43.663339
            ],
            [
              -79.3848217,
              43.6632998
            ],
            [
              -79.3847147,
              43.6630416
            ]
          ]
        ]
      }
    },
    {
      "type": "Feature",
      "id": "way/226011263",
      "properties": {
        "addr:city": "Toronto",
        "addr:housenumber": "3325",
        "addr:province": "Ontario",
        "addr:street": "Warden Avenue",
        "amenity": "fire_station",
        "building": "yes",
        "check_date": "2025-04-16",
        "name": "Toronto Fire Station 241",
        "opendata:type": "103002",
        "operator": "City of Toronto",
        "id": "way/226011263"
      },
      "geometry": {
        "type": "Polygon",
        "coordinates": [
          [
            [
              -79.323617,
              43.814121
            ],
            [
              -79.323697,
              43.814103
            ],
            [
              -79.323696,
              43.8141
            ],
            [
              -79.323726,
              43.814093
            ],
            [
              -79.323728,
              43.814097
            ],
            [
              -79.323956,
              43.814045
            ],
            [
              -79.323918,
              43.813956
            ],
            [
              -79.323897,
              43.81396
            ],
            [
              -79.323892,
              43.813949
            ],
            [
              -79.323872,
              43.813902
            ],
            [
              -79.323554,
              43.813974
            ],
            [
              -79.32358,
              43.814035
            ],
            [
              -79.323576,
              43.814035
            ],
            [
              -79.3235862,
              43.8140585
            ],
            [
              -79.323606,
              43.814104
            ],
            [
              -79.32361,
              43.814103
            ],
            [
              -79.323617,
              43.814121
            ]
          ]
        ]
      }
    },
    {
      "type": "Feature",
      "id": "way/229941741",
      "properties": {
        "amenity": "fire_station",
        "building": "yes",
        "id": "way/229941741"
      },
      "geometry": {
        "type": "Polygon",
        "coordinates": [
          [
            [
              -78.7399752,
              44.3548103
            ],
            [
              -78.7397125,
              44.354868
            ],
            [
              -78.7397972,
              44.3550651
            ],
            [
              -78.7400599,
              44.3550074
            ],
            [
              -78.7399752,
              44.3548103
            ]
          ]
        ]
      }
    },
    {
      "type": "Feature",
      "id": "way/231659486",
      "properties": {
        "addr:housenumber": "3300",
        "addr:street": "Bayview Avenue",
        "amenity": "fire_station",
        "building": "yes",
        "name": "Toronto Fire Station 111 EMS Station 20",
        "wikidata": "Q124858363",
        "id": "way/231659486"
      },
      "geometry": {
        "type": "Polygon",
        "coordinates": [
          [
            [
              -79.3937984,
              43.7902071
            ],
            [
              -79.3937601,
              43.7901098
            ],
            [
              -79.3937691,
              43.7901079
            ],
            [
              -79.3937196,
              43.7899822
            ],
            [
              -79.3935037,
              43.7900265
            ],
            [
              -79.3935153,
              43.7900559
            ],
            [
              -79.3934553,
              43.7900682
            ],
            [
              -79.3934961,
              43.7901719
            ],
            [
              -79.3935132,
              43.7901684
            ],
            [
              -79.3935398,
              43.790236
            ],
            [
              -79.3935486,
              43.7902584
            ],
            [
              -79.3937984,
              43.7902071
            ]
          ]
        ]
      }
    },
    {
      "type": "Feature",
      "id": "way/235024947",
      "properties": {
        "addr:city": "Markham",
        "addr:province": "Ontario",
        "addr:street": "Major MacKenzie Drive East",
        "amenity": "fire_station",
        "building": "yes",
        "name": "Markham Fire Station 93",
        "id": "way/235024947"
      },
      "geometry": {
        "type": "Polygon",
        "coordinates": [
          [
            [
              -79.3696186,
              43.8859932
            ],
            [
              -79.3695182,
              43.8857581
            ],
            [
              -79.3694337,
              43.8857769
            ],
            [
              -79.3693186,
              43.8858024
            ],
            [
              -79.3692931,
              43.8857427
            ],
            [
              -79.3691021,
              43.8857851
            ],
            [
              -79.3692281,
              43.8860799
            ],
            [
              -79.3695161,
              43.8860159
            ],
            [
              -79.3696186,
              43.8859932
            ]
          ]
        ]
      }
    },
    {
      "type": "Feature",
      "id": "way/241179151",
      "properties": {
        "addr:city": "Markham",
        "amenity": "fire_station",
        "building": "yes",
        "name": "Fire Station #99",
        "id": "way/241179151"
      },
      "geometry": {
        "type": "Polygon",
        "coordinates": [
          [
            [
              -79.22755,
              43.883959
            ],
            [
              -79.227654,
              43.883857
            ],
            [
              -79.227633,
              43.883846
            ],
            [
              -79.227669,
              43.88381
            ],
            [
              -79.227691,
              43.883821
            ],
            [
              -79.227794,
              43.88372
            ],
            [
              -79.227597,
              43.883616
            ],
            [
              -79.227594,
              43.883619
            ],
            [
              -79.227577,
              43.88361
            ],
            [
              -79.227566,
              43.88362
            ],
            [
              -79.2275318,
              43.8836016
            ],
            [
              -79.227471,
              43.883569
            ],
            [
              -79.227481,
              43.883559
            ],
            [
              -79.227465,
              43.883551
            ],
            [
              -79.227246,
              43.883764
            ],
            [
              -79.227263,
              43.883774
            ],
            [
              -79.227273,
              43.883764
            ],
            [
              -79.2273398,
              43.8838002
            ],
            [
              -79.227369,
              43.883816
            ],
            [
              -79.227361,
              43.883824
            ],
            [
              -79.227377,
              43.883833
            ],
            [
              -79.227349,
              43.88386
            ],
            [
              -79.227343,
              43.883857
            ],
            [
              -79.22731,
              43.88389
            ],
            [
              -79.227354,
              43.883913
            ],
            [
              -79.227381,
              43.883887
            ],
            [
              -79.227456,
              43.883927
            ],
            [
              -79.227468,
              43.883915
            ],
            [
              -79.22755,
              43.883959
            ]
          ]
        ]
      }
    },
    {
      "type": "Feature",
      "id": "way/241193515",
      "properties": {
        "addr:city": "Courtice",
        "addr:housenumber": "2611",
        "addr:postcode": "L1E 2N3",
        "addr:province": "ON",
        "addr:street": "Trulls Road",
        "amenity": "fire_station",
        "building": "commercial",
        "id": "way/241193515"
      },
      "geometry": {
        "type": "Polygon",
        "coordinates": [
          [
            [
              -78.786009,
              43.907181
            ],
            [
              -78.786293,
              43.907113
            ],
            [
              -78.786253,
              43.907027
            ],
            [
              -78.7861,
              43.907063
            ],
            [
              -78.786062,
              43.90698
            ],
            [
              -78.786047,
              43.906984
            ],
            [
              -78.786019,
              43.906923
            ],
            [
              -78.786094,
              43.906905
            ],
            [
              -78.786107,
              43.906932
            ],
            [
              -78.786157,
              43.90692
            ],
            [
              -78.786178,
              43.906968
            ],
            [
              -78.786146,
              43.906976
            ],
            [
              -78.786168,
              43.907024
            ],
            [
              -78.786289,
              43.906995
            ],
            [
              -78.786201,
              43.906802
            ],
            [
              -78.786195,
              43.906803
            ],
            [
              -78.786164,
              43.906736
            ],
            [
              -78.785965,
              43.906784
            ],
            [
              -78.785979,
              43.906812
            ],
            [
              -78.78588,
              43.906836
            ],
            [
              -78.785934,
              43.906954
            ],
            [
              -78.785925,
              43.906957
            ],
            [
              -78.785945,
              43.907
            ],
            [
              -78.785999,
              43.906987
            ],
            [
              -78.786039,
              43.907075
            ],
            [
              -78.785968,
              43.907092
            ],
            [
              -78.786009,
              43.907181
            ]
          ]
        ]
      }
    },
    {
      "type": "Feature",
      "id": "way/243706746",
      "properties": {
        "addr:city": "Markham",
        "addr:housenumber": "5567",
        "addr:street": "14th Avenue",
        "amenity": "fire_station",
        "building": "yes",
        "name": "Markham Fire Station 96",
        "website": "https://www.markham.ca/wps/portal/Markham/Residents/FireServices/Operations/FireStations",
        "id": "way/243706746"
      },
      "geometry": {
        "type": "Polygon",
        "coordinates": [
          [
            [
              -79.269237,
              43.851542
            ],
            [
              -79.269239,
              43.851541
            ],
            [
              -79.269391,
              43.851507
            ],
            [
              -79.269428,
              43.851498
            ],
            [
              -79.269489,
              43.851485
            ],
            [
              -79.269482,
              43.851467
            ],
            [
              -79.269485,
              43.851466
            ],
            [
              -79.269598,
              43.85144
            ],
            [
              -79.269609,
              43.851438
            ],
            [
              -79.2696,
              43.851416
            ],
            [
              -79.269605,
              43.851415
            ],
            [
              -79.269531,
              43.851244
            ],
            [
              -79.269524,
              43.851246
            ],
            [
              -79.269511,
              43.851216
            ],
            [
              -79.269502,
              43.851218
            ],
            [
              -79.269387,
              43.851244
            ],
            [
              -79.269375,
              43.851247
            ],
            [
              -79.269369,
              43.851233
            ],
            [
              -79.269329,
              43.851242
            ],
            [
              -79.26932,
              43.85122
            ],
            [
              -79.269119,
              43.851265
            ],
            [
              -79.269153,
              43.851346
            ],
            [
              -79.269273,
              43.851319
            ],
            [
              -79.269311,
              43.851408
            ],
            [
              -79.269191,
              43.851435
            ],
            [
              -79.269237,
              43.851542
            ]
          ]
        ]
      }
    },
    {
      "type": "Feature",
      "id": "way/263823998",
      "properties": {
        "amenity": "fire_station",
        "building": "yes",
        "name": "Toronto Fire Station #322",
        "id": "way/263823998"
      },
      "geometry": {
        "type": "Polygon",
        "coordinates": [
          [
            [
              -79.3424759,
              43.6910537
            ],
            [
              -79.3423776,
              43.6907784
            ],
            [
              -79.342181,
              43.6909176
            ],
            [
              -79.3422059,
              43.6909376
            ],
            [
              -79.3421547,
              43.6909676
            ],
            [
              -79.3421699,
              43.6910077
            ],
            [
              -79.3422129,
              43.6910457
            ],
            [
              -79.3422447,
              43.6910397
            ],
            [
              -79.3422599,
              43.6910717
            ],
            [
              -79.3423831,
              43.6910467
            ],
            [
              -79.342397,
              43.6910717
            ],
            [
              -79.3424759,
              43.6910537
            ]
          ]
        ]
      }
    },
    {
      "type": "Feature",
      "id": "way/265630956",
      "properties": {
        "amenity": "fire_station",
        "building": "yes",
        "name": "Fire Station 341",
        "id": "way/265630956"
      },
      "geometry": {
        "type": "Polygon",
        "coordinates": [
          [
            [
              -79.4411662,
              43.6946775
            ],
            [
              -79.4413972,
              43.6946275
            ],
            [
              -79.4413192,
              43.6944365
            ],
            [
              -79.4414082,
              43.6944175
            ],
            [
              -79.4413842,
              43.6943575
            ],
            [
              -79.4409412,
              43.6944525
            ],
            [
              -79.4410282,
              43.6946665
            ],
            [
              -79.4411512,
              43.6946395
            ],
            [
              -79.4411662,
              43.6946775
            ]
          ]
        ]
      }
    },
    {
      "type": "Feature",
      "id": "way/271653293",
      "properties": {
        "amenity": "fire_station",
        "building": "yes",
        "name": "Durham College Pre-Service Firefighter Student",
        "id": "way/271653293"
      },
      "geometry": {
        "type": "Polygon",
        "coordinates": [
          [
            [
              -78.8980224,
              43.9445714
            ],
            [
              -78.8980818,
              43.9447011
            ],
            [
              -78.8982056,
              43.9446717
            ],
            [
              -78.8981463,
              43.944542
            ],
            [
              -78.8980224,
              43.9445714
            ]
          ]
        ]
      }
    },
    {
      "type": "Feature",
      "id": "way/280803826",
      "properties": {
        "amenity": "fire_station",
        "building": "yes",
        "building:colour": "beige",
        "building:levels": "1",
        "building:material": "brick",
        "name": "Toronto Fire Station 141",
        "id": "way/280803826"
      },
      "geometry": {
        "type": "Polygon",
        "coordinates": [
          [
            [
              -79.4924483,
              43.7670461
            ],
            [
              -79.4925212,
              43.7670335
            ],
            [
              -79.4926887,
              43.7669814
            ],
            [
              -79.4927814,
              43.7669399
            ],
            [
              -79.4927612,
              43.7668896
            ],
            [
              -79.4928511,
              43.7668708
            ],
            [
              -79.4928123,
              43.7667739
            ],
            [
              -79.4927154,
              43.7667942
            ],
            [
              -79.4927341,
              43.7668409
            ],
            [
              -79.4926834,
              43.7668515
            ],
            [
              -79.4925985,
              43.76664
            ],
            [
              -79.4923251,
              43.7666972
            ],
            [
              -79.4923423,
              43.7667398
            ],
            [
              -79.4922992,
              43.7667488
            ],
            [
              -79.4923376,
              43.7668446
            ],
            [
              -79.4923006,
              43.7668523
            ],
            [
              -79.4923639,
              43.7670101
            ],
            [
              -79.4924285,
              43.7669966
            ],
            [
              -79.4924483,
              43.7670461
            ]
          ]
        ]
      }
    },
    {
      "type": "Feature",
      "id": "way/281328742",
      "properties": {
        "addr:city": "Keswick",
        "addr:housenumber": "165",
        "addr:postcode": "L4P 3S9",
        "addr:province": "Ontario",
        "addr:street": "The Queensway South",
        "amenity": "fire_station",
        "building": "yes",
        "name": "Keswick Fire Hall - Station 1-4",
        "id": "way/281328742"
      },
      "geometry": {
        "type": "Polygon",
        "coordinates": [
          [
            [
              -79.4643996,
              44.2343486
            ],
            [
              -79.4646052,
              44.2343021
            ],
            [
              -79.4645396,
              44.2341416
            ],
            [
              -79.4646817,
              44.2341037
            ],
            [
              -79.4647691,
              44.2341011
            ],
            [
              -79.4648291,
              44.2340555
            ],
            [
              -79.4647891,
              44.2339628
            ],
            [
              -79.464698,
              44.2339485
            ],
            [
              -79.4646252,
              44.2339889
            ],
            [
              -79.4646128,
              44.2339628
            ],
            [
              -79.464191,
              44.2340547
            ],
            [
              -79.4642437,
              44.2341788
            ],
            [
              -79.4642987,
              44.2341669
            ],
            [
              -79.4643119,
              44.2341981
            ],
            [
              -79.4643338,
              44.2341934
            ],
            [
              -79.4643996,
              44.2343486
            ]
          ]
        ]
      }
    },
    {
      "type": "Feature",
      "id": "way/285256087",
      "properties": {
        "addr:city": "Oshawa",
        "addr:housenumber": "1111",
        "addr:street": "Simcoe Street South",
        "amenity": "fire_station",
        "building": "yes",
        "name": "Oshawa Station #2",
        "website": "https://www.oshawa.ca/fire/default.asp",
        "id": "way/285256087"
      },
      "geometry": {
        "type": "Polygon",
        "coordinates": [
          [
            [
              -78.8422129,
              43.8730854
            ],
            [
              -78.842256,
              43.8731079
            ],
            [
              -78.8422099,
              43.8731542
            ],
            [
              -78.8422944,
              43.8731982
            ],
            [
              -78.8422848,
              43.8732079
            ],
            [
              -78.8423934,
              43.8732645
            ],
            [
              -78.8425394,
              43.8731177
            ],
            [
              -78.842427,
              43.8730592
            ],
            [
              -78.8424448,
              43.8730414
            ],
            [
              -78.8423867,
              43.8730111
            ],
            [
              -78.8423768,
              43.8730211
            ],
            [
              -78.8423257,
              43.8729945
            ],
            [
              -78.8422865,
              43.8730339
            ],
            [
              -78.8422718,
              43.8730262
            ],
            [
              -78.8422129,
              43.8730854
            ]
          ]
        ]
      }
    },
    {
      "type": "Feature",
      "id": "way/285330492",
      "properties": {
        "addr:housenumber": "50",
        "addr:street": "Harmony Road North",
        "amenity": "fire_station",
        "building": "public",
        "name": "Oshawa Station #4",
        "id": "way/285330492"
      },
      "geometry": {
        "type": "Polygon",
        "coordinates": [
          [
            [
              -78.8352274,
              43.9057007
            ],
            [
              -78.8352055,
              43.9056497
            ],
            [
              -78.8352516,
              43.9056394
            ],
            [
              -78.8352324,
              43.9055946
            ],
            [
              -78.8352103,
              43.9055996
            ],
            [
              -78.8351684,
              43.905502
            ],
            [
              -78.834944,
              43.9055524
            ],
            [
              -78.834984,
              43.9056455
            ],
            [
              -78.8349705,
              43.9056485
            ],
            [
              -78.8349968,
              43.9057097
            ],
            [
              -78.835053,
              43.905697
            ],
            [
              -78.8350697,
              43.9057361
            ],
            [
              -78.8352274,
              43.9057007
            ]
          ]
        ]
      }
    },
    {
      "type": "Feature",
      "id": "way/308728929",
      "properties": {
        "amenity": "fire_station",
        "building": "yes",
        "name": "Fire Hall",
        "id": "way/308728929"
      },
      "geometry": {
        "type": "Polygon",
        "coordinates": [
          [
            [
              -78.1688958,
              43.9779507
            ],
            [
              -78.1687831,
              43.9777306
            ],
            [
              -78.1685739,
              43.977777
            ],
            [
              -78.1685149,
              43.9776766
            ],
            [
              -78.1683218,
              43.9777345
            ],
            [
              -78.1684934,
              43.9780163
            ],
            [
              -78.1686597,
              43.9779738
            ],
            [
              -78.1686812,
              43.9780009
            ],
            [
              -78.1688958,
              43.9779507
            ]
          ]
        ]
      }
    },
    {
      "type": "Feature",
      "id": "way/310883394",
      "properties": {
        "addr:city": "Ajax",
        "addr:housenumber": "900",
        "addr:postcode": "L1T 0H4",
        "addr:street": "Salem Road",
        "amenity": "fire_station",
        "building": "civic",
        "name": "Town of Ajax Fire Headquaters",
        "id": "way/310883394"
      },
      "geometry": {
        "type": "Polygon",
        "coordinates": [
          [
            [
              -79.019187,
              43.8811736
            ],
            [
              -79.0193625,
              43.8812404
            ],
            [
              -79.0193972,
              43.8811927
            ],
            [
              -79.0193428,
              43.881172
            ],
            [
              -79.0194491,
              43.8810257
            ],
            [
              -79.019503,
              43.8810462
            ],
            [
              -79.019533,
              43.8810051
            ],
            [
              -79.01956,
              43.8810154
            ],
            [
              -79.019538,
              43.8810457
            ],
            [
              -79.0196308,
              43.881081
            ],
            [
              -79.0197145,
              43.8810351
            ],
            [
              -79.0197988,
              43.8809181
            ],
            [
              -79.0197084,
              43.880884
            ],
            [
              -79.0196926,
              43.8809059
            ],
            [
              -79.0196214,
              43.880879
            ],
            [
              -79.0196579,
              43.8808284
            ],
            [
              -79.0195722,
              43.8807961
            ],
            [
              -79.0195578,
              43.880816
            ],
            [
              -79.0194198,
              43.880764
            ],
            [
              -79.0194255,
              43.880756
            ],
            [
              -79.0192292,
              43.8806822
            ],
            [
              -79.0191428,
              43.8808024
            ],
            [
              -79.0191897,
              43.88082
            ],
            [
              -79.019128,
              43.8809058
            ],
            [
              -79.0191689,
              43.8809212
            ],
            [
              -79.0190451,
              43.8810934
            ],
            [
              -79.0190182,
              43.8810833
            ],
            [
              -79.0189929,
              43.8811185
            ],
            [
              -79.0190794,
              43.8811511
            ],
            [
              -79.019054,
              43.8811864
            ],
            [
              -79.0191514,
              43.8812231
            ],
            [
              -79.019187,
              43.8811736
            ]
          ]
        ]
      }
    },
    {
      "type": "Feature",
      "id": "way/319336769",
      "properties": {
        "alt_name": "Russell \"Curly\" Lynett",
        "amenity": "fire_station",
        "building": "yes",
        "name": "Fire Station 8-4",
        "id": "way/319336769"
      },
      "geometry": {
        "type": "Polygon",
        "coordinates": [
          [
            [
              -79.4001799,
              43.8971463
            ],
            [
              -79.400191,
              43.8971439
            ],
            [
              -79.4002146,
              43.8971388
            ],
            [
              -79.4002307,
              43.8971775
            ],
            [
              -79.4003112,
              43.8971602
            ],
            [
              -79.4003902,
              43.8971431
            ],
            [
              -79.4003837,
              43.8971275
            ],
            [
              -79.4004167,
              43.8971203
            ],
            [
              -79.4004053,
              43.8970928
            ],
            [
              -79.4005081,
              43.8970706
            ],
            [
              -79.4005028,
              43.8970578
            ],
            [
              -79.4005148,
              43.8970378
            ],
            [
              -79.4005337,
              43.8970337
            ],
            [
              -79.40051,
              43.8969771
            ],
            [
              -79.4005326,
              43.8969722
            ],
            [
              -79.4005153,
              43.896931
            ],
            [
              -79.4004911,
              43.8969362
            ],
            [
              -79.4004678,
              43.8968803
            ],
            [
              -79.4004322,
              43.8968881
            ],
            [
              -79.400424,
              43.8968683
            ],
            [
              -79.4003195,
              43.8968909
            ],
            [
              -79.4003287,
              43.8969129
            ],
            [
              -79.4002741,
              43.8969247
            ],
            [
              -79.4002221,
              43.8969359
            ],
            [
              -79.4001597,
              43.8969495
            ],
            [
              -79.4001402,
              43.8969537
            ],
            [
              -79.4001559,
              43.8969915
            ],
            [
              -79.4001296,
              43.8969971
            ],
            [
              -79.4001187,
              43.8969995
            ],
            [
              -79.4001799,
              43.8971463
            ]
          ]
        ]
      }
    },
    {
      "type": "Feature",
      "id": "way/354141030",
      "properties": {
        "addr:city": "Toronto",
        "addr:housenumber": "26",
        "addr:street": "Coronation Drive",
        "amenity": "fire_station",
        "building": "civic",
        "check_date": "2024-02-14",
        "name": "Toronto Fire Station 234",
        "id": "way/354141030"
      },
      "geometry": {
        "type": "Polygon",
        "coordinates": [
          [
            [
              -79.191417,
              43.761261
            ],
            [
              -79.191618,
              43.761214
            ],
            [
              -79.191593,
              43.761158
            ],
            [
              -79.191586,
              43.76116
            ],
            [
              -79.191575,
              43.761136
            ],
            [
              -79.191582,
              43.761135
            ],
            [
              -79.19151,
              43.760973
            ],
            [
              -79.191395,
              43.761
            ],
            [
              -79.191389,
              43.760987
            ],
            [
              -79.191362,
              43.760993
            ],
            [
              -79.191367,
              43.761005
            ],
            [
              -79.191313,
              43.761017
            ],
            [
              -79.191354,
              43.761109
            ],
            [
              -79.191379,
              43.761103
            ],
            [
              -79.191391,
              43.761129
            ],
            [
              -79.191361,
              43.761136
            ],
            [
              -79.191417,
              43.761261
            ]
          ]
        ]
      }
    },
    {
      "type": "Feature",
      "id": "way/359212415",
      "properties": {
        "addr:housenumber": "358",
        "addr:street": "Keele Street",
        "amenity": "fire_station",
        "building": "yes",
        "building:colour": "beige",
        "building:levels": "2",
        "building:material": "brick",
        "name": "Toronto Fire Station 423",
        "operator": "Toronto Fire Services",
        "operator:wikidata": "Q2444356",
        "id": "way/359212415"
      },
      "geometry": {
        "type": "Polygon",
        "coordinates": [
          [
            [
              -79.4646435,
              43.6648858
            ],
            [
              -79.4648942,
              43.66483
            ],
            [
              -79.4648087,
              43.6646287
            ],
            [
              -79.4646816,
              43.664657
            ],
            [
              -79.4646657,
              43.6646196
            ],
            [
              -79.4645796,
              43.6646388
            ],
            [
              -79.4645958,
              43.6646767
            ],
            [
              -79.464556,
              43.6646856
            ],
            [
              -79.4645955,
              43.6647785
            ],
            [
              -79.4646092,
              43.6648107
            ],
            [
              -79.4645535,
              43.6648231
            ],
            [
              -79.4645801,
              43.6648857
            ],
            [
              -79.4646379,
              43.6648728
            ],
            [
              -79.4646435,
              43.6648858
            ]
          ]
        ]
      }
    },
    {
      "type": "Feature",
      "id": "way/402926222",
      "properties": {
        "amenity": "fire_station",
        "building": "yes",
        "name": "Whitby Fire Station No. 4",
        "source": "CanVec 6.0 - NRCan",
        "id": "way/402926222"
      },
      "geometry": {
        "type": "Polygon",
        "coordinates": [
          [
            [
              -78.9553803,
              43.8774112
            ],
            [
              -78.9553921,
              43.8774392
            ],
            [
              -78.9554583,
              43.8774247
            ],
            [
              -78.9554491,
              43.8774028
            ],
            [
              -78.9556385,
              43.8773614
            ],
            [
              -78.955607,
              43.877286
            ],
            [
              -78.9556243,
              43.8772822
            ],
            [
              -78.9556011,
              43.877227
            ],
            [
              -78.9555844,
              43.8772306
            ],
            [
              -78.9555538,
              43.8771575
            ],
            [
              -78.9555016,
              43.8771689
            ],
            [
              -78.955498,
              43.8771602
            ],
            [
              -78.9553524,
              43.8771921
            ],
            [
              -78.9553588,
              43.8772075
            ],
            [
              -78.955346,
              43.8772103
            ],
            [
              -78.9553378,
              43.8771908
            ],
            [
              -78.9552027,
              43.8772203
            ],
            [
              -78.9552155,
              43.877251
            ],
            [
              -78.9551449,
              43.8772664
            ],
            [
              -78.9552158,
              43.877436
            ],
            [
              -78.9553323,
              43.8774105
            ],
            [
              -78.9553366,
              43.8774207
            ],
            [
              -78.9553803,
              43.8774112
            ]
          ]
        ]
      }
    },
    {
      "type": "Feature",
      "id": "way/412714249",
      "properties": {
        "addr:city": "Whitby",
        "addr:housenumber": "1501",
        "addr:province": "Ontario",
        "addr:street": "Victoria Street East",
        "amenity": "fire_station",
        "building": "yes",
        "building:colour": "red",
        "building:levels": "1",
        "building:material": "brick",
        "name": "Whitby Fire Station No. 3",
        "id": "way/412714249"
      },
      "geometry": {
        "type": "Polygon",
        "coordinates": [
          [
            [
              -78.9339779,
              43.8621382
            ],
            [
              -78.9340188,
              43.8621542
            ],
            [
              -78.9340407,
              43.8621248
            ],
            [
              -78.9341114,
              43.8621524
            ],
            [
              -78.9342173,
              43.8620102
            ],
            [
              -78.9342275,
              43.8619964
            ],
            [
              -78.934108,
              43.8619497
            ],
            [
              -78.9340625,
              43.861932
            ],
            [
              -78.9340144,
              43.8619133
            ],
            [
              -78.9340245,
              43.8618996
            ],
            [
              -78.9340067,
              43.8618926
            ],
            [
              -78.9338966,
              43.8618497
            ],
            [
              -78.9338419,
              43.8618284
            ],
            [
              -78.933792,
              43.8618955
            ],
            [
              -78.9337587,
              43.8618825
            ],
            [
              -78.9337207,
              43.8619335
            ],
            [
              -78.9337534,
              43.8619462
            ],
            [
              -78.9337043,
              43.8620122
            ],
            [
              -78.9337188,
              43.8620178
            ],
            [
              -78.9337321,
              43.862023
            ],
            [
              -78.9337409,
              43.8620264
            ],
            [
              -78.9337497,
              43.8620298
            ],
            [
              -78.9337419,
              43.8620402
            ],
            [
              -78.9337501,
              43.8620434
            ],
            [
              -78.9338587,
              43.8620857
            ],
            [
              -78.9338654,
              43.8620883
            ],
            [
              -78.9338762,
              43.8620723
            ],
            [
              -78.9338873,
              43.8620767
            ],
            [
              -78.9338983,
              43.8620809
            ],
            [
              -78.9338881,
              43.8620972
            ],
            [
              -78.9339108,
              43.862106
            ],
            [
              -78.9339073,
              43.8621107
            ],
            [
              -78.9339412,
              43.8621239
            ],
            [
              -78.933933,
              43.8621349
            ],
            [
              -78.9339493,
              43.8621413
            ],
            [
              -78.9339593,
              43.8621452
            ],
            [
              -78.9339697,
              43.8621492
            ],
            [
              -78.9339779,
              43.8621382
            ]
          ]
        ]
      }
    },
    {
      "type": "Feature",
      "id": "way/413213633",
      "properties": {
        "amenity": "fire_station",
        "building": "public",
        "name": "Brock Township Fire Department Hall #3",
        "id": "way/413213633"
      },
      "geometry": {
        "type": "Polygon",
        "coordinates": [
          [
            [
              -79.154468,
              44.428933
            ],
            [
              -79.154499,
              44.428876
            ],
            [
              -79.15449,
              44.428874
            ],
            [
              -79.154497,
              44.42886
            ],
            [
              -79.154478,
              44.428855
            ],
            [
              -79.154565,
              44.428695
            ],
            [
              -79.154361,
              44.428638
            ],
            [
              -79.15424,
              44.42886
            ],
            [
              -79.154269,
              44.428869
            ],
            [
              -79.154256,
              44.428893
            ],
            [
              -79.154398,
              44.428932
            ],
            [
              -79.154406,
              44.428916
            ],
            [
              -79.154468,
              44.428933
            ]
          ]
        ]
      }
    },
    {
      "type": "Feature",
      "id": "way/416588173",
      "properties": {
        "addr:city": "Sutton",
        "addr:housenumber": "37",
        "addr:postcode": "L0E 1R0",
        "addr:street": "Snooks Road",
        "amenity": "fire_station",
        "building": "public",
        "name": "Fire Station 1-6",
        "operator": "Town of Georgina",
        "id": "way/416588173"
      },
      "geometry": {
        "type": "Polygon",
        "coordinates": [
          [
            [
              -79.353393,
              44.303194
            ],
            [
              -79.353633,
              44.302994
            ],
            [
              -79.35347,
              44.302889
            ],
            [
              -79.353323,
              44.303012
            ],
            [
              -79.353308,
              44.303002
            ],
            [
              -79.353191,
              44.303099
            ],
            [
              -79.35327,
              44.303148
            ],
            [
              -79.353291,
              44.303131
            ],
            [
              -79.353393,
              44.303194
            ]
          ]
        ]
      }
    },
    {
      "type": "Feature",
      "id": "way/417884577",
      "properties": {
        "addr:city": "Toronto",
        "amenity": "fire_station",
        "building": "yes",
        "name": "Toronto Fire Station 231",
        "id": "way/417884577"
      },
      "geometry": {
        "type": "Polygon",
        "coordinates": [
          [
            [
              -79.227697,
              43.76475
            ],
            [
              -79.227749,
              43.764739
            ],
            [
              -79.227752,
              43.764747
            ],
            [
              -79.227779,
              43.764742
            ],
            [
              -79.227765,
              43.764707
            ],
            [
              -79.227911,
              43.764677
            ],
            [
              -79.227909,
              43.764673
            ],
            [
              -79.227971,
              43.76466
            ],
            [
              -79.227944,
              43.764592
            ],
            [
              -79.227882,
              43.764605
            ],
            [
              -79.227812,
              43.76443
            ],
            [
              -79.227748,
              43.764444
            ],
            [
              -79.22774,
              43.764425
            ],
            [
              -79.227692,
              43.764435
            ],
            [
              -79.227699,
              43.764453
            ],
            [
              -79.227621,
              43.76447
            ],
            [
              -79.227642,
              43.764523
            ],
            [
              -79.227608,
              43.76453
            ],
            [
              -79.227697,
              43.76475
            ]
          ]
        ]
      }
    },
    {
      "type": "Feature",
      "id": "way/432888543",
      "properties": {
        "addr:city": "North York",
        "addr:housenumber": "476",
        "addr:street": "Lawrence Avenue West",
        "amenity": "fire_station",
        "building": "public",
        "building:colour": "red",
        "building:levels": "2",
        "building:material": "brick",
        "name": "Toronto Fire Station 132",
        "wikidata": "Q124858020",
        "id": "way/432888543"
      },
      "geometry": {
        "type": "Polygon",
        "coordinates": [
          [
            [
              -79.428481,
              43.719908
            ],
            [
              -79.428711,
              43.719859
            ],
            [
              -79.42864,
              43.719681
            ],
            [
              -79.428525,
              43.719705
            ],
            [
              -79.428524,
              43.719701
            ],
            [
              -79.428515,
              43.719703
            ],
            [
              -79.428513,
              43.719699
            ],
            [
              -79.428428,
              43.719706
            ],
            [
              -79.428429,
              43.719709
            ],
            [
              -79.428403,
              43.719715
            ],
            [
              -79.428425,
              43.71977
            ],
            [
              -79.428422,
              43.719771
            ],
            [
              -79.428468,
              43.719886
            ],
            [
              -79.428472,
              43.719885
            ],
            [
              -79.428481,
              43.719908
            ]
          ]
        ]
      }
    },
    {
      "type": "Feature",
      "id": "way/440517456",
      "properties": {
        "amenity": "fire_station",
        "building": "yes",
        "name": "Toronto Fire Station 324",
        "wikidata": "Q112032411",
        "id": "way/440517456"
      },
      "geometry": {
        "type": "Polygon",
        "coordinates": [
          [
            [
              -79.3436257,
              43.6678535
            ],
            [
              -79.3435238,
              43.6676149
            ],
            [
              -79.3434338,
              43.667635
            ],
            [
              -79.3433499,
              43.6676537
            ],
            [
              -79.3434518,
              43.6678924
            ],
            [
              -79.3436257,
              43.6678535
            ]
          ]
        ]
      }
    },
    {
      "type": "Feature",
      "id": "way/467298594",
      "properties": {
        "addr:city": "Newmarket",
        "addr:housenumber": "125",
        "addr:street": "McCaffrey Road",
        "amenity": "fire_station",
        "building": "yes",
        "name": "Central York Fire Station 4-2",
        "id": "way/467298594"
      },
      "geometry": {
        "type": "Polygon",
        "coordinates": [
          [
            [
              -79.4831869,
              44.0438896
            ],
            [
              -79.4831403,
              44.0439639
            ],
            [
              -79.4833924,
              44.0440697
            ],
            [
              -79.4834697,
              44.0439818
            ],
            [
              -79.4835032,
              44.0439765
            ],
            [
              -79.4835251,
              44.0439849
            ],
            [
              -79.4836009,
              44.0438812
            ],
            [
              -79.4835848,
              44.0438571
            ],
            [
              -79.4835775,
              44.0438403
            ],
            [
              -79.4836664,
              44.0437282
            ],
            [
              -79.4835804,
              44.0436874
            ],
            [
              -79.4835892,
              44.0436727
            ],
            [
              -79.4834872,
              44.0436371
            ],
            [
              -79.4834522,
              44.0435994
            ],
            [
              -79.4833837,
              44.0436235
            ],
            [
              -79.4831869,
              44.0438896
            ]
          ]
        ]
      }
    },
    {
      "type": "Feature",
      "id": "way/479728953",
      "properties": {
        "amenity": "fire_station",
        "building": "yes",
        "name": "Pontypool Station 8",
        "id": "way/479728953"
      },
      "geometry": {
        "type": "Polygon",
        "coordinates": [
          [
            [
              -78.6315134,
              44.1042824
            ],
            [
              -78.6319572,
              44.1041135
            ],
            [
              -78.6317334,
              44.103852
            ],
            [
              -78.6314452,
              44.1039419
            ],
            [
              -78.6313541,
              44.1038466
            ],
            [
              -78.6310583,
              44.1039746
            ],
            [
              -78.6313807,
              44.1043532
            ],
            [
              -78.6315134,
              44.1042824
            ]
          ]
        ]
      }
    },
    {
      "type": "Feature",
      "id": "way/480311212",
      "properties": {
        "addr:city": "Uxbridge",
        "amenity": "fire_station",
        "building": "public",
        "level": "2",
        "name": "Uxbridge Fire Hall",
        "id": "way/480311212"
      },
      "geometry": {
        "type": "Polygon",
        "coordinates": [
          [
            [
              -79.142129,
              44.105089
            ],
            [
              -79.142378,
              44.105059
            ],
            [
              -79.142376,
              44.105051
            ],
            [
              -79.142763,
              44.105006
            ],
            [
              -79.142705,
              44.104751
            ],
            [
              -79.142069,
              44.104824
            ],
            [
              -79.142129,
              44.105089
            ]
          ]
        ]
      }
    },
    {
      "type": "Feature",
      "id": "way/482283642",
      "properties": {
        "addr:city": "Pefferlaw",
        "addr:housenumber": "270",
        "addr:province": "Ontario",
        "addr:street": "Pefferlaw Road",
        "amenity": "fire_station",
        "building": "yes",
        "name": "Pefferlaw Fire Hall - Station 1-8",
        "operator": "Town of Georgina",
        "id": "way/482283642"
      },
      "geometry": {
        "type": "Polygon",
        "coordinates": [
          [
            [
              -79.2016776,
              44.3148252
            ],
            [
              -79.2017508,
              44.3146142
            ],
            [
              -79.2013921,
              44.3145505
            ],
            [
              -79.2013368,
              44.3147102
            ],
            [
              -79.2013978,
              44.3147211
            ],
            [
              -79.20138,
              44.3147723
            ],
            [
              -79.2016776,
              44.3148252
            ]
          ]
        ]
      }
    },
    {
      "type": "Feature",
      "id": "way/504016763",
      "properties": {
        "addr:city": "Toronto",
        "addr:housenumber": "590",
        "addr:postcode": "M6S 4A6",
        "addr:street": "Jane Street",
        "amenity": "fire_station",
        "building": "public",
        "name": "Toronto Fire Station 422",
        "operator": "Toronto Fire Services",
        "id": "way/504016763"
      },
      "geometry": {
        "type": "Polygon",
        "coordinates": [
          [
            [
              -79.490842,
              43.664373
            ],
            [
              -79.490925,
              43.664355
            ],
            [
              -79.490931,
              43.664371
            ],
            [
              -79.491268,
              43.664299
            ],
            [
              -79.491182,
              43.664089
            ],
            [
              -79.490833,
              43.664163
            ],
            [
              -79.4908716,
              43.664258
            ],
            [
              -79.490881,
              43.664282
            ],
            [
              -79.490893,
              43.66428
            ],
            [
              -79.4909,
              43.664296
            ],
            [
              -79.490818,
              43.664313
            ],
            [
              -79.490842,
              43.664373
            ]
          ]
        ]
      }
    },
    {
      "type": "Feature",
      "id": "way/520861486",
      "properties": {
        "addr:city": "Town of Clarington (Enniskillen)",
        "addr:housenumber": "2354",
        "addr:street": "Concession Road 8",
        "amenity": "fire_station",
        "building": "yes",
        "name": "Arnot Wotten Fire Station No. 5",
        "note": "Manned by volunteer firefighters (2016). Renamed in May 2016 to honour former Clarington councillor Arnot Wotten who was instrumental in bringing a fire station to Enniskillen.",
        "operator": "Town of Clarington",
        "source": "CanVec 6.0 - NRCan",
        "id": "way/520861486"
      },
      "geometry": {
        "type": "Polygon",
        "coordinates": [
          [
            [
              -78.7600026,
              44.0183485
            ],
            [
              -78.7601307,
              44.0181671
            ],
            [
              -78.760008,
              44.0181667
            ],
            [
              -78.7600207,
              44.0181464
            ],
            [
              -78.7599121,
              44.0181093
            ],
            [
              -78.7598243,
              44.0182332
            ],
            [
              -78.7598484,
              44.0182419
            ],
            [
              -78.7598303,
              44.0182747
            ],
            [
              -78.7598699,
              44.0182882
            ],
            [
              -78.7598906,
              44.0182607
            ],
            [
              -78.7599322,
              44.0182752
            ],
            [
              -78.7599061,
              44.0183128
            ],
            [
              -78.7600026,
              44.0183485
            ]
          ]
        ]
      }
    },
    {
      "type": "Feature",
      "id": "way/528471115",
      "properties": {
        "amenity": "fire_station",
        "building": "public",
        "source": "CanVec 6.0 - NRCan",
        "id": "way/528471115"
      },
      "geometry": {
        "type": "Polygon",
        "coordinates": [
          [
            [
              -78.1807816,
              44.1378721
            ],
            [
              -78.1809246,
              44.1378496
            ],
            [
              -78.1808808,
              44.1377066
            ],
            [
              -78.1807379,
              44.1377291
            ],
            [
              -78.1807816,
              44.1378721
            ]
          ]
        ]
      }
    },
    {
      "type": "Feature",
      "id": "way/543601641",
      "properties": {
        "addr:housenumber": "240",
        "addr:street": "Howland Avenue",
        "amenity": "fire_station",
        "building": "yes",
        "image": "https://upload.wikimedia.org/wikipedia/commons/b/be/Howland_240.jpg",
        "wikidata": "Q124857604",
        "id": "way/543601641"
      },
      "geometry": {
        "type": "Polygon",
        "coordinates": [
          [
            [
              -79.4121402,
              43.6729975
            ],
            [
              -79.412124,
              43.6729574
            ],
            [
              -79.4120896,
              43.6729646
            ],
            [
              -79.4120563,
              43.6728824
            ],
            [
              -79.4117607,
              43.672945
            ],
            [
              -79.411779,
              43.6729904
            ],
            [
              -79.4117917,
              43.6730217
            ],
            [
              -79.4117647,
              43.6730376
            ],
            [
              -79.4117767,
              43.673067
            ],
            [
              -79.4118102,
              43.6730674
            ],
            [
              -79.4121402,
              43.6729975
            ]
          ]
        ]
      }
    },
    {
      "type": "Feature",
      "id": "way/558402285",
      "properties": {
        "amenity": "fire_station",
        "building": "yes",
        "building:levels": "1",
        "name": "Peterborough Fire Station No. 3",
        "id": "way/558402285"
      },
      "geometry": {
        "type": "Polygon",
        "coordinates": [
          [
            [
              -78.3513218,
              44.2847826
            ],
            [
              -78.3510943,
              44.2846577
            ],
            [
              -78.3510754,
              44.2846745
            ],
            [
              -78.3510018,
              44.2846332
            ],
            [
              -78.3509444,
              44.2846379
            ],
            [
              -78.3507578,
              44.2848108
            ],
            [
              -78.3507267,
              44.2847972
            ],
            [
              -78.3505219,
              44.2850041
            ],
            [
              -78.3507271,
              44.2851163
            ],
            [
              -78.3508692,
              44.2849856
            ],
            [
              -78.3508996,
              44.2850022
            ],
            [
              -78.3509537,
              44.2849553
            ],
            [
              -78.3510694,
              44.2850213
            ],
            [
              -78.3512855,
              44.2848239
            ],
            [
              -78.3512786,
              44.2848208
            ],
            [
              -78.3513218,
              44.2847826
            ]
          ]
        ]
      }
    },
    {
      "type": "Feature",
      "id": "way/567220091",
      "properties": {
        "addr:housenumber": "3333",
        "addr:street": "Durham Highway 2",
        "amenity": "fire_station",
        "building": "yes",
        "name": "Alfred Allred Newcastle Fire Station #2",
        "id": "way/567220091"
      },
      "geometry": {
        "type": "Polygon",
        "coordinates": [
          [
            [
              -78.6063829,
              43.9130229
            ],
            [
              -78.6062239,
              43.9126907
            ],
            [
              -78.6060675,
              43.9127296
            ],
            [
              -78.6060843,
              43.9127647
            ],
            [
              -78.6058109,
              43.9128326
            ],
            [
              -78.6059355,
              43.9130929
            ],
            [
              -78.6061716,
              43.9130343
            ],
            [
              -78.6061892,
              43.913071
            ],
            [
              -78.6063829,
              43.9130229
            ]
          ]
        ]
      }
    },
    {
      "type": "Feature",
      "id": "way/659463557",
      "properties": {
        "addr:city": "Toronto;Scarborough",
        "addr:housenumber": "90",
        "addr:postcode": "M1X 1C3",
        "addr:street": "Tapscott Road",
        "amenity": "fire_station",
        "building": "yes",
        "name": "Toronto Fire Station 211",
        "operator": "City of Toronto",
        "id": "way/659463557"
      },
      "geometry": {
        "type": "Polygon",
        "coordinates": [
          [
            [
              -79.242751,
              43.824112
            ],
            [
              -79.242993,
              43.824058
            ],
            [
              -79.242971,
              43.824008
            ],
            [
              -79.242964,
              43.82401
            ],
            [
              -79.242952,
              43.823982
            ],
            [
              -79.243036,
              43.823963
            ],
            [
              -79.242976,
              43.823823
            ],
            [
              -79.242969,
              43.823806
            ],
            [
              -79.242966,
              43.823807
            ],
            [
              -79.242661,
              43.823875
            ],
            [
              -79.242691,
              43.823945
            ],
            [
              -79.242677,
              43.823948
            ],
            [
              -79.242664,
              43.823951
            ],
            [
              -79.242669,
              43.823963
            ],
            [
              -79.2426876,
              43.8240059
            ],
            [
              -79.242698,
              43.82403
            ],
            [
              -79.242702,
              43.824039
            ],
            [
              -79.242718,
              43.824035
            ],
            [
              -79.242751,
              43.824112
            ]
          ]
        ]
      }
    },
    {
      "type": "Feature",
      "id": "way/659622450",
      "properties": {
        "addr:city": "Toronto",
        "addr:housenumber": "83",
        "addr:province": "Ontario",
        "addr:street": "Deforest Road",
        "amenity": "fire_station",
        "building": "detached",
        "building:levels": "1",
        "name": "Toronto Fire Station 425",
        "wikidata": "Q112036777",
        "id": "way/659622450"
      },
      "geometry": {
        "type": "Polygon",
        "coordinates": [
          [
            [
              -79.4779864,
              43.6480754
            ],
            [
              -79.478049,
              43.6480624
            ],
            [
              -79.478076,
              43.6480564
            ],
            [
              -79.4781491,
              43.648041
            ],
            [
              -79.4781676,
              43.6480371
            ],
            [
              -79.4781486,
              43.6479899
            ],
            [
              -79.4781544,
              43.6479887
            ],
            [
              -79.4781375,
              43.6479467
            ],
            [
              -79.4781413,
              43.6479459
            ],
            [
              -79.4781342,
              43.6479285
            ],
            [
              -79.4781218,
              43.6478977
            ],
            [
              -79.4780975,
              43.6479028
            ],
            [
              -79.4780827,
              43.6478662
            ],
            [
              -79.4780059,
              43.6478825
            ],
            [
              -79.4779162,
              43.6479014
            ],
            [
              -79.4779864,
              43.6480754
            ]
          ]
        ]
      }
    },
    {
      "type": "Feature",
      "id": "way/659840620",
      "properties": {
        "addr:city": "Toronto",
        "amenity": "fire_station",
        "building": "yes",
        "name": "Toronto Fire Station 242",
        "website": "https://www.toronto.ca/fire/stations/stations/242.htm",
        "id": "way/659840620"
      },
      "geometry": {
        "type": "Polygon",
        "coordinates": [
          [
            [
              -79.27708,
              43.807015
            ],
            [
              -79.277157,
              43.806996
            ],
            [
              -79.277156,
              43.806992
            ],
            [
              -79.277186,
              43.806985
            ],
            [
              -79.277188,
              43.80699
            ],
            [
              -79.277414,
              43.806936
            ],
            [
              -79.277376,
              43.806853
            ],
            [
              -79.277374,
              43.806849
            ],
            [
              -79.277393,
              43.806845
            ],
            [
              -79.277384,
              43.806827
            ],
            [
              -79.277364,
              43.806831
            ],
            [
              -79.277347,
              43.806792
            ],
            [
              -79.277218,
              43.806823
            ],
            [
              -79.277227,
              43.806843
            ],
            [
              -79.277194,
              43.806851
            ],
            [
              -79.277184,
              43.806829
            ],
            [
              -79.277014,
              43.80687
            ],
            [
              -79.277037,
              43.80692
            ],
            [
              -79.277033,
              43.806921
            ],
            [
              -79.277038,
              43.806933
            ],
            [
              -79.277043,
              43.806932
            ],
            [
              -79.277046,
              43.806937
            ],
            [
              -79.277041,
              43.806939
            ],
            [
              -79.27706,
              43.806982
            ],
            [
              -79.277066,
              43.806981
            ],
            [
              -79.277068,
              43.806984
            ],
            [
              -79.277036,
              43.806991
            ],
            [
              -79.277042,
              43.807004
            ],
            [
              -79.277072,
              43.806997
            ],
            [
              -79.27708,
              43.807015
            ]
          ]
        ]
      }
    },
    {
      "type": "Feature",
      "id": "way/660829879",
      "properties": {
        "amenity": "fire_station",
        "building": "yes",
        "name": "Toronto Fire Station 221",
        "id": "way/660829879"
      },
      "geometry": {
        "type": "Polygon",
        "coordinates": [
          [
            [
              -79.25492,
              43.735035
            ],
            [
              -79.255042,
              43.735009
            ],
            [
              -79.255031,
              43.734984
            ],
            [
              -79.25516,
              43.734956
            ],
            [
              -79.255162,
              43.73496
            ],
            [
              -79.255235,
              43.734944
            ],
            [
              -79.255204,
              43.734869
            ],
            [
              -79.255197,
              43.73487
            ],
            [
              -79.255185,
              43.734839
            ],
            [
              -79.255156,
              43.734845
            ],
            [
              -79.255139,
              43.734803
            ],
            [
              -79.255169,
              43.734797
            ],
            [
              -79.255161,
              43.734775
            ],
            [
              -79.255158,
              43.734776
            ],
            [
              -79.255152,
              43.734759
            ],
            [
              -79.255123,
              43.734765
            ],
            [
              -79.255119,
              43.734756
            ],
            [
              -79.25517,
              43.734745
            ],
            [
              -79.255123,
              43.734634
            ],
            [
              -79.254899,
              43.734683
            ],
            [
              -79.254852,
              43.734694
            ],
            [
              -79.254889,
              43.734784
            ],
            [
              -79.254937,
              43.734773
            ],
            [
              -79.254943,
              43.734788
            ],
            [
              -79.254897,
              43.734798
            ],
            [
              -79.254918,
              43.73485
            ],
            [
              -79.254811,
              43.734873
            ],
            [
              -79.254861,
              43.734994
            ],
            [
              -79.2549,
              43.734986
            ],
            [
              -79.25492,
              43.735035
            ]
          ]
        ]
      }
    },
    {
      "type": "Feature",
      "id": "way/661145434",
      "properties": {
        "addr:city": "Cannington",
        "addr:housenumber": "26",
        "addr:province": "Ontario",
        "addr:street": "Laidlaw Street South",
        "amenity": "fire_station",
        "building": "service",
        "name": "Brock Township Fire Dept. Station 82",
        "id": "way/661145434"
      },
      "geometry": {
        "type": "Polygon",
        "coordinates": [
          [
            [
              -79.037726,
              44.349551
            ],
            [
              -79.038058,
              44.349478
            ],
            [
              -79.038005,
              44.349353
            ],
            [
              -79.037655,
              44.34943
            ],
            [
              -79.037666,
              44.349455
            ],
            [
              -79.037676,
              44.349479
            ],
            [
              -79.037693,
              44.349475
            ],
            [
              -79.037726,
              44.349551
            ]
          ]
        ]
      }
    },
    {
      "type": "Feature",
      "id": "way/661206003",
      "properties": {
        "addr:city": "Toronto",
        "addr:housenumber": "351",
        "addr:street": "Birchmount Road",
        "amenity": "fire_station",
        "building": "detached",
        "name": "Birchmount Fire Hall #1",
        "id": "way/661206003"
      },
      "geometry": {
        "type": "Polygon",
        "coordinates": [
          [
            [
              -79.2647316,
              43.6999326
            ],
            [
              -79.264965,
              43.699881
            ],
            [
              -79.2649164,
              43.6997659
            ],
            [
              -79.2647308,
              43.6998069
            ],
            [
              -79.2646827,
              43.6998174
            ],
            [
              -79.2646983,
              43.6998546
            ],
            [
              -79.2647316,
              43.6999326
            ]
          ]
        ]
      }
    },
    {
      "type": "Feature",
      "id": "way/661516712",
      "properties": {
        "addr:city": "Scugog",
        "amenity": "fire_station",
        "building": "public",
        "source": "CanVec 6.0 - NRCan",
        "id": "way/661516712"
      },
      "geometry": {
        "type": "Polygon",
        "coordinates": [
          [
            [
              -78.829944,
              44.155177
            ],
            [
              -78.830121,
              44.155135
            ],
            [
              -78.830101,
              44.15509
            ],
            [
              -78.830155,
              44.155077
            ],
            [
              -78.830081,
              44.154916
            ],
            [
              -78.829837,
              44.154974
            ],
            [
              -78.82991,
              44.155135
            ],
            [
              -78.829924,
              44.155132
            ],
            [
              -78.829944,
              44.155177
            ]
          ]
        ]
      }
    },
    {
      "type": "Feature",
      "id": "way/661957725",
      "properties": {
        "addr:city": "Scarborough",
        "addr:housenumber": "2340",
        "addr:street": "Birchmount Road",
        "amenity": "fire_station",
        "building": "yes",
        "name": "Toronto Fire Station 244",
        "opendata:type": "103002",
        "id": "way/661957725"
      },
      "geometry": {
        "type": "Polygon",
        "coordinates": [
          [
            [
              -79.299003,
              43.781793
            ],
            [
              -79.299129,
              43.781763
            ],
            [
              -79.29912,
              43.781743
            ],
            [
              -79.299156,
              43.781734
            ],
            [
              -79.299165,
              43.781755
            ],
            [
              -79.299333,
              43.781715
            ],
            [
              -79.299311,
              43.781666
            ],
            [
              -79.299314,
              43.781665
            ],
            [
              -79.299279,
              43.781587
            ],
            [
              -79.299276,
              43.781588
            ],
            [
              -79.299268,
              43.781571
            ],
            [
              -79.29919,
              43.78159
            ],
            [
              -79.299192,
              43.781595
            ],
            [
              -79.299161,
              43.781603
            ],
            [
              -79.29916,
              43.781598
            ],
            [
              -79.299133,
              43.781605
            ],
            [
              -79.299132,
              43.781601
            ],
            [
              -79.29911,
              43.781606
            ],
            [
              -79.299112,
              43.78161
            ],
            [
              -79.298933,
              43.781652
            ],
            [
              -79.29897,
              43.781735
            ],
            [
              -79.298971,
              43.781738
            ],
            [
              -79.298959,
              43.781741
            ],
            [
              -79.298967,
              43.781758
            ],
            [
              -79.298985,
              43.781754
            ],
            [
              -79.299003,
              43.781793
            ]
          ]
        ]
      }
    },
    {
      "type": "Feature",
      "id": "way/662767909",
      "properties": {
        "addr:street": "Ascot Avenue",
        "amenity": "fire_station",
        "building": "yes",
        "building:levels": "2",
        "name": "Toronto Fire Station 342",
        "operator": "City of Toronto",
        "id": "way/662767909"
      },
      "geometry": {
        "type": "Polygon",
        "coordinates": [
          [
            [
              -79.448631,
              43.679401
            ],
            [
              -79.448712,
              43.679385
            ],
            [
              -79.448655,
              43.679233
            ],
            [
              -79.448569,
              43.67925
            ],
            [
              -79.448571,
              43.679257
            ],
            [
              -79.448507,
              43.67927
            ],
            [
              -79.448542,
              43.679361
            ],
            [
              -79.448576,
              43.679355
            ],
            [
              -79.448587,
              43.679384
            ],
            [
              -79.448622,
              43.679377
            ],
            [
              -79.448631,
              43.679401
            ]
          ]
        ]
      }
    },
    {
      "type": "Feature",
      "id": "way/662808836",
      "properties": {
        "amenity": "fire_station",
        "building": "fire_station",
        "built_date": "1910",
        "name": "Toronto Fire Station 226",
        "old_ref": "22",
        "wikidata": "Q112108243",
        "id": "way/662808836"
      },
      "geometry": {
        "type": "Polygon",
        "coordinates": [
          [
            [
              -79.29884,
              43.681954
            ],
            [
              -79.29894,
              43.681933
            ],
            [
              -79.298941,
              43.681935
            ],
            [
              -79.299146,
              43.68189
            ],
            [
              -79.2991283,
              43.6818472
            ],
            [
              -79.299113,
              43.68181
            ],
            [
              -79.299123,
              43.681807
            ],
            [
              -79.299133,
              43.681794
            ],
            [
              -79.2991245,
              43.681773
            ],
            [
              -79.299106,
              43.681766
            ],
            [
              -79.298837,
              43.681826
            ],
            [
              -79.298835,
              43.68182
            ],
            [
              -79.298762,
              43.681836
            ],
            [
              -79.298784,
              43.681887
            ],
            [
              -79.298791,
              43.681885
            ],
            [
              -79.298815,
              43.681941
            ],
            [
              -79.298819,
              43.68194
            ],
            [
              -79.29884,
              43.681954
            ]
          ]
        ]
      }
    },
    {
      "type": "Feature",
      "id": "way/668049167",
      "properties": {
        "amenity": "fire_station",
        "building": "yes",
        "name": "Port Hope Fire Station No. 1",
        "source": "NRCan-CanVec-7.0",
        "id": "way/668049167"
      },
      "geometry": {
        "type": "Polygon",
        "coordinates": [
          [
            [
              -78.2905886,
              43.9624089
            ],
            [
              -78.2906298,
              43.9622933
            ],
            [
              -78.2906742,
              43.9623002
            ],
            [
              -78.2907146,
              43.9621656
            ],
            [
              -78.2903793,
              43.9621135
            ],
            [
              -78.290339,
              43.9622481
            ],
            [
              -78.2905389,
              43.9622791
            ],
            [
              -78.2904986,
              43.9623923
            ],
            [
              -78.2905886,
              43.9624089
            ]
          ]
        ]
      }
    },
    {
      "type": "Feature",
      "id": "way/701225222",
      "properties": {
        "amenity": "fire_station",
        "name": "Richmond Hill Fire Station 8-6",
        "id": "way/701225222"
      },
      "geometry": {
        "type": "Polygon",
        "coordinates": [
          [
            [
              -79.4492182,
              43.90682
            ],
            [
              -79.4494532,
              43.9067709
            ],
            [
              -79.4494697,
              43.906812
            ],
            [
              -79.4496079,
              43.9067831
            ],
            [
              -79.4495992,
              43.9067617
            ],
            [
              -79.4496604,
              43.9067489
            ],
            [
              -79.4495707,
              43.906526
            ],
            [
              -79.4491364,
              43.9066167
            ],
            [
              -79.4492182,
              43.90682
            ]
          ]
        ]
      }
    },
    {
      "type": "Feature",
      "id": "way/749420902",
      "properties": {
        "amenity": "fire_station",
        "building": "yes",
        "name": "Port Hope Fire Station 3",
        "source": "CanVec 6.0 - NRCan",
        "id": "way/749420902"
      },
      "geometry": {
        "type": "Polygon",
        "coordinates": [
          [
            [
              -78.4081828,
              44.0556723
            ],
            [
              -78.4084168,
              44.0556201
            ],
            [
              -78.4083411,
              44.0554449
            ],
            [
              -78.4081071,
              44.0554971
            ],
            [
              -78.4081828,
              44.0556723
            ]
          ]
        ]
      }
    },
    {
      "type": "Feature",
      "id": "way/771129076",
      "properties": {
        "addr:city": "Maple",
        "addr:housenumber": "10800",
        "addr:province": "Ontario",
        "addr:street": "Dufferin Street",
        "amenity": "fire_station",
        "building": "yes",
        "name": "Vaughan Fire Station 7-10",
        "operator": "City of Vaughan",
        "id": "way/771129076"
      },
      "geometry": {
        "type": "Polygon",
        "coordinates": [
          [
            [
              -79.4931566,
              43.8803115
            ],
            [
              -79.4931416,
              43.8802272
            ],
            [
              -79.4931353,
              43.8801916
            ],
            [
              -79.4930893,
              43.8801992
            ],
            [
              -79.4930787,
              43.8801737
            ],
            [
              -79.4931884,
              43.8801686
            ],
            [
              -79.493146,
              43.8800258
            ],
            [
              -79.4928699,
              43.8800538
            ],
            [
              -79.4929095,
              43.8802553
            ],
            [
              -79.4929265,
              43.8803421
            ],
            [
              -79.4931566,
              43.8803115
            ]
          ]
        ]
      }
    },
    {
      "type": "Feature",
      "id": "way/849613878",
      "properties": {
        "amenity": "fire_station",
        "building": "yes",
        "source": "CanVec 6.0 - NRCan",
        "id": "way/849613878"
      },
      "geometry": {
        "type": "Polygon",
        "coordinates": [
          [
            [
              -78.6956289,
              44.3366781
            ],
            [
              -78.6957844,
              44.3366446
            ],
            [
              -78.6957173,
              44.3364854
            ],
            [
              -78.6955619,
              44.3365188
            ],
            [
              -78.6956289,
              44.3366781
            ]
          ]
        ]
      }
    },
    {
      "type": "Feature",
      "id": "way/871892553",
      "properties": {
        "addr:housenumber": "1590",
        "addr:street": "Queensville Sideroad East",
        "amenity": "fire_station",
        "building": "yes",
        "check_date": "2025-01-25",
        "designation": "Queensville Fire Station",
        "name": "Queensville Fire Station 2-8",
        "source": "http://www.eastgwillimbury.ca/Town_Hall/Departments/Emergency_Services/Fire_Station_Locations.htm",
        "id": "way/871892553"
      },
      "geometry": {
        "type": "Polygon",
        "coordinates": [
          [
            [
              -79.4479831,
              44.1397676
            ],
            [
              -79.4479288,
              44.1396326
            ],
            [
              -79.4477183,
              44.1396762
            ],
            [
              -79.4477725,
              44.1398112
            ],
            [
              -79.4479831,
              44.1397676
            ]
          ]
        ]
      }
    },
    {
      "type": "Feature",
      "id": "way/879773923",
      "properties": {
        "addr:housenumber": "50",
        "addr:street": "King Street East",
        "amenity": "fire_station",
        "building": "yes",
        "name": "Cavan Monaghan Fire Services Headquarters",
        "id": "way/879773923"
      },
      "geometry": {
        "type": "Polygon",
        "coordinates": [
          [
            [
              -78.44646,
              44.1514163
            ],
            [
              -78.4465962,
              44.1513847
            ],
            [
              -78.4465202,
              44.1512163
            ],
            [
              -78.4463841,
              44.1512479
            ],
            [
              -78.44646,
              44.1514163
            ]
          ]
        ]
      }
    },
    {
      "type": "Feature",
      "id": "way/891825008",
      "properties": {
        "addr:city": "Toronto",
        "addr:housenumber": "90",
        "addr:street": "Quebec Street",
        "amenity": "fire_station",
        "building": "yes",
        "name": "Fire Station 346",
        "wikidata": "Q112036774",
        "id": "way/891825008"
      },
      "geometry": {
        "type": "Polygon",
        "coordinates": [
          [
            [
              -79.4214742,
              43.6336588
            ],
            [
              -79.4213992,
              43.6336164
            ],
            [
              -79.4213325,
              43.6335786
            ],
            [
              -79.4212189,
              43.6336837
            ],
            [
              -79.4212498,
              43.6337012
            ],
            [
              -79.4212011,
              43.6337462
            ],
            [
              -79.4212745,
              43.6337877
            ],
            [
              -79.4212284,
              43.6338304
            ],
            [
              -79.4213869,
              43.63392
            ],
            [
              -79.4215129,
              43.6338034
            ],
            [
              -79.421392,
              43.633735
            ],
            [
              -79.4214742,
              43.6336588
            ]
          ]
        ]
      }
    },
    {
      "type": "Feature",
      "id": "way/972971662",
      "properties": {
        "addr:city": "East Gwillimbury",
        "addr:housenumber": "19314",
        "addr:province": "Ontario",
        "addr:street": "Yonge Street",
        "amenity": "fire_station",
        "building": "yes",
        "building:colour": "red",
        "building:material": "brick",
        "name": "East Gwillimbury Fire Station 2-4",
        "id": "way/972971662"
      },
      "geometry": {
        "type": "Polygon",
        "coordinates": [
          [
            [
              -79.4918129,
              44.099264
            ],
            [
              -79.4917493,
              44.0990423
            ],
            [
              -79.4913227,
              44.0991053
            ],
            [
              -79.4913477,
              44.0991924
            ],
            [
              -79.4914352,
              44.0991795
            ],
            [
              -79.4914739,
              44.0993141
            ],
            [
              -79.4918129,
              44.099264
            ]
          ]
        ]
      }
    },
    {
      "type": "Feature",
      "id": "way/1107873578",
      "properties": {
        "addr:city": "Toronto",
        "addr:housenumber": "2950",
        "addr:province": "Ontario",
        "addr:street": "Keele Street",
        "amenity": "fire_station",
        "architect": "Thomas Brown Architects Inc.",
        "building": "service",
        "building:levels": "1",
        "name": "Toronto Fire Station 144",
        "source": "https://www.toronto.ca/news/toronto-fire-services-officially-opens-new-fire-station-in-downsview-park/",
        "id": "way/1107873578"
      },
      "geometry": {
        "type": "Polygon",
        "coordinates": [
          [
            [
              -79.4837,
              43.735372
            ],
            [
              -79.4836874,
              43.7353162
            ],
            [
              -79.4836734,
              43.7352544
            ],
            [
              -79.4836476,
              43.735258
            ],
            [
              -79.4836239,
              43.7351589
            ],
            [
              -79.483649,
              43.7351552
            ],
            [
              -79.483626,
              43.7350664
            ],
            [
              -79.4835296,
              43.7350786
            ],
            [
              -79.4835372,
              43.7351094
            ],
            [
              -79.4834669,
              43.7351181
            ],
            [
              -79.4834589,
              43.7350885
            ],
            [
              -79.4830683,
              43.7351362
            ],
            [
              -79.48309,
              43.7352275
            ],
            [
              -79.4831627,
              43.7352177
            ],
            [
              -79.4831696,
              43.7352473
            ],
            [
              -79.4832396,
              43.7352387
            ],
            [
              -79.4832502,
              43.7352805
            ],
            [
              -79.483372,
              43.735266
            ],
            [
              -79.4833774,
              43.7352945
            ],
            [
              -79.4833582,
              43.7352969
            ],
            [
              -79.4833857,
              43.7354104
            ],
            [
              -79.4834104,
              43.735407
            ],
            [
              -79.4834183,
              43.7354409
            ],
            [
              -79.4835392,
              43.7354259
            ],
            [
              -79.4835443,
              43.7354567
            ],
            [
              -79.4835906,
              43.7354505
            ],
            [
              -79.4835836,
              43.7354206
            ],
            [
              -79.4836854,
              43.7354088
            ],
            [
              -79.4836774,
              43.7353746
            ],
            [
              -79.4837,
              43.735372
            ]
          ]
        ]
      }
    },
    {
      "type": "Feature",
      "id": "way/1248850597",
      "properties": {
        "amenity": "fire_station",
        "name": "Toronto Fire Station 426",
        "id": "way/1248850597"
      },
      "geometry": {
        "type": "Polygon",
        "coordinates": [
          [
            [
              -79.4384526,
              43.6449002
            ],
            [
              -79.4386262,
              43.6453438
            ],
            [
              -79.4390389,
              43.6452545
            ],
            [
              -79.4391271,
              43.6452375
            ],
            [
              -79.438977,
              43.6448406
            ],
            [
              -79.4388959,
              43.6448061
            ],
            [
              -79.4384526,
              43.6449002
            ]
          ]
        ]
      }
    },
    {
      "type": "Feature",
      "id": "way/1306374933",
      "properties": {
        "amenity": "fire_station",
        "building": "yes",
        "name": "Kawartha Lakes Fire Rescue Service - Station 5",
        "source": "CanVec 6.0 - NRCan",
        "id": "way/1306374933"
      },
      "geometry": {
        "type": "Polygon",
        "coordinates": [
          [
            [
              -78.6384758,
              44.4555169
            ],
            [
              -78.6383296,
              44.4554716
            ],
            [
              -78.6382364,
              44.4556247
            ],
            [
              -78.6383826,
              44.45567
            ],
            [
              -78.6384758,
              44.4555169
            ]
          ]
        ]
      }
    },
    {
      "type": "Feature",
      "id": "way/1366643842",
      "properties": {
        "amenity": "fire_station",
        "id": "way/1366643842"
      },
      "geometry": {
        "type": "Polygon",
        "coordinates": [
          [
            [
              -78.1476776,
              44.013737
            ],
            [
              -78.1482374,
              44.0134818
            ],
            [
              -78.1485901,
              44.0134165
            ],
            [
              -78.1483237,
              44.0129606
            ],
            [
              -78.1473954,
              44.0131197
            ],
            [
              -78.1476776,
              44.013737
            ]
          ]
        ]
      }
    },
    {
      "type": "Feature",
      "id": "node/250180953",
      "properties": {
        "amenity": "fire_station",
        "name": "Fred Bolsby Fire Station (Station 4-4)",
        "id": "node/250180953"
      },
      "geometry": {
        "type": "Point",
        "coordinates": [
          -79.4244887,
          44.010127
        ]
      }
    },
    {
      "type": "Feature",
      "id": "node/255724462",
      "properties": {
        "addr:city": "Aurora",
        "addr:housenumber": "220",
        "addr:street": "Edward Street",
        "amenity": "fire_station",
        "name": "Station 4-3",
        "id": "node/255724462"
      },
      "geometry": {
        "type": "Point",
        "coordinates": [
          -79.4581823,
          43.9892926
        ]
      }
    },
    {
      "type": "Feature",
      "id": "node/267130380",
      "properties": {
        "amenity": "fire_station",
        "check_date": "2024-11-17",
        "created_by": "Potlatch 0.9b",
        "name": "Toronto Fire Station #224",
        "id": "node/267130380"
      },
      "geometry": {
        "type": "Point",
        "coordinates": [
          -79.3165712,
          43.6952274
        ]
      }
    },
    {
      "type": "Feature",
      "id": "node/380199492",
      "properties": {
        "amenity": "fire_station",
        "name": "Toronto Fire Station",
        "id": "node/380199492"
      },
      "geometry": {
        "type": "Point",
        "coordinates": [
          -79.1481339,
          43.7774204
        ]
      }
    },
    {
      "type": "Feature",
      "id": "node/410801436",
      "properties": {
        "amenity": "fire_station",
        "name": "Toronto Fire Station 222",
        "id": "node/410801436"
      },
      "geometry": {
        "type": "Point",
        "coordinates": [
          -79.2840196,
          43.7204081
        ]
      }
    },
    {
      "type": "Feature",
      "id": "node/438066943",
      "properties": {
        "addr:city": "Scarborough",
        "addr:housenumber": "3600",
        "addr:street": "Danforth Avenue",
        "amenity": "fire_station",
        "check_date": "2024-09-19",
        "name": "Toronto Fire Station 225",
        "id": "node/438066943"
      },
      "geometry": {
        "type": "Point",
        "coordinates": [
          -79.2683603,
          43.6958276
        ]
      }
    },
    {
      "type": "Feature",
      "id": "node/497222830",
      "properties": {
        "amenity": "fire_station",
        "name": "Peterborough Fire Station 2",
        "id": "node/497222830"
      },
      "geometry": {
        "type": "Point",
        "coordinates": [
          -78.3098576,
          44.3455895
        ]
      }
    },
    {
      "type": "Feature",
      "id": "node/502030808",
      "properties": {
        "amenity": "fire_station",
        "name": "Toronto Fire Station 343",
        "id": "node/502030808"
      },
      "geometry": {
        "type": "Point",
        "coordinates": [
          -79.430809,
          43.6801003
        ]
      }
    },
    {
      "type": "Feature",
      "id": "node/618407561",
      "properties": {
        "amenity": "fire_station",
        "name": "Toronto Fire Station 223",
        "id": "node/618407561"
      },
      "geometry": {
        "type": "Point",
        "coordinates": [
          -79.2331645,
          43.7239969
        ]
      }
    },
    {
      "type": "Feature",
      "id": "node/911338555",
      "properties": {
        "amenity": "fire_station",
        "building": "yes",
        "source": "CanVec 6.0 - NRCan",
        "id": "node/911338555"
      },
      "geometry": {
        "type": "Point",
        "coordinates": [
          -78.557668,
          44.2985489
        ]
      }
    },
    {
      "type": "Feature",
      "id": "node/911781124",
      "properties": {
        "amenity": "fire_station",
        "building": "yes",
        "source": "CanVec 6.0 - NRCan",
        "id": "node/911781124"
      },
      "geometry": {
        "type": "Point",
        "coordinates": [
          -78.9920192,
          44.399151
        ]
      }
    },
    {
      "type": "Feature",
      "id": "node/911815211",
      "properties": {
        "amenity": "fire_station",
        "building": "yes",
        "source": "CanVec 6.0 - NRCan",
        "id": "node/911815211"
      },
      "geometry": {
        "type": "Point",
        "coordinates": [
          -78.8587189,
          44.2855216
        ]
      }
    },
    {
      "type": "Feature",
      "id": "node/915210347",
      "properties": {
        "amenity": "fire_station",
        "name": "Pontypool Station 8",
        "source": "CanVec 6.0 - NRCan",
        "id": "node/915210347"
      },
      "geometry": {
        "type": "Point",
        "coordinates": [
          -78.6316139,
          44.1040562
        ]
      }
    },
    {
      "type": "Feature",
      "id": "node/915888307",
      "properties": {
        "amenity": "fire_station",
        "building": "yes",
        "source": "CanVec 6.0 - NRCan",
        "id": "node/915888307"
      },
      "geometry": {
        "type": "Point",
        "coordinates": [
          -78.7249499,
          44.212838
        ]
      }
    },
    {
      "type": "Feature",
      "id": "node/916247455",
      "properties": {
        "amenity": "fire_station",
        "building": "yes",
        "source": "CanVec 6.0 - NRCan",
        "id": "node/916247455"
      },
      "geometry": {
        "type": "Point",
        "coordinates": [
          -78.9472528,
          44.0998629
        ]
      }
    },
    {
      "type": "Feature",
      "id": "node/917291161",
      "properties": {
        "amenity": "fire_station",
        "building": "yes",
        "source": "CanVec 6.0 - NRCan",
        "id": "node/917291161"
      },
      "geometry": {
        "type": "Point",
        "coordinates": [
          -78.147966,
          44.0133665
        ]
      }
    },
    {
      "type": "Feature",
      "id": "node/917866686",
      "properties": {
        "amenity": "fire_station",
        "building": "yes",
        "source": "CanVec 6.0 - NRCan",
        "id": "node/917866686"
      },
      "geometry": {
        "type": "Point",
        "coordinates": [
          -78.1618322,
          44.2430539
        ]
      }
    },
    {
      "type": "Feature",
      "id": "node/1778194468",
      "properties": {
        "addr:housenumber": "2339",
        "addr:street": "Simcoe Street North",
        "amenity": "fire_station",
        "name": "Oshawa Station #6",
        "id": "node/1778194468"
      },
      "geometry": {
        "type": "Point",
        "coordinates": [
          -78.8993092,
          43.956721
        ]
      }
    },
    {
      "type": "Feature",
      "id": "node/2413633055",
      "properties": {
        "addr:housenumber": "100",
        "addr:street": "weldon Road",
        "amenity": "fire_station",
        "name": "Fire Station 51",
        "id": "node/2413633055"
      },
      "geometry": {
        "type": "Point",
        "coordinates": [
          -79.2599695,
          43.9657357
        ]
      }
    },
    {
      "type": "Feature",
      "id": "node/2694848146",
      "properties": {
        "amenity": "fire_station",
        "id": "node/2694848146"
      },
      "geometry": {
        "type": "Point",
        "coordinates": [
          -79.1215924,
          43.8137339
        ]
      }
    },
    {
      "type": "Feature",
      "id": "node/4060811999",
      "properties": {
        "amenity": "fire_station",
        "name": "Toronto Fire Station 243",
        "id": "node/4060811999"
      },
      "geometry": {
        "type": "Point",
        "coordinates": [
          -79.2630374,
          43.7892319
        ]
      }
    },
    {
      "type": "Feature",
      "id": "node/4945495870",
      "properties": {
        "amenity": "fire_station",
        "name": "Toronto Fire Station 421",
        "id": "node/4945495870"
      },
      "geometry": {
        "type": "Point",
        "coordinates": [
          -79.4852713,
          43.6841961
        ]
      }
    },
    {
      "type": "Feature",
      "id": "node/5158212975",
      "properties": {
        "amenity": "fire_station",
        "id": "node/5158212975"
      },
      "geometry": {
        "type": "Point",
        "coordinates": [
          -79.2259766,
          43.7954069
        ]
      }
    },
    {
      "type": "Feature",
      "id": "node/7361587916",
      "properties": {
        "amenity": "fire_station",
        "name": "Alnwick/Haldimand Fire Station 3",
        "id": "node/7361587916"
      },
      "geometry": {
        "type": "Point",
        "coordinates": [
          -78.0590764,
          44.1896372
        ]
      }
    },
    {
      "type": "Feature",
      "id": "node/7646541497",
      "properties": {
        "amenity": "fire_station",
        "id": "node/7646541497"
      },
      "geometry": {
        "type": "Point",
        "coordinates": [
          -78.4306712,
          44.4081738
        ]
      }
    },
    {
      "type": "Feature",
      "id": "node/7647285823",
      "properties": {
        "amenity": "fire_station",
        "id": "node/7647285823"
      },
      "geometry": {
        "type": "Point",
        "coordinates": [
          -78.2403173,
          44.4890032
        ]
      }
    },
    {
      "type": "Feature",
      "id": "node/7693073072",
      "properties": {
        "amenity": "fire_station",
        "name": "Durham College Pre-Service Firefighter Student",
        "id": "node/7693073072"
      },
      "geometry": {
        "type": "Point",
        "coordinates": [
          -78.8981022,
          43.9446009
        ]
      }
    },
    {
      "type": "Feature",
      "id": "node/7707566024",
      "properties": {
        "amenity": "fire_station",
        "id": "node/7707566024"
      },
      "geometry": {
        "type": "Point",
        "coordinates": [
          -79.1289184,
          43.9701869
        ]
      }
    },
    {
      "type": "Feature",
      "id": "node/7824789502",
      "properties": {
        "amenity": "fire_station",
        "id": "node/7824789502"
      },
      "geometry": {
        "type": "Point",
        "coordinates": [
          -78.3253366,
          44.0897004
        ]
      }
    },
    {
      "type": "Feature",
      "id": "node/7855613624",
      "properties": {
        "amenity": "fire_station",
        "name": "Peterborough Fire Department Headquarters",
        "id": "node/7855613624"
      },
      "geometry": {
        "type": "Point",
        "coordinates": [
          -78.3221674,
          44.3009706
        ]
      }
    },
    {
      "type": "Feature",
      "id": "node/7990327543",
      "properties": {
        "addr:city": "Thornhill",
        "addr:housenumber": "111",
        "addr:postcode": "L4J 8X9",
        "addr:province": "Ontario",
        "addr:street": "Racco Parkway",
        "amenity": "fire_station",
        "name": "Vaughan Fire Station 7-8",
        "operator": "City of Vaughan",
        "id": "node/7990327543"
      },
      "geometry": {
        "type": "Point",
        "coordinates": [
          -79.4738316,
          43.8154104
        ]
      }
    },
    {
      "type": "Feature",
      "id": "node/9321490816",
      "properties": {
        "amenity": "fire_station",
        "name": "Otonabee-South Monaghan Fire & Emergency Services Station 2",
        "id": "node/9321490816"
      },
      "geometry": {
        "type": "Point",
        "coordinates": [
          -78.3069212,
          44.2722902
        ]
      }
    },
    {
      "type": "Feature",
      "id": "node/11819155144",
      "properties": {
        "amenity": "fire_station",
        "name": "Toronto Fire Station 321",
        "source": "Bing",
        "wikidata": "Q112032410",
        "id": "node/11819155144"
      },
      "geometry": {
        "type": "Point",
        "coordinates": [
          -79.364734,
          43.708758
        ]
      }
    }
  ]
}